employee_id,employee_name,gender,dob,age,marital_status,city,state,phone,email,department_id,designation,education,experience_years,date_of_joining,employment_status,exit_date,monthly_basic_salary,satisfaction_score
EMP00001,Vivaan Gupta,Male,1979-02-08,47,Single,Indore,Madhya Pradesh,+916539082113,vivaan.gupta106@yahoo.com,DEP010,Deputy General Manager,B.Sc,1.8,2017-01-13,Resigned,2022-01-15,250000,3
EMP00002,Suresh Ghosh,Other,1985-08-19,41,Single,Indore,Madhya Pradesh,+918587291471,suresh.ghosh986@gmail.com,DEP011,Senior Associate,Diploma,9.0,2025-03-01,Active,,45000,5
EMP00003,Rekha Malhotra,Female,2001-02-09,25,Divorced,Chandigarh,Chandigarh,+918783936422,rekha.malhotra401@hotmail.com,DEP008,Senior Associate,B.A.,1.8,2025-08-19,Terminated,,80000,4
EMP00004,Nisha Iyer,Female,1983-11-13,43,Single,Indore,Madhya Pradesh,+91-121563,nisha.iyer974@rediffmail.com,DEP010,General Manager,B.Tech,2.5,2020-03-05,Active,,45000,4
EMP00005,Sneha Yadav,Other,1999-08-21,27,Single,Nagpur,Maharashtra,+916155960236,sneha.yadav373@rediffmail.com,DEP008,Senior Associate,B.Com,5.7,2023-12-25,Active,,60000,4
EMP00006,Arjun Singh,Male,1989-08-27,37,Divorced,Ghaziabad,Uttar Pradesh,+916726085932,arjun.singh338@rediffmail.com,DEP011,Senior Analyst,PhD,6.2,2018-08-15,Resigned,2019-02-15,200000,2
EMP00007,Krishna Kapoor,Male,1983-12-01,43,Divorced,Surat,Gujarat,+919873901434,krishna.kapoor861@rediffmail.com,DEP001,Manager,MBA,8.4,2015-08-17,On Notice Period,,80000,1
EMP00008,Suresh Patel,Other,1984-02-26,42,Single,Indore,Madhya Pradesh,+916198189635,suresh.patel819@gmail.com,DEP012,General Manager,B.Com,12.0,2023-11-17,Active,,35000,5
EMP00009,Krishna Sharma,Male,1992-05-17,34,Single,Jaipur,Rajasthan,,krishna.sharma835@rediffmail.com,DEP009,Assistant Manager,Diploma,17.6,2020-05-24,On Notice Period,,80000,
EMP00010,Myra Chopra,Female,1996-03-05,30,Divorced,Delhi,Delhi,+916801004080,myra.chopra621@rediffmail.com,DEP009,Senior Analyst,M.Tech,16.7,2025-08-14,Resigned,,100000,4
EMP00011,Gaurav Kapoor,Male,1970-04-27,56,Single,Jaipur,Rajasthan,+919067817618,gaurav.kapoor765@yahoo.com,DEP002,Assistant Manager,M.Sc,12.5,2025-01-14,Active,,130000,2
EMP00012,Divya Yadav,Female,1979-04-12,47,Married,Ghaziabad,Uttar Pradesh,+916352919280,divya.yadav277@yahoo.com,DEP003,Consultant,M.Com,21.7,2022-02-22,Active,,25000,3
EMP00013,Sarika Rao,Female,1988-01-26,38,Divorced,Pune,Maharashtra,+918080843592,sarika.rao727@rediffmail.com,DEP004,Senior Associate,B.A.,26.9,2019-02-10,Active,,80000,3
EMP00014,Divya Shetty,Female,1987-08-17,39,Single,Kolkata,West Bengal,,divya.shetty527@yahoo.com,DEP008,Senior Analyst,M.Sc,10.4,2018-12-28,Active,,25000,1
EMP00015,Divya Menon,Other,1991-06-07,35,Single,Kolkata,West Bengal,,divya.menon57@yahoo.com,DEP002,General Manager,M.Com,29.7,2018-02-18,Active,,25000,5
EMP00016,Ananya Joshi,Female,1995-05-15,31,Divorced,Chennai,Tamil Nadu,+916933034525,ananya.joshi@@outlook.com,DEP003,Assistant Manager,PhD,10.9,2015-01-30,Active,,100000,1
EMP00017,Vikram Kapoor,Male,1967-07-25,59,Single,Hyderabad,Telangana,+919781558885,vikram.kapoor88@yahoo.com,DEP001,Associate,B.A.,4.5,2022-04-25,Terminated,,250000,3
EMP00018,Anil Sharma,Male,1974-05-01,52,Single,Ahmedabad,Gujarat,+916748827264,anil.sharma491@gmail.com,DEP011,Executive,B.Tech,2.1,2025-04-01,On Notice Period,,200000,5
EMP00019,Priya Desai,Female,1966-10-05,60,Single,Lucknow,Uttar Pradesh,+919254418199,,DEP009,Manager,M.Tech,1.8,2015-04-13,Active,,80000,4
EMP00020,Arjun Pillai,Other,1989-06-05,37,Married,Coimbatore,Tamil Nadu,+917044313380,arjun.pillai123@hotmail.com,DEP004,Vice President,B.Tech,26.6,2026-05-30,Active,,100000,3
EMP00021,Rahul Chaudhary,Other,2002-05-04,24,Single,Jaipur,Rajasthan,+919513988699,rahul.chaudhary51@gmail.com,DEP012,Assistant Manager,M.Sc,19.9,2016-02-27,On Notice Period,,320000,5
EMP00022,Ajay Kumar,Male,1975-07-11,51,Divorced,Chennai,Tamil Nadu,+919531129429,ajay.kumar438@hotmail.com,DEP003,Senior Manager,B.Sc,7.7,2021-04-27,Active,,320000,2
EMP00023,Rahul Iyer,Male,2004-12-28,22,Married,Kolkata,West Bengal,+916453657808,rahul.iyer443@hotmail.com,DEP005,Consultant,B.Tech,12.4,2024-04-04,Active,,200000,2
EMP00024,Swati Malhotra,Female,2001-07-27,25,Single,Delhi,Delhi,+916976745072,swati.malhotra986@outlook.com,DEP003,General Manager,M.Tech,7.5,2025-07-02,Active,,35000,5
EMP00025,Karan Kapoor,Male,1981-05-08,45,Married,Kolkata,West Bengal,+917422973046,karan.kapoor234@outlook.com,DEP011,Assistant Manager,MBA,16.1,2015-01-10,Active,,160000,2
EMP00026,Kavita Yadav,Female,2005-05-24,21,Single,Kolkata,West Bengal,+917281668490,kavita.yadav56@hotmail.com,DEP004,Associate,PhD,6.2,2026-04-28,Active,,60000,2
EMP00027,Sarika Rao,Female,2000-03-11,26,Single,Bengaluru,Karnataka,+919894100485,sarika.rao366@hotmail.com,DEP005,Consultant,M.Com,19.6,2019-04-12,Active,,200000,1
EMP00028,RIYA RAO,Female,1975-01-21,51,Single,Noida,Uttar Pradesh,+916278329627,riya.rao305@outlook.com,DEP001,Vice President,PhD,24.4,2024-03-19,Active,,130000,1
EMP00029,Sneha Iyer,Female,1974-03-16,52,Single,Indore,Madhya Pradesh,+918847553146,sneha.iyer334@rediffmail.com,DEP003,Assistant Manager,B.Com,24.1,2019-02-07,Active,,80000,1
EMP00030,Sarika Joshi,Female,1991-03-14,35,Married,Chennai,Tamil Nadu,+918371221853,sarika.joshi520@yahoo.com,DEP009,Senior Analyst,B.Com,22.4,2025-05-03,Resigned,,320000,4
EMP00031,Manish Mishra,Male,1987-04-04,39,Single,Mumbai,Maharashtra,+917427915623,manish.mishra262@yahoo.com,DEP001,Deputy General Manager,B.Sc,18.0,2016-02-17,Active,,250000,1
EMP00032,Diya Reddy,Other,1974-09-16,52,Single,Mumbai,Maharashtra,+916632964078,diya.reddy885@gmail.com,DEP006,General Manager,B.Sc,3.0,2016-06-02,Active,,130000,
EMP00033,NIKHIL SINGH,Male,1980-10-12,46,Married,Pune,Maharashtra,+918713110377,nikhil.singh130@outlook.com,DEP001,Manager,MBA,4.9,2025-05-03,On Notice Period,,25000,1
EMP00034,Anil Nair,Other,1966-04-27,60,Divorced,Nagpur,Maharashtra,+918127805708,anil.nair467@rediffmail.com,DEP009,Consultant,M.Tech,17.0,2025-08-10,Active,,25000,4
EMP00035,Shreya Kapoor,Female,1994-01-01,32,Married,Chandigarh,Chandigarh,+919403385601,shreya.kapoor797@outlook.com,DEP012,Senior Manager,B.Com,7.1,2025-12-23,Active,,250000,1
EMP00036,Aarav Gupta,Male,1993-03-16,33,Divorced,Bengaluru,Karnataka,+916862369429,aarav.gupta270@rediffmail.com,DEP010,Senior Manager,B.Sc,27.5,2021-06-16,On Notice Period,,45000,3
EMP00037,Kavita Rao,Other,1995-05-04,31,Divorced,Nagpur,Maharashtra,+916258733313,kavita.rao181@yahoo.com,DEP010,Vice President,B.Tech,29.0,2016-02-02,Terminated,2020-05-14,160000,3
EMP00038,Ritu Sharma,Other,1991-03-10,35,Single,Mumbai,Maharashtra,+916003132552,ritu.sharma163@hotmail.com,DEP003,Associate,B.Sc,15.4,2024-09-10,Active,,25000,2
EMP00039,Sneha Iyer,Other,2002-11-27,24,Single,Delhi,Delhi,+916054207059,sneha.iyer531@yahoo.com,DEP010,General Manager,Diploma,13.3,2022-11-09,Resigned,,200000,4
EMP00040,Sunita Verma,Female,1971-01-13,55,Single,Surat,Gujarat,+918203768725,sunita.verma996@rediffmail.com,DEP005,Executive,B.Sc,2.4,2024-10-17,Terminated,,320000,1
EMP00041,Naveen Reddy,Male,1985-04-13,41,Divorced,Chennai,Tamil Nadu,+919450092873,naveen.reddy933@rediffmail.com,DEP003,Analyst,B.Tech,11.4,2022-05-15,Resigned,2025-04-18,320000,1
EMP00042,Gaurav Sharma,Male,2003-03-23,23,Married,Delhi,Delhi,+916877322099,gaurav.sharma845@gmail.com,DEP011,General Manager,M.Tech,22.1,2015-12-16,Terminated,2016-12-17,35000,4
EMP00043,Karan Rao,Male,1978-05-01,48,Married,Ghaziabad,Uttar Pradesh,+919860447375,karan.rao589@gmail.com,DEP005,Analyst,M.Com,27.9,2022-11-14,Active,,25000,1
EMP00044,Aarav Mishra,Male,1999-08-23,27,Single,Surat,Gujarat,+917921974951,aarav.mishra411@gmail.com,DEP007,Vice President,B.Com,17.8,2019-02-20,Active,,200000,4
EMP00045,Kritika Agarwal,Female,1995-07-21,31,Divorced,Coimbatore,Tamil Nadu,+918558453462,kritika.agarwal474@outlook.com,DEP011,Vice President,B.Sc,3.8,2020-03-28,Active,,250000,5
EMP00046,Naveen Kumar,Other,1985-10-17,41,Divorced,Ahmedabad,Gujarat,+917913977416,naveen.kumar907@yahoo.com,DEP007,Manager,B.Tech,7.1,2022-10-26,Active,,60000,1
EMP00047,Shreya Sharma,Other,1989-10-24,37,Divorced,Hyderabad,Telangana,+919866865211,shreya.sharma644@outlook.com,DEP012,Senior Associate,M.Com,22.2,2024-01-29,Active,,130000,2
EMP00048,Kritika Malhotra,Female,2004-10-28,22,Married,Chandigarh,Chandigarh,+916051795155,kritika.malhotra17@rediffmail.com,DEP011,Intern,MBA,26.8,2024-03-07,Resigned,2026-06-24,100000,5
EMP00049,Saurabh Kapoor,Other,1966-06-21,60,Single,Bengaluru,Karnataka,+919665134999,saurabh.kapoor218@hotmail.com,DEP003,Analyst,B.Com,8.2,2016-04-08,Active,,130000,2
EMP00050,Rahul Ghosh,Male,1976-05-25,50,Single,Indore,Madhya Pradesh,+919696487363,rahul.ghosh653@rediffmail.com,DEP002,General Manager,MBA,25.0,2017-10-22,On Notice Period,,100000,2
EMP00051,Kavya Kapoor,Other,1968-01-22,58,Divorced,Noida,Uttar Pradesh,+917814724566,kavya.kapoor685@gmail.com,DEP009,Intern,M.Tech,28.6,2015-04-05,Active,,320000,2
EMP00052,Kavita Singh,Female,1989-07-08,37,Single,Bengaluru,Karnataka,+917458084568,kavita.singh984@hotmail.com,DEP011,Senior Associate,B.A.,14.8,2018-02-15,Active,,25000,3
EMP00053,Isha Kapoor,Other,1974-03-02,52,Divorced,Surat,Gujarat,+919759232023,isha.kapoor516@outlook.com,DEP005,Consultant,Diploma,18.8,2019-10-14,Terminated,2024-09-09,100000,3
EMP00054,Riya Rao,Female,1997-10-21,29,Married,Lucknow,Uttar Pradesh,+916310847055,riya.rao642@yahoo.com,DEP011,Vice President,PhD,29.9,2016-12-18,On Notice Period,,130000,1
EMP00055,Vihaan Ghosh,Male,2003-07-25,23,Divorced,Chennai,Tamil Nadu,+918100559458,vihaan.ghosh590@hotmail.com,DEP012,Assistant Manager,M.Sc,11.1,2017-04-04,Terminated,2017-08-26,45000,1
EMP00056,SURESH SHETTY,Other,1970-02-03,56,Divorced,Indore,Madhya Pradesh,+916214254793,suresh.shetty748@yahoo.com,DEP002,Executive,Diploma,26.9,2025-08-04,Active,,320000,4
EMP00057,Gaurav Verma,Male,2002-01-21,24,Married,Delhi,Delhi,+918354617366,gaurav.verma797@hotmail.com,DEP008,Executive,PhD,9.3,2016-10-14,Active,,250000,3
EMP00058,Rekha Pillai,Other,1996-10-27,30,Divorced,Delhi,Delhi,+917820245880,rekha.pillai151@rediffmail.com,DEP005,Consultant,Diploma,29.3,2021-12-03,Resigned,,60000,4
EMP00059,Riya Shetty,Female,1986-10-02,40,Single,Ahmedabad,Gujarat,+919553035283,riya.shetty194@yahoo.com,DEP004,Senior Analyst,B.Com,21.3,2023-11-14,Active,,80000,2
EMP00060,Sneha Shetty,Female,1996-04-02,30,Single,Coimbatore,Tamil Nadu,+916350098452,sneha.shetty100@hotmail.com,DEP008,Intern,PhD,26.0,2026-01-23,Active,,100000,
EMP00061,Reyansh Yadav,Male,2004-01-02,22,Single,Pune,Maharashtra,+919970320951,reyansh.yadav989@outlook.com,DEP004,Vice President,B.Sc,21.2,2023-04-17,On Notice Period,,160000,2
EMP00062,Vivaan Iyer,Other,1975-01-04,51,Married,Coimbatore,Tamil Nadu,+919713214121,vivaan.iyer480@gmail.com,DEP012,Senior Analyst,B.Tech,22.6,2018-04-01,Active,,60000,2
EMP00063,Ritu Kumar,Female,1999-07-27,27,Single,Chandigarh,Chandigarh,+918120751824,ritu.kumar585@outlook.com,DEP005,Team Lead,B.A.,13.6,2015-06-28,Terminated,2016-07-29,100000,3
EMP00064,Arjun Kapoor,Male,1992-09-16,34,Married,Mumbai,Maharashtra,+917902807290,arjun.kapoor524@outlook.com,DEP003,Manager,B.Tech,7.7,2021-06-02,Active,,60000,5
EMP00065,Riya Iyer,Female,1997-03-17,29,Divorced,Chennai,Tamil Nadu,+918116613065,riya.iyer531@gmail.com,DEP006,Team Lead,M.Tech,5.9,2020-03-02,Terminated,2022-05-20,35000,4
EMP00066,Sanjay Iyer,Male,1994-10-27,32,Single,Ahmedabad,Gujarat,+919903289785,sanjay.iyer894@outlook.com,DEP002,Vice President,M.Sc,4.9,2023-03-27,Active,,100000,4
EMP00067,Ishaan Gupta,Male,1966-03-06,60,Divorced,Ahmedabad,Gujarat,+916864243012,ishaan.gupta513@rediffmail.com,DEP005,Senior Associate,B.Com,7.5,2017-04-21,Active,,25000,1
EMP00068,Arjun Ghosh,Male,1980-03-27,46,Divorced,Chandigarh,Chandigarh,+91-034878,arjun.ghosh835@outlook.com,DEP007,Consultant,Diploma,20.8,2015-06-01,Terminated,2020-01-08,250000,1
EMP00069,Saanvi Chaudhary,Female,1982-02-17,44,Single,Delhi,Delhi,+919979688806,saanvi.chaudhary280@rediffmail.com,DEP011,Senior Manager,B.Tech,9.7,2019-03-16,Active,,60000,
EMP00070,Vivaan Menon,Male,1986-06-21,40,Single,Bengaluru,Karnataka,+917458952772,vivaan.menon227@rediffmail.com,DEP011,Assistant Manager,B.Sc,1.8,2018-09-29,Active,,200000,5
EMP00071,Meera Menon,Other,1990-06-08,36,Married,Delhi,Delhi,+917332820056,meera.menon530@gmail.com,DEP007,Consultant,M.Sc,11.5,2019-03-27,Resigned,2025-08-08,250000,3
EMP00072,Nikhil Rao,Other,1997-11-07,29,Divorced,Noida,Uttar Pradesh,+919266741451,nikhil.rao154@rediffmail.com,DEP007,Consultant,M.Tech,25.2,2021-03-17,On Notice Period,,35000,5
EMP00073,Neha Pillai,Female,1987-06-13,39,Married,Noida,Uttar Pradesh,+918843283962,neha.pillai913@hotmail.com,DEP001,Associate,B.Tech,0.2,2023-08-16,Terminated,,160000,3
EMP00074,Nisha Chopra,Female,1972-09-24,54,Married,Indore,Madhya Pradesh,+916650345589,nisha.chopra786@hotmail.com,DEP010,Deputy General Manager,MBA,13.9,2024-08-24,Active,,25000,5
EMP00075,Diya Menon,Female,1994-02-21,32,Married,Coimbatore,Tamil Nadu,+918828405156,diya.menon11@hotmail.com,DEP001,Executive,Diploma,24.6,2021-08-12,Terminated,2025-09-16,200000,1
EMP00076,Sanjay Sharma,Male,1994-08-25,32,Single,Kolkata,West Bengal,+919615500944,sanjay.sharma666@gmail.com,DEP001,General Manager,PhD,19.4,2020-12-19,On Notice Period,,200000,3
EMP00077,Rohan Desai,Male,1968-02-12,58,Divorced,Bengaluru,Karnataka,+916462098388,rohan.desai259@rediffmail.com,DEP008,Senior Associate,B.Sc,18.7,2019-04-20,Active,,25000,4
EMP00078,Sarika Malhotra,Female,1990-02-06,36,Married,Delhi,Delhi,+918153401832,sarika.malhotra353@outlook.com,DEP004,Assistant Manager,B.Tech,11.4,2018-10-24,Active,,25000,3
EMP00079,Aditya Reddy,Other,1971-03-18,55,Married,Jaipur,Rajasthan,+919392952417,aditya.reddy602@hotmail.com,DEP006,Senior Manager,B.Sc,25.1,2024-12-10,Active,,60000,4
EMP00080,Sanjay Kapoor,Male,1971-05-24,55,Single,Pune,Maharashtra,+916672180987,sanjay.kapoor91@outlook.com,DEP004,Executive,B.A.,19.7,2023-08-19,Active,,250000,4
EMP00081,Rohan Patel,Other,1982-11-26,44,Married,Delhi,Delhi,+916119770011,rohan.patel757@hotmail.com,DEP001,Senior Manager,M.Tech,0.8,2022-11-18,Active,,160000,2
EMP00082,Kritika Ghosh,Other,2005-02-27,21,Single,Noida,Uttar Pradesh,+916037394796,kritika.ghosh93@rediffmail.com,DEP006,Assistant Manager,M.Sc,26.3,2021-06-03,Active,,250000,3
EMP00083,Divya Verma,Other,1978-11-17,48,Divorced,Kolkata,West Bengal,+917965203423,divya.verma687@hotmail.com,DEP008,Senior Analyst,B.Sc,22.9,2017-11-11,Active,,25000,1
EMP00084,Sarika Menon,Female,1996-10-19,30,Single,Hyderabad,Telangana,+917547812320,sarika.menon114@yahoo.com,DEP012,Executive,M.Sc,18.9,2020-05-26,Active,,35000,1
EMP00085,Myra Agarwal,Female,2003-01-15,23,Divorced,Pune,Maharashtra,+919947330267,myra.agarwal81@yahoo.com,DEP003,Vice President,B.Tech,22.4,2025-11-21,Active,,100000,1
EMP00086,Anil Kapoor,Male,1999-12-27,27,Married,Chennai,Tamil Nadu,+917538205687,anil.kapoor507@yahoo.com,DEP007,Manager,B.A.,11.4,2021-12-17,Terminated,2025-11-14,320000,3
EMP00087,  Reyansh Kumar  ,Male,1980-02-02,46,Divorced,Chandigarh,Chandigarh,+918007800917,reyansh.kumar454@gmail.com,DEP010,General Manager,MBA,5.7,2024-11-09,Active,,100000,5
EMP00088,Kritika Agarwal,Female,1980-10-20,46,Divorced,Hyderabad,Telangana,+919946238016,kritika.agarwal151@gmail.com,DEP011,Deputy General Manager,MBA,24.3,2016-10-29,On Notice Period,,320000,5
EMP00089,Sneha Iyer,Other,1991-03-07,35,Single,Bengaluru,Karnataka,+918724567958,sneha.iyer138@hotmail.com,DEP009,Senior Manager,Diploma,25.9,2017-07-08,Active,,80000,1
EMP00090,KAVITA YADAV,Female,1993-10-16,33,Married,Chennai,Tamil Nadu,,kavita.yadav308@hotmail.com,DEP002,Vice President,B.A.,11.2,2017-02-01,Active,,250000,4
EMP00091,VIKRAM SINGH,Male,1995-06-24,31,Single,Noida,Uttar Pradesh,+918706058196,vikram.singh711@yahoo.com,DEP008,Associate,PhD,22.9,2022-08-28,On Notice Period,,320000,4
EMP00092,Myra Kumar,Female,1981-03-19,45,Married,Lucknow,Uttar Pradesh,+916801863418,myra.kumar530@rediffmail.com,DEP002,Team Lead,MBA,28.5,2020-08-12,Resigned,2023-11-15,25000,5
EMP00093,krishna patel,Male,1976-06-19,50,Married,Noida,Uttar Pradesh,+917490162252,krishna.patel599@rediffmail.com,DEP003,Vice President,B.Tech,28.1,2025-07-04,Active,,100000,5
EMP00094,Sunita Bansal,Female,1982-05-26,44,Married,Bengaluru,Karnataka,+918756354033,sunita.bansal516@hotmail.com,DEP006,Senior Analyst,B.Sc,23.9,2020-05-04,On Notice Period,,45000,3
EMP00095,Sneha Joshi,Other,1969-05-06,57,Divorced,Nagpur,Maharashtra,+918019533496,sneha.joshi859@gmail.com,DEP008,Team Lead,B.A.,9.0,2016-06-27,Active,,80000,3
EMP00096,Saanvi Bose,Other,1992-01-13,34,Divorced,Delhi,Delhi,+917796088311,saanvi.bose656@gmail.com,DEP006,Associate,B.Sc,26.8,2025-01-17,Active,,80000,3
EMP00097,Rekha Ghosh,Female,1994-01-28,32,Married,Ghaziabad,Uttar Pradesh,+919240959067,rekha.ghosh20@gmail.com,DEP003,Senior Analyst,B.A.,1.4,2024-04-16,On Notice Period,,320000,5
EMP00098,Anjali Agarwal,Female,1967-10-11,59,Divorced,Hyderabad,Telangana,+919535225089,anjali.agarwal411@yahoo.com,DEP002,Associate,PhD,24.4,2020-02-28,Terminated,2023-04-19,160000,2
EMP00099,Rohan Chopra,Male,1996-03-28,30,Married,Noida,Uttar Pradesh,+918932706089,rohan.chopra62@outlook.com,DEP004,Deputy General Manager,M.Com,10.5,2018-08-20,Resigned,2019-03-16,60000,4
EMP00100,Aarav Iyer,Male,1989-12-14,37,Divorced,Delhi,Delhi,+919251882782,aarav.iyer894@hotmail.com,DEP004,Analyst,MBA,10.6,2020-06-04,Active,,100000,5
EMP00101,Naveen Mishra,Male,1977-03-14,49,Single,Mumbai,Maharashtra,+918170160397,naveen.mishra600@gmail.com,DEP004,Senior Analyst,B.Tech,20.6,2018-02-19,Active,,35000,1
EMP00102,Naveen Sharma,Other,1985-02-04,41,Single,Mumbai,Maharashtra,+917659589098,naveen.sharma749@yahoo.com,DEP002,Executive,B.A.,29.1,2017-09-13,Active,,200000,1
EMP00103,Nikhil Agarwal,Other,1988-01-11,38,Married,Noida,Uttar Pradesh,+918334933419,nikhil.agarwalrediffmail.com,DEP005,Vice President,PhD,16.3,2015-12-06,Terminated,2021-04-06,200000,4
EMP00104,Deepak Verma,Male,1980-12-18,46,Divorced,Mumbai,Maharashtra,,deepak.verma351@rediffmail.com,DEP010,Senior Manager,M.Com,16.5,2022-04-11,Terminated,,100000,2
EMP00105,Sarika Gupta,Female,1972-05-20,54,Divorced,Nagpur,Maharashtra,+918947542195,sarika.gupta174@rediffmail.com,DEP006,Senior Analyst,B.A.,18.9,2022-03-23,Active,,200000,2
EMP00106,Aman Yadav,Other,1978-02-14,48,Divorced,Noida,Uttar Pradesh,+919622416715,aman.yadavyahoo.com,DEP009,General Manager,B.Sc,11.3,2018-06-14,Terminated,2021-07-08,100000,5
EMP00107,Ajay Reddy,Male,1969-05-02,57,Married,Delhi,Delhi,+919068247630,ajay.reddy43@outlook.com,DEP012,Intern,M.Tech,21.5,2019-01-01,Active,,80000,4
EMP00108,Saurabh Bansal,Male,1966-04-28,60,Single,Hyderabad,Telangana,+919349671597,saurabh.bansal181@hotmail.com,DEP002,Manager,M.Com,20.0,2023-05-09,Active,,100000,
EMP00109,Naveen Reddy,Male,1971-01-22,55,Single,Nagpur,Maharashtra,+916107506740,naveen.reddy864@hotmail.com,DEP010,Analyst,M.Com,23.1,2021-08-05,Resigned,2025-07-17,160000,1
EMP00110,Reyansh Agarwal,Other,1972-05-03,54,Divorced,Jaipur,Rajasthan,+916323453126,reyansh.agarwal727@hotmail.com,DEP010,Analyst,MBA,7.7,2022-01-08,Active,,80000,3
EMP00111,Naveen Rao,Male,1971-02-14,55,Divorced,Delhi,Delhi,+919472218118,naveen.rao185@hotmail.com,DEP001,Vice President,Diploma,8.2,2022-04-04,Active,,160000,2
EMP00112,Riya Agarwal,Female,1996-12-07,30,Married,Chennai,Tamil Nadu,+918744891147,riya.agarwal724@outlook.com,DEP009,Vice President,B.A.,2.9,2017-04-06,Active,,35000,3
EMP00113,Sanjay Nair,Male,2003-06-13,23,Single,Nagpur,Maharashtra,+917461819995,sanjay.nair19@outlook.com,DEP008,Senior Associate,B.Sc,6.7,2018-07-01,Terminated,2022-01-03,200000,4
EMP00114,Krishna Kumar,Male,1988-04-19,38,Married,Surat,Gujarat,+917603427172,krishna.kumarrediffmail.com,DEP012,Senior Manager,B.Com,17.4,2021-09-22,Active,,35000,
EMP00115,Nikhil Desai,Other,1979-10-27,47,Married,Hyderabad,Telangana,+916388410814,nikhil.desai333@gmail.com,DEP008,Senior Analyst,B.A.,11.2,2022-11-30,Active,,320000,5
EMP00116,Karan Yadav,Male,1997-04-24,29,Single,Kolkata,West Bengal,+917627120352,karan.yadav680@gmail.com,DEP010,Senior Analyst,B.Sc,26.7,2026-04-03,Active,,25000,2
EMP00117,Ishaan Gupta,Male,1999-01-07,27,Married,Ghaziabad,Uttar Pradesh,+917094402761,ishaan.gupta209@yahoo.com,DEP004,Senior Analyst,MBA,9.1,2018-12-02,On Notice Period,,35000,1
EMP00118,Divya Shetty,Female,2001-10-21,25,Married,Ghaziabad,Uttar Pradesh,+918584742630,divya.shetty169@rediffmail.com,DEP007,Assistant Manager,Diploma,26.0,2016-05-28,Active,,25000,3
EMP00119,Aditya Iyer,Other,1990-04-19,99,Divorced,Ahmedabad,Gujarat,+916377698406,aditya.iyer680@outlook.com,DEP010,Consultant,M.Com,26.3,2025-04-09,Resigned,,250000,3
EMP00120,Kritika Chaudhary,Female,1976-03-11,50,Married,Lucknow,Uttar Pradesh,+918184522638,kritika.chaudhary981@outlook.com,DEP003,Team Lead,B.A.,10.6,2019-10-17,Active,,160000,2
EMP00121,Neha Malhotra,Female,1973-10-07,53,Single,Ghaziabad,Uttar Pradesh,+919567697761,neha.malhotra683@outlook.com,DEP007,Senior Associate,Diploma,15.8,2018-08-21,Active,,25000,5
EMP00122,  Kavita Bose  ,Female,1972-11-02,54,Divorced,Nagpur,Maharashtra,+919478770319,kavita.bose193@yahoo.com,DEP010,Deputy General Manager,Diploma,10.9,2026-03-04,Active,,25000,1
EMP00123,Sunita Shetty,Female,1987-09-01,39,Married,Ahmedabad,Gujarat,+918621587315,sunita.shetty316@yahoo.com,DEP012,Senior Manager,B.A.,19.5,2024-06-08,Resigned,,320000,3
EMP00124,Sarika Patel,Female,1986-08-07,40,Married,Jaipur,Rajasthan,+919229486731,sarika.patel678@hotmail.com,DEP009,Consultant,M.Com,12.1,2022-03-13,Active,,320000,1
EMP00125,Sunita Singh,Other,1977-01-02,49,Single,Jaipur,Rajasthan,+916764813696,sunita.singh404@hotmail.com,DEP012,Consultant,MBA,18.1,2021-11-08,Active,,100000,4
EMP00126,Gaurav Kumar,Male,1979-11-10,47,Single,Coimbatore,Tamil Nadu,+917545287816,gaurav.kumar128@rediffmail.com,DEP005,Associate,M.Com,10.2,2017-12-30,Active,,35000,3
EMP00127,Sarika Gupta,Other,1988-10-07,38,Single,Coimbatore,Tamil Nadu,+916192474595,sarika.gupta41@gmail.com,DEP009,Consultant,M.Sc,2.8,2020-01-08,Active,,320000,1
EMP00128,Divya Bansal,Female,1992-09-26,34,Single,Ahmedabad,Gujarat,+917054067545,divya.bansal683@yahoo.com,DEP001,Intern,MBA,25.2,2019-09-08,Active,,250000,5
EMP00129,Swati Kumar,Female,1976-11-23,50,Single,Indore,Madhya Pradesh,+917080777727,swati.kumar766@outlook.com,DEP001,Vice President,PhD,10.3,2025-03-13,Active,,60000,
EMP00130,Nisha Mishra,Other,1969-11-11,57,Married,Chennai,Tamil Nadu,+919738384033,nisha.mishra871@yahoo.com,DEP002,Senior Manager,PhD,3.2,2022-12-14,Active,,45000,3
EMP00131,Krishna Bose,Male,1972-07-25,54,Single,Jaipur,Rajasthan,+919089072598,krishna.bose907@rediffmail.com,DEP008,Manager,B.Sc,24.4,2023-08-13,Active,,130000,1
EMP00132,Vihaan Bansal,Male,1993-08-15,33,Single,Hyderabad,Telangana,+917748614367,vihaan.bansal402@gmail.com,DEP010,Intern,B.Sc,2.0,2024-11-10,On Notice Period,,25000,1
EMP00133,vivaan joshi,Male,1980-04-08,46,Married,Mumbai,Maharashtra,+916780156359,vivaan.joshi74@gmail.com,DEP001,Senior Manager,B.Com,27.6,2015-12-29,Resigned,2022-09-20,80000,5
EMP00134,Gaurav Verma,Other,1976-07-22,50,Married,Lucknow,Uttar Pradesh,+917696056028,gaurav.verma377@gmail.com,DEP005,Executive,M.Tech,0.7,2015-03-04,Resigned,2017-10-03,200000,3
EMP00135,Aarav Gupta,Male,2003-02-22,23,Divorced,Pune,Maharashtra,+916987068481,aarav.gupta262@hotmail.com,DEP012,Analyst,M.Tech,13.7,2019-10-19,Resigned,2024-05-13,130000,3
EMP00136,Manish Patel,Male,1966-06-09,60,Divorced,Surat,Gujarat,+918072301084,manish.patel551@gmail.com,DEP002,Manager,B.A.,12.4,2020-08-07,Active,,25000,2
EMP00137,Divya Bose,Female,1992-04-10,34,Single,Pune,Maharashtra,+917677220622,divya.bose146@rediffmail.com,DEP011,Senior Associate,PhD,12.9,2015-04-22,Terminated,2018-06-20,35000,1
EMP00138,Ajay Sharma,Male,1982-02-05,44,Married,Pune,Maharashtra,+919113464709,ajay.sharma32@yahoo.com,DEP007,Consultant,B.Sc,19.5,2017-07-13,Terminated,2023-04-25,200000,1
EMP00139,Rekha Sharma,Female,2001-02-06,25,Single,Kolkata,West Bengal,+916520081937,rekha.sharma380@outlook.com,DEP006,Analyst,Diploma,5.4,2021-12-30,Terminated,2025-03-11,45000,1
EMP00140,Aadhya Nair,Female,1991-07-28,35,Single,Kolkata,West Bengal,,aadhya.nair289@yahoo.com,DEP001,Manager,M.Sc,19.2,2023-03-12,Active,,160000,4
EMP00141,Saurabh Singh,Male,1975-03-08,51,Married,Surat,Gujarat,+917950275898,saurabh.singh538@hotmail.com,DEP001,Senior Analyst,Diploma,1.8,2024-07-20,Active,,60000,2
EMP00142,Priya Joshi,Female,1997-02-26,29,Married,Chandigarh,Chandigarh,,priya.joshi185@outlook.com,DEP009,Associate,Diploma,2.9,2025-02-28,Terminated,,80000,
EMP00143,Suresh Ghosh,Other,1982-03-13,44,Divorced,Hyderabad,Telangana,+917047482983,suresh.ghosh962@yahoo.com,DEP002,Assistant Manager,B.Tech,25.7,2022-03-22,Terminated,2022-12-08,100000,2
EMP00144,Anjali Kapoor,Female,1992-10-07,34,Married,Surat,Gujarat,+918014757281,anjali.kapoor466@rediffmail.com,DEP008,Senior Manager,Diploma,14.1,2019-04-26,On Notice Period,,80000,4
EMP00145,Kavya Kumar,Female,1997-10-11,29,Married,Coimbatore,Tamil Nadu,+918868929409,kavya.kumar926@gmail.com,DEP005,Senior Associate,M.Tech,7.0,2016-04-11,Active,,45000,2
EMP00146,Kavita Desai,Female,1968-02-15,58,Married,Coimbatore,Tamil Nadu,+917452389649,kavita.desai718@gmail.com,DEP012,Associate,PhD,19.7,2020-06-19,Active,,250000,4
EMP00147,Meera Rao,Female,1976-06-26,50,Married,Chennai,Tamil Nadu,+917373439681,meera.rao631@hotmail.com,DEP007,General Manager,B.Com,2.7,2020-03-22,Active,,60000,4
EMP00148,Anjali Bose,Female,1985-03-26,41,Single,Indore,Madhya Pradesh,+918866791732,anjali.bose466@rediffmail.com,DEP011,Intern,PhD,20.3,2025-10-21,Terminated,2026-04-01,45000,1
EMP00149,Aadhya Gupta,Other,1994-02-23,32,Divorced,Delhi,Delhi,+917019913534,aadhya.gupta342@outlook.com,DEP001,Senior Associate,M.Tech,5.2,2020-08-01,Active,,45000,2
EMP00150,Kavya Pillai,Female,1984-09-16,42,Single,Ghaziabad,Uttar Pradesh,+919372780517,kavya.pillai638@yahoo.com,DEP002,Consultant,M.Sc,18.2,2018-03-01,Active,,200000,5
EMP00151,  Vihaan Desai  ,Male,1990-05-17,36,Single,Chandigarh,Chandigarh,+917666923621,vihaan.desai847@outlook.com,DEP012,Vice President,M.Tech,10.0,2024-07-01,Resigned,,25000,4
EMP00152,Diya Menon,Other,1985-09-08,41,Single,Mumbai,Maharashtra,+918643066408,diya.menon326@hotmail.com,DEP008,Vice President,M.Com,27.9,2018-05-24,Active,,60000,3
EMP00153,Rekha Verma,Female,1976-02-21,50,Married,Bengaluru,Karnataka,+916207740309,rekha.verma@@outlook.com,DEP011,Analyst,Diploma,1.1,2021-04-01,Active,,200000,1
EMP00154,Myra Nair,Other,1981-07-23,45,Divorced,Chennai,Tamil Nadu,+918997321873,myra.nair767@yahoo.com,DEP004,Manager,B.Com,3.7,2022-08-01,Active,,60000,5
EMP00155,Sarika Kumar,Female,1985-03-24,41,Single,Ghaziabad,Uttar Pradesh,+916720092389,sarika.kumar362@rediffmail.com,DEP007,Assistant Manager,M.Tech,19.8,2022-08-30,Terminated,2025-01-04,25000,1
EMP00156,Anil Verma,Other,1996-05-09,30,Divorced,Chennai,Tamil Nadu,+916388819766,anil.verma@@rediffmail.com,DEP006,Manager,M.Sc,11.4,2026-04-26,Terminated,,80000,2
EMP00157,Aman Sharma,Male,1991-06-03,35,Divorced,Delhi,Delhi,+919936848738,aman.sharma615@gmail.com,DEP010,Consultant,Diploma,22.2,2016-07-08,Active,,60000,1
EMP00158,Krishna Reddy,Other,1971-06-22,55,Single,Noida,Uttar Pradesh,+919912571760,krishna.reddy162@hotmail.com,DEP007,General Manager,B.Com,1.0,2017-10-19,Terminated,2024-06-02,250000,4
EMP00159,Suresh Agarwal,Other,2005-11-28,21,Single,Coimbatore,Tamil Nadu,+916839205899,suresh.agarwal574@yahoo.com,DEP004,Analyst,B.A.,30.0,2018-03-19,Resigned,2022-09-12,200000,4
EMP00160,Rekha Iyer,Female,1979-04-17,47,Divorced,Ahmedabad,Gujarat,+917528218971,rekha.iyer728@rediffmail.com,DEP004,Executive,M.Com,2.8,2025-07-03,Active,,25000,5
EMP00161,Aditya Agarwal,Male,1996-06-15,30,Divorced,Indore,Madhya Pradesh,+917283436415,aditya.agarwal189@outlook.com,DEP007,Manager,M.Sc,29.9,2018-11-06,Terminated,2021-07-09,100000,5
EMP00162,Suresh Bansal,Male,1996-09-06,30,Married,Coimbatore,Tamil Nadu,+919378648507,suresh.bansal646@rediffmail.com,DEP012,General Manager,M.Com,10.6,2020-03-23,Active,,130000,4
EMP00163,Sanjay Kumar,Other,1980-06-19,46,Married,Noida,Uttar Pradesh,+918188034438,sanjay.kumar811@rediffmail.com,DEP006,General Manager,M.Sc,24.0,2019-12-05,Active,,45000,1
EMP00164,Aadhya Mishra,Female,2001-06-26,25,Single,Nagpur,Maharashtra,+919010812027,aadhya.mishra970@gmail.com,DEP003,Senior Manager,Diploma,26.7,2015-04-09,Active,,80000,1
EMP00165,Naveen Malhotra,Male,1978-02-21,48,Single,Nagpur,Maharashtra,+916361411391,naveen.malhotra334@hotmail.com,DEP007,Assistant Manager,M.Tech,29.3,2019-01-10,Resigned,2020-09-08,25000,4
EMP00166,Reyansh Patel,Other,1983-11-24,43,Married,Hyderabad,Telangana,+916486339895,reyansh.patel705@yahoo.com,DEP007,Analyst,B.Tech,15.9,2016-04-27,Active,,320000,5
EMP00167,Rahul Chaudhary,Male,1969-07-24,57,Divorced,Kolkata,West Bengal,+919192660536,rahul.chaudhary345@rediffmail.com,DEP003,Deputy General Manager,Diploma,28.8,2024-03-02,Active,,250000,4
EMP00168,Ananya Kumar,Female,2000-10-14,26,Single,Indore,Madhya Pradesh,+918864880430,ananya.kumar220@outlook.com,DEP002,General Manager,M.Tech,12.8,2021-08-06,Resigned,,25000,3
EMP00169,Swati Bose,Other,1976-11-28,50,Single,Jaipur,Rajasthan,+917826879388,swati.bose35@rediffmail.com,DEP008,Manager,B.Tech,20.5,2022-02-15,Active,,160000,1
EMP00170,Manish Chopra,Male,2000-12-10,26,Divorced,Surat,Gujarat,+916682192822,manish.chopra@@yahoo.com,DEP010,Executive,B.Com,28.0,2022-09-12,On Notice Period,,45000,4
EMP00171,Nikhil Malhotra,Male,2002-12-13,24,Married,Ghaziabad,Uttar Pradesh,+916541144235,nikhil.malhotra337@rediffmail.com,DEP003,Team Lead,B.Com,14.4,2020-03-15,Terminated,2025-08-23,200000,3
EMP00172,Swati Menon,Female,1981-10-18,45,Single,Ghaziabad,Uttar Pradesh,+919659639658,swati.menon193@outlook.com,DEP010,Senior Analyst,M.Tech,23.1,2018-12-30,Active,,100000,3
EMP00173,Nikhil Sharma,Male,1970-02-07,56,Divorced,Kolkata,West Bengal,+916967004935,nikhil.sharmahotmail.com,DEP012,Deputy General Manager,Diploma,22.6,2026-05-20,Terminated,,60000,2
EMP00174,Vihaan Reddy,Male,1988-10-24,38,Divorced,Bengaluru,Karnataka,+916885480004,vihaan.reddy165@hotmail.com,DEP006,Vice President,MBA,12.2,2022-04-04,Terminated,,25000,5
EMP00175,Reyansh Patel,Other,1996-02-19,30,Divorced,Hyderabad,Telangana,+919500427282,reyansh.patel604@hotmail.com,DEP007,Assistant Manager,MBA,9.3,2017-10-19,Active,,250000,4
EMP00176,Manish Kapoor,Male,2003-10-06,23,Married,Ahmedabad,Gujarat,+919707461491,manish.kapoor602@yahoo.com,DEP001,Manager,B.Com,7.8,2019-06-12,Active,,100000,2
EMP00177,Aman Verma,Male,1972-12-24,54,Married,Bengaluru,Karnataka,+916247614523,aman.verma228@outlook.com,DEP001,Assistant Manager,M.Com,5.0,2019-04-16,Resigned,2024-01-26,320000,4
EMP00178,Rohan Desai,Male,1981-09-22,45,Divorced,Bengaluru,Karnataka,+918058104601,rohan.desai809@gmail.com,DEP012,Intern,B.Com,5.8,2025-12-15,Active,,320000,1
EMP00179,Anjali Patel,Other,1979-12-27,47,Single,Noida,Uttar Pradesh,+919861871360,,DEP005,Deputy General Manager,MBA,29.3,2021-03-18,Active,,160000,5
EMP00180,Karan Kapoor,Other,1975-12-11,51,Single,Kolkata,West Bengal,+917546152777,karan.kapoor722@yahoo.com,DEP009,Senior Manager,M.Com,10.6,2017-11-01,Active,,200000,5
EMP00181,Meera Rao,Female,1977-06-23,49,Single,Kolkata,West Bengal,+919666620309,meera.rao824@outlook.com,DEP004,Team Lead,MBA,10.8,2021-11-14,Active,,100000,4
EMP00182,Isha Mishra,Female,1988-08-02,38,Single,Kolkata,West Bengal,+917730620104,isha.mishra522@outlook.com,DEP002,Senior Associate,M.Tech,25.5,2017-12-10,Active,,160000,4
EMP00183,Saurabh Yadav,Male,1981-01-24,45,Single,Chennai,Tamil Nadu,+917255207824,saurabh.yadav125@outlook.com,DEP001,Deputy General Manager,MBA,22.8,2023-05-04,Active,,100000,5
EMP00184,Ishaan Reddy,Male,1986-07-12,40,Married,Chandigarh,Chandigarh,+917307827490,ishaan.reddy614@yahoo.com,DEP010,Analyst,PhD,3.5,2015-05-07,Active,,130000,4
EMP00185,Rohan Shetty,Male,2000-05-15,26,Single,Chandigarh,Chandigarh,+919275915438,rohan.shetty367@hotmail.com,DEP006,Deputy General Manager,PhD,2.0,2019-10-07,Terminated,2020-01-13,35000,5
EMP00186,Isha Mishra,Other,1997-06-22,29,Married,Ghaziabad,Uttar Pradesh,+916166442748,isha.mishra30@gmail.com,DEP007,Senior Analyst,MBA,4.8,2017-07-22,Active,,25000,4
EMP00187,Ajay Patel,Male,1994-12-06,32,Single,Pune,Maharashtra,+918257712329,ajay.patel854@rediffmail.com,DEP004,General Manager,M.Sc,19.3,2020-10-20,On Notice Period,,45000,3
EMP00188,Nisha Patel,Female,1999-02-20,27,Single,Mumbai,Maharashtra,+916084865828,nisha.patel135@gmail.com,DEP006,Team Lead,B.Com,21.8,2015-09-29,Resigned,2021-09-24,80000,1
EMP00189,Kavita Iyer,Other,2000-04-15,26,Single,Lucknow,Uttar Pradesh,+919681647419,kavita.iyer254@rediffmail.com,DEP003,Vice President,M.Tech,24.3,2021-04-20,Resigned,2021-08-10,80000,4
EMP00190,Shreya Kapoor,Female,1973-08-01,53,Divorced,Noida,Uttar Pradesh,+917519457173,shreya.kapoor271@gmail.com,DEP005,Team Lead,B.Com,6.3,2023-01-03,Active,,100000,4
EMP00191,Kritika Sharma,Female,1989-03-18,37,Divorced,Lucknow,Uttar Pradesh,+919469114512,kritika.sharma285@hotmail.com,DEP003,Senior Associate,B.A.,8.8,2017-10-24,Terminated,2019-12-19,35000,5
EMP00192,Manish Desai,Male,1974-02-01,52,Divorced,Coimbatore,Tamil Nadu,+918659131891,manish.desai564@outlook.com,DEP012,Intern,B.Com,1.1,2019-06-21,Active,,320000,1
EMP00193,Krishna Gupta,Male,1989-02-09,37,Single,Jaipur,Rajasthan,+919120316792,krishna.guptahotmail.com,DEP009,Assistant Manager,B.Sc,7.5,2025-12-22,Active,,80000,3
EMP00194,KAVITA CHAUDHARY,Other,1975-05-06,51,Divorced,Coimbatore,Tamil Nadu,+916038906684,kavita.chaudhary445@outlook.com,DEP012,General Manager,B.Sc,12.2,2024-02-11,On Notice Period,,320000,2
EMP00195,Saurabh Joshi,Male,1972-10-08,54,Single,Ghaziabad,Uttar Pradesh,+918761069279,saurabh.joshi405@rediffmail.com,DEP011,Senior Manager,M.Com,3.8,2022-07-21,Active,,320000,1
EMP00196,Sneha Singh,Female,1991-07-07,35,Divorced,Indore,Madhya Pradesh,+916562913636,sneha.singh962@yahoo.com,DEP005,Consultant,B.Sc,19.4,2022-03-20,Active,,130000,
EMP00197,Kavita Menon,Female,2001-02-26,25,Married,Chandigarh,Chandigarh,+919005685602,kavita.menon258@hotmail.com,DEP010,Senior Analyst,MBA,9.0,2017-06-13,Active,,25000,1
EMP00198,Neha Chopra,Other,1998-02-14,28,Married,Mumbai,Maharashtra,+919043565053,neha.chopra521@outlook.com,DEP009,Executive,M.Tech,17.6,2016-06-08,Resigned,2019-02-03,80000,3
EMP00199,Nikhil Joshi,Other,1966-04-05,60,Divorced,Jaipur,Rajasthan,+918693163816,nikhil.joshi45@hotmail.com,DEP004,Assistant Manager,M.Com,24.3,2017-11-14,On Notice Period,,25000,4
EMP00200,Sneha Ghosh,Other,1973-07-07,53,Married,Nagpur,Maharashtra,779882743378861,sneha.ghosh543@rediffmail.com,DEP004,Manager,MBA,28.9,2023-10-05,Active,,100000,1
EMP00201,Neha Menon,Female,1988-04-13,38,Married,Pune,Maharashtra,+916922007552,neha.menon382@gmail.com,DEP010,Associate,B.Com,6.6,2015-04-10,Active,,160000,5
EMP00202,Nisha Kumar,Other,1996-09-15,30,Divorced,Nagpur,Maharashtra,+918598539313,nisha.kumar679@outlook.com,DEP005,Assistant Manager,Diploma,12.0,2020-12-17,Active,,60000,4
EMP00203,Gaurav Chopra,Male,1998-04-24,28,Single,Chennai,Tamil Nadu,+919408804008,gaurav.chopra978@rediffmail.com,DEP002,Assistant Manager,B.Sc,4.1,2017-11-11,Active,,160000,2
EMP00204,Sunita Malhotra,Female,1980-01-21,46,Married,Indore,Madhya Pradesh,+918908884430,sunita.malhotra13@outlook.com,DEP007,General Manager,M.Tech,9.7,2026-05-02,Active,,250000,4
EMP00205,  Isha Malhotra  ,Female,1980-11-04,46,Married,Bengaluru,Karnataka,+918086298825,isha.malhotra644@outlook.com,DEP010,Deputy General Manager,B.Tech,24.0,2026-03-03,Terminated,,250000,3
EMP00206,SWATI GHOSH,Female,1978-08-18,48,Divorced,Delhi,Delhi,1234561977,swati.ghosh32@yahoo.com,DEP011,Analyst,M.Tech,9.1,2018-04-13,Resigned,2023-11-20,200000,2
EMP00207,Rekha Bansal,Other,1999-04-15,27,Divorced,Hyderabad,Telangana,+918902491835,rekha.bansal335@gmail.com,DEP006,Senior Associate,B.A.,4.6,2023-08-26,Active,,160000,4
EMP00208,Manish Kapoor,Other,1974-02-07,52,Married,Hyderabad,Telangana,+917768938936,manish.kapoor459@rediffmail.com,DEP005,Intern,M.Tech,9.2,2018-06-14,On Notice Period,,25000,5
EMP00209,Ishaan Bose,Male,1998-04-25,28,Married,Delhi,Delhi,+919854041290,ishaan.bose86@hotmail.com,DEP003,Senior Analyst,M.Sc,0.2,2021-11-13,On Notice Period,,100000,1
EMP00210,Saurabh Rao,Male,1990-10-26,36,Single,Kolkata,West Bengal,+916227232864,saurabh.rao962@gmail.com,DEP002,Manager,B.Com,23.5,2024-10-08,Terminated,,200000,5
EMP00211,Isha Nair,Female,1995-09-14,31,Married,Coimbatore,Tamil Nadu,+916570314138,isha.nair490@rediffmail.com,DEP010,Deputy General Manager,B.A.,14.4,2019-04-13,Active,,130000,2
EMP00212,Sarika Sharma,Female,1971-08-12,55,Divorced,Jaipur,Rajasthan,+916092345896,sarika.sharma232@gmail.com,DEP002,Executive,Diploma,22.6,2019-10-17,Active,,160000,1
EMP00213,Kavita Mishra,Female,1995-04-21,31,Married,Indore,Madhya Pradesh,+916952013782,kavita.mishra922@hotmail.com,DEP009,Assistant Manager,Diploma,9.9,2026-05-18,Resigned,,130000,1
EMP00214,Saurabh Kumar,Other,1986-06-03,40,Single,Coimbatore,Tamil Nadu,+916847392417,saurabh.kumar778@outlook.com,DEP003,Deputy General Manager,M.Com,19.6,2018-03-06,Resigned,2022-01-23,60000,5
EMP00215,Nisha Nair,Female,1970-06-13,56,Married,Bengaluru,Karnataka,+918327273758,nisha.nair85@hotmail.com,DEP001,Deputy General Manager,B.Tech,0.4,2020-03-04,Resigned,2023-12-30,160000,5
EMP00216,Meera Reddy,Female,1970-10-25,56,Single,Indore,Madhya Pradesh,+916626178682,meera.reddy747@yahoo.com,DEP004,Executive,M.Com,29.5,2019-09-12,Active,,160000,3
EMP00217,Vikram Kumar,Male,1979-12-10,47,Married,Chennai,Tamil Nadu,+919289276529,vikram.kumar228@gmail.com,DEP006,Senior Analyst,MBA,22.5,2017-08-14,Active,,45000,2
EMP00218,Neha Sharma,Other,1988-03-07,38,Single,Coimbatore,Tamil Nadu,+916543577397,neha.sharma511@hotmail.com,DEP006,Analyst,B.Sc,19.1,2023-03-12,Active,,100000,3
EMP00219,Vivaan Reddy,Male,1990-03-18,36,Single,Coimbatore,Tamil Nadu,+917491702115,vivaan.reddy530@gmail.com,DEP010,Analyst,M.Com,25.8,2026-01-31,Active,,100000,2
EMP00220,Suresh Rao,Male,1992-06-01,34,Single,Nagpur,Maharashtra,+919776091773,suresh.rao107@hotmail.com,DEP009,Associate,M.Tech,6.0,2026-01-08,Active,,200000,4
EMP00221,Neha Agarwal,Female,1993-08-06,33,Single,Delhi,Delhi,+916907760945,neha.agarwal939@outlook.com,DEP001,Assistant Manager,PhD,25.8,2016-10-10,Active,,320000,3
EMP00222,Naveen Reddy,Male,1996-01-21,30,Single,Ahmedabad,Gujarat,+916594588417,naveen.reddy414@rediffmail.com,DEP003,Senior Manager,M.Com,14.6,2021-01-17,Active,,100000,3
EMP00223,Swati Singh,Other,1971-09-06,55,Single,Coimbatore,Tamil Nadu,+919104868247,swati.singh569@yahoo.com,DEP011,Deputy General Manager,M.Sc,0.5,2019-10-29,Active,,100000,4
EMP00224,Isha Pillai,Female,1977-02-04,49,Single,Kolkata,West Bengal,+916654751444,isha.pillai530@outlook.com,DEP007,Analyst,M.Com,23.4,2022-07-01,Terminated,,200000,3
EMP00225,Aman Pillai,Male,1980-08-15,46,Single,Bengaluru,Karnataka,+918869926488,aman.pillai397@hotmail.com,DEP002,Senior Analyst,B.A.,11.0,2018-12-04,Resigned,2020-07-07,60000,3
EMP00226,Kavya Verma,Other,1992-02-24,34,Divorced,Indore,Madhya Pradesh,+919457954280,kavya.verma746@yahoo.com,DEP012,Senior Manager,MBA,14.2,2024-12-25,Terminated,,250000,1
EMP00227,Rekha Patel,Female,1984-01-15,42,Divorced,Coimbatore,Tamil Nadu,+918252712491,rekha.patel898@yahoo.com,DEP004,Vice President,MBA,16.8,2017-10-14,Active,,45000,2
EMP00228,Sneha Kumar,Female,2002-07-27,24,Single,Noida,Uttar Pradesh,+918819985516,sneha.kumar272@rediffmail.com,DEP001,General Manager,M.Com,29.3,2020-08-15,Active,,200000,2
EMP00229,Nisha Malhotra,Female,1967-04-10,59,Divorced,Ghaziabad,Uttar Pradesh,+916505806814,nisha.malhotra466@outlook.com,DEP001,Consultant,M.Tech,10.4,2021-04-13,On Notice Period,,25000,3
EMP00230,Nisha Menon,Female,1993-10-21,33,Single,Bengaluru,Karnataka,+919314921665,nisha.menon567@gmail.com,DEP003,Associate,B.Sc,8.2,2022-04-07,Active,,250000,3
EMP00231,SWATI JOSHI,Other,2003-06-27,23,Single,Chennai,Tamil Nadu,+918889518652,swati.joshi169@hotmail.com,DEP008,Assistant Manager,B.A.,19.5,2016-12-06,Active,,45000,2
EMP00232,Saurabh Mishra,Male,1972-06-20,54,Divorced,Pune,Maharashtra,+916561380019,saurabh.mishra325@outlook.com,DEP001,Analyst,M.Tech,22.4,2025-03-31,On Notice Period,,35000,1
EMP00233,Shreya Desai,Female,1984-05-11,42,Divorced,Mumbai,Maharashtra,+918753288301,shreya.desai42@gmail.com,DEP009,Executive,Diploma,26.5,2017-04-09,Terminated,2021-01-16,100000,5
EMP00234,Ishaan Singh,Male,1977-11-20,49,Single,Hyderabad,Telangana,+917159734297,ishaan.singh573@outlook.com,DEP012,Intern,M.Sc,1.6,2015-01-10,Active,,25000,1
EMP00235,Kavya Bansal,Female,1984-11-01,42,Married,Coimbatore,Tamil Nadu,+916601053240,kavya.bansal955@rediffmail.com,DEP008,Deputy General Manager,M.Tech,4.5,2025-12-23,Resigned,,100000,5
EMP00236,Nikhil Gupta,Other,1998-09-12,28,Single,Indore,Madhya Pradesh,+917342049737,nikhil.gupta706@rediffmail.com,DEP011,Vice President,B.A.,27.6,2017-10-30,Resigned,2022-10-24,320000,4
EMP00237,Manish Chopra,Male,1994-11-28,32,Single,Ghaziabad,Uttar Pradesh,+916359379837,manish.chopra181@yahoo.com,DEP001,Deputy General Manager,B.Com,25.6,2026-05-15,Active,,160000,4
EMP00238,Aarav Mishra,Other,1979-09-09,47,Married,Kolkata,West Bengal,+918057359730,aarav.mishra377@gmail.com,DEP001,Deputy General Manager,B.Tech,16.0,2022-06-06,Active,,35000,2
EMP00239,Diya Agarwal,Other,1983-02-05,43,Divorced,Jaipur,Rajasthan,+918938472658,diya.agarwal556@gmail.com,DEP009,Consultant,PhD,13.5,2016-09-30,Terminated,2022-02-20,60000,1
EMP00240,Nikhil Chaudhary,Male,1978-04-01,48,Married,Lucknow,Uttar Pradesh,+917790830221,nikhil.chaudhary655@gmail.com,DEP012,Senior Analyst,B.Com,21.4,2017-01-26,On Notice Period,,45000,2
EMP00241,Kritika Rao,Female,1995-07-16,31,Single,Surat,Gujarat,+916491763167,kritika.rao387@hotmail.com,DEP011,Analyst,PhD,11.4,2018-07-14,Active,,160000,4
EMP00242,Deepak Agarwal,Male,1984-06-08,42,Married,Chennai,Tamil Nadu,+917239034769,deepak.agarwal413@gmail.com,DEP002,Deputy General Manager,B.Tech,13.4,2020-04-23,Active,,130000,5
EMP00243,Krishna Shetty,Other,1979-06-07,47,Single,Noida,Uttar Pradesh,+918780607909,krishna.shetty765@hotmail.com,DEP008,Team Lead,B.Tech,16.3,2023-01-10,Terminated,2025-06-07,80000,
EMP00244,Pooja Bansal,Other,1971-08-01,55,Single,Jaipur,Rajasthan,+916587480823,pooja.bansal850@rediffmail.com,DEP011,Senior Manager,B.Sc,26.7,2021-06-12,Active,,25000,4
EMP00245,Gaurav Kapoor,Male,1969-10-06,57,Married,Indore,Madhya Pradesh,+919904194757,gaurav.kapoor211@hotmail.com,DEP012,Manager,B.Sc,5.3,2015-03-07,Active,,60000,3
EMP00246,  Nikhil Bansal  ,Male,2001-02-04,25,Divorced,Nagpur,Maharashtra,+916278625321,nikhil.bansal956@hotmail.com,DEP003,Manager,M.Tech,16.2,2017-05-16,Active,,160000,5
EMP00247,Suresh Menon,Male,2005-12-18,21,Divorced,Noida,Uttar Pradesh,+916115384868,suresh.menon369@outlook.com,DEP006,Team Lead,B.A.,3.4,2017-11-03,Active,,60000,1
EMP00248,Anil Nair,Other,1975-08-22,51,Divorced,Pune,Maharashtra,+916015168561,anil.nair78@outlook.com,DEP002,Analyst,M.Sc,24.6,2019-08-10,On Notice Period,,45000,3
EMP00249,Priya Reddy,Female,1980-10-04,46,Divorced,Jaipur,Rajasthan,+917816176949,priya.reddy151@yahoo.com,DEP007,Senior Associate,M.Sc,7.6,2024-05-04,Active,,130000,3
EMP00250,Aditya Bansal,Male,2004-01-22,22,Married,Coimbatore,Tamil Nadu,+919539345897,aditya.bansal994@gmail.com,DEP005,Intern,B.Sc,28.8,2017-02-08,Resigned,2023-09-13,35000,2
EMP00251,Meera Nair,Female,1974-07-14,52,Married,Pune,Maharashtra,+919604561824,meera.nairyahoo.com,DEP006,Manager,Diploma,29.7,2021-01-07,Terminated,2024-08-24,130000,3
EMP00252,Anil Agarwal,Male,1982-05-05,44,Single,Pune,Maharashtra,+917923155505,anil.agarwal343@yahoo.com,DEP012,Associate,B.A.,9.6,2022-11-21,On Notice Period,,130000,5
EMP00253,Anjali Chaudhary,Female,1987-07-17,39,Married,Surat,Gujarat,+916948956207,anjali.chaudhary834@hotmail.com,DEP004,Manager,B.Com,8.3,2023-04-10,Active,,60000,4
EMP00254,VIVAAN PATEL,Male,1969-08-28,17,Divorced,Kolkata,West Bengal,+917568950812,vivaan.patel937@rediffmail.com,DEP010,Manager,B.A.,14.4,2018-05-20,Active,,160000,4
EMP00255,Neha Verma,Female,1976-02-08,50,Single,Ghaziabad,Uttar Pradesh,+917841457129,neha.vermarediffmail.com,DEP002,Intern,B.Com,13.5,2023-09-19,Active,,80000,4
EMP00256,Ishaan Nair,Male,1985-02-21,41,Divorced,Mumbai,Maharashtra,+917505438611,ishaan.nairoutlook.com,DEP009,Associate,MBA,11.7,2016-09-15,On Notice Period,,200000,3
EMP00257,Saanvi Chopra,Female,1998-04-07,28,Divorced,Surat,Gujarat,22817,saanvi.chopra624@rediffmail.com,DEP001,Analyst,PhD,18.3,2017-11-28,Active,,250000,2
EMP00258,Vihaan Nair,Male,2002-02-24,24,Married,Chennai,Tamil Nadu,+916525834596,vihaan.nair861@rediffmail.com,DEP006,Deputy General Manager,M.Sc,7.5,2017-05-25,Active,,130000,1
EMP00259,Nisha Chopra,Female,1976-11-03,50,Married,Surat,Gujarat,+919231363356,,DEP008,Executive,M.Tech,7.7,2021-06-23,Active,,200000,2
EMP00260,Swati Singh,Female,1992-09-09,34,Married,Bengaluru,Karnataka,+919452494031,swati.singh561@rediffmail.com,DEP008,Team Lead,B.Sc,19.2,2015-09-15,Active,,250000,2
EMP00261,Anil Chopra,Other,2003-01-13,23,Divorced,Coimbatore,Tamil Nadu,+917189999294,anil.chopra887@yahoo.com,DEP010,Vice President,MBA,18.1,2025-02-17,Resigned,2025-07-30,25000,1
EMP00262,Isha Chopra,Other,1994-06-05,32,Single,Ghaziabad,Uttar Pradesh,+916753393978,isha.chopra505@yahoo.com,DEP009,Team Lead,M.Tech,26.9,2025-05-27,Terminated,2026-03-02,320000,3
EMP00263,Neha Bose,Female,1995-03-10,31,Married,Ahmedabad,Gujarat,+918861019399,neha.bose535@yahoo.com,DEP010,Analyst,B.Com,19.7,2025-11-08,Active,,35000,4
EMP00264,Meera Kumar,Other,1970-11-01,56,Divorced,Nagpur,Maharashtra,+919828667285,meera.kumar261@yahoo.com,DEP001,Assistant Manager,MBA,1.2,2022-11-19,Active,,200000,3
EMP00265,Meera Chaudhary,Female,1977-02-02,49,Divorced,Coimbatore,Tamil Nadu,+917800663620,meera.chaudhary514@rediffmail.com,DEP002,Manager,B.Sc,20.6,2023-01-10,Active,,200000,3
EMP00266,Aditya Ghosh,Other,1981-07-10,45,Divorced,Kolkata,West Bengal,+916417590523,aditya.ghosh162@rediffmail.com,DEP003,Intern,MBA,26.9,2023-04-17,Resigned,,100000,2
EMP00267,AMAN GUPTA,Other,1975-12-26,51,Married,Ghaziabad,Uttar Pradesh,+917338564492,aman.gupta145@hotmail.com,DEP004,Analyst,Diploma,14.4,2019-06-27,Active,,200000,5
EMP00268,Kavya Bose,Female,1970-03-28,56,Married,Mumbai,Maharashtra,+918057791338,kavya.bose941@outlook.com,DEP007,Senior Analyst,MBA,3.3,2020-11-02,Resigned,2025-10-23,160000,5
EMP00269,Sunita Bose,Female,1987-04-15,39,Single,Ghaziabad,Uttar Pradesh,+917872878477,sunita.bose830@gmail.com,DEP002,General Manager,M.Sc,12.7,2022-12-10,Terminated,,80000,4
EMP00270,Rahul Malhotra,Other,1998-11-03,28,Divorced,Noida,Uttar Pradesh,+916216599898,,DEP006,Consultant,M.Tech,23.2,2016-12-24,Active,,100000,5
EMP00271,Sanjay Agarwal,Other,1988-04-04,38,Married,Surat,Gujarat,+918008170197,sanjay.agarwal190@hotmail.com,DEP009,Executive,B.Sc,12.9,2021-04-21,On Notice Period,,250000,
EMP00272,Gaurav Agarwal,Male,1983-02-17,43,Single,Surat,Gujarat,+916378097679,gaurav.agarwalyahoo.com,DEP003,Vice President,B.A.,28.2,2025-08-10,Active,,130000,5
EMP00273,Anil Chopra,Male,1970-11-14,56,Single,Bengaluru,Karnataka,+919017540434,anil.chopra974@hotmail.com,DEP010,Executive,M.Sc,12.3,2018-12-17,Active,,160000,1
EMP00274,Rohan Malhotra,Other,1998-03-11,28,Married,Mumbai,Maharashtra,+919658004080,rohan.malhotra95@yahoo.com,DEP003,Team Lead,M.Com,25.2,2015-05-07,Terminated,2021-01-14,250000,5
EMP00275,Ajay Chaudhary,Male,1994-07-06,32,Divorced,Chandigarh,Chandigarh,+918005881784,ajay.chaudhary212@yahoo.com,DEP006,Deputy General Manager,Diploma,20.8,2017-07-02,On Notice Period,,320000,2
EMP00276,Aadhya Chaudhary,Female,1991-08-14,35,Single,Nagpur,Maharashtra,+918721903901,aadhya.chaudhary332@rediffmail.com,DEP003,General Manager,M.Tech,25.7,2025-07-20,Active,,160000,2
EMP00277,Vihaan Ghosh,Other,2005-11-20,21,Divorced,Coimbatore,Tamil Nadu,+917407150975,vihaan.ghosh784@gmail.com,DEP009,Executive,B.Com,16.5,2016-12-27,On Notice Period,,80000,5
EMP00278,Reyansh Malhotra,Other,2005-06-24,21,Single,Chennai,Tamil Nadu,+916170130437,reyansh.malhotra864@rediffmail.com,DEP002,Analyst,M.Sc,24.2,2023-03-24,Resigned,2023-11-22,45000,1
EMP00279,Krishna Rao,Male,1991-12-07,35,Married,Bengaluru,Karnataka,+918562647513,krishna.rao153@gmail.com,DEP011,Consultant,Diploma,9.7,2022-06-29,Resigned,2023-01-04,100000,3
EMP00280,Nisha Pillai,Female,1973-03-09,53,Divorced,Pune,Maharashtra,+916725096154,nisha.pillai521@outlook.com,DEP009,Deputy General Manager,M.Sc,6.2,2020-10-26,Active,,60000,1
EMP00281,Sarika Singh,Female,2004-02-26,22,Married,Nagpur,Maharashtra,+918576445228,sarika.singh706@outlook.com,DEP002,Senior Manager,PhD,41.7,2020-09-24,Active,,200000,2
EMP00282,Rahul Joshi,Male,2001-05-09,25,Married,Mumbai,Maharashtra,+918545693007,rahul.joshi844@gmail.com,DEP004,Senior Manager,B.Sc,4.5,2025-03-13,On Notice Period,,80000,3
EMP00283,Aditya Bansal,Male,1984-04-05,42,Single,Ahmedabad,Gujarat,+919051627378,aditya.bansal54@rediffmail.com,DEP010,Senior Manager,M.Com,22.2,2022-04-17,On Notice Period,,250000,5
EMP00284,Kavita Chaudhary,Female,1998-03-22,28,Divorced,Ghaziabad,Uttar Pradesh,+916185931864,kavita.chaudhary652@yahoo.com,DEP002,Senior Manager,B.Tech,25.6,2026-05-10,On Notice Period,,80000,2
EMP00285,Neha Menon,Other,2001-04-07,25,Single,Surat,Gujarat,+918916885542,neha.menon840@gmail.com,DEP007,Senior Associate,M.Sc,18.0,2026-04-08,Active,,160000,1
EMP00286,Vikram Singh,Other,1996-11-10,30,Divorced,Indore,Madhya Pradesh,+917087554752,vikram.singh469@yahoo.com,DEP001,Assistant Manager,Diploma,12.0,2025-11-13,Active,,60000,2
EMP00287,Manish Kapoor,Other,2005-09-01,21,Married,Chandigarh,Chandigarh,+919942355372,manish.kapoor899@rediffmail.com,DEP002,Intern,MBA,3.6,2015-12-23,Terminated,2021-01-10,80000,2
EMP00288,SHREYA SHETTY,Female,1980-09-25,16,Married,Indore,Madhya Pradesh,+919476230282,shreya.shetty922@outlook.com,DEP005,Senior Analyst,M.Com,27.0,2023-01-28,Active,,45000,2
EMP00289,Kritika Desai,Female,1966-10-21,60,Single,Hyderabad,Telangana,+91-728090,kritika.desai164@gmail.com,DEP011,Analyst,B.Com,29.1,2016-09-29,On Notice Period,,45000,4
EMP00290,Ajay Menon,Male,2003-01-04,23,Divorced,Ghaziabad,Uttar Pradesh,+917175715902,ajay.menon712@outlook.com,DEP008,Associate,B.A.,11.3,2017-10-29,Resigned,2020-04-20,60000,5
EMP00291,Meera Verma,Other,1970-08-14,56,Married,Kolkata,West Bengal,+917848157731,meera.verma510@rediffmail.com,DEP011,Senior Associate,MBA,24.2,2019-08-28,Active,,25000,1
EMP00292,Kavita Kumar,Female,1996-10-19,30,Divorced,Hyderabad,Telangana,+918993492093,kavita.kumar429@outlook.com,DEP012,General Manager,B.Com,28.0,2017-12-22,Active,,80000,1
EMP00293,Divya Reddy,Other,1994-04-28,32,Married,Hyderabad,Telangana,+916001919532,divya.reddy693@yahoo.com,DEP004,Assistant Manager,B.Tech,21.2,2024-05-24,Active,,200000,1
EMP00294,Deepak Patel,Male,2001-10-18,25,Married,Pune,Maharashtra,+918762453504,deepak.patel838@hotmail.com,DEP009,Deputy General Manager,M.Tech,11.8,2015-08-08,On Notice Period,,60000,4
EMP00295,Ishaan Chopra,Male,2004-10-07,22,Single,Ahmedabad,Gujarat,+918968948076,ishaan.chopra11@yahoo.com,DEP002,Associate,Diploma,10.6,2018-12-05,Active,,35000,4
EMP00296,Riya Iyer,Other,1984-11-15,42,Married,Chennai,Tamil Nadu,+919385887425,riya.iyer411@gmail.com,DEP011,Team Lead,M.Tech,18.7,2024-05-19,Active,,60000,4
EMP00297,Kritika Kapoor,Other,1972-10-12,54,Married,Hyderabad,Telangana,+916514019314,,DEP010,Senior Analyst,B.Sc,23.5,2019-06-06,On Notice Period,,100000,3
EMP00298,Suresh Shetty,Other,1984-01-23,42,Married,Indore,Madhya Pradesh,+917874481204,suresh.shetty954@rediffmail.com,DEP012,Assistant Manager,Diploma,15.7,2022-11-21,Active,,100000,4
EMP00299,Deepak Verma,Other,1993-05-16,33,Married,Indore,Madhya Pradesh,+918023816898,deepak.vermahotmail.com,DEP003,Senior Associate,M.Sc,4.2,2023-03-27,Active,,80000,2
EMP00300,Karan Kumar,Male,1975-01-05,51,Married,Pune,Maharashtra,+917536904174,karan.kumar983@outlook.com,DEP004,Deputy General Manager,PhD,20.9,2025-01-19,Active,,60000,4
EMP00301,Rohan Rao,Male,1971-12-02,55,Single,Pune,Maharashtra,,rohan.rao10@gmail.com,DEP009,Senior Associate,M.Tech,22.4,2026-06-26,Resigned,,250000,4
EMP00302,Priya Joshi,Other,1991-06-11,35,Single,Indore,Madhya Pradesh,+918739737819,priya.joshi667@outlook.com,DEP007,General Manager,Diploma,8.9,2016-05-21,Active,,320000,2
EMP00303,Saurabh Joshi,Other,1996-03-01,30,Married,Delhi,Delhi,806558696918397,saurabh.joshi57@hotmail.com,DEP009,Senior Analyst,B.Tech,15.7,2020-08-09,Resigned,2023-11-22,60000,3
EMP00304,Swati Chopra,Female,1981-05-22,45,Married,Ghaziabad,Uttar Pradesh,+919361957403,swati.chopra299@gmail.com,DEP004,Deputy General Manager,M.Sc,4.9,2015-05-04,Active,,320000,3
EMP00305,Reyansh Nair,Other,1997-05-19,29,Single,Surat,Gujarat,+919533604641,reyansh.nair382@hotmail.com,DEP002,Senior Analyst,M.Sc,15.5,2022-03-26,Terminated,2026-01-21,80000,2
EMP00306,Meera Menon,Other,1969-01-12,57,Divorced,Pune,Maharashtra,+918559604412,meera.menon431@gmail.com,DEP012,General Manager,B.A.,3.9,2018-07-14,Active,,60000,4
EMP00307,Reyansh Kumar,Male,2001-12-20,25,Married,Mumbai,Maharashtra,+918796338932,reyansh.kumar607@hotmail.com,DEP008,Manager,M.Tech,3.2,2021-08-14,Active,,80000,2
EMP00308,priya chaudhary,Female,1982-12-27,44,Married,Noida,Uttar Pradesh,+917939037664,priya.chaudhary780@rediffmail.com,DEP012,Manager,Diploma,28.8,2018-03-05,Terminated,2024-05-19,45000,2
EMP00309,kavita pillai,Female,1984-10-25,42,Divorced,Surat,Gujarat,+919988572597,kavita.pillai741@outlook.com,DEP007,Vice President,B.Tech,20.4,2019-09-20,Active,,130000,4
EMP00310,Naveen Reddy,Male,1976-09-12,16,Divorced,Surat,Gujarat,+917206763518,naveen.reddy659@rediffmail.com,DEP012,Senior Associate,M.Tech,13.7,2025-12-23,On Notice Period,,160000,2
EMP00311,Meera Yadav,Other,1977-12-27,49,Married,Nagpur,Maharashtra,+917809756278,meera.yadav807@hotmail.com,DEP004,Intern,M.Tech,24.2,2020-06-28,Active,,80000,1
EMP00312,Aarav Shetty,Other,1969-05-06,57,Married,Noida,Uttar Pradesh,+917730855659,aarav.shetty@hotmail,DEP007,Team Lead,B.Sc,44.4,2016-01-29,Resigned,2016-11-27,80000,4
EMP00313,Suresh Reddy,Other,1993-05-04,33,Divorced,Lucknow,Uttar Pradesh,+918003752441,suresh.reddy685@outlook.com,DEP006,Senior Associate,M.Tech,3.2,2015-11-02,On Notice Period,,80000,2
EMP00314,Aditya Mishra,Male,1976-10-11,50,Divorced,Mumbai,Maharashtra,+918344237142,aditya.mishra119@yahoo.com,DEP010,Manager,B.Sc,29.7,2026-06-17,Resigned,,80000,2
EMP00315,Ajay Menon,Male,1988-07-15,38,Married,Ghaziabad,Uttar Pradesh,+918551639484,ajay.menon994@gmail.com,DEP012,Senior Analyst,M.Sc,18.8,2019-07-07,Terminated,2024-12-02,160000,3
EMP00316,Vihaan Chopra,Male,1975-08-14,51,Divorced,Bengaluru,Karnataka,+916825550841,vihaan.chopra616@rediffmail.com,DEP012,Senior Associate,B.Sc,18.3,2017-04-13,On Notice Period,,60000,5
EMP00317,Sanjay Desai,Male,1991-01-04,35,Married,Nagpur,Maharashtra,+916873808998,sanjay.desai897@rediffmail.com,DEP006,Deputy General Manager,B.Com,5.2,2018-01-21,On Notice Period,,200000,1
EMP00318,DEEPAK PILLAI,Male,1984-07-02,42,Married,Bengaluru,Karnataka,+917912620572,deepak.pillai431@yahoo.com,DEP009,Executive,PhD,25.5,2026-06-24,Active,,130000,1
EMP00319,Deepak Verma,Male,1982-07-04,44,Single,Lucknow,Uttar Pradesh,+916831833833,deepak.verma22@hotmail.com,DEP003,Assistant Manager,PhD,28.3,2022-03-22,Resigned,2025-08-19,130000,5
EMP00320,Sanjay Menon,Male,1996-11-27,30,Married,Mumbai,Maharashtra,+916392459387,sanjay.menon905@outlook.com,DEP004,Vice President,Diploma,15.9,2021-03-27,Active,,320000,
EMP00321,Isha Kumar,Female,1995-07-01,31,Divorced,Noida,Uttar Pradesh,+916577737411,isha.kumar485@outlook.com,DEP011,Consultant,Diploma,24.9,2023-12-11,On Notice Period,,35000,4
EMP00322,Rahul Gupta,Other,1976-03-18,50,Divorced,Chennai,Tamil Nadu,+917165614862,rahul.gupta604@gmail.com,DEP008,Senior Manager,Diploma,10.0,2025-08-22,Resigned,,25000,4
EMP00323,Sarika Menon,Female,1977-08-02,49,Single,Nagpur,Maharashtra,+917035758950,sarika.menon134@hotmail.com,DEP007,Intern,B.Tech,26.7,2024-06-25,Active,,130000,5
EMP00324,Isha Sharma,Other,2001-06-14,25,Married,Ghaziabad,Uttar Pradesh,+918136906458,isha.sharma437@rediffmail.com,DEP006,Assistant Manager,PhD,10.0,2022-08-04,On Notice Period,,35000,4
EMP00325,Naveen Chopra,Other,1990-12-23,36,Divorced,Mumbai,Maharashtra,+918232911489,naveen.chopra49@gmail.com,DEP010,Consultant,PhD,26.4,2018-05-13,On Notice Period,,100000,4
EMP00326,Suresh Rao,Other,1995-09-28,31,Divorced,Delhi,Delhi,+916993972358,suresh.rao687@rediffmail.com,DEP002,Deputy General Manager,B.Tech,3.2,2023-01-16,Active,,45000,4
EMP00327,Shreya Singh,Female,2004-06-10,22,Single,Pune,Maharashtra,+917500287244,shreya.singh665@outlook.com,DEP006,Manager,Diploma,24.4,2019-05-04,Active,,130000,2
EMP00328,Vivaan Patel,Male,1969-01-08,57,Divorced,Noida,Uttar Pradesh,+916228918278,vivaan.patel900@gmail.com,DEP010,General Manager,MBA,16.8,2023-09-11,Active,,100000,4
EMP00329,Karan Patel,Male,1984-11-23,42,Married,Nagpur,Maharashtra,+918445344631,karan.patel501@hotmail.com,DEP008,Manager,B.Tech,3.3,2025-06-19,Resigned,,320000,2
EMP00330,Karan Yadav,Other,2002-01-28,24,Divorced,Chandigarh,Chandigarh,+918448704900,karan.yadav104@outlook.com,DEP002,Deputy General Manager,B.Com,3.1,2018-06-12,Active,,80000,5
EMP00331,Ritu Shetty,Female,1975-05-03,51,Married,Bengaluru,Karnataka,+916066148253,ritu.shetty377@hotmail.com,DEP006,Senior Analyst,PhD,6.6,2019-09-11,Active,,80000,4
EMP00332,Kavita Ghosh,Other,1978-09-15,48,Married,Chennai,Tamil Nadu,+916968561866,kavita.ghosh540@yahoo.com,DEP012,Team Lead,MBA,11.0,2021-01-18,On Notice Period,,45000,5
EMP00333,Saurabh Rao,Other,1979-11-22,47,Married,Delhi,Delhi,+919414946264,,DEP008,Manager,M.Sc,9.0,2024-10-02,Resigned,,100000,
EMP00334,Suresh Rao,Male,2002-10-17,24,Married,Surat,Gujarat,+919220827870,suresh.rao648@hotmail.com,DEP010,Senior Manager,M.Com,19.2,2019-12-27,Terminated,2023-07-30,130000,1
EMP00335,Meera Chopra,Female,2000-08-21,26,Single,Chennai,Tamil Nadu,+919653071657,meera.chopra766@gmail.com,DEP006,Consultant,B.A.,5.3,2015-09-02,Active,,130000,5
EMP00336,Shreya Singh,Female,1999-12-27,27,Single,Chandigarh,Chandigarh,+919242776105,shreya.singh561@outlook.com,DEP007,Associate,M.Com,10.0,2018-05-25,Terminated,2022-09-13,60000,5
EMP00337,Manish Mishra,Other,2003-03-26,23,Married,Nagpur,Maharashtra,+918292282724,manish.mishra330@yahoo.com,DEP012,Team Lead,M.Tech,15.5,2021-10-07,Resigned,,320000,2
EMP00338,Sanjay Iyer,Other,1990-02-13,36,Married,Nagpur,Maharashtra,+916621557199,sanjay.iyer553@rediffmail.com,DEP001,General Manager,MBA,10.4,2024-03-31,On Notice Period,,45000,2
EMP00339,Ritu Pillai,Other,1993-03-11,33,Married,Nagpur,Maharashtra,+919105557443,ritu.pillai352@hotmail.com,DEP009,Assistant Manager,MBA,9.8,2023-02-26,Active,,25000,2
EMP00340,Divya Mishra,Other,1968-04-14,58,Divorced,Surat,Gujarat,+917726825702,divya.mishra315@outlook.com,DEP009,Analyst,Diploma,17.0,2025-03-20,On Notice Period,,200000,2
EMP00341,Sneha Gupta,Female,1982-12-19,44,Single,Lucknow,Uttar Pradesh,+917195962763,sneha.gupta697@rediffmail.com,DEP011,Senior Analyst,MBA,12.8,2019-02-17,Active,,60000,4
EMP00342,Riya Agarwal,Female,1994-08-15,32,Single,Ahmedabad,Gujarat,+919242083293,riya.agarwal73@yahoo.com,DEP007,Intern,M.Tech,7.1,2018-03-29,Active,,25000,4
EMP00343,Saurabh Desai,Male,1982-04-23,44,Single,Coimbatore,Tamil Nadu,+917187442163,saurabh.desai873@outlook.com,DEP005,Assistant Manager,B.A.,16.1,2015-08-11,Active,,160000,1
EMP00344,Rahul Nair,Male,1995-09-15,31,Married,Ahmedabad,Gujarat,+918028298914,rahul.nair274@outlook.com,DEP004,Senior Manager,B.Tech,5.6,2017-10-26,Active,,200000,5
EMP00345,Sunita Iyer,Female,2002-08-28,24,Married,Chennai,Tamil Nadu,+916752279352,sunita.iyer41@rediffmail.com,DEP005,General Manager,PhD,23.6,2022-06-30,Active,,160000,1
EMP00346,Kavya Bose,Female,1968-11-10,58,Divorced,Surat,Gujarat,+918541477859,kavya.bose580@gmail.com,DEP007,Deputy General Manager,Diploma,3.5,2022-03-27,Resigned,,250000,
EMP00347,Sanjay Patel,Other,1997-06-17,29,Divorced,Ghaziabad,Uttar Pradesh,+917920533382,sanjay.patel369@rediffmail.com,DEP005,Manager,M.Tech,1.7,2020-01-07,Active,,45000,4
EMP00348,Rahul Desai,Other,2000-10-17,26,Married,Bengaluru,Karnataka,+916764084909,rahul.desai740@hotmail.com,DEP009,Team Lead,MBA,1.6,2022-07-26,Terminated,,25000,2
EMP00349,Saurabh Joshi,Other,1978-06-15,48,Married,Ghaziabad,Uttar Pradesh,+916530189929,saurabh.joshi693@outlook.com,DEP005,Consultant,M.Tech,11.1,2021-01-22,Active,,250000,3
EMP00350,Vikram Yadav,Other,1992-06-18,34,Single,Ghaziabad,Uttar Pradesh,+916130444109,vikram.yadav557@gmail.com,DEP004,Assistant Manager,B.Com,0.3,2015-01-26,On Notice Period,,200000,2
EMP00351,Aman Rao,Male,1981-12-04,45,Single,Delhi,Delhi,+919367663732,aman.rao41@rediffmail.com,DEP003,Team Lead,M.Tech,9.8,2019-10-05,Resigned,2023-01-01,250000,3
EMP00352,Divya Agarwal,Female,2005-09-16,21,Single,Nagpur,Maharashtra,+916509252093,divya.agarwal795@rediffmail.com,DEP005,Analyst,M.Com,2.9,2026-06-29,Resigned,,60000,3
EMP00353,Isha Shetty,Female,1981-01-28,45,Single,Jaipur,Rajasthan,+918723561123,isha.shetty410@hotmail.com,DEP009,Senior Associate,B.A.,13.0,2024-03-17,Active,,320000,1
EMP00354,Karan Menon,Other,1979-10-20,47,Married,Delhi,Delhi,+916564465934,karan.menon568@yahoo.com,DEP005,Executive,B.A.,13.0,2022-09-06,Terminated,,100000,4
EMP00355,Nisha Bansal,Female,1999-11-26,27,Single,Pune,Maharashtra,+919009185356,nisha.bansal662@rediffmail.com,DEP012,Intern,PhD,7.5,2019-05-19,On Notice Period,,25000,4
EMP00356,Aadhya Yadav,Female,1989-07-06,37,Single,Ahmedabad,Gujarat,+919830131268,aadhya.yadav895@rediffmail.com,DEP009,General Manager,B.Tech,6.1,2015-07-13,Active,,200000,2
EMP00357,RAHUL GUPTA,Male,1984-11-21,42,Divorced,Chennai,Tamil Nadu,+916935339999,rahul.gupta930@rediffmail.com,DEP007,Senior Associate,M.Tech,14.1,2021-09-14,Active,,45000,3
EMP00358,Rohan Shetty,Male,2001-02-21,25,Married,Kolkata,West Bengal,+917391831450,rohan.shetty200@rediffmail.com,DEP004,Manager,B.Com,15.1,2021-08-04,Resigned,2025-06-02,320000,1
EMP00359,Ramesh Nair,Male,1971-08-09,55,Married,Nagpur,Maharashtra,+917868909477,ramesh.nair930@rediffmail.com,DEP002,Vice President,MBA,6.6,2019-02-23,Resigned,2023-04-09,25000,3
EMP00360,Neha Chaudhary,Other,1971-10-04,55,Divorced,Chennai,Tamil Nadu,+918175025377,neha.chaudhary766@gmail.com,DEP005,Assistant Manager,M.Tech,29.6,2021-09-17,Resigned,2025-02-12,200000,
EMP00361,Vivaan Kapoor,Male,2004-05-04,22,Single,Surat,Gujarat,+919396361184,vivaan.kapoor650@yahoo.com,DEP008,Consultant,B.Sc,26.1,2022-01-08,On Notice Period,,130000,4
EMP00362,Manish Reddy,Male,1994-05-08,32,Married,Lucknow,Uttar Pradesh,+919743214614,manish.reddy516@rediffmail.com,DEP006,Executive,B.Com,20.5,2017-05-06,Resigned,2021-12-01,80000,5
EMP00363,Deepak Rao,Male,1968-07-15,58,Divorced,Hyderabad,Telangana,+919445142157,deepak.rao489@hotmail.com,DEP011,Deputy General Manager,M.Com,16.2,2023-03-15,Active,,320000,2
EMP00364,Anjali Yadav,Other,1984-04-08,42,Divorced,Chandigarh,Chandigarh,+916175999218,anjali.yadav180@rediffmail.com,DEP007,Vice President,M.Tech,10.2,2016-06-20,On Notice Period,,25000,1
EMP00365,Manish Pillai,Male,1997-12-04,17,Married,Ahmedabad,Gujarat,+918932609695,manish.pillai338@hotmail.com,DEP010,Consultant,B.A.,13.9,2023-08-24,Active,,100000,1
EMP00366,Aditya Mishra,Male,1984-10-01,42,Divorced,Ghaziabad,Uttar Pradesh,+919227503922,aditya.mishra395@hotmail.com,DEP005,General Manager,Diploma,3.7,2018-04-30,Active,,160000,1
EMP00367,Kavya Verma,Female,1994-05-02,32,Married,Coimbatore,Tamil Nadu,+918832489883,kavya.verma456@rediffmail.com,DEP001,Executive,B.Sc,7.4,2018-10-20,Active,,80000,1
EMP00368,Anjali Kapoor,Other,1973-07-02,53,Divorced,Lucknow,Uttar Pradesh,+91-268028,anjali.kapoor38@gmail.com,DEP010,Vice President,B.Sc,3.8,2023-09-08,Active,,160000,3
EMP00369,Aditya Kapoor,Other,1968-11-23,58,Single,Ghaziabad,Uttar Pradesh,+916903618672,aditya.kapoor107@hotmail.com,DEP004,Assistant Manager,PhD,12.3,2017-11-14,Active,,200000,5
EMP00370,Myra Bansal,Female,1982-01-24,44,Married,Indore,Madhya Pradesh,+91-801982,myra.bansal252@rediffmail.com,DEP004,Senior Analyst,M.Com,21.7,2018-05-02,Active,,60000,2
EMP00371,Krishna Chaudhary,Male,1982-06-07,44,Married,Chennai,Tamil Nadu,+917990612149,krishna.chaudhary380@outlook.com,DEP012,General Manager,B.Com,21.9,2020-10-10,Resigned,,60000,1
EMP00372,Karan Malhotra,Other,1971-05-16,55,Single,Surat,Gujarat,+919468582607,karan.malhotra396@hotmail.com,DEP004,Analyst,B.Tech,22.1,2017-12-30,Active,,250000,2
EMP00373,Gaurav Chaudhary,Male,2005-06-20,21,Married,Jaipur,Rajasthan,+91-411535,gaurav.chaudhary591@outlook.com,DEP009,Senior Analyst,B.Com,5.1,2018-05-06,Active,,80000,1
EMP00374,Deepak Desai,Male,2000-02-05,26,Divorced,Surat,Gujarat,+917168453860,deepak.desai911@yahoo.com,DEP008,Team Lead,B.A.,15.9,2015-03-20,Active,,45000,4
EMP00375,Vivaan Verma,Male,1988-09-20,38,Divorced,Chandigarh,Chandigarh,+917169597905,vivaan.verma283@rediffmail.com,DEP007,Intern,B.A.,4.6,2023-10-14,On Notice Period,,60000,
EMP00376,Karan Chopra,Male,1998-01-01,28,Single,Mumbai,Maharashtra,+918122728414,karan.chopra24@rediffmail.com,DEP009,Assistant Manager,B.Com,25.4,2017-01-10,Terminated,2023-06-14,130000,4
EMP00377,Kritika Sharma,Other,1972-12-05,54,Divorced,Ahmedabad,Gujarat,+917748235928,kritika.sharma308@yahoo.com,DEP003,General Manager,MBA,21.5,2026-06-22,On Notice Period,,250000,1
EMP00378,Ramesh Rao,Other,1983-01-12,43,Married,Jaipur,Rajasthan,+918737824299,ramesh.rao686@rediffmail.com,DEP001,Senior Analyst,PhD,7.2,2021-10-23,Active,,45000,3
EMP00379,Sneha Bose,Other,2004-11-01,22,Single,Kolkata,West Bengal,+917151236143,sneha.bose945@rediffmail.com,DEP010,Senior Manager,PhD,2.2,2022-10-31,Active,,320000,2
EMP00380,Aman Agarwal,Male,1972-01-24,54,Divorced,Jaipur,Rajasthan,+917408095399,aman.agarwalyahoo.com,DEP008,Associate,B.Sc,13.9,2022-08-24,Active,,130000,1
EMP00381,Ananya Agarwal,Female,1993-06-16,33,Divorced,Chennai,Tamil Nadu,+916724781127,ananya.agarwal240@gmail.com,DEP008,Vice President,B.Tech,26.7,2018-06-10,Active,,35000,3
EMP00382,Riya Joshi,Female,1986-11-01,40,Single,Chandigarh,Chandigarh,+916686785512,riya.joshi575@gmail.com,DEP007,Deputy General Manager,M.Tech,12.0,2019-12-22,Resigned,,25000,5
EMP00383,RIYA BANSAL,Other,1993-08-03,33,Married,Delhi,Delhi,+916002702003,riya.bansal928@yahoo.com,DEP001,Analyst,B.Sc,24.4,2021-03-08,Active,,320000,5
EMP00384,Priya Ghosh,Other,1979-03-26,47,Single,Bengaluru,Karnataka,+918244865583,priya.ghosh962@yahoo.com,DEP004,Vice President,B.Com,16.0,2018-02-07,Resigned,2024-05-19,250000,4
EMP00385,Ishaan Ghosh,Other,1979-09-13,47,Divorced,Bengaluru,Karnataka,+917309152719,ishaan.ghosh722@gmail.com,DEP001,Deputy General Manager,B.A.,14.4,2018-04-28,Terminated,2018-11-23,130000,2
EMP00386,Manish Verma,Other,2004-05-09,22,Single,Hyderabad,Telangana,+917640081132,manish.verma734@yahoo.com,DEP005,Executive,B.A.,25.4,2018-08-28,Active,,80000,3
EMP00387,Manish Kumar,Other,1973-07-15,53,Divorced,Chennai,Tamil Nadu,+916195423948,manish.kumar4@rediffmail.com,DEP005,Associate,B.Sc,16.4,2023-04-06,Active,,25000,4
EMP00388,Diya Kumar,Female,1978-09-13,48,Divorced,Delhi,Delhi,+919979328884,diya.kumar147@yahoo.com,DEP003,Senior Analyst,B.A.,26.8,2020-10-08,Active,,320000,3
EMP00389,Ananya Rao,Female,1973-02-02,53,Married,Ghaziabad,Uttar Pradesh,+916963724627,ananya.rao588@yahoo.com,DEP011,Vice President,B.Tech,20.4,2024-11-25,Active,,160000,5
EMP00390,Anjali Iyer,Female,1976-02-25,50,Divorced,Chandigarh,Chandigarh,+919889936036,anjali.iyer152@gmail.com,DEP009,General Manager,M.Tech,4.4,2025-08-19,Active,,25000,2
EMP00391,Ishaan Agarwal,Male,1992-03-23,34,Single,Kolkata,West Bengal,+916262241000,ishaan.agarwal317@gmail.com,DEP008,Senior Analyst,PhD,16.3,2019-07-24,Active,,320000,3
EMP00392,Rahul Patel,Other,1996-09-07,30,Single,Chennai,Tamil Nadu,+919652321372,rahul.patel914@rediffmail.com,DEP005,Manager,B.Sc,11.7,2024-04-07,Active,,250000,1
EMP00393,Vivaan Chopra,Male,1988-07-03,38,Single,Chandigarh,Chandigarh,+919095892921,vivaan.chopra849@outlook.com,DEP008,Manager,B.A.,27.9,2024-06-02,On Notice Period,,320000,4
EMP00394,Deepak Joshi,Other,1973-04-08,16,Divorced,Kolkata,West Bengal,+919458893658,deepak.joshi386@hotmail.com,DEP005,Senior Analyst,M.Tech,11.2,2023-01-08,On Notice Period,,80000,5
EMP00395,Anjali Nair,Female,1981-10-13,45,Divorced,Pune,Maharashtra,+919359290457,anjali.nair194@yahoo.com,DEP001,Assistant Manager,M.Sc,13.3,2016-08-19,Active,,100000,5
EMP00396,Ananya Bansal,Female,1994-11-09,32,Single,Coimbatore,Tamil Nadu,+918960071466,ananya.bansal936@hotmail.com,DEP011,Manager,M.Com,28.3,2023-06-28,Active,,35000,5
EMP00397,  Deepak Iyer  ,Male,1998-04-04,28,Single,Ahmedabad,Gujarat,+918195373998,deepak.iyer382@rediffmail.com,DEP003,Team Lead,M.Tech,28.4,2022-08-29,Active,,80000,1
EMP00398,Manish Reddy,Other,1994-02-27,32,Single,Hyderabad,Telangana,+917109701614,manish.reddy171@gmail.com,DEP008,Assistant Manager,Diploma,40.3,2019-08-13,Active,,60000,3
EMP00399,Reyansh Ghosh,Other,1977-11-28,49,Single,Ghaziabad,Uttar Pradesh,+917035518306,reyansh.ghosh207@yahoo.com,DEP005,Analyst,B.Com,20.5,2019-07-10,On Notice Period,,35000,5
EMP00400,Gaurav Rao,Male,1994-09-28,17,Single,Kolkata,West Bengal,+919418128823,gaurav.rao819@outlook.com,DEP011,General Manager,B.Com,3.5,2018-04-16,Resigned,2019-09-01,45000,4
EMP00401,Sneha Agarwal,Other,1974-07-10,52,Married,Chennai,Tamil Nadu,+917455682176,,DEP002,Analyst,PhD,12.9,2024-05-16,Active,,130000,2
EMP00402,Suresh Mishra,Male,1990-11-08,36,Single,Nagpur,Maharashtra,+917806054588,suresh.mishra279@outlook.com,DEP008,Manager,B.Com,7.6,2025-06-16,On Notice Period,,25000,2
EMP00403,Divya Pillai,Other,1966-03-07,60,Divorced,Delhi,Delhi,+917668838361,divya.pillai965@outlook.com,DEP011,Assistant Manager,Diploma,25.4,2025-05-24,Active,,60000,5
EMP00404,Rahul Joshi,Male,1998-01-28,28,Married,Noida,Uttar Pradesh,+916213024371,rahul.joshi690@rediffmail.com,DEP011,Intern,MBA,19.1,2017-03-27,Active,,200000,3
EMP00405,Sneha Joshi,Female,1984-11-24,42,Married,Ahmedabad,Gujarat,+916427873891,sneha.joshi337@yahoo.com,DEP009,Intern,M.Com,14.2,2021-05-14,Active,,130000,3
EMP00406,Manish Patel,Male,1995-04-17,31,Single,Jaipur,Rajasthan,+919501817215,manish.patel710@rediffmail.com,DEP006,Senior Associate,B.Com,27.1,2024-05-24,Resigned,,45000,2
EMP00407,Anil Verma,Other,1977-10-11,49,Married,Coimbatore,Tamil Nadu,+919264078997,anil.verma115@outlook.com,DEP012,Senior Associate,M.Com,15.7,2024-08-16,Active,,45000,4
EMP00408,Sneha Kumar,Other,1992-09-21,34,Divorced,Bengaluru,Karnataka,+918573669765,sneha.kumar667@rediffmail.com,DEP012,Consultant,M.Tech,26.5,2022-01-30,Active,,130000,1
EMP00409,Manish Rao,Male,1993-11-19,33,Single,Lucknow,Uttar Pradesh,453648628020958,manish.rao239@gmail.com,DEP007,Associate,M.Com,8.8,2023-04-24,Active,,250000,5
EMP00410,Meera Pillai,Female,1976-03-20,50,Married,Jaipur,Rajasthan,+916730650019,meera.pillai290@yahoo.com,DEP011,Team Lead,B.Com,16.2,2016-09-16,Active,,200000,1
EMP00411,Meera Joshi,Female,2005-03-01,21,Divorced,Ghaziabad,Uttar Pradesh,+919148564302,meera.joshi732@gmail.com,DEP001,Associate,B.Com,1.3,2023-09-25,Resigned,2024-10-28,320000,1
EMP00412,Nisha Agarwal,Female,1986-09-08,40,Married,Ahmedabad,Gujarat,+919959440340,nisha.agarwal306@gmail.com,DEP005,Deputy General Manager,M.Tech,21.8,2020-10-19,Active,,130000,5
EMP00413,Aman Menon,Male,1978-10-10,48,Married,Hyderabad,Telangana,+919865747357,aman.menon980@rediffmail.com,DEP007,Team Lead,B.A.,18.4,2016-06-25,On Notice Period,,250000,1
EMP00414,Sunita Reddy,Female,1998-11-12,28,Divorced,Kolkata,West Bengal,+917966371844,sunita.reddy521@rediffmail.com,DEP002,Intern,B.Com,12.0,2023-05-24,Terminated,,25000,4
EMP00415,Divya Kumar,Female,1974-06-28,52,Single,Lucknow,Uttar Pradesh,+918150237127,divya.kumar749@rediffmail.com,DEP004,Senior Manager,B.Sc,7.6,2020-01-22,Active,,45000,2
EMP00416,Rahul Rao,Other,1990-11-04,36,Divorced,Jaipur,Rajasthan,+918627183012,rahul.rao561@outlook.com,DEP006,Vice President,M.Com,1.4,2015-07-20,Active,,25000,5
EMP00417,Shreya Patel,Other,1994-12-15,32,Divorced,Coimbatore,Tamil Nadu,+918860120959,shreya.patel329@yahoo.com,DEP003,Analyst,B.Tech,21.3,2023-12-11,Active,,160000,4
EMP00418,Ishaan Ghosh,Other,1996-06-17,30,Divorced,Lucknow,Uttar Pradesh,+918139358509,ishaan.ghosh873@outlook.com,DEP012,Vice President,M.Tech,3.7,2015-11-07,Resigned,2019-09-30,130000,4
EMP00419,Naveen Agarwal,Male,1986-09-02,40,Divorced,Nagpur,Maharashtra,+918497591753,naveen.agarwal745@rediffmail.com,DEP003,Associate,B.A.,3.5,2026-02-08,Active,,130000,2
EMP00420,Myra Singh,Female,2002-05-16,24,Married,Jaipur,Rajasthan,,,DEP012,Vice President,B.A.,22.9,2026-03-13,Active,,160000,2
EMP00421,Anjali Gupta,Other,1985-09-28,41,Married,Ghaziabad,Uttar Pradesh,+918080815798,anjali.gupta441@gmail.com,DEP003,Assistant Manager,M.Sc,4.3,2023-12-17,Resigned,2026-03-05,320000,5
EMP00422,Arjun Malhotra,Other,1990-11-28,36,Single,Indore,Madhya Pradesh,+917440438878,arjun.malhotra275@rediffmail.com,DEP008,Executive,B.Tech,8.8,2017-06-06,Terminated,2023-11-08,25000,4
EMP00423,Nisha Rao,Female,1994-12-04,32,Single,Ghaziabad,Uttar Pradesh,+917373329417,nisha.rao855@yahoo.com,DEP009,Vice President,Diploma,24.9,2018-10-07,Active,,35000,3
EMP00424,Arjun Rao,Other,1991-12-13,35,Married,Pune,Maharashtra,+917375058686,arjun.rao569@gmail.com,DEP007,Senior Manager,B.Sc,21.6,2015-05-08,Active,,100000,4
EMP00425,Aadhya Chopra,Other,1984-09-09,42,Single,Ahmedabad,Gujarat,999755599425489,aadhya.chopra192@gmail.com,DEP009,Executive,B.A.,19.0,2024-09-25,Terminated,2025-03-13,60000,5
EMP00426,Reyansh Yadav,Male,1988-01-12,38,Married,Surat,Gujarat,+916654751256,reyansh.yadav367@outlook.com,DEP008,Intern,M.Com,1.0,2025-12-04,Active,,250000,5
EMP00427,Suresh Desai,Male,1999-10-15,27,Divorced,Pune,Maharashtra,+916702673462,suresh.desai893@hotmail.com,DEP002,Vice President,B.Com,8.9,2020-07-03,Active,,80000,5
EMP00428,Shreya Shetty,Female,1985-09-11,41,Divorced,Coimbatore,Tamil Nadu,+919353707271,shreya.shetty675@yahoo.com,DEP002,Associate,B.A.,7.0,2016-04-11,Active,,200000,5
EMP00429,arjun desai,Other,2004-10-01,22,Married,Mumbai,Maharashtra,+917816161192,arjun.desai781@gmail.com,DEP009,General Manager,B.Com,15.0,2015-01-20,Active,,35000,4
EMP00430,Karan Agarwal,Male,1990-01-13,36,Single,Ghaziabad,Uttar Pradesh,+916601028710,karan.agarwal235@rediffmail.com,DEP003,Assistant Manager,Diploma,5.0,2026-01-27,Active,,160000,5
EMP00431,Arjun Bansal,Other,1978-01-04,48,Single,Bengaluru,Karnataka,+919855382924,arjun.bansal163@hotmail.com,DEP003,Executive,PhD,28.9,2024-01-29,Resigned,,60000,3
EMP00432,Nisha Singh,Female,1966-04-21,60,Divorced,Surat,Gujarat,+916326639017,nisha.singh589@hotmail.com,DEP007,Team Lead,M.Sc,25.1,2024-07-30,On Notice Period,,160000,5
EMP00433,Myra Nair,Other,1986-12-12,40,Single,Chennai,Tamil Nadu,+91-844933,myra.nair822@rediffmail.com,DEP007,Senior Manager,MBA,14.6,2023-02-19,Resigned,,45000,1
EMP00434,Suresh Malhotra,Other,1988-11-18,38,Single,Indore,Madhya Pradesh,+917501361367,suresh.malhotra196@hotmail.com,DEP011,Senior Manager,M.Tech,29.5,2019-04-12,Resigned,2022-01-18,200000,5
EMP00435,Saanvi Ghosh,Female,1967-11-09,59,Single,Mumbai,Maharashtra,+916945584874,saanvi.ghosh862@outlook.com,DEP001,Analyst,M.Sc,18.4,2021-01-12,Resigned,2021-04-16,200000,1
EMP00436,Krishna Patel,Male,1977-10-05,49,Married,Noida,Uttar Pradesh,+917148010862,krishna.patel878@yahoo.com,DEP008,Vice President,B.Sc,12.6,2017-08-26,On Notice Period,,25000,5
EMP00437,Sneha Nair,Female,2002-05-21,24,Married,Lucknow,Uttar Pradesh,+919752196970,sneha.nair819@gmail.com,DEP004,General Manager,M.Tech,27.6,2019-06-13,Active,,320000,4
EMP00438,Anil Kumar,Male,1989-01-19,37,Married,Delhi,Delhi,+917485174951,anil.kumar@hotmail,DEP007,Consultant,M.Com,16.6,2019-04-09,On Notice Period,,80000,5
EMP00439,Riya Agarwal,Female,2002-10-06,24,Married,Chandigarh,Chandigarh,+916928196852,riya.agarwal514@yahoo.com,DEP007,Intern,B.Tech,21.6,2019-12-01,Active,,200000,3
EMP00440,Anil Kumar,Male,1975-05-12,51,Married,Jaipur,Rajasthan,+919211130282,anil.kumar609@gmail.com,DEP012,Vice President,Diploma,27.5,2019-04-08,Active,,35000,3
EMP00441,Reyansh Desai,Male,1992-05-01,34,Married,Chandigarh,Chandigarh,5167594,reyansh.desai329@gmail.com,DEP005,Associate,M.Tech,24.0,2022-02-16,Terminated,2024-05-28,160000,4
EMP00442,Vivaan Yadav,Male,1990-10-02,36,Married,Jaipur,Rajasthan,+916804562867,vivaan.yadav305@yahoo.com,DEP007,Executive,MBA,9.9,2015-07-18,Active,,200000,3
EMP00443,Riya Singh,Other,1967-07-22,59,Single,Surat,Gujarat,+919014553708,riya.singh234@hotmail.com,DEP003,Consultant,B.Sc,24.8,2018-12-17,Terminated,2023-05-03,200000,5
EMP00444,Karan Rao,Other,2005-07-26,21,Married,Chandigarh,Chandigarh,+918311531804,karan.rao722@gmail.com,DEP005,Consultant,M.Sc,9.2,2021-01-15,Active,,320000,4
EMP00445,Anil Singh,Male,1985-04-12,41,Divorced,Chandigarh,Chandigarh,69681,anil.singh595@yahoo.com,DEP012,Senior Analyst,M.Sc,25.5,2020-05-18,Active,,100000,5
EMP00446,Meera Chaudhary,Female,1975-03-19,51,Single,Mumbai,Maharashtra,+916606534819,meera.chaudhary391@outlook.com,DEP003,General Manager,PhD,24.1,2021-11-29,Active,,45000,3
EMP00447,Rekha Bose,Other,1977-03-15,49,Married,Indore,Madhya Pradesh,+917580873015,rekha.bose134@hotmail.com,DEP006,Team Lead,B.Sc,29.0,2018-06-27,Active,,25000,4
EMP00448,Riya Kapoor,Female,1988-07-12,38,Single,Indore,Madhya Pradesh,+918380406562,riya.kapoor938@outlook.com,DEP004,Deputy General Manager,M.Sc,22.0,2017-10-24,Active,,100000,4
EMP00449,manish yadav,Male,1986-06-20,40,Married,Hyderabad,Telangana,+918832227707,,DEP009,Team Lead,B.A.,18.0,2018-05-21,Active,,60000,3
EMP00450,Nikhil Chopra,Male,1994-03-17,32,Married,Nagpur,Maharashtra,604366673815391,nikhil.chopra443@rediffmail.com,DEP002,Associate,PhD,3.3,2019-12-15,Resigned,2020-04-27,250000,2
EMP00451,Sanjay Menon,Male,2003-02-05,23,Single,Mumbai,Maharashtra,+916638730236,sanjay.menon366@yahoo.com,DEP006,General Manager,MBA,28.6,2021-03-16,On Notice Period,,320000,2
EMP00452,Kritika Reddy,Other,1968-05-16,58,Married,Ghaziabad,Uttar Pradesh,+917991100704,kritika.reddy48@gmail.com,DEP003,Vice President,M.Sc,25.1,2025-12-30,Resigned,,200000,3
EMP00453,Saanvi Desai,Female,1975-07-05,51,Married,Ahmedabad,Gujarat,+919078900845,saanvi.desai30@outlook.com,DEP007,Manager,M.Tech,18.5,2016-07-08,Resigned,2021-03-05,320000,4
EMP00454,Vivaan Verma,Male,1986-12-12,40,Married,Mumbai,Maharashtra,+916345220853,vivaan.verma608@hotmail.com,DEP007,Senior Analyst,MBA,26.3,2019-07-01,Active,,320000,4
EMP00455,Pooja Singh,Other,1989-07-02,37,Divorced,Jaipur,Rajasthan,+916930056244,pooja.singh716@yahoo.com,DEP009,General Manager,M.Sc,11.7,2024-02-02,Terminated,,130000,1
EMP00456,Krishna Yadav,Male,1980-07-19,46,Married,Lucknow,Uttar Pradesh,+918108343720,krishna.yadavhotmail.com,DEP007,General Manager,M.Tech,15.2,2024-02-24,Active,,35000,3
EMP00457,Deepak Nair,Male,1975-06-02,51,Married,Coimbatore,Tamil Nadu,+919130070249,deepak.nair143@gmail.com,DEP012,Team Lead,B.Com,0.5,2025-02-01,Active,,160000,2
EMP00458,Nisha Menon,Female,1983-11-19,43,Divorced,Bengaluru,Karnataka,+916711202248,nisha.menon636@outlook.com,DEP004,Vice President,M.Tech,21.7,2022-12-14,Active,,80000,3
EMP00459,Manish Gupta,Male,1996-09-19,30,Married,Hyderabad,Telangana,+919610077133,manish.gupta473@hotmail.com,DEP012,Vice President,B.Com,3.5,2017-09-19,Active,,80000,1
EMP00460,Sanjay Kumar,Other,2000-02-13,26,Married,Ahmedabad,Gujarat,1234567075,sanjay.kumar408@hotmail.com,DEP011,Senior Manager,B.Sc,26.6,2024-06-17,Active,,200000,4
EMP00461,Riya Chaudhary,Female,2000-10-24,26,Married,Kolkata,West Bengal,,riya.chaudhary595@hotmail.com,DEP002,Senior Analyst,B.Tech,29.7,2025-11-09,Active,,250000,5
EMP00462,SAURABH GUPTA,Male,1968-01-02,58,Married,Bengaluru,Karnataka,+918618758902,saurabh.gupta453@rediffmail.com,DEP007,Deputy General Manager,M.Com,1.3,2023-09-24,Active,,130000,1
EMP00463,Aarav Sharma,Male,1985-03-03,41,Single,Ahmedabad,Gujarat,+919474045331,aarav.sharma@@yahoo.com,DEP002,Team Lead,B.Sc,16.3,2016-02-12,On Notice Period,,130000,4
EMP00464,Shreya Agarwal,Other,2000-07-21,26,Divorced,Nagpur,Maharashtra,+917024817034,shreya.agarwal903@rediffmail.com,DEP006,Vice President,B.Sc,14.6,2021-01-26,Active,,320000,4
EMP00465,Myra Malhotra,Female,1992-05-10,34,Single,Ahmedabad,Gujarat,+91-390698,myra.malhotra597@yahoo.com,DEP004,Vice President,Diploma,12.6,2020-07-02,Active,,60000,2
EMP00466,Riya Bose,Female,1998-03-21,28,Divorced,Kolkata,West Bengal,+916087027858,riya.bose176@outlook.com,DEP012,Intern,B.Tech,21.8,2022-04-23,Active,,25000,2
EMP00467,Nisha Rao,Female,1982-10-23,44,Married,Mumbai,Maharashtra,+916944723264,nisha.rao411@rediffmail.com,DEP002,Analyst,PhD,15.0,2020-11-18,Active,,60000,1
EMP00468,Anjali Gupta,Other,1992-08-18,34,Single,Chennai,Tamil Nadu,+918015494017,anjali.gupta241@rediffmail.com,DEP008,Team Lead,M.Com,6.6,2018-06-09,Active,,130000,4
EMP00469,Sunita Desai,Female,1981-02-22,45,Divorced,Chennai,Tamil Nadu,+919891556317,sunita.desai573@hotmail.com,DEP004,General Manager,B.Sc,15.9,2019-08-21,Resigned,2021-02-22,35000,3
EMP00470,Ramesh Singh,Other,1967-02-10,59,Single,Noida,Uttar Pradesh,+918224272834,ramesh.singh235@gmail.com,DEP003,Consultant,M.Sc,26.3,2024-01-04,Active,,60000,1
EMP00471,Myra Nair,Female,1974-09-18,52,Single,Pune,Maharashtra,,myra.nair131@rediffmail.com,DEP005,Consultant,M.Tech,12.1,2019-06-01,Terminated,2024-11-01,100000,2
EMP00472,Ananya Kumar,Female,1987-06-01,39,Married,Noida,Uttar Pradesh,+918756377656,ananya.kumar207@gmail.com,DEP002,Deputy General Manager,Diploma,22.8,2025-02-06,Active,,200000,4
EMP00473,Vihaan Joshi,Other,1986-09-12,40,Married,Mumbai,Maharashtra,+917316284252,vihaan.joshi976@gmail.com,DEP004,Intern,B.Sc,24.7,2017-03-05,Active,,25000,1
EMP00474,Ajay Nair,Other,1966-08-28,60,Married,Hyderabad,Telangana,+919238166789,ajay.nair25@rediffmail.com,DEP005,Assistant Manager,M.Com,17.7,2020-09-21,Active,,25000,4
EMP00475,Neha Pillai,Other,2002-11-02,24,Married,Pune,Maharashtra,+919140742235,neha.pillai139@hotmail.com,DEP012,Assistant Manager,PhD,20.1,2021-05-08,Active,,100000,4
EMP00476,Saurabh Mishra,Male,1971-01-06,55,Married,Bengaluru,Karnataka,+916644385686,saurabh.mishra802@hotmail.com,DEP012,Assistant Manager,M.Sc,4.6,2022-09-09,Active,,45000,
EMP00477,Kritika Singh,Other,1971-05-26,55,Single,Lucknow,Uttar Pradesh,+918416634195,kritika.singh877@rediffmail.com,DEP012,Associate,B.Sc,0.5,2018-09-16,Terminated,2024-11-16,200000,3
EMP00478,Gaurav Rao,Other,1998-01-26,28,Married,Noida,Uttar Pradesh,+918549475389,gaurav.rao@rediffmail,DEP007,Senior Manager,M.Com,6.0,2015-09-08,On Notice Period,,160000,1
EMP00479,Aditya Nair,Male,1980-07-26,46,Divorced,Jaipur,Rajasthan,+919275812204,aditya.nair@yahoo,DEP007,Senior Analyst,PhD,7.2,2019-03-05,Terminated,2022-06-23,45000,4
EMP00480,Krishna Bose,Other,2003-12-25,23,Single,Chandigarh,Chandigarh,+916996602012,krishna.bose215@gmail.com,DEP011,Manager,B.Com,11.7,2015-05-11,Active,,200000,5
EMP00481,Saanvi Gupta,Other,1966-01-12,60,Married,Indore,Madhya Pradesh,+919903212008,saanvi.gupta597@yahoo.com,DEP012,Analyst,M.Sc,24.5,2021-12-25,Active,,25000,
EMP00482,Vivaan Nair,Male,2001-06-25,25,Single,Nagpur,Maharashtra,+919658058339,vivaan.nair707@rediffmail.com,DEP010,Analyst,B.A.,9.6,2021-09-25,Active,,250000,2
EMP00483,Deepak Reddy,Other,1971-06-05,55,Single,Ghaziabad,Uttar Pradesh,17559,deepak.reddy165@yahoo.com,DEP006,Intern,B.Sc,22.0,2015-04-06,Active,,60000,3
EMP00484,Priya Mishra,Other,1969-11-11,57,Divorced,Delhi,Delhi,1234566054,priya.mishra737@gmail.com,DEP001,Senior Associate,B.Com,12.3,2019-09-17,Active,,250000,4
EMP00485,Vivaan Desai,Male,2005-07-06,21,Married,Bengaluru,Karnataka,+917500939377,vivaan.desai330@outlook.com,DEP004,Executive,B.Com,9.0,2017-11-29,Active,,25000,
EMP00486,Saurabh Shetty,Male,1997-12-17,29,Divorced,Jaipur,Rajasthan,+917552172172,saurabh.shetty38@hotmail.com,DEP010,Analyst,M.Sc,16.8,2022-01-26,Resigned,2024-02-27,25000,1
EMP00487,Suresh Bansal,Male,1984-01-10,42,Married,Coimbatore,Tamil Nadu,+917097790681,suresh.bansal164@yahoo.com,DEP007,Manager,M.Tech,18.4,2023-03-02,Active,,320000,1
EMP00488,Rekha Gupta,Female,1985-04-25,41,Single,Indore,Madhya Pradesh,+918286373815,rekha.gupta664@hotmail.com,DEP002,Team Lead,M.Sc,45.8,2022-03-09,Resigned,2026-01-04,35000,4
EMP00489,Rohan Chopra,Male,1996-10-01,30,Single,Kolkata,West Bengal,+918577735823,rohan.chopra@@rediffmail.com,DEP008,Intern,B.A.,2.2,2017-04-05,Active,,80000,2
EMP00490,Swati Malhotra,Other,1976-11-06,50,Single,Surat,Gujarat,+916794113385,swati.malhotra702@yahoo.com,DEP006,Analyst,M.Sc,12.5,2015-11-27,Active,,100000,1
EMP00491,Priya Desai,Female,1984-10-05,42,Single,Pune,Maharashtra,+916602345120,priya.desai495@gmail.com,DEP004,Analyst,B.Tech,0.1,2018-06-21,Active,,100000,2
EMP00492,Ajay Desai,Male,1993-11-07,33,Married,Ahmedabad,Gujarat,+919774112503,ajay.desai853@rediffmail.com,DEP004,Consultant,M.Com,15.0,2022-11-08,Active,,25000,1
EMP00493,SAURABH CHAUDHARY,Male,1987-04-02,39,Divorced,Ghaziabad,Uttar Pradesh,37603,saurabh.chaudhary743@yahoo.com,DEP003,Vice President,Diploma,6.9,2016-05-05,Terminated,2016-10-06,45000,3
EMP00494,Saanvi Rao,Female,1966-03-04,60,Divorced,Mumbai,Maharashtra,+916089199159,saanvi.rao956@gmail.com,DEP001,General Manager,B.A.,14.2,2018-12-15,Active,,80000,4
EMP00495,Sunita Agarwal,Other,1973-05-19,53,Single,Pune,Maharashtra,+919435618445,sunita.agarwal122@yahoo.com,DEP003,Consultant,M.Sc,28.9,2020-10-07,Active,,80000,2
EMP00496,Saurabh Mishra,Male,1989-10-21,37,Married,Noida,Uttar Pradesh,+918890534845,saurabh.mishra560@rediffmail.com,DEP009,Analyst,B.Com,19.1,2021-04-13,On Notice Period,,200000,4
EMP00497,Gaurav Bansal,Other,1981-07-22,45,Divorced,Coimbatore,Tamil Nadu,+917919326329,gaurav.bansal97@gmail.com,DEP007,Analyst,M.Sc,15.9,2023-03-21,On Notice Period,,130000,4
EMP00498,Krishna Pillai,Male,1989-06-06,37,Married,Pune,Maharashtra,1234564065,krishna.pillai357@yahoo.com,DEP003,General Manager,PhD,22.3,2020-03-10,On Notice Period,,250000,1
EMP00499,Saanvi Kapoor,Female,1994-07-27,32,Divorced,Noida,Uttar Pradesh,+916785797735,saanvi.kapoor330@outlook.com,DEP012,Consultant,B.Com,10.1,2024-12-02,Active,,100000,2
EMP00500,Pooja Bansal,Female,1996-08-23,30,Married,Pune,Maharashtra,+917365931108,pooja.bansal746@outlook.com,DEP005,Intern,B.Tech,19.6,2024-08-10,Active,,25000,4
EMP00501,Sanjay Bose,Other,1975-09-23,51,Married,Ahmedabad,Gujarat,+917577956543,sanjay.bose996@outlook.com,DEP009,Consultant,M.Sc,21.7,2024-04-09,Resigned,,100000,5
EMP00502,Divya Chopra,Other,1977-08-27,49,Married,Pune,Maharashtra,+918453652798,divya.chopra286@rediffmail.com,DEP004,Vice President,B.Com,2.2,2020-04-19,Resigned,2026-03-04,160000,3
EMP00503,Sunita Mishra,Female,2000-09-09,26,Married,Chandigarh,Chandigarh,+916935673263,sunita.mishra547@rediffmail.com,DEP006,Team Lead,B.Sc,4.6,2016-01-15,Terminated,2020-04-04,45000,4
EMP00504,Reyansh Nair,Male,1996-03-05,30,Married,Noida,Uttar Pradesh,+919133875525,reyansh.nairyahoo.com,DEP008,Deputy General Manager,PhD,20.9,2018-11-26,On Notice Period,,200000,1
EMP00505,Sarika Singh,Female,1967-02-09,85,Single,Lucknow,Uttar Pradesh,+918876201067,sarika.singh425@hotmail.com,DEP006,Team Lead,B.Com,24.7,2017-10-26,Active,,25000,4
EMP00506,Ramesh Agarwal,Male,1971-12-05,55,Single,Ghaziabad,Uttar Pradesh,+916294823201,ramesh.agarwal388@rediffmail.com,DEP008,Consultant,B.Com,1.6,2016-12-28,Active,,250000,2
EMP00507,Kritika Chopra,Female,1978-08-17,99,Married,Noida,Uttar Pradesh,+919874158709,kritika.chopra666@rediffmail.com,DEP001,Intern,PhD,28.9,2023-12-14,Resigned,2024-12-17,25000,5
EMP00508,Kavita Bansal,Female,2003-03-26,23,Divorced,Ghaziabad,Uttar Pradesh,+916451401805,kavita.bansal573@hotmail.com,DEP001,Senior Analyst,Diploma,6.8,2021-02-21,On Notice Period,,200000,2
EMP00509,Vivaan Patel,Male,2003-05-01,23,Divorced,Surat,Gujarat,+919959338316,vivaan.patel264@outlook.com,DEP004,Senior Analyst,M.Com,8.2,2025-05-15,Active,,100000,2
EMP00510,Sanjay Rao,Male,1997-09-03,29,Divorced,Jaipur,Rajasthan,+916067346598,sanjay.rao451@outlook.com,DEP001,Analyst,M.Sc,5.2,2023-10-24,Active,,60000,2
EMP00511,Vivaan Malhotra,Male,1984-06-06,42,Single,Lucknow,Uttar Pradesh,+917132509390,vivaan.malhotra451@hotmail.com,DEP010,Team Lead,M.Sc,25.0,2020-10-10,Active,,160000,5
EMP00512,Anil Ghosh,Male,1976-07-26,50,Single,Surat,Gujarat,1234562884,anil.ghosh341@yahoo.com,DEP003,Team Lead,M.Com,8.4,2024-08-30,Terminated,2026-01-12,80000,2
EMP00513,Sneha Agarwal,Female,1985-08-20,41,Divorced,Indore,Madhya Pradesh,+919313519190,sneha.agarwal940@gmail.com,DEP009,Team Lead,B.Com,16.5,2026-04-28,Active,,100000,2
EMP00514,Nikhil Patel,Other,2003-05-18,23,Divorced,Noida,Uttar Pradesh,+917455331682,nikhil.patel534@hotmail.com,DEP003,Associate,B.Com,24.8,2017-08-16,Active,,80000,5
EMP00515,Ananya Kapoor,Female,1993-07-19,33,Married,Bengaluru,Karnataka,+918045414936,ananya.kapoor596@rediffmail.com,DEP004,Consultant,Diploma,23.7,2017-07-04,Active,,320000,3
EMP00516,Kritika Joshi,Female,1997-01-24,29,Divorced,Coimbatore,Tamil Nadu,+919530190072,kritika.joshi475@yahoo.com,DEP005,Senior Analyst,M.Com,23.3,2018-09-07,Resigned,2025-01-21,200000,2
EMP00517,Aarav Yadav,Other,1992-06-18,34,Single,Pune,Maharashtra,1234563404,aarav.yadav660@hotmail.com,DEP010,Executive,B.Tech,25.4,2026-01-27,Active,,25000,4
EMP00518,Gaurav Yadav,Male,1986-06-24,40,Divorced,Chandigarh,Chandigarh,+919406154261,gaurav.yadav784@rediffmail.com,DEP010,General Manager,M.Sc,1.2,2019-10-03,Active,,160000,2
EMP00519,Reyansh Sharma,Male,1993-10-06,33,Married,Ahmedabad,Gujarat,+919063715727,reyansh.sharma27@yahoo.com,DEP005,Executive,M.Tech,16.1,2022-10-11,Active,,320000,1
EMP00520,NIKHIL RAO,Male,1997-02-04,29,Single,Bengaluru,Karnataka,+916237513042,nikhil.rao592@outlook.com,DEP007,Senior Associate,B.Com,28.9,2026-03-20,Terminated,,160000,4
EMP00521,Kavya Sharma,Other,1994-04-09,32,Single,Chennai,Tamil Nadu,+918535945407,kavya.sharma962@gmail.com,DEP010,Manager,M.Tech,6.4,2023-07-09,Active,,25000,1
EMP00522,Suresh Singh,Male,1991-08-18,35,Single,Hyderabad,Telangana,+916481318460,suresh.singh422@hotmail.com,DEP012,Analyst,B.Sc,10.8,2023-11-21,Resigned,2026-06-17,160000,2
EMP00523,Priya Rao,Female,2002-02-02,24,Single,Kolkata,West Bengal,1234565623,priya.rao650@rediffmail.com,DEP002,Executive,Diploma,4.0,2025-08-01,Terminated,,60000,1
EMP00524,Sneha Singh,Female,1969-10-23,85,Married,Nagpur,Maharashtra,+916317080174,sneha.singh888@hotmail.com,DEP006,General Manager,Diploma,23.6,2025-05-28,Active,,130000,3
EMP00525,Kavita Sharma,Other,1972-05-21,54,Divorced,Kolkata,West Bengal,+916397914998,kavita.sharma781@outlook.com,DEP012,Vice President,B.Com,5.2,2015-10-18,On Notice Period,,200000,3
EMP00526,Nikhil Menon,Male,1971-06-17,55,Divorced,Lucknow,Uttar Pradesh,+918545055722,nikhil.menon521@rediffmail.com,DEP002,Team Lead,Diploma,3.3,2024-05-28,Resigned,,100000,3
EMP00527,Sanjay Nair,Other,1997-08-02,29,Divorced,Hyderabad,Telangana,+919615130954,sanjay.nair756@gmail.com,DEP012,Senior Analyst,M.Tech,5.9,2025-12-12,On Notice Period,,60000,2
EMP00528,Naveen Malhotra,Other,1969-06-12,57,Married,Bengaluru,Karnataka,+917965437385,naveen.malhotra551@hotmail.com,DEP002,Senior Analyst,M.Tech,7.1,2025-11-20,Resigned,,130000,2
EMP00529,  Saurabh Desai  ,Male,2004-12-02,22,Single,Jaipur,Rajasthan,+918093204807,saurabh.desai907@gmail.com,DEP002,Senior Analyst,B.Tech,8.7,2025-05-16,Active,,200000,3
EMP00530,Kavya Menon,Female,2004-04-25,22,Divorced,Bengaluru,Karnataka,+917719710873,kavya.menon525@gmail.com,DEP001,Team Lead,M.Sc,20.1,2015-01-27,Resigned,2021-04-16,100000,3
EMP00531,Isha Kumar,Female,2005-09-22,21,Single,Jaipur,Rajasthan,+918187368914,isha.kumar122@hotmail.com,DEP009,Intern,M.Sc,26.3,2022-11-11,On Notice Period,,60000,1
EMP00532,Nisha Chaudhary,Female,1996-08-13,30,Married,Coimbatore,Tamil Nadu,+917945752268,nisha.chaudhary636@hotmail.com,DEP006,General Manager,B.Sc,0.2,2020-03-17,Active,,100000,2
EMP00533,Rekha Verma,Female,1967-10-20,59,Divorced,Ghaziabad,Uttar Pradesh,+917142871921,rekha.verma369@hotmail.com,DEP009,Associate,MBA,18.7,2024-08-29,On Notice Period,,25000,
EMP00534,Anjali Gupta,Female,1992-12-28,34,Married,Noida,Uttar Pradesh,+918769987098,anjali.gupta@@rediffmail.com,DEP004,Deputy General Manager,B.A.,23.6,2024-06-02,Terminated,2025-12-22,60000,3
EMP00535,Aditya Patel,Male,1974-02-20,52,Divorced,Chennai,Tamil Nadu,+916844504097,aditya.patel779@yahoo.com,DEP011,Analyst,Diploma,13.1,2015-12-07,Active,,25000,2
EMP00536,Meera Verma,Female,1990-12-01,36,Married,Pune,Maharashtra,+916760316341,meera.verma327@outlook.com,DEP003,Senior Analyst,MBA,13.9,2020-05-08,Terminated,2022-10-28,250000,3
EMP00537,Aadhya Chopra,Female,1982-09-12,44,Single,Bengaluru,Karnataka,+916128658459,aadhya.chopra981@rediffmail.com,DEP003,Analyst,M.Com,5.2,2020-10-16,On Notice Period,,60000,5
EMP00538,Diya Kapoor,Other,1975-03-02,51,Single,Mumbai,Maharashtra,+917177343402,diya.kapoor625@outlook.com,DEP012,General Manager,PhD,27.8,2026-03-06,Resigned,,160000,4
EMP00539,Myra Menon,Female,1976-08-23,50,Single,Ahmedabad,Gujarat,+918257314903,myra.menon803@hotmail.com,DEP012,Senior Manager,B.A.,28.9,2024-04-02,Active,,160000,
EMP00540,Pooja Sharma,Female,1973-10-14,53,Divorced,Jaipur,Rajasthan,+918296041484,pooja.sharma450@yahoo.com,DEP008,Consultant,B.Sc,23.1,2022-08-24,Active,,200000,
EMP00541,Shreya Bansal,Other,1972-05-16,54,Divorced,Delhi,Delhi,+918321380408,shreya.bansal622@outlook.com,DEP007,Executive,PhD,19.9,2019-03-07,Terminated,2020-05-21,160000,5
EMP00542,Sanjay Nair,Male,1973-11-16,53,Married,Hyderabad,Telangana,+916840473997,sanjay.nair283@rediffmail.com,DEP004,Assistant Manager,M.Tech,0.7,2019-10-12,Active,,45000,1
EMP00543,Nisha Pillai,Other,1971-08-22,55,Married,Jaipur,Rajasthan,+918370747533,nisha.pillai546@yahoo.com,DEP005,Senior Manager,B.Sc,11.7,2022-12-28,Active,,130000,
EMP00544,Sneha Chaudhary,Female,2005-05-26,21,Divorced,Hyderabad,Telangana,+919946978858,sneha.chaudhary587@hotmail.com,DEP004,General Manager,MBA,21.1,2022-04-30,Active,,320000,5
EMP00545,Sanjay Chopra,Male,1986-02-28,40,Divorced,Delhi,Delhi,+918140884718,sanjay.chopra35@gmail.com,DEP004,Executive,MBA,1.4,2018-02-15,On Notice Period,,160000,4
EMP00546,Priya Bansal,Female,1987-09-07,39,Married,Pune,Maharashtra,+917265207322,priya.bansal358@gmail.com,DEP011,Deputy General Manager,Diploma,18.8,2020-03-12,On Notice Period,,35000,3
EMP00547,Sneha Pillai,Other,1972-06-04,54,Divorced,Ahmedabad,Gujarat,+916845382207,sneha.pillai151@outlook.com,DEP011,Executive,MBA,17.3,2022-03-11,Active,,60000,3
EMP00548,Anil Mishra,Male,1980-10-14,46,Single,Noida,Uttar Pradesh,+918649512009,anil.mishra519@outlook.com,DEP006,Deputy General Manager,MBA,4.6,2026-01-25,Terminated,,130000,1
EMP00549,Vihaan Gupta,Other,1974-11-04,52,Married,Lucknow,Uttar Pradesh,+918297935512,vihaan.gupta595@gmail.com,DEP006,Vice President,Diploma,19.4,2019-02-22,On Notice Period,,200000,4
EMP00550,Ananya Joshi,Female,1997-02-07,29,Single,Lucknow,Uttar Pradesh,+917253920296,ananya.joshi15@hotmail.com,DEP012,Assistant Manager,PhD,22.4,2022-07-26,Terminated,,320000,5
EMP00551,Anil Ghosh,Male,2003-04-22,23,Divorced,Chennai,Tamil Nadu,+916639292939,anil.ghosh185@rediffmail.com,DEP001,Senior Manager,MBA,14.2,2022-07-21,Active,,320000,4
EMP00552,Myra Verma,Female,1973-04-17,53,Divorced,Kolkata,West Bengal,+919420337481,myra.verma498@yahoo.com,DEP003,Analyst,M.Sc,24.6,2018-05-25,Active,,250000,5
EMP00553,Neha Patel,Female,1976-03-11,50,Divorced,Surat,Gujarat,+918627759430,neha.patel441@outlook.com,DEP008,Senior Manager,PhD,20.7,2016-10-09,Active,,80000,1
EMP00554,Ajay Malhotra,Other,1979-01-21,47,Divorced,Nagpur,Maharashtra,+919220821864,ajay.malhotra351@gmail.com,DEP012,Senior Analyst,MBA,29.6,2018-11-09,Terminated,2022-09-09,320000,4
EMP00555,Saanvi Patel,Female,1979-08-16,99,Single,Mumbai,Maharashtra,+918361404693,saanvi.patel248@hotmail.com,DEP001,Consultant,M.Com,10.4,2016-10-11,Terminated,2017-08-13,80000,5
EMP00556,Ananya Pillai,Other,1983-01-25,43,Married,Jaipur,Rajasthan,+917934560901,ananya.pillai773@outlook.com,DEP011,Intern,Diploma,17.2,2020-06-01,Resigned,2023-08-13,35000,4
EMP00557,Swati Sharma,Female,1987-08-01,39,Single,Bengaluru,Karnataka,+917851274126,swati.sharma922@gmail.com,DEP002,Analyst,B.Tech,16.3,2015-08-26,Active,,160000,2
EMP00558,Saanvi Pillai,Female,1990-08-13,36,Married,Ghaziabad,Uttar Pradesh,+917200753739,saanvi.pillai946@yahoo.com,DEP004,Vice President,M.Tech,20.2,2017-11-28,Active,,45000,2
EMP00559,Divya Nair,Other,1990-09-17,36,Single,Ahmedabad,Gujarat,+917303142973,divya.nair272@gmail.com,DEP001,Senior Analyst,B.Com,12.5,2025-04-24,Active,,200000,3
EMP00560,Saanvi Agarwal,Female,1990-11-10,36,Single,Hyderabad,Telangana,+919008948937,saanvi.agarwal237@gmail.com,DEP010,Associate,Diploma,27.9,2020-05-16,Active,,250000,3
EMP00561,Saurabh Joshi,Male,1997-05-20,29,Divorced,Ghaziabad,Uttar Pradesh,+917772604104,saurabh.joshi28@hotmail.com,DEP006,Consultant,M.Tech,22.6,2021-08-29,Active,,160000,2
EMP00562,Ritu Chopra,Female,1979-03-08,47,Divorced,Ahmedabad,Gujarat,+91-842435,ritu.chopra990@outlook.com,DEP005,Senior Associate,Diploma,4.3,2018-10-11,Active,,45000,1
EMP00563,Reyansh Yadav,Other,1974-02-07,52,Divorced,Chandigarh,Chandigarh,+918961885504,reyansh.yadav805@rediffmail.com,DEP001,Vice President,M.Tech,12.8,2017-05-27,On Notice Period,,250000,2
EMP00564,Anil Desai,Male,1981-11-11,45,Divorced,Coimbatore,Tamil Nadu,+917147212578,anil.desai984@yahoo.com,DEP004,Manager,M.Sc,9.4,2025-02-16,On Notice Period,,100000,
EMP00565,Sunita Patel,Other,1998-12-09,28,Single,Chandigarh,Chandigarh,+919478705402,sunita.patelyahoo.com,DEP009,Consultant,B.Com,10.6,2025-03-06,Terminated,,45000,3
EMP00566,Sanjay Reddy,Other,1986-01-16,40,Divorced,Nagpur,Maharashtra,+916984955513,sanjay.reddy575@hotmail.com,DEP006,Team Lead,M.Com,28.9,2017-11-18,Active,,200000,1
EMP00567,Kavya Yadav,Other,1979-11-03,47,Single,Ahmedabad,Gujarat,+918582565374,kavya.yadav97@hotmail.com,DEP001,Assistant Manager,MBA,28.2,2020-12-05,Resigned,2025-12-14,250000,3
EMP00568,Nisha Kumar,Female,1985-05-10,41,Divorced,Mumbai,Maharashtra,+919902763273,nisha.kumar156@yahoo.com,DEP012,General Manager,B.A.,6.5,2021-03-21,Active,,60000,2
EMP00569,Aditya Rao,Male,1987-01-18,39,Single,Ghaziabad,Uttar Pradesh,+916506530152,aditya.rao370@outlook.com,DEP003,Analyst,B.A.,26.7,2024-12-14,Active,,25000,2
EMP00570,Gaurav Nair,Male,1987-12-09,39,Divorced,Nagpur,Maharashtra,+918036330631,gaurav.nair60@rediffmail.com,DEP003,Senior Analyst,B.Sc,15.8,2022-03-08,Terminated,2024-11-27,130000,2
EMP00571,Vihaan Patel,Male,1978-12-26,48,Married,Chennai,Tamil Nadu,+918185393798,vihaan.patel166@hotmail.com,DEP005,Consultant,M.Tech,5.9,2021-01-01,Active,,160000,4
EMP00572,Vikram Yadav,Other,1986-01-06,40,Single,Indore,Madhya Pradesh,1234561613,vikram.yadav511@yahoo.com,DEP007,Analyst,Diploma,19.9,2022-06-13,Resigned,,45000,2
EMP00573,REYANSH IYER,Other,1976-12-24,50,Divorced,Delhi,Delhi,+916704946590,reyansh.iyer85@yahoo.com,DEP011,Senior Analyst,M.Tech,8.9,2022-10-25,Active,,200000,2
EMP00574,Shreya Yadav,Other,1986-06-20,40,Single,Surat,Gujarat,+918472394352,shreya.yadav553@yahoo.com,DEP007,General Manager,M.Tech,1.0,2025-03-23,On Notice Period,,25000,4
EMP00575,Ajay Chaudhary,Male,1972-04-24,54,Divorced,Lucknow,Uttar Pradesh,75392,ajay.chaudhary699@gmail.com,DEP010,Assistant Manager,Diploma,4.1,2017-06-06,Active,,60000,3
EMP00576,Rekha Chopra,Female,1967-11-25,59,Single,Mumbai,Maharashtra,+919656791924,rekha.chopra686@outlook.com,DEP005,Senior Associate,Diploma,28.2,2021-04-24,On Notice Period,,250000,4
EMP00577,Manish Mishra,Male,1994-06-04,32,Single,Bengaluru,Karnataka,+917684205592,manish.mishra@@rediffmail.com,DEP004,Team Lead,M.Tech,3.1,2019-06-01,On Notice Period,,80000,2
EMP00578,Ananya Mishra,Female,2004-09-27,22,Married,Jaipur,Rajasthan,+917373911634,ananya.mishra543@yahoo.com,DEP004,Deputy General Manager,M.Com,30.0,2025-05-23,On Notice Period,,100000,2
EMP00579,Sunita Ghosh,Female,1984-11-10,42,Married,Mumbai,Maharashtra,+919402533174,sunita.ghosh95@rediffmail.com,DEP001,General Manager,M.Com,25.9,2026-03-13,On Notice Period,,80000,4
EMP00580,Rekha Patel,Other,1985-12-21,41,Single,Surat,Gujarat,+916472971727,,DEP012,General Manager,B.Com,2.3,2026-03-21,On Notice Period,,25000,5
EMP00581,Neha Verma,Female,1972-06-11,54,Married,Ahmedabad,Gujarat,+919197180797,neha.verma951@rediffmail.com,DEP006,Senior Manager,B.A.,10.6,2025-12-05,Active,,200000,5
EMP00582,Priya Joshi,Female,1976-02-20,50,Divorced,Bengaluru,Karnataka,+916713485469,priya.joshi184@yahoo.com,DEP009,Manager,B.A.,19.0,2020-02-17,Active,,80000,3
EMP00583,Sanjay Sharma,Male,1970-10-16,56,Divorced,Surat,Gujarat,+919245355944,sanjay.sharma532@gmail.com,DEP001,Executive,B.Tech,29.7,2015-03-15,Active,,130000,5
EMP00584,Rekha Kumar,Female,1975-11-04,51,Single,Coimbatore,Tamil Nadu,+916616271741,rekha.kumar970@rediffmail.com,DEP001,Team Lead,B.Tech,6.0,2024-12-22,Resigned,2026-04-04,320000,4
EMP00585,Gaurav Agarwal,Other,2000-07-23,26,Single,Mumbai,Maharashtra,+916605812624,gaurav.agarwal46@outlook.com,DEP003,Associate,Diploma,22.8,2017-09-02,Active,,130000,4
EMP00586,Ishaan Singh,Other,1975-10-15,51,Married,Ahmedabad,Gujarat,+916731609451,ishaan.singh948@hotmail.com,DEP011,General Manager,B.Com,21.8,2025-07-04,Active,,130000,3
EMP00587,Aarav Yadav,Male,1982-01-27,44,Single,Bengaluru,Karnataka,+917816528170,aarav.yadav961@outlook.com,DEP012,Assistant Manager,B.Com,27.0,2023-01-24,Resigned,2026-03-06,250000,5
EMP00588,Myra Mishra,Other,2000-09-05,26,Married,Ghaziabad,Uttar Pradesh,+918095105405,myra.mishra718@rediffmail.com,DEP002,Vice President,B.Tech,42.6,2023-12-27,Resigned,,320000,4
EMP00589,Krishna Kumar,Other,1985-04-25,41,Divorced,Ahmedabad,Gujarat,,krishna.kumar@@hotmail.com,DEP012,Intern,M.Com,1.2,2024-08-24,Active,,45000,5
EMP00590,Aarav Bansal,Male,1985-05-22,41,Married,Coimbatore,Tamil Nadu,+917491674212,aarav.bansal73@hotmail.com,DEP003,Assistant Manager,B.Tech,29.6,2019-06-10,Terminated,2022-07-05,130000,4
EMP00591,Pooja Malhotra,Other,1980-09-17,46,Divorced,Jaipur,Rajasthan,+918303428766,pooja.malhotra812@yahoo.com,DEP010,Analyst,Diploma,12.8,2023-09-22,Active,,35000,3
EMP00592,  Sunita Agarwal  ,Female,1967-06-18,59,Divorced,Surat,Gujarat,+918657566550,sunita.agarwal577@gmail.com,DEP002,Vice President,B.Sc,10.4,2019-09-21,On Notice Period,,250000,4
EMP00593,Anil Pillai,Other,1971-11-27,55,Married,Lucknow,Uttar Pradesh,+919475630608,anil.pillai603@gmail.com,DEP005,Executive,Diploma,1.6,2022-04-20,Active,,320000,2
EMP00594,Vivaan Bansal,Male,1995-11-16,31,Single,Mumbai,Maharashtra,+919568810595,vivaan.bansal694@rediffmail.com,DEP008,Executive,B.Tech,28.1,2017-01-19,Active,,35000,3
EMP00595,Manish Menon,Other,1980-10-09,46,Divorced,Chennai,Tamil Nadu,+91-483244,manish.menon970@yahoo.com,DEP001,Consultant,B.Tech,28.9,2015-05-11,Active,,130000,2
EMP00596,Vivaan Rao,Other,1982-12-21,44,Divorced,Noida,Uttar Pradesh,+917679998814,vivaan.rao758@gmail.com,DEP007,General Manager,B.Com,11.1,2017-12-07,Active,,160000,1
EMP00597,Anjali Bansal,Other,1978-06-22,48,Married,Noida,Uttar Pradesh,+917086483679,anjali.bansal31@yahoo.com,DEP005,Deputy General Manager,B.Com,9.2,2019-12-19,Active,,200000,1
EMP00598,Vivaan Shetty,Male,1985-09-19,41,Single,Surat,Gujarat,+916609105147,vivaan.shetty169@yahoo.com,DEP008,Manager,M.Sc,6.2,2025-06-04,Active,,160000,4
EMP00599,Shreya Patel,Female,1970-08-13,56,Single,Chennai,Tamil Nadu,+917566099217,shreya.patel317@hotmail.com,DEP005,Executive,B.A.,22.6,2019-10-12,Active,,130000,2
EMP00600,Deepak Kumar,Other,1987-05-08,39,Divorced,Nagpur,Maharashtra,+916612196777,deepak.kumar449@yahoo.com,DEP006,Deputy General Manager,M.Sc,45.6,2020-09-13,On Notice Period,,25000,5
EMP00601,Diya Joshi,Female,2000-09-14,26,Single,Nagpur,Maharashtra,+917684936817,diya.joshi312@hotmail.com,DEP003,Senior Analyst,M.Tech,14.5,2020-05-10,On Notice Period,,320000,4
EMP00602,Manish Joshi,Other,1987-04-25,39,Married,Coimbatore,Tamil Nadu,+916247993203,manish.joshi613@gmail.com,DEP005,Analyst,M.Com,24.4,2015-04-02,Active,,200000,4
EMP00603,Meera Yadav,Female,1976-03-09,50,Single,Chennai,Tamil Nadu,+918692976479,meera.yadav780@gmail.com,DEP011,Consultant,B.Com,13.1,2023-12-23,Active,,45000,3
EMP00604,Vihaan Reddy,Other,1990-04-06,36,Single,Bengaluru,Karnataka,+919002505430,vihaan.reddy757@hotmail.com,DEP004,Vice President,M.Tech,21.0,2023-03-30,Active,,250000,4
EMP00605,Anjali Chaudhary,Female,2003-01-10,23,Married,Kolkata,West Bengal,+916253277955,anjali.chaudhary874@outlook.com,DEP010,Senior Manager,PhD,28.9,2022-06-02,Resigned,,60000,2
EMP00606,Kavya Patel,Female,1984-03-05,42,Divorced,Nagpur,Maharashtra,+919459103107,kavya.patel749@gmail.com,DEP003,Senior Analyst,M.Com,18.3,2025-08-07,Active,,45000,2
EMP00607,ajay rao,Other,2003-03-23,23,Divorced,Jaipur,Rajasthan,+919911377505,ajay.rao157@yahoo.com,DEP004,Vice President,M.Com,0.8,2022-10-02,Active,,160000,5
EMP00608,Manish Shetty,Other,2001-07-08,25,Married,Jaipur,Rajasthan,+918849458067,manish.shetty306@hotmail.com,DEP005,Senior Manager,M.Sc,14.7,2025-11-28,Terminated,,160000,3
EMP00609,Sanjay Rao,Male,1976-10-11,50,Divorced,Lucknow,Uttar Pradesh,+916561725253,sanjay.rao169@rediffmail.com,DEP011,Executive,Diploma,9.7,2016-02-19,Active,,60000,4
EMP00610,Arjun Kumar,Male,1987-11-19,39,Single,Ghaziabad,Uttar Pradesh,+919548854491,arjun.kumar687@hotmail.com,DEP002,Team Lead,Diploma,6.4,2018-04-12,Terminated,2019-07-18,60000,2
EMP00611,Sarika Reddy,Female,2002-09-14,24,Divorced,Ahmedabad,Gujarat,+916346661677,sarika.reddy762@rediffmail.com,DEP004,Team Lead,PhD,1.1,2016-07-28,Active,,320000,3
EMP00612,Diya Mishra,Other,1972-09-07,54,Single,Hyderabad,Telangana,+916930490712,diya.mishra915@gmail.com,DEP009,Assistant Manager,M.Com,16.5,2015-08-24,Terminated,2016-02-13,35000,3
EMP00613,Rahul Sharma,Other,1983-06-21,43,Divorced,Indore,Madhya Pradesh,+917171018755,rahul.sharma437@gmail.com,DEP008,Deputy General Manager,B.Tech,2.5,2017-09-09,On Notice Period,,100000,4
EMP00614,Rahul Gupta,Male,1978-05-05,48,Married,Pune,Maharashtra,+917097759694,rahul.gupta995@rediffmail.com,DEP006,Associate,MBA,9.2,2024-11-23,Active,,100000,5
EMP00615,Kavita Kumar,Female,2005-09-02,21,Married,Nagpur,Maharashtra,+917300340287,kavita.kumar656@gmail.com,DEP008,Senior Associate,B.A.,7.5,2020-02-18,On Notice Period,,35000,
EMP00616,Neha Patel,Female,2005-12-21,21,Divorced,Bengaluru,Karnataka,+919281562706,neha.patel897@yahoo.com,DEP007,Associate,MBA,15.5,2024-12-04,Resigned,,320000,3
EMP00617,Priya Shetty,Female,2003-04-26,23,Married,Delhi,Delhi,+917658902862,priya.shetty892@outlook.com,DEP010,Analyst,M.Com,28.6,2020-01-01,Active,,60000,4
EMP00618,Meera Ghosh,Other,1994-08-24,32,Married,Lucknow,Uttar Pradesh,+919005902446,meera.ghosh84@gmail.com,DEP003,Senior Analyst,MBA,11.9,2020-04-12,Active,,130000,
EMP00619,Pooja Reddy,Female,2001-10-26,25,Divorced,Jaipur,Rajasthan,+919940556746,pooja.reddy665@rediffmail.com,DEP010,Senior Associate,M.Sc,2.4,2015-08-15,Active,,80000,5
EMP00620,Ajay Joshi,Other,1987-04-18,39,Single,Chandigarh,Chandigarh,+919390900618,ajay.joshi808@outlook.com,DEP005,Senior Associate,MBA,20.2,2024-05-16,Resigned,2024-12-25,200000,1
EMP00621,Krishna Kapoor,Other,1990-08-01,36,Divorced,Jaipur,Rajasthan,+918552962323,krishna.kapoor289@rediffmail.com,DEP011,Analyst,B.Com,11.3,2017-12-09,On Notice Period,,80000,5
EMP00622,Meera Mishra,Female,1985-02-14,41,Married,Delhi,Delhi,+917344753849,meera.mishra621@gmail.com,DEP012,Associate,B.Tech,28.2,2018-12-22,Resigned,2019-08-06,160000,1
EMP00623,Pooja Bansal,Other,1981-04-11,45,Single,Hyderabad,Telangana,+919715539877,pooja.bansal161@yahoo.com,DEP011,Executive,M.Sc,22.6,2016-07-09,On Notice Period,,60000,1
EMP00624,Manish Chopra,Male,2001-06-10,25,Divorced,Delhi,Delhi,+919849283880,manish.chopra411@gmail.com,DEP002,Consultant,B.Com,10.2,2018-07-14,On Notice Period,,200000,4
EMP00625,Rohan Mishra,Male,1976-03-13,50,Divorced,Pune,Maharashtra,+918523942415,rohan.mishra5@hotmail.com,DEP007,Senior Analyst,M.Com,22.1,2025-04-01,On Notice Period,,35000,1
EMP00626,Reyansh Chaudhary,Male,2005-11-22,21,Divorced,Jaipur,Rajasthan,+916670326311,reyansh.chaudhary54@rediffmail.com,DEP011,Deputy General Manager,B.Tech,13.7,2015-01-13,Terminated,2015-07-17,35000,2
EMP00627,Ritu Shetty,Female,1981-05-03,45,Divorced,Kolkata,West Bengal,+917073090465,ritu.shetty254@yahoo.com,DEP012,Senior Associate,M.Com,1.7,2016-06-03,Resigned,2021-01-29,160000,2
EMP00628,Arjun Malhotra,Male,2003-09-08,23,Divorced,Chennai,Tamil Nadu,+919982053909,arjun.malhotra746@hotmail.com,DEP003,Manager,PhD,8.7,2015-03-17,Active,,250000,
EMP00629,Ishaan Agarwal,Other,1991-03-28,35,Married,Lucknow,Uttar Pradesh,+919401512605,ishaan.agarwal395@hotmail.com,DEP008,Senior Manager,B.Sc,21.7,2020-10-16,Terminated,2023-04-05,200000,1
EMP00630,Ajay Ghosh,Male,1977-08-07,49,Single,Noida,Uttar Pradesh,+919753496935,ajay.ghosh192@outlook.com,DEP012,Senior Manager,B.Tech,18.5,2024-10-09,Active,,160000,2
EMP00631,Krishna Malhotra,Male,1985-12-19,41,Single,Hyderabad,Telangana,+916751599160,krishna.malhotra228@outlook.com,DEP011,Team Lead,M.Sc,23.1,2019-01-06,Active,,80000,3
EMP00632,Kavita Gupta,Female,1971-06-03,55,Divorced,Pune,Maharashtra,+918339119292,kavita.gupta818@outlook.com,DEP009,Consultant,PhD,19.8,2021-03-02,Active,,60000,2
EMP00633,Isha Kumar,Female,1977-06-04,49,Divorced,Nagpur,Maharashtra,+916737525216,isha.kumar40@hotmail.com,DEP003,Team Lead,PhD,27.7,2025-05-28,Active,,45000,5
EMP00634,Ajay Mishra,Other,1969-08-08,57,Divorced,Hyderabad,Telangana,+917470824787,ajay.mishra525@hotmail.com,DEP012,Executive,B.Com,3.1,2016-01-14,Active,,60000,3
EMP00635,Vikram Chaudhary,Other,1985-05-12,41,Married,Delhi,Delhi,+919139290999,vikram.chaudhary810@rediffmail.com,DEP009,Analyst,Diploma,13.2,2024-07-03,Active,,35000,3
EMP00636,Pooja Bose,Other,1972-07-23,54,Married,Ahmedabad,Gujarat,+917982630620,,DEP010,Manager,B.Sc,0.5,2018-01-08,Active,,160000,5
EMP00637,Isha Bose,Female,1987-11-10,39,Married,Lucknow,Uttar Pradesh,+916288104201,isha.bose387@hotmail.com,DEP011,Manager,B.Com,10.6,2019-11-07,On Notice Period,,160000,4
EMP00638,Kavita Menon,Female,1998-08-06,28,Married,Indore,Madhya Pradesh,059695550345873,kavita.menon887@rediffmail.com,DEP002,Executive,Diploma,19.3,2015-11-06,Resigned,2020-10-13,80000,3
EMP00639,Vikram Rao,Other,1968-10-23,58,Divorced,Bengaluru,Karnataka,+918525199515,vikram.rao126@rediffmail.com,DEP012,Analyst,B.Tech,28.2,2017-05-24,Active,,25000,3
EMP00640,Aditya Reddy,Other,1985-01-14,41,Single,Jaipur,Rajasthan,+918097618794,aditya.reddy435@outlook.com,DEP006,General Manager,Diploma,5.5,2026-02-11,On Notice Period,,25000,3
EMP00641,Aman Joshi,Other,2005-06-22,21,Single,Chennai,Tamil Nadu,+916562705851,aman.joshi38@rediffmail.com,DEP002,Senior Associate,B.Sc,9.4,2017-02-22,Active,,25000,5
EMP00642,Ajay Kapoor,Other,1999-02-13,27,Married,Coimbatore,Tamil Nadu,1234565363,ajay.kapoor481@yahoo.com,DEP007,Senior Analyst,B.Sc,0.3,2022-02-27,On Notice Period,,130000,3
EMP00643,Vivaan Kumar,Male,1996-04-16,30,Single,Pune,Maharashtra,+917109999225,vivaan.kumaroutlook.com,DEP005,Associate,B.Sc,6.1,2019-01-11,Resigned,2025-07-16,200000,5
EMP00644,Kritika Singh,Female,1974-03-09,52,Divorced,Mumbai,Maharashtra,+919740831581,kritika.singh99@outlook.com,DEP007,Manager,B.Com,6.6,2021-08-19,Terminated,2023-11-27,60000,2
EMP00645,Rekha Chaudhary,Other,1996-04-03,30,Married,Mumbai,Maharashtra,,rekha.chaudhary900@hotmail.com,DEP010,Manager,B.A.,1.7,2024-07-14,Active,,200000,1
EMP00646,Karan Chaudhary,Male,1975-11-28,17,Married,Lucknow,Uttar Pradesh,+916723031845,karan.chaudhary489@gmail.com,DEP008,Senior Associate,MBA,5.7,2017-03-24,Active,,25000,5
EMP00647,Neha Ghosh,Female,2003-11-04,23,Single,Hyderabad,Telangana,+919772674731,neha.ghosh876@rediffmail.com,DEP005,Analyst,B.Tech,1.1,2017-08-20,Resigned,2021-01-19,60000,2
EMP00648,Krishna Agarwal,Male,2000-10-01,17,Single,Indore,Madhya Pradesh,+916991679882,krishna.agarwal421@hotmail.com,DEP008,Analyst,B.A.,2.0,2022-06-22,On Notice Period,,320000,5
EMP00649,Nisha Iyer,Female,1991-11-16,35,Married,Surat,Gujarat,+917899206532,nisha.iyer151@rediffmail.com,DEP005,Team Lead,M.Tech,25.9,2024-06-14,Active,,200000,3
EMP00650,Riya Reddy,Other,1986-07-28,40,Married,Pune,Maharashtra,+918400583516,riya.reddy56@hotmail.com,DEP004,Analyst,M.Sc,21.1,2018-11-14,Active,,320000,2
EMP00651,Ajay Ghosh,Other,1977-01-13,49,Single,Surat,Gujarat,+917866214659,ajay.ghosh278@gmail.com,DEP011,Senior Manager,MBA,26.0,2017-12-10,Active,,320000,2
EMP00652,Ritu Chaudhary,Female,1993-05-25,33,Married,Hyderabad,Telangana,+918613958910,ritu.chaudhary322@yahoo.com,DEP008,Intern,M.Sc,5.6,2024-10-22,Active,,60000,2
EMP00653,Ajay Singh,Other,2004-02-11,22,Married,Kolkata,West Bengal,+918955729563,ajay.singh173@hotmail.com,DEP003,Senior Analyst,M.Tech,23.8,2016-06-02,Active,,250000,1
EMP00654,Suresh Menon,Male,1985-12-12,41,Single,Noida,Uttar Pradesh,+916046317865,suresh.menon70@yahoo.com,DEP005,Assistant Manager,PhD,10.3,2018-06-08,Resigned,2023-06-30,60000,2
EMP00655,Rahul Verma,Male,1989-12-05,37,Divorced,Lucknow,Uttar Pradesh,+917491853111,rahul.verma557@rediffmail.com,DEP003,Senior Manager,B.Com,5.8,2015-01-22,Active,,160000,2
EMP00656,Ramesh Agarwal,Male,1997-09-14,29,Divorced,Chandigarh,Chandigarh,+916548250725,ramesh.agarwal213@gmail.com,DEP002,General Manager,Diploma,3.0,2019-01-25,Active,,200000,3
EMP00657,Reyansh Chopra,Other,1988-01-24,38,Single,Kolkata,West Bengal,+917600789704,reyansh.choprahotmail.com,DEP009,General Manager,PhD,24.0,2015-03-19,Active,,60000,2
EMP00658,Shreya Kapoor,Female,1982-06-28,44,Single,Coimbatore,Tamil Nadu,+919457461718,,DEP002,General Manager,MBA,8.5,2024-10-19,Active,,160000,3
EMP00659,Diya Reddy,Other,1987-01-18,39,Single,Delhi,Delhi,606472027451273,diya.reddy794@hotmail.com,DEP008,Associate,Diploma,11.2,2016-06-26,Active,,25000,1
EMP00660,Kritika Menon,Other,2000-08-10,26,Divorced,Nagpur,Maharashtra,+917655578510,kritika.menon583@outlook.com,DEP007,Team Lead,B.A.,19.9,2022-07-03,On Notice Period,,100000,4
EMP00661,Rahul Reddy,Male,1980-10-07,46,Married,Bengaluru,Karnataka,+916878732465,rahul.reddy698@gmail.com,DEP005,Team Lead,M.Com,4.0,2018-12-12,Active,,160000,4
EMP00662,Anil Kapoor,Male,1977-11-04,49,Married,Noida,Uttar Pradesh,+918738974814,,DEP010,Assistant Manager,B.Tech,9.5,2025-03-05,Active,,130000,1
EMP00663,Pooja Kumar,Female,2005-05-17,21,Married,Mumbai,Maharashtra,+917041247126,pooja.kumar794@outlook.com,DEP005,Manager,M.Com,9.8,2022-01-31,On Notice Period,,250000,3
EMP00664,Ramesh Singh,Male,1985-10-06,41,Single,Chennai,Tamil Nadu,+91-859101,ramesh.singh724@gmail.com,DEP008,Vice President,B.Tech,4.6,2021-04-28,Active,,320000,5
EMP00665,Deepak Reddy,Male,1978-11-19,48,Married,Mumbai,Maharashtra,+919372307286,deepak.reddy187@hotmail.com,DEP012,Associate,MBA,16.0,2015-10-29,Terminated,2020-10-14,60000,
EMP00666,Diya Mishra,Other,1991-12-13,35,Single,Surat,Gujarat,+916400252759,diya.mishra158@yahoo.com,DEP009,Manager,Diploma,15.6,2018-04-25,Active,,35000,2
EMP00667,Anil Menon,Other,1989-02-10,37,Single,Delhi,Delhi,+917688750866,anil.menon697@gmail.com,DEP002,Analyst,M.Sc,22.3,2022-04-15,Active,,160000,4
EMP00668,Saurabh Menon,Male,1985-10-20,41,Married,Surat,Gujarat,,saurabh.menon@@outlook.com,DEP001,Vice President,PhD,28.1,2025-10-15,Active,,80000,3
EMP00669,Vikram Chopra,Other,2004-05-28,22,Single,Chandigarh,Chandigarh,+919031868048,vikram.chopra632@outlook.com,DEP011,Consultant,M.Tech,21.6,2026-04-04,Active,,45000,2
EMP00670,Anil Gupta,Male,1997-08-15,29,Divorced,Mumbai,Maharashtra,+916537503080,anil.gupta217@hotmail.com,DEP001,Intern,B.Sc,26.5,2016-01-18,Active,,200000,5
EMP00671,Arjun Gupta,Male,1967-07-13,59,Divorced,Ahmedabad,Gujarat,+917015223751,arjun.gupta254@yahoo.com,DEP001,Senior Manager,M.Tech,16.2,2023-08-11,Active,,60000,4
EMP00672,Reyansh Bansal,Male,1988-09-07,38,Divorced,Bengaluru,Karnataka,+917996468843,reyansh.bansal543@outlook.com,DEP012,Vice President,B.Com,9.3,2026-06-07,Active,,80000,4
EMP00673,Reyansh Joshi,Male,1982-02-16,44,Married,Delhi,Delhi,+919647622651,reyansh.joshi427@hotmail.com,DEP005,Deputy General Manager,PhD,26.4,2015-09-08,Active,,60000,4
EMP00674,Arjun Kumar,Male,1966-04-03,60,Divorced,Noida,Uttar Pradesh,+917702687295,arjun.kumar619@hotmail.com,DEP004,Vice President,B.Com,15.4,2015-11-26,Active,,250000,
EMP00675,Sarika Kumar,Other,1982-05-04,44,Married,Surat,Gujarat,+916029442985,sarika.kumar@@rediffmail.com,DEP009,Senior Analyst,B.Tech,13.5,2025-04-08,Active,,80000,2
EMP00676,Ritu Rao,Other,1989-02-02,37,Married,Lucknow,Uttar Pradesh,+917873711243,ritu.rao508@hotmail.com,DEP002,General Manager,M.Sc,29.9,2025-02-22,Resigned,2026-04-02,25000,1
EMP00677,Deepak Chopra,Male,1975-07-23,51,Single,Pune,Maharashtra,+918393769517,deepak.chopra417@gmail.com,DEP010,Vice President,MBA,28.9,2020-09-02,On Notice Period,,160000,
EMP00678,Kavita Agarwal,Female,2001-03-04,25,Single,Ghaziabad,Uttar Pradesh,+919388477656,kavita.agarwal@gmail,DEP006,Intern,Diploma,24.9,2016-09-27,Active,,45000,4
EMP00679,aarav chopra,Other,1986-12-08,40,Divorced,Hyderabad,Telangana,+917988660509,aarav.chopra60@gmail.com,DEP009,Consultant,B.Com,26.8,2025-02-24,Terminated,,45000,2
EMP00680,Vikram Bose,Male,1998-07-15,28,Single,Lucknow,Uttar Pradesh,+916607871069,vikram.bose881@gmail.com,DEP011,Deputy General Manager,B.Com,15.3,2015-03-15,Terminated,2017-07-03,100000,2
EMP00681,ritu reddy,Other,1975-06-03,51,Married,Noida,Uttar Pradesh,+917974816289,ritu.reddy674@gmail.com,DEP004,Manager,PhD,1.9,2016-11-06,Active,,45000,3
EMP00682,Ramesh Chopra,Other,1975-08-15,51,Divorced,Bengaluru,Karnataka,+919841703277,ramesh.chopra@gmail,DEP005,Assistant Manager,B.Com,18.7,2022-06-28,Active,,250000,
EMP00683,Swati Rao,Female,1989-12-24,37,Single,Coimbatore,Tamil Nadu,+918644177680,swati.rao489@yahoo.com,DEP001,Assistant Manager,B.Tech,1.4,2023-07-16,Active,,200000,
EMP00684,Priya Verma,Other,1990-11-18,36,Single,Kolkata,West Bengal,+917558021315,priya.verma538@gmail.com,DEP001,Intern,Diploma,19.9,2017-02-04,Active,,80000,3
EMP00685,Manish Agarwal,Male,1997-02-01,29,Married,Kolkata,West Bengal,+916635874001,manish.agarwal@yahoo,DEP001,Senior Associate,B.Sc,7.8,2021-03-06,Active,,100000,4
EMP00686,Gaurav Bose,Other,1985-12-13,41,Single,Jaipur,Rajasthan,+919790780596,gaurav.bose253@hotmail.com,DEP008,Manager,M.Tech,25.3,2016-10-28,Active,,160000,1
EMP00687,Aadhya Kapoor,Female,1995-06-03,31,Divorced,Chandigarh,Chandigarh,+918774748284,aadhya.kapoor196@rediffmail.com,DEP003,Team Lead,MBA,9.1,2020-10-21,Resigned,2021-02-08,130000,2
EMP00688,Ananya Reddy,Female,1983-06-19,43,Divorced,Hyderabad,Telangana,+916686065980,ananya.reddy314@yahoo.com,DEP007,Executive,B.Com,20.8,2015-02-13,Active,,100000,1
EMP00689,Ajay Menon,Male,1968-03-22,58,Divorced,Coimbatore,Tamil Nadu,+917449181314,ajay.menon185@outlook.com,DEP007,Senior Associate,PhD,5.5,2026-04-09,On Notice Period,,80000,4
EMP00690,Aman Bansal,Male,1967-02-24,59,Divorced,Surat,Gujarat,+918557245810,aman.bansal86@gmail.com,DEP006,Assistant Manager,Diploma,28.7,2016-06-16,Resigned,2022-03-23,200000,2
EMP00691,Aman Joshi,Male,1999-02-08,27,Married,Kolkata,West Bengal,+916030274248,aman.joshi91@gmail.com,DEP009,Consultant,Diploma,6.0,2025-02-13,Active,,320000,4
EMP00692,Suresh Nair,Other,1995-12-04,31,Divorced,Hyderabad,Telangana,+919554848449,suresh.nair60@hotmail.com,DEP001,Intern,M.Com,1.8,2015-05-15,Terminated,2018-04-13,35000,5
EMP00693,Sunita Mishra,Female,1968-10-20,58,Divorced,Ghaziabad,Uttar Pradesh,+916094021011,sunita.mishra20@hotmail.com,DEP012,Consultant,M.Sc,4.1,2017-06-24,Active,,80000,5
EMP00694,Arjun Rao,Other,1980-02-20,46,Divorced,Surat,Gujarat,+919372684926,arjun.rao161@hotmail.com,DEP004,Intern,Diploma,20.2,2020-11-04,Active,,25000,1
EMP00695,SANJAY CHAUDHARY,Other,1984-11-17,42,Married,Delhi,Delhi,+916695185625,sanjay.chaudhary152@outlook.com,DEP001,Executive,PhD,5.4,2018-07-14,Active,,160000,1
EMP00696,Saanvi Yadav,Female,1967-12-10,59,Single,Delhi,Delhi,+917074953477,saanvi.yadav328@yahoo.com,DEP011,Manager,B.Tech,28.3,2022-02-19,Active,,100000,3
EMP00697,Kavya Patel,Female,1980-09-28,46,Divorced,Kolkata,West Bengal,+919142092952,kavya.patel37@gmail.com,DEP009,Senior Manager,M.Tech,28.7,2026-03-11,Resigned,,80000,
EMP00698,Manish Chopra,Male,1980-03-17,46,Married,Noida,Uttar Pradesh,+917158100235,manish.chopra580@hotmail.com,DEP003,Manager,B.Sc,19.5,2025-07-23,Active,,60000,
EMP00699,Aman Rao,Other,1973-08-27,53,Divorced,Pune,Maharashtra,+918477790369,aman.rao501@gmail.com,DEP008,Vice President,M.Tech,28.2,2019-07-20,Active,,250000,4
EMP00700,Ananya Pillai,Female,1972-06-27,54,Divorced,Noida,Uttar Pradesh,+917048073176,ananya.pillai767@hotmail.com,DEP008,Consultant,B.A.,15.1,2021-06-01,Active,,200000,1
EMP00701,Neha Bose,Other,1987-07-12,39,Divorced,Ahmedabad,Gujarat,+919035527329,neha.bose865@hotmail.com,DEP001,Consultant,M.Com,3.4,2018-01-24,Active,,130000,3
EMP00702,Gaurav Nair,Other,2003-10-03,23,Married,Mumbai,Maharashtra,,gaurav.nair331@outlook.com,DEP004,Senior Manager,PhD,17.6,2019-10-17,Terminated,2022-04-23,130000,5
EMP00703,Riya Chopra,Female,1972-12-16,54,Divorced,Pune,Maharashtra,+916390627549,riya.chopra651@outlook.com,DEP006,Executive,PhD,16.7,2019-05-13,Active,,100000,3
EMP00704,kavita agarwal,Other,1976-05-12,50,Single,Bengaluru,Karnataka,+919921660976,kavita.agarwal799@gmail.com,DEP004,Senior Analyst,B.Com,24.3,2024-09-08,On Notice Period,,250000,4
EMP00705,  Kritika Agarwal  ,Female,2001-06-03,25,Single,Nagpur,Maharashtra,1234564272,kritika.agarwal828@rediffmail.com,DEP003,Associate,MBA,9.0,2018-06-24,Active,,35000,1
EMP00706,Kritika Agarwal,Other,1968-01-20,58,Single,Pune,Maharashtra,+918976054171,kritika.agarwal82@gmail.com,DEP005,Manager,M.Tech,14.4,2016-07-22,Active,,60000,3
EMP00707,Sarika Kapoor,Other,2002-05-21,24,Divorced,Lucknow,Uttar Pradesh,+919214636547,sarika.kapoor172@gmail.com,DEP011,Associate,B.Tech,19.7,2025-01-06,Active,,250000,1
EMP00708,Sanjay Sharma,Male,1989-06-23,37,Divorced,Mumbai,Maharashtra,+919643655931,sanjay.sharma679@yahoo.com,DEP005,Manager,PhD,1.3,2022-12-16,Resigned,,45000,2
EMP00709,Meera Singh,Female,2000-06-17,26,Divorced,Chandigarh,Chandigarh,+918089702458,meera.singh530@yahoo.com,DEP002,Consultant,B.Tech,2.5,2024-03-16,Terminated,,200000,2
EMP00710,Swati Ghosh,Other,1966-09-04,60,Divorced,Surat,Gujarat,+917761423280,swati.ghosh76@hotmail.com,DEP011,Manager,M.Com,16.0,2020-11-19,Active,,130000,1
EMP00711,Ishaan Verma,Male,1986-10-07,40,Single,Pune,Maharashtra,+919047371493,ishaan.vermarediffmail.com,DEP012,Senior Manager,B.Com,21.1,2017-09-24,Resigned,2018-11-03,100000,1
EMP00712,Pooja Malhotra,Other,1977-01-01,49,Divorced,Surat,Gujarat,+919082747801,pooja.malhotra549@gmail.com,DEP001,Executive,M.Com,10.2,2020-06-26,Resigned,2023-10-16,200000,1
EMP00713,Rekha Nair,Female,2000-04-01,26,Single,Jaipur,Rajasthan,+919751843035,rekha.nair614@outlook.com,DEP010,Analyst,B.Sc,0.0,2023-02-19,Active,,80000,2
EMP00714,Sanjay Verma,Other,1968-09-04,58,Single,Lucknow,Uttar Pradesh,+917186925484,sanjay.verma122@hotmail.com,DEP002,Senior Manager,M.Sc,8.1,2022-01-21,Active,,25000,3
EMP00715,Manish Gupta,Other,1989-06-09,37,Married,Nagpur,Maharashtra,+919923405181,manish.gupta179@yahoo.com,DEP012,Intern,Diploma,7.9,2021-06-21,Resigned,,250000,3
EMP00716,Isha Gupta,Female,1975-03-03,51,Single,Jaipur,Rajasthan,+916872861948,isha.gupta@@outlook.com,DEP007,Senior Manager,B.Tech,28.9,2023-02-22,Active,,45000,1
EMP00717,Gaurav Gupta,Male,1980-01-24,46,Married,Ahmedabad,Gujarat,+916875873197,gaurav.gupta856@rediffmail.com,DEP007,Senior Associate,MBA,7.8,2025-01-16,Active,,80000,5
EMP00718,Ishaan Yadav,Male,1974-04-07,52,Married,Ghaziabad,Uttar Pradesh,+919154557172,ishaan.yadav353@outlook.com,DEP009,Deputy General Manager,PhD,9.6,2017-02-24,Active,,60000,1
EMP00719,Swati Agarwal,Female,1986-06-08,40,Single,Kolkata,West Bengal,+917871082749,swati.agarwal314@yahoo.com,DEP012,Analyst,M.Sc,29.8,2020-11-08,Active,,130000,5
EMP00720,Diya Kapoor,Other,1988-01-06,38,Divorced,Hyderabad,Telangana,+917438978985,diya.kapoor709@gmail.com,DEP008,Senior Associate,MBA,12.3,2017-05-24,Terminated,2023-01-27,250000,
EMP00721,Meera Iyer,Other,1969-12-04,57,Single,Coimbatore,Tamil Nadu,+917826196920,meera.iyer871@hotmail.com,DEP011,Assistant Manager,B.A.,8.4,2026-02-07,Terminated,,80000,4
EMP00722,Kritika Patel,Other,1991-11-23,35,Married,Lucknow,Uttar Pradesh,+918733655687,kritika.patel921@rediffmail.com,DEP008,Deputy General Manager,PhD,14.5,2022-05-28,Active,,35000,
EMP00723,Riya Malhotra,Female,1974-05-02,52,Divorced,Delhi,Delhi,4401999,riya.malhotra777@hotmail.com,DEP007,Senior Associate,M.Com,18.2,2021-03-28,Active,,200000,4
EMP00724,Saurabh Agarwal,Male,1973-10-16,53,Divorced,Noida,Uttar Pradesh,+918956989220,saurabh.agarwal963@gmail.com,DEP012,Associate,M.Tech,18.6,2015-07-22,Terminated,2019-12-21,60000,2
EMP00725,Ramesh Shetty,Male,1982-07-17,44,Married,Jaipur,Rajasthan,+919436122312,ramesh.shetty274@rediffmail.com,DEP012,Vice President,PhD,18.9,2023-07-26,Active,,320000,5
EMP00726,Karan Malhotra,Male,2000-11-22,26,Single,Ghaziabad,Uttar Pradesh,+918327961524,karan.malhotra388@yahoo.com,DEP011,Senior Analyst,PhD,24.3,2016-06-09,Active,,130000,1
EMP00727,Ramesh Menon,Other,1988-03-01,38,Single,Delhi,Delhi,+918701962496,ramesh.menon478@outlook.com,DEP001,Associate,M.Com,21.1,2017-10-19,Active,,130000,1
EMP00728,Kavya Rao,Other,1990-02-05,36,Single,Mumbai,Maharashtra,1234562181,kavya.rao938@rediffmail.com,DEP010,Vice President,M.Sc,5.6,2024-10-26,Resigned,,35000,3
EMP00729,Shreya Shetty,Female,1985-07-06,41,Single,Ahmedabad,Gujarat,+919686693952,shreya.shetty900@yahoo.com,DEP008,Intern,B.A.,27.0,2025-02-25,Active,,200000,3
EMP00730,Ajay Kumar,Male,1971-05-15,55,Married,Bengaluru,Karnataka,+917436053118,ajay.kumar@@rediffmail.com,DEP006,Vice President,M.Com,11.1,2015-11-01,Active,,320000,5
EMP00731,Saurabh Menon,Male,1996-01-26,30,Divorced,Ghaziabad,Uttar Pradesh,+919162014283,saurabh.menon627@gmail.com,DEP001,Associate,M.Tech,28.9,2024-02-27,Active,,320000,1
EMP00732,Saurabh Agarwal,Other,2002-04-21,24,Married,Chennai,Tamil Nadu,+917096243930,saurabh.agarwal170@outlook.com,DEP011,Vice President,B.Com,8.4,2015-06-03,Active,,250000,2
EMP00733,Anil Malhotra,Male,1975-11-22,51,Married,Pune,Maharashtra,+916175077297,anil.malhotra439@hotmail.com,DEP003,Deputy General Manager,M.Tech,26.9,2023-04-09,On Notice Period,,60000,1
EMP00734,Ramesh Rao,Other,1979-12-19,47,Single,Bengaluru,Karnataka,+918622581797,ramesh.rao758@gmail.com,DEP006,Deputy General Manager,Diploma,29.1,2018-10-26,Active,,320000,2
EMP00735,Gaurav Malhotra,Male,1989-12-17,37,Divorced,Kolkata,West Bengal,+916757734524,,DEP002,Intern,MBA,28.6,2015-04-08,Terminated,2020-06-04,100000,2
EMP00736,Ritu Iyer,Female,1976-07-07,50,Divorced,Chandigarh,Chandigarh,+917476563998,ritu.iyer915@gmail.com,DEP006,Team Lead,M.Tech,0.3,2025-03-08,Resigned,,130000,4
EMP00737,Divya Bose,Female,1988-05-08,38,Divorced,Ahmedabad,Gujarat,1234561874,divya.bose105@outlook.com,DEP003,Vice President,PhD,23.0,2023-06-12,Active,,25000,5
EMP00738,Kritika Desai,Female,1986-12-27,40,Single,Hyderabad,Telangana,+918622139019,kritika.desai13@hotmail.com,DEP005,Consultant,B.Tech,13.7,2022-09-02,Resigned,2025-04-30,250000,5
EMP00739,Ananya Shetty,Female,1986-01-17,40,Divorced,Bengaluru,Karnataka,+918074239147,ananya.shetty259@gmail.com,DEP003,Manager,M.Tech,16.4,2023-06-03,Active,,250000,3
EMP00740,Saanvi Kumar,Female,2003-02-05,23,Married,Surat,Gujarat,26369,saanvi.kumar512@gmail.com,DEP010,Senior Associate,Diploma,5.3,2018-05-27,Resigned,2023-10-01,200000,3
EMP00741,Sneha Pillai,Female,1973-11-14,53,Single,Lucknow,Uttar Pradesh,2355744,sneha.pillai177@gmail.com,DEP007,Executive,MBA,11.7,2016-02-20,Active,,320000,3
EMP00742,Swati Ghosh,Female,1988-05-08,38,Single,Chennai,Tamil Nadu,,swati.ghosh451@hotmail.com,DEP012,Senior Manager,B.Sc,7.4,2024-06-17,Resigned,,250000,5
EMP00743,Krishna Agarwal,Male,1986-08-09,40,Divorced,Jaipur,Rajasthan,+917602066010,krishna.agarwal110@hotmail.com,DEP003,Intern,M.Com,0.5,2024-06-29,Active,,80000,4
EMP00744,Kavya Agarwal,Other,1997-09-08,29,Single,Chandigarh,Chandigarh,+918121521878,kavya.agarwal496@gmail.com,DEP003,Team Lead,B.A.,15.6,2022-04-30,Active,,130000,4
EMP00745,Vihaan Yadav,Male,1990-10-20,36,Single,Nagpur,Maharashtra,+918356673483,vihaan.yadav507@outlook.com,DEP004,Assistant Manager,M.Sc,8.0,2024-01-27,Active,,130000,
EMP00746,Aditya Reddy,Male,1986-10-07,40,Single,Mumbai,Maharashtra,+918665195060,aditya.reddy988@hotmail.com,DEP010,Vice President,B.Sc,10.8,2016-01-29,Resigned,2017-10-12,25000,3
EMP00747,Rohan Rao,Male,1999-10-27,27,Divorced,Surat,Gujarat,+918272219917,rohan.rao992@outlook.com,DEP010,Senior Analyst,MBA,28.8,2016-08-20,Terminated,2020-12-15,200000,5
EMP00748,Rahul Sharma,Male,1977-01-22,49,Married,Chennai,Tamil Nadu,1234568783,rahul.sharma336@yahoo.com,DEP003,Vice President,B.A.,10.2,2020-10-12,Resigned,,45000,2
EMP00749,Rohan Singh,Other,1968-07-27,58,Single,Ahmedabad,Gujarat,+917488587884,rohan.singh725@yahoo.com,DEP004,Associate,B.Tech,22.1,2018-03-12,Active,,130000,5
EMP00750,Krishna Yadav,Other,1985-10-25,41,Divorced,Noida,Uttar Pradesh,+918976095423,krishna.yadav@gmail,DEP009,Deputy General Manager,M.Tech,23.9,2026-01-21,Terminated,,80000,5
EMP00751,Manish Menon,Male,1984-07-18,42,Single,Bengaluru,Karnataka,+917703470988,manish.menon714@yahoo.com,DEP003,Manager,PhD,27.0,2015-07-26,On Notice Period,,60000,1
EMP00752,Riya Reddy,Female,1968-05-13,58,Single,Pune,Maharashtra,+918835558360,riya.reddy162@outlook.com,DEP010,Team Lead,M.Tech,10.4,2026-01-21,Active,,250000,3
EMP00753,AARAV NAIR,Other,1967-01-26,59,Single,Chandigarh,Chandigarh,+91-213947,aarav.nair449@outlook.com,DEP002,Consultant,B.Sc,2.9,2020-10-18,Resigned,2021-01-16,130000,2
EMP00754,Sanjay Ghosh,Male,1995-10-16,31,Divorced,Kolkata,West Bengal,+918102538290,sanjay.ghosh289@hotmail.com,DEP008,Senior Associate,B.Sc,12.4,2023-05-22,On Notice Period,,80000,5
EMP00755,Aman Gupta,Male,1971-07-01,55,Single,Jaipur,Rajasthan,+917578035869,aman.gupta375@yahoo.com,DEP008,Senior Manager,B.A.,1.0,2019-02-20,Active,,45000,2
EMP00756,Naveen Sharma,Male,1990-12-07,36,Married,Ghaziabad,Uttar Pradesh,+919432766928,naveen.sharma434@outlook.com,DEP010,Vice President,B.Tech,1.4,2017-02-19,Active,,25000,1
EMP00757,Naveen Bose,Other,2002-04-18,24,Married,Delhi,Delhi,+917908425867,naveen.bose673@outlook.com,DEP011,Deputy General Manager,M.Com,7.4,2024-04-27,Terminated,,320000,2
EMP00758,Reyansh Patel,Male,1968-03-28,58,Divorced,Bengaluru,Karnataka,+919773257038,reyansh.patel140@gmail.com,DEP011,Senior Analyst,PhD,16.2,2023-09-03,Active,,100000,5
EMP00759,Ishaan Bansal,Other,1968-08-08,58,Married,Jaipur,Rajasthan,+918879347451,ishaan.bansal947@hotmail.com,DEP010,Deputy General Manager,B.A.,22.7,2015-05-13,Terminated,2019-06-29,160000,
EMP00760,Myra Malhotra,Female,1979-03-12,47,Single,Ghaziabad,Uttar Pradesh,+916932553680,myra.malhotra672@rediffmail.com,DEP003,Senior Associate,Diploma,9.7,2017-06-09,Terminated,2020-03-09,250000,1
EMP00761,Aarav Rao,Male,1967-06-05,59,Divorced,Delhi,Delhi,+917774040710,aarav.rao@@gmail.com,DEP004,Deputy General Manager,M.Sc,19.7,2023-12-13,Active,,250000,1
EMP00762,Rahul Joshi,Male,1969-06-01,57,Married,Noida,Uttar Pradesh,+918218654539,rahul.joshi661@yahoo.com,DEP006,Team Lead,MBA,23.2,2023-12-18,On Notice Period,,250000,5
EMP00763,Aditya Desai,Male,1983-05-19,43,Married,Pune,Maharashtra,+919303491050,aditya.desai634@outlook.com,DEP012,Team Lead,M.Com,23.2,2016-01-18,On Notice Period,,25000,3
EMP00764,Saurabh Nair,Other,2004-04-22,22,Divorced,Chandigarh,Chandigarh,+918149597038,saurabh.nair574@yahoo.com,DEP005,Associate,MBA,5.4,2019-07-06,Active,,60000,2
EMP00765,Ramesh Malhotra,Male,2005-10-01,21,Married,Delhi,Delhi,+919928868681,ramesh.malhotra948@gmail.com,DEP004,Manager,PhD,12.0,2015-10-13,Terminated,2017-10-30,100000,1
EMP00766,Diya Rao,Other,2004-02-18,22,Single,Ahmedabad,Gujarat,+918119563063,diya.rao968@gmail.com,DEP012,Vice President,Diploma,26.7,2018-04-12,Resigned,2025-01-27,320000,3
EMP00767,Nikhil Patel,Other,1969-04-23,57,Divorced,Noida,Uttar Pradesh,+917402218345,nikhil.patel391@yahoo.com,DEP006,General Manager,MBA,29.3,2020-11-19,Active,,25000,5
EMP00768,Sanjay Agarwal,Male,1979-03-13,47,Single,Bengaluru,Karnataka,+919905152681,sanjay.agarwal741@outlook.com,DEP001,Team Lead,B.Tech,25.1,2022-09-06,Active,,160000,5
EMP00769,Manish Nair,Male,1991-11-22,35,Divorced,Pune,Maharashtra,+916332812118,manish.nair@@gmail.com,DEP005,Executive,B.A.,29.8,2017-06-13,On Notice Period,,35000,4
EMP00770,Aadhya Rao,Other,1989-03-15,37,Married,Chandigarh,Chandigarh,+916485957961,aadhya.rao617@outlook.com,DEP006,Consultant,PhD,23.8,2015-11-06,Active,,25000,4
EMP00771,Rahul Bansal,Male,1990-12-27,36,Single,Ahmedabad,Gujarat,+916055757182,rahul.bansal892@rediffmail.com,DEP002,Executive,Diploma,15.2,2018-03-11,Resigned,2022-09-25,60000,3
EMP00772,Saanvi Singh,Other,1966-12-25,60,Divorced,Hyderabad,Telangana,+919800752903,saanvi.singh150@yahoo.com,DEP004,Senior Manager,M.Sc,28.5,2022-05-09,Resigned,2023-07-21,320000,1
EMP00773,Nikhil Joshi,Other,2005-10-10,21,Divorced,Indore,Madhya Pradesh,+919119580144,nikhil.joshi486@outlook.com,DEP001,General Manager,M.Tech,24.4,2017-06-06,Active,,60000,2
EMP00774,Kavita Bansal,Other,1986-04-13,40,Married,Chennai,Tamil Nadu,+91-516097,kavita.bansal85@hotmail.com,DEP006,Executive,M.Com,24.1,2019-03-20,Active,,320000,4
EMP00775,Deepak Bansal,Male,1976-05-26,50,Divorced,Chennai,Tamil Nadu,+917569998177,deepak.bansal213@hotmail.com,DEP007,Senior Analyst,M.Com,18.4,2024-07-07,Resigned,,80000,5
EMP00776,Kavya Singh,Other,1979-08-25,47,Divorced,Coimbatore,Tamil Nadu,+919101883445,kavya.singh672@gmail.com,DEP009,Senior Manager,M.Sc,13.7,2025-06-21,Active,,45000,5
EMP00777,Rekha Pillai,Female,1975-12-26,51,Married,Kolkata,West Bengal,191734611196464,rekha.pillai177@yahoo.com,DEP006,Associate,M.Com,28.4,2019-01-01,On Notice Period,,320000,3
EMP00778,Swati Rao,Female,1972-03-12,54,Divorced,Hyderabad,Telangana,+918886539011,swati.rao959@rediffmail.com,DEP011,General Manager,B.Sc,2.3,2021-06-13,Active,,60000,5
EMP00779,  Rahul Kapoor  ,Male,2000-06-04,26,Single,Indore,Madhya Pradesh,+918664546009,rahul.kapoor665@yahoo.com,DEP003,Consultant,M.Com,21.8,2025-05-14,Active,,130000,1
EMP00780,Aman Agarwal,Other,1976-12-16,50,Married,Hyderabad,Telangana,+916579752538,aman.agarwal570@yahoo.com,DEP009,General Manager,M.Com,26.5,2026-03-31,Active,,60000,3
EMP00781,Saurabh Yadav,Male,1970-01-19,56,Divorced,Hyderabad,Telangana,+918000505116,saurabh.yadav60@hotmail.com,DEP001,Senior Manager,B.Sc,21.3,2020-12-30,Active,,60000,2
EMP00782,Rekha Mishra,Female,1992-03-15,34,Single,Bengaluru,Karnataka,+919092334625,rekha.mishra350@yahoo.com,DEP003,Associate,PhD,22.1,2016-06-18,Active,,130000,4
EMP00783,Priya Chopra,Other,1977-05-24,49,Divorced,Pune,Maharashtra,+918464725643,priya.chopra854@rediffmail.com,DEP008,Intern,B.Tech,5.3,2022-12-02,On Notice Period,,100000,3
EMP00784,Saanvi Bansal,Other,1996-07-08,30,Married,Indore,Madhya Pradesh,+919287284055,saanvi.bansal324@gmail.com,DEP003,General Manager,B.Com,14.2,2016-03-03,Active,,100000,4
EMP00785,Reyansh Gupta,Other,1983-05-17,43,Married,Noida,Uttar Pradesh,1234567842,reyansh.gupta789@outlook.com,DEP002,Consultant,M.Com,5.1,2018-12-03,Active,,250000,1
EMP00786,Divya Rao,Female,1968-11-01,58,Single,Jaipur,Rajasthan,+919967278629,divya.rao47@rediffmail.com,DEP006,Manager,B.Tech,8.4,2016-07-23,Active,,130000,5
EMP00787,Rohan Joshi,Male,1991-04-26,35,Married,Jaipur,Rajasthan,+91-462989,,DEP010,Manager,M.Tech,5.2,2015-05-13,Terminated,2019-12-22,130000,3
EMP00788,ramesh desai,Male,1998-11-11,28,Single,Ahmedabad,Gujarat,+917388766066,,DEP005,Team Lead,M.Sc,24.2,2017-04-30,Active,,200000,1
EMP00789,Vivaan Rao,Male,1981-08-17,45,Single,Surat,Gujarat,+916728530078,vivaan.rao192@rediffmail.com,DEP008,Vice President,B.Tech,1.7,2022-05-12,Active,,160000,3
EMP00790,Myra Bansal,Female,1967-03-22,59,Single,Ghaziabad,Uttar Pradesh,+919449856796,myra.bansal814@gmail.com,DEP001,Intern,M.Tech,29.8,2024-05-24,Active,,160000,1
EMP00791,Aadhya Reddy,Other,1974-08-05,52,Single,Ahmedabad,Gujarat,+919510513299,aadhya.reddy120@rediffmail.com,DEP009,Executive,M.Sc,19.2,2025-10-29,Active,,45000,5
EMP00792,Saurabh Ghosh,Male,1988-05-11,38,Married,Delhi,Delhi,+916064357165,saurabh.ghosh51@rediffmail.com,DEP010,Manager,M.Sc,19.5,2021-04-21,Active,,35000,2
EMP00793,Reyansh Singh,Male,1989-08-20,37,Divorced,Noida,Uttar Pradesh,+916413985757,reyansh.singh@@yahoo.com,DEP012,Vice President,MBA,12.7,2016-01-04,Resigned,2017-04-02,80000,5
EMP00794,vikram shetty,Male,2005-07-21,21,Divorced,Indore,Madhya Pradesh,+916890320434,vikram.shetty224@yahoo.com,DEP008,Senior Analyst,B.Com,10.2,2026-02-11,Terminated,,250000,5
EMP00795,Karan Pillai,Male,1975-12-24,51,Divorced,Ahmedabad,Gujarat,+918071842874,karan.pillai395@outlook.com,DEP008,Deputy General Manager,B.Com,3.4,2022-10-02,Active,,35000,1
EMP00796,Pooja Bose,Female,1993-02-28,33,Divorced,Mumbai,Maharashtra,+917381545825,pooja.bose923@hotmail.com,DEP002,Analyst,B.Com,19.3,2015-01-29,Active,,25000,
EMP00797,Ananya Kapoor,Other,2004-03-23,22,Married,Kolkata,West Bengal,+918884682270,ananya.kapoorrediffmail.com,DEP001,Vice President,MBA,2.1,2025-05-27,Active,,100000,5
EMP00798,Aadhya Mishra,Female,1976-06-02,50,Single,Ahmedabad,Gujarat,+918440741746,,DEP002,Deputy General Manager,Diploma,11.2,2018-07-13,Active,,160000,3
EMP00799,Kavita Shetty,Other,1986-02-18,40,Married,Delhi,Delhi,+918648899631,kavita.shetty595@gmail.com,DEP012,Associate,B.Com,21.0,2023-06-13,Active,,250000,5
EMP00800,Myra Malhotra,Other,1985-05-27,41,Divorced,Kolkata,West Bengal,+917053564559,myra.malhotra579@outlook.com,DEP003,Senior Associate,M.Tech,21.0,2022-03-11,Active,,25000,1
EMP00801,Rohan Iyer,Male,1979-11-04,47,Married,Bengaluru,Karnataka,+917672872145,rohan.iyer913@hotmail.com,DEP004,Assistant Manager,PhD,21.7,2020-11-19,Active,,130000,4
EMP00802,Isha Sharma,Female,1984-01-06,42,Single,Indore,Madhya Pradesh,+919060886817,isha.sharma845@outlook.com,DEP009,Deputy General Manager,B.A.,27.5,2015-06-06,Active,,35000,3
EMP00803,Riya Iyer,Female,1972-02-03,54,Single,Ahmedabad,Gujarat,+916779216690,riya.iyer111@rediffmail.com,DEP006,Senior Analyst,M.Com,18.2,2018-03-29,Active,,250000,1
EMP00804,SANJAY IYER,Male,1968-09-08,58,Married,Pune,Maharashtra,+919530158236,sanjay.iyer948@rediffmail.com,DEP004,Team Lead,M.Tech,18.1,2022-08-03,Active,,35000,2
EMP00805,naveen gupta,Male,1980-01-08,46,Single,Bengaluru,Karnataka,+918927031425,naveen.gupta364@gmail.com,DEP004,Team Lead,B.Sc,15.1,2015-07-11,On Notice Period,,80000,1
EMP00806,Suresh Gupta,Male,1969-10-17,57,Single,Surat,Gujarat,,,DEP001,Intern,PhD,23.2,2023-11-11,Active,,100000,1
EMP00807,Rahul Menon,Other,2002-10-07,24,Single,Indore,Madhya Pradesh,+917057235284,rahul.menon255@yahoo.com,DEP002,Senior Manager,Diploma,10.7,2018-06-12,Active,,60000,2
EMP00808,Swati Agarwal,Female,1968-08-14,58,Divorced,Ahmedabad,Gujarat,1234563842,swati.agarwal135@yahoo.com,DEP005,Senior Associate,B.Tech,10.2,2023-05-21,Active,,250000,5
EMP00809,Ritu Joshi,Female,1973-04-15,53,Married,Indore,Madhya Pradesh,+917209964925,ritu.joshi699@yahoo.com,DEP005,Assistant Manager,B.Sc,26.5,2018-02-13,Active,,60000,4
EMP00810,Myra Shetty,Female,1971-07-14,55,Divorced,Delhi,Delhi,+918510899758,myra.shetty675@gmail.com,DEP010,Senior Manager,MBA,23.8,2019-08-31,Active,,45000,4
EMP00811,Neha Chopra,Female,2000-10-28,26,Single,Kolkata,West Bengal,+919671195055,neha.chopra373@outlook.com,DEP011,Senior Manager,M.Sc,2.4,2023-09-09,Terminated,,130000,4
EMP00812,Vivaan Mishra,Male,1975-04-04,51,Divorced,Surat,Gujarat,+919284973787,vivaan.mishra887@hotmail.com,DEP005,Executive,B.Sc,3.0,2024-05-11,On Notice Period,,320000,2
EMP00813,Swati Iyer,Female,1984-10-08,42,Divorced,Kolkata,West Bengal,+916804097105,swati.iyer178@gmail.com,DEP010,Intern,PhD,17.3,2015-02-12,On Notice Period,,320000,3
EMP00814,Myra Reddy,Other,1968-09-09,58,Single,Ahmedabad,Gujarat,+919497915633,myra.reddy404@yahoo.com,DEP006,Senior Associate,M.Com,24.8,2016-08-26,Resigned,2022-05-27,25000,1
EMP00815,Swati Mishra,Other,1977-04-19,49,Married,Indore,Madhya Pradesh,+919469051611,swati.mishra475@outlook.com,DEP012,Team Lead,M.Tech,18.7,2022-11-05,On Notice Period,,100000,2
EMP00816,Anil Patel,Male,1990-06-22,36,Divorced,Delhi,Delhi,+916508465330,anil.patel540@gmail.com,DEP008,Senior Associate,MBA,7.8,2016-11-09,Active,,320000,5
EMP00817,Deepak Sharma,Male,1969-04-02,57,Divorced,Coimbatore,Tamil Nadu,+919664116245,deepak.sharma673@yahoo.com,DEP011,Intern,M.Com,1.0,2018-10-02,Resigned,2023-10-29,35000,5
EMP00818,Kritika Chaudhary,Other,1980-10-15,46,Married,Ahmedabad,Gujarat,+919183413283,kritika.chaudhary@gmail,DEP010,Senior Manager,M.Sc,18.2,2020-01-02,Active,,250000,5
EMP00819,Gaurav Joshi,Male,1976-03-16,50,Married,Coimbatore,Tamil Nadu,+918540998774,gaurav.joshi162@hotmail.com,DEP002,Consultant,M.Tech,12.0,2025-11-21,Active,,130000,3
EMP00820,Gaurav Kumar,Other,1974-08-03,52,Married,Bengaluru,Karnataka,+916020954104,gaurav.kumar767@gmail.com,DEP001,Executive,MBA,21.6,2015-06-23,Active,,80000,4
EMP00821,Sanjay Malhotra,Other,1971-03-13,55,Divorced,Jaipur,Rajasthan,+919841334281,sanjay.malhotra146@gmail.com,DEP005,Senior Associate,M.Sc,23.7,2017-11-13,Resigned,2024-04-26,200000,4
EMP00822,Aarav Menon,Male,1983-05-27,43,Divorced,Mumbai,Maharashtra,1234562517,aarav.menon375@yahoo.com,DEP003,Consultant,B.A.,14.9,2017-04-17,Active,,45000,3
EMP00823,Rekha Chaudhary,Female,1967-10-24,59,Divorced,Ahmedabad,Gujarat,+919164045992,rekha.chaudhary202@hotmail.com,DEP002,Manager,M.Sc,4.2,2017-03-08,Active,,25000,2
EMP00824,Rohan Chopra,Male,2005-07-19,21,Divorced,Noida,Uttar Pradesh,+919265929282,rohan.chopra212@yahoo.com,DEP007,Intern,MBA,4.9,2024-07-26,Resigned,,25000,1
EMP00825,Vihaan Agarwal,Male,1992-10-23,34,Single,Noida,Uttar Pradesh,+919736328030,vihaan.agarwal328@outlook.com,DEP008,Vice President,B.A.,3.7,2018-08-13,Active,,35000,4
EMP00826,Arjun Joshi,Male,1968-08-09,58,Married,Jaipur,Rajasthan,+918568639361,arjun.joshi661@gmail.com,DEP009,Consultant,Diploma,23.3,2023-06-02,Active,,160000,4
EMP00827,Kavita Bose,Other,1984-04-25,42,Married,Coimbatore,Tamil Nadu,+919308227461,kavita.bose@@rediffmail.com,DEP006,Intern,MBA,18.0,2019-12-02,Resigned,2024-05-02,250000,4
EMP00828,Sarika Ghosh,Other,1968-10-01,58,Divorced,Ghaziabad,Uttar Pradesh,+917178300515,sarika.ghosh940@gmail.com,DEP003,Intern,M.Tech,19.0,2016-03-28,Active,,320000,2
EMP00829,Ritu Bansal,Other,1986-11-13,40,Married,Lucknow,Uttar Pradesh,+919313723314,ritu.bansal58@hotmail.com,DEP008,Executive,B.Com,17.6,2016-07-04,Active,,200000,1
EMP00830,Anjali Pillai,Other,2005-03-08,21,Divorced,Surat,Gujarat,+916678851951,anjali.pillai97@rediffmail.com,DEP002,Associate,M.Sc,8.0,2018-07-09,On Notice Period,,35000,3
EMP00831,Divya Kapoor,Other,1999-01-21,27,Single,Nagpur,Maharashtra,+916173203693,divya.kapoor411@yahoo.com,DEP003,General Manager,B.Tech,25.1,2015-02-10,Active,,160000,2
EMP00832,Deepak Patel,Other,1977-11-19,49,Single,Indore,Madhya Pradesh,+916499396954,deepak.patel876@rediffmail.com,DEP012,Senior Analyst,PhD,13.7,2016-06-17,Active,,160000,2
EMP00833,Myra Gupta,Other,1966-09-25,60,Married,Ghaziabad,Uttar Pradesh,+918409361364,myra.gupta980@outlook.com,DEP007,Intern,B.Com,6.2,2021-02-09,Terminated,2022-09-16,80000,1
EMP00834,Suresh Chopra,Male,1969-05-10,57,Divorced,Indore,Madhya Pradesh,+919638553307,suresh.chopra892@hotmail.com,DEP004,Deputy General Manager,B.A.,27.9,2019-12-30,Active,,100000,4
EMP00835,Nisha Chaudhary,Other,1974-11-10,52,Divorced,Ahmedabad,Gujarat,+916291660711,nisha.chaudhary977@rediffmail.com,DEP008,Deputy General Manager,B.Tech,6.7,2019-04-01,Active,,45000,1
EMP00836,Meera Joshi,Other,1981-05-20,45,Married,Lucknow,Uttar Pradesh,+917329250457,meera.joshi272@rediffmail.com,DEP003,Associate,M.Sc,2.7,2017-11-24,Active,,35000,5
EMP00837,manish ghosh,Male,1975-01-03,51,Single,Chennai,Tamil Nadu,+917097757437,manish.ghosh238@gmail.com,DEP008,Associate,B.Com,2.5,2021-07-12,Active,,80000,3
EMP00838,Sarika Rao,Female,1973-07-08,53,Single,Ghaziabad,Uttar Pradesh,+919549876336,sarika.rao93@yahoo.com,DEP005,Executive,MBA,24.3,2021-04-22,Resigned,2022-09-13,320000,4
EMP00839,Divya Singh,Female,1978-08-27,48,Divorced,Coimbatore,Tamil Nadu,+916752086557,divya.singh838@rediffmail.com,DEP002,Senior Associate,B.Tech,3.0,2019-08-18,Active,,200000,5
EMP00840,Saurabh Yadav,Male,1974-02-20,52,Married,Ghaziabad,Uttar Pradesh,+91-835451,saurabh.yadav153@yahoo.com,DEP004,Vice President,B.Sc,19.3,2021-10-18,On Notice Period,,250000,2
EMP00841,Shreya Menon,Female,1974-02-25,52,Divorced,Chennai,Tamil Nadu,+919653925550,shreya.menon155@yahoo.com,DEP009,Consultant,Diploma,6.3,2026-01-04,On Notice Period,,60000,1
EMP00842,Anil Verma,Male,1966-09-25,60,Single,Pune,Maharashtra,+919437949373,anil.verma18@hotmail.com,DEP011,Consultant,B.A.,1.1,2021-07-30,On Notice Period,,160000,2
EMP00843,Ishaan Reddy,Other,2005-06-13,21,Divorced,Pune,Maharashtra,+918362757241,ishaan.reddy826@gmail.com,DEP004,Senior Associate,B.Com,17.7,2020-07-12,Active,,100000,2
EMP00844,Krishna Verma,Male,1992-12-24,34,Married,Kolkata,West Bengal,+919247101449,krishna.verma@rediffmail,DEP011,Senior Analyst,M.Com,15.7,2021-08-25,Terminated,2022-03-14,45000,2
EMP00845,Suresh Desai,Other,1968-05-19,58,Married,Indore,Madhya Pradesh,+919070231730,suresh.desai59@rediffmail.com,DEP009,Associate,B.Com,4.1,2019-02-05,Active,,25000,5
EMP00846,Rohan Desai,Male,1980-08-07,46,Divorced,Noida,Uttar Pradesh,+919795568840,rohan.desai407@yahoo.com,DEP002,Vice President,B.A.,10.0,2023-11-07,Active,,25000,2
EMP00847,Myra Verma,Female,1983-02-15,43,Married,Surat,Gujarat,718775230838104,myra.verma179@yahoo.com,DEP012,Consultant,M.Com,24.5,2019-05-05,Resigned,2020-05-07,250000,2
EMP00848,Saanvi Chopra,Female,1976-01-10,50,Single,Coimbatore,Tamil Nadu,+918561971957,saanvi.chopra776@hotmail.com,DEP008,Senior Associate,B.Tech,5.5,2024-07-15,Active,,35000,2
EMP00849,Ritu Chaudhary,Other,1972-06-18,54,Single,Kolkata,West Bengal,+916010602924,ritu.chaudhary335@gmail.com,DEP007,Manager,B.Tech,16.8,2023-07-28,Terminated,,60000,2
EMP00850,Nisha Patel,Female,1995-10-14,31,Divorced,Indore,Madhya Pradesh,+918716631306,nisha.patel975@outlook.com,DEP006,Intern,B.A.,10.5,2026-04-19,Active,,45000,1
EMP00851,ANIL GUPTA,Male,1973-04-19,53,Married,Coimbatore,Tamil Nadu,454019585501179,anil.gupta923@outlook.com,DEP007,Deputy General Manager,M.Sc,0.6,2019-03-10,Terminated,2025-02-09,25000,5
EMP00852,Karan Chaudhary,Other,1980-07-20,46,Married,Bengaluru,Karnataka,+916427442215,karan.chaudhary661@hotmail.com,DEP007,Executive,PhD,7.5,2021-09-27,Active,,25000,3
EMP00853,Vivaan Bansal,Male,1981-12-06,45,Married,Chandigarh,Chandigarh,+917184351892,vivaan.bansal504@outlook.com,DEP007,General Manager,B.A.,17.5,2015-05-02,On Notice Period,,60000,2
EMP00854,Riya Kumar,Other,1994-11-27,85,Divorced,Hyderabad,Telangana,+918532643052,riya.kumar232@gmail.com,DEP002,Intern,B.Com,0.8,2021-07-21,On Notice Period,,200000,5
EMP00855,Suresh Mishra,Other,1975-05-04,51,Divorced,Hyderabad,Telangana,+918177661869,suresh.mishra@@hotmail.com,DEP008,Vice President,Diploma,15.4,2020-05-05,Terminated,2021-12-20,130000,4
EMP00856,Aadhya Sharma,Female,1967-03-15,99,Divorced,Hyderabad,Telangana,+918593540282,aadhya.sharma59@gmail.com,DEP007,Analyst,B.A.,9.3,2025-01-09,Active,,250000,4
EMP00857,Krishna Bansal,Male,1968-01-22,58,Single,Chandigarh,Chandigarh,+917970736184,krishna.bansal42@rediffmail.com,DEP001,Assistant Manager,M.Sc,21.6,2020-12-24,Active,,60000,5
EMP00858,Meera Nair,Female,1983-05-08,43,Divorced,Indore,Madhya Pradesh,+918740069838,meera.nair875@rediffmail.com,DEP007,Senior Analyst,Diploma,13.1,2018-01-15,Active,,45000,5
EMP00859,Ishaan Ghosh,Other,1987-05-17,39,Married,Pune,Maharashtra,+919425822796,ishaan.ghosh231@rediffmail.com,DEP011,Senior Manager,Diploma,13.6,2016-04-19,Active,,35000,3
EMP00860,Aadhya Gupta,Other,1971-06-03,55,Married,Pune,Maharashtra,+917307367417,aadhya.gupta609@outlook.com,DEP012,Vice President,MBA,11.7,2024-07-10,Active,,60000,3
EMP00861,Rahul Agarwal,Male,1976-04-22,50,Married,Bengaluru,Karnataka,+918459268958,rahul.agarwal273@yahoo.com,DEP004,Senior Associate,B.A.,7.1,2019-01-23,Terminated,2022-09-01,130000,2
EMP00862,Vivaan Singh,Male,1999-11-21,27,Married,Noida,Uttar Pradesh,+916791162587,,DEP004,Senior Associate,M.Tech,8.1,2020-08-15,Resigned,,80000,2
EMP00863,Kavita Pillai,Other,2004-08-20,22,Married,Pune,Maharashtra,+917430959235,kavita.pillai851@hotmail.com,DEP006,Senior Associate,B.Com,15.7,2025-07-10,Active,,80000,4
EMP00864,Kritika Reddy,Female,1977-09-15,49,Single,Delhi,Delhi,+916206625705,kritika.reddy752@outlook.com,DEP003,Deputy General Manager,B.Com,29.8,2015-05-19,Active,,250000,2
EMP00865,Karan Gupta,Male,2000-10-25,26,Married,Chennai,Tamil Nadu,+919532607672,karan.gupta989@outlook.com,DEP007,Team Lead,PhD,29.2,2020-08-08,Active,,80000,3
EMP00866,Sunita Mishra,Female,1995-05-15,31,Divorced,Bengaluru,Karnataka,+916915252420,,DEP002,Analyst,B.A.,2.3,2020-10-27,On Notice Period,,160000,2
EMP00867,Manish Chopra,Male,2001-04-18,85,Divorced,Mumbai,Maharashtra,+917495247443,manish.chopra126@outlook.com,DEP006,Deputy General Manager,PhD,24.8,2021-01-31,On Notice Period,,160000,5
EMP00868,Priya Joshi,Female,2005-10-19,21,Divorced,Jaipur,Rajasthan,+918024321700,priya.joshi550@yahoo.com,DEP004,Consultant,B.Com,23.5,2026-03-03,Terminated,,35000,4
EMP00869,Rohan Bansal,Other,1976-08-05,50,Single,Chennai,Tamil Nadu,+917307054021,rohan.bansal3@rediffmail.com,DEP004,Executive,M.Tech,8.6,2026-05-02,Active,,25000,5
EMP00870,Reyansh Shetty,Male,1997-01-06,29,Married,Pune,Maharashtra,+918585991704,reyansh.shetty691@hotmail.com,DEP008,Consultant,MBA,17.1,2016-12-17,Terminated,2017-06-05,80000,5
EMP00871,Ishaan Nair,Male,1969-12-27,57,Married,Noida,Uttar Pradesh,+918979155004,ishaan.nair983@outlook.com,DEP009,Associate,M.Sc,29.1,2016-08-23,Active,,80000,4
EMP00872,Ramesh Bansal,Male,1983-10-07,43,Single,Lucknow,Uttar Pradesh,+917291222713,ramesh.bansal679@gmail.com,DEP004,Consultant,Diploma,38.7,2025-03-16,Terminated,,320000,5
EMP00873,Vihaan Patel,Male,1984-08-22,42,Single,Lucknow,Uttar Pradesh,+916781261553,vihaan.patel@rediffmail,DEP001,Vice President,B.Tech,13.4,2025-11-14,Active,,200000,2
EMP00874,Isha Nair,Female,1971-09-04,55,Divorced,Chandigarh,Chandigarh,+918515856512,isha.nair816@hotmail.com,DEP002,Consultant,Diploma,35.3,2019-09-23,On Notice Period,,130000,2
EMP00875,Anil Kapoor,Male,1978-07-23,48,Divorced,Lucknow,Uttar Pradesh,1234566119,anil.kapoor171@outlook.com,DEP005,Consultant,Diploma,9.4,2018-11-30,Active,,250000,1
EMP00876,ananya verma,Other,1981-10-17,45,Single,Lucknow,Uttar Pradesh,+916601203111,ananya.verma661@outlook.com,DEP010,Associate,B.A.,16.2,2026-05-04,Active,,130000,5
EMP00877,Krishna Iyer,Other,1979-08-18,47,Divorced,Jaipur,Rajasthan,+919672973728,krishna.iyer983@yahoo.com,DEP009,Vice President,MBA,0.0,2018-08-31,Terminated,2020-01-09,45000,4
EMP00878,Krishna Gupta,Male,1974-03-17,52,Married,Chennai,Tamil Nadu,+919627180858,krishna.gupta596@outlook.com,DEP009,Associate,MBA,20.2,2022-02-09,Active,,130000,1
EMP00879,Myra Verma,Female,1971-09-28,55,Married,Delhi,Delhi,+919519003660,myra.verma714@outlook.com,DEP010,Team Lead,MBA,27.5,2026-06-08,Active,,130000,3
EMP00880,Riya Desai,Female,1983-01-06,43,Married,Surat,Gujarat,+916330928727,riya.desai404@gmail.com,DEP006,General Manager,B.Com,24.8,2022-11-20,Resigned,,100000,2
EMP00881,Divya Bose,Female,2001-12-02,25,Married,Coimbatore,Tamil Nadu,+918524283530,divya.bose745@yahoo.com,DEP006,General Manager,M.Tech,25.8,2019-08-28,Resigned,2020-08-26,320000,4
EMP00882,Anil Sharma,Male,1982-08-25,44,Married,Hyderabad,Telangana,+916273337583,anil.sharma97@yahoo.com,DEP010,Vice President,B.Sc,0.8,2025-03-21,On Notice Period,,25000,1
EMP00883,Saanvi Kumar,Female,2004-02-11,22,Divorced,Indore,Madhya Pradesh,+916437948085,saanvi.kumar859@outlook.com,DEP002,Vice President,MBA,16.5,2016-10-09,Active,,45000,5
EMP00884,Anjali Rao,Female,1985-12-05,41,Single,Nagpur,Maharashtra,+916829344645,anjali.rao471@yahoo.com,DEP010,General Manager,M.Sc,22.9,2024-12-11,Active,,130000,4
EMP00885,Ananya Bose,Female,2005-07-12,21,Married,Ahmedabad,Gujarat,+917278947318,ananya.bose900@rediffmail.com,DEP011,General Manager,Diploma,14.6,2025-10-03,On Notice Period,,200000,1
EMP00886,Saanvi Rao,Female,1985-03-01,41,Divorced,Pune,Maharashtra,+916357321056,saanvi.rao13@rediffmail.com,DEP008,General Manager,B.A.,5.6,2023-07-25,Active,,320000,2
EMP00887,Vikram Yadav,Male,1981-09-02,45,Divorced,Indore,Madhya Pradesh,+916653649314,vikram.yadav975@outlook.com,DEP001,Manager,M.Sc,15.7,2022-03-31,Active,,45000,1
EMP00888,Riya Verma,Female,1992-05-27,34,Single,Lucknow,Uttar Pradesh,+91-470212,riya.verma822@hotmail.com,DEP007,Assistant Manager,M.Tech,27.2,2025-12-12,Active,,130000,1
EMP00889,Ananya Mishra,Female,1999-06-28,27,Divorced,Chandigarh,Chandigarh,+919105680847,ananya.mishra447@hotmail.com,DEP012,General Manager,MBA,1.8,2018-09-05,Terminated,2023-01-12,45000,4
EMP00890,Ishaan Reddy,Male,1971-04-03,55,Single,Coimbatore,Tamil Nadu,+918198986287,ishaan.reddy63@rediffmail.com,DEP007,Consultant,B.Tech,8.3,2018-12-18,Active,,80000,4
EMP00891,Ramesh Sharma,Male,1970-01-28,56,Divorced,Chandigarh,Chandigarh,+918948021551,ramesh.sharma142@yahoo.com,DEP011,Deputy General Manager,B.Com,28.5,2016-04-24,Active,,35000,2
EMP00892,Karan Shetty,Male,1991-03-25,35,Married,Nagpur,Maharashtra,+917490385181,karan.shetty173@rediffmail.com,DEP009,Executive,B.Com,10.3,2019-07-12,Active,,45000,2
EMP00893,Vivaan Shetty,Other,1980-04-13,46,Single,Coimbatore,Tamil Nadu,,vivaan.shetty364@gmail.com,DEP007,Senior Manager,B.Com,16.8,2022-10-16,Resigned,2025-10-28,250000,2
EMP00894,Pooja Joshi,Female,1993-04-21,33,Single,Chandigarh,Chandigarh,+919138592575,pooja.joshiyahoo.com,DEP002,Senior Analyst,MBA,21.6,2024-10-14,Resigned,,320000,1
EMP00895,Rekha Gupta,Female,1983-10-21,43,Single,Lucknow,Uttar Pradesh,+918449743178,rekha.gupta766@yahoo.com,DEP012,Executive,B.Sc,25.1,2024-01-17,Terminated,2025-12-30,250000,3
EMP00896,Ritu Menon,Female,1979-08-11,47,Single,Hyderabad,Telangana,+917671824382,ritu.menon533@hotmail.com,DEP009,Vice President,M.Sc,7.1,2016-12-31,Resigned,2019-12-02,100000,1
EMP00897,Aman Verma,Male,1984-12-04,42,Divorced,Ahmedabad,Gujarat,+918580973439,aman.verma15@gmail.com,DEP005,Associate,MBA,11.5,2024-02-21,Active,,80000,4
EMP00898,Gaurav Gupta,Male,1994-07-26,32,Married,Ahmedabad,Gujarat,3577432,gaurav.gupta450@gmail.com,DEP008,Manager,B.A.,1.9,2019-11-12,Resigned,2024-05-02,35000,3
EMP00899,Naveen Bose,Male,1985-10-21,41,Single,Jaipur,Rajasthan,+919044335278,naveen.bose258@outlook.com,DEP012,Vice President,B.A.,18.0,2017-07-23,On Notice Period,,25000,4
EMP00900,Krishna Yadav,Male,1979-08-02,47,Divorced,Kolkata,West Bengal,+916567790528,krishna.yadav45@yahoo.com,DEP007,Analyst,B.A.,17.0,2016-03-20,Terminated,2019-01-15,35000,2
EMP00901,Ritu Chaudhary,Other,1980-04-01,46,Married,Nagpur,Maharashtra,+918796181941,ritu.chaudhary687@yahoo.com,DEP009,Manager,B.Sc,10.2,2024-02-17,Active,,45000,2
EMP00902,Ritu Chopra,Female,1975-07-18,51,Divorced,Delhi,Delhi,1234568712,ritu.chopra713@gmail.com,DEP005,Senior Manager,B.Sc,10.2,2025-08-03,Terminated,,80000,1
EMP00903,Sneha Yadav,Female,1992-05-08,34,Single,Jaipur,Rajasthan,+918996641434,sneha.yadav580@rediffmail.com,DEP010,Executive,M.Tech,1.7,2017-06-25,On Notice Period,,45000,3
EMP00904,Rahul Ghosh,Male,1969-05-22,57,Single,Noida,Uttar Pradesh,+916581196260,rahul.ghosh364@hotmail.com,DEP010,Executive,B.A.,15.8,2020-02-10,Active,,250000,1
EMP00905,Neha Desai,Other,1968-11-23,58,Divorced,Surat,Gujarat,+918062610777,neha.desai674@gmail.com,DEP012,Team Lead,Diploma,23.2,2019-06-04,Active,,160000,2
EMP00906,Myra Agarwal,Other,1967-11-26,59,Married,Kolkata,West Bengal,+917704826608,myra.agarwal191@hotmail.com,DEP010,Deputy General Manager,B.Sc,1.7,2025-02-14,Active,,250000,3
EMP00907,Neha Bose,Other,2002-03-10,24,Married,Indore,Madhya Pradesh,+919493218128,neha.bose824@gmail.com,DEP005,Assistant Manager,B.A.,18.5,2018-12-25,Active,,100000,4
EMP00908,Ananya Singh,Female,1998-07-17,28,Single,Delhi,Delhi,+919354340535,ananya.singh453@outlook.com,DEP002,Senior Manager,M.Com,11.8,2018-02-09,On Notice Period,,320000,3
EMP00909,  Meera Yadav  ,Female,1985-03-15,41,Married,Surat,Gujarat,+918596502481,,DEP009,Senior Analyst,B.Com,13.5,2021-11-06,Active,,60000,2
EMP00910,Nikhil Kapoor,Other,2003-11-11,23,Divorced,Kolkata,West Bengal,+916629858270,nikhil.kapoor319@rediffmail.com,DEP009,Executive,M.Tech,6.3,2026-01-14,Active,,60000,1
EMP00911,Suresh Mishra,Male,1986-08-14,40,Single,Lucknow,Uttar Pradesh,+918333397405,suresh.mishra735@gmail.com,DEP001,Consultant,B.Com,1.2,2022-11-02,On Notice Period,,45000,5
EMP00912,Anil Chaudhary,Male,1989-03-06,37,Single,Ghaziabad,Uttar Pradesh,+918603460599,anil.chaudhary669@hotmail.com,DEP004,Vice President,M.Sc,20.2,2019-03-09,On Notice Period,,35000,3
EMP00913,Aarav Sharma,Male,1983-03-11,43,Single,Bengaluru,Karnataka,+917555864934,aarav.sharma348@rediffmail.com,DEP002,Team Lead,PhD,6.8,2026-06-30,Active,,25000,3
EMP00914,Rekha Kapoor,Female,1985-12-10,41,Married,Kolkata,West Bengal,+919855512600,rekha.kapoor894@yahoo.com,DEP002,Senior Analyst,Diploma,20.7,2024-01-12,Active,,200000,4
EMP00915,Ananya Patel,Female,1982-01-27,44,Divorced,Indore,Madhya Pradesh,+916017391737,ananya.patel978@rediffmail.com,DEP009,Intern,B.Sc,3.8,2022-01-11,Active,,60000,1
EMP00916,Nikhil Malhotra,Male,2002-12-27,24,Married,Hyderabad,Telangana,+917751815494,nikhil.malhotra390@gmail.com,DEP001,Intern,B.Sc,3.1,2021-04-15,Resigned,2022-06-20,160000,1
EMP00917,Shreya Verma,Other,2002-10-09,24,Single,Ghaziabad,Uttar Pradesh,+919589581251,shreya.verma749@outlook.com,DEP007,Senior Associate,M.Sc,27.5,2018-07-16,On Notice Period,,320000,4
EMP00918,Manish Joshi,Other,1993-06-28,33,Single,Lucknow,Uttar Pradesh,+916013770681,manish.joshi237@rediffmail.com,DEP010,Manager,B.Sc,18.3,2016-03-11,Active,,250000,3
EMP00919,Gaurav Reddy,Male,1997-03-22,29,Single,Coimbatore,Tamil Nadu,+919168151741,gaurav.reddy296@outlook.com,DEP008,General Manager,B.A.,21.5,2022-05-02,Active,,35000,4
EMP00920,Arjun Patel,Male,1988-05-21,38,Divorced,Delhi,Delhi,+919037613040,arjun.patel966@gmail.com,DEP007,Associate,B.A.,23.2,2023-09-23,Active,,60000,3
EMP00921,Isha Chopra,Female,2002-04-14,24,Single,Ghaziabad,Uttar Pradesh,+918378874009,isha.chopra944@hotmail.com,DEP008,Vice President,M.Tech,9.9,2016-06-03,Resigned,2023-03-29,80000,2
EMP00922,Arjun Mishra,Male,1986-05-26,40,Married,Pune,Maharashtra,+916127374514,arjun.mishra223@hotmail.com,DEP001,Team Lead,B.Tech,21.3,2025-01-06,Active,,25000,4
EMP00923,Ajay Kapoor,Male,1982-02-13,44,Single,Pune,Maharashtra,+916533547232,ajay.kapoorgmail.com,DEP002,Analyst,M.Sc,16.6,2017-05-17,On Notice Period,,25000,3
EMP00924,Swati Singh,Other,1985-07-26,41,Married,Noida,Uttar Pradesh,+919355252293,swati.singh644@outlook.com,DEP008,Senior Manager,PhD,10.7,2015-01-19,Active,,45000,3
EMP00925,Aditya Joshi,Other,1995-04-10,31,Married,Jaipur,Rajasthan,+919806937333,aditya.joshi744@hotmail.com,DEP001,Consultant,B.Com,4.3,2017-07-15,On Notice Period,,130000,2
EMP00926,KARAN IYER,Male,1988-07-27,38,Married,Lucknow,Uttar Pradesh,+916664710852,karan.iyer644@rediffmail.com,DEP002,General Manager,B.Tech,25.6,2019-09-07,Terminated,2024-04-28,60000,4
EMP00927,Ajay Joshi,Other,2000-06-27,26,Single,Kolkata,West Bengal,+916694608970,ajay.joshi9@rediffmail.com,DEP004,Senior Associate,MBA,20.8,2021-10-10,Terminated,2025-06-09,25000,5
EMP00928,Manish Menon,Male,1988-08-04,38,Married,Mumbai,Maharashtra,+916947713189,manish.menon10@rediffmail.com,DEP001,Senior Manager,MBA,28.7,2024-10-09,Active,,35000,2
EMP00929,Myra Patel,Female,1982-02-09,44,Single,Lucknow,Uttar Pradesh,+91-468786,myra.patel722@yahoo.com,DEP005,Assistant Manager,B.Tech,11.8,2021-03-25,Terminated,2022-03-03,250000,3
EMP00930,Ananya Singh,Other,1968-10-06,58,Divorced,Noida,Uttar Pradesh,+917638110521,ananya.singh491@yahoo.com,DEP012,Analyst,B.Tech,13.9,2019-01-06,On Notice Period,,35000,1
EMP00931,ANANYA GHOSH,Other,1988-08-14,38,Married,Surat,Gujarat,+918277821993,ananya.ghosh568@rediffmail.com,DEP009,Deputy General Manager,MBA,25.1,2016-07-18,Active,,250000,5
EMP00932,Deepak Gupta,Male,2001-08-15,25,Married,Coimbatore,Tamil Nadu,1234569717,deepak.gupta236@gmail.com,DEP012,Executive,M.Tech,14.9,2015-12-27,Active,,160000,4
EMP00933,Riya Joshi,Other,1984-10-16,42,Single,Chennai,Tamil Nadu,+918085454632,riya.joshi535@outlook.com,DEP008,Manager,Diploma,13.1,2019-10-18,On Notice Period,,80000,1
EMP00934,Suresh Ghosh,Male,1974-04-26,52,Married,Delhi,Delhi,+917695375675,suresh.ghosh929@gmail.com,DEP006,Analyst,MBA,27.7,2023-03-30,Active,,45000,5
EMP00935,Krishna Iyer,Other,1987-05-17,39,Single,Pune,Maharashtra,+919745187338,krishna.iyer141@yahoo.com,DEP011,Executive,B.Sc,20.7,2022-08-23,Terminated,2024-05-30,100000,1
EMP00936,suresh menon,Other,1994-03-23,32,Single,Kolkata,West Bengal,+919088846337,suresh.menon197@yahoo.com,DEP007,Deputy General Manager,M.Tech,25.6,2023-02-12,Active,,100000,2
EMP00937,Aarav Gupta,Male,1993-12-15,33,Divorced,Surat,Gujarat,+919184499244,aarav.gupta339@rediffmail.com,DEP008,Intern,M.Com,26.7,2020-06-12,Active,,250000,5
EMP00938,Aadhya Agarwal,Female,1985-01-28,41,Single,Pune,Maharashtra,+918940878196,aadhya.agarwal541@outlook.com,DEP008,Vice President,MBA,26.6,2025-03-01,Active,,160000,4
EMP00939,Karan Malhotra,Male,1973-10-04,53,Single,Chennai,Tamil Nadu,+918182679934,karan.malhotra595@rediffmail.com,DEP004,Executive,M.Tech,18.7,2015-05-22,Active,,35000,1
EMP00940,Aditya Shetty,Male,1998-05-25,28,Single,Kolkata,West Bengal,+917766222487,aditya.shetty369@hotmail.com,DEP009,General Manager,M.Tech,3.8,2022-10-08,Resigned,,200000,1
EMP00941,Sunita Nair,Female,1988-03-09,38,Single,Mumbai,Maharashtra,+918016201845,sunita.nair459@rediffmail.com,DEP003,General Manager,M.Com,24.2,2020-07-30,Active,,35000,5
EMP00942,Arjun Mishra,Male,1967-02-02,59,Divorced,Chandigarh,Chandigarh,48322,,DEP011,Senior Analyst,M.Com,21.7,2021-09-02,Active,,45000,3
EMP00943,Sunita Desai,Female,2001-11-24,25,Divorced,Hyderabad,Telangana,+918751302092,sunita.desai29@gmail.com,DEP001,Consultant,B.A.,13.8,2022-03-13,On Notice Period,,80000,1
EMP00944,ritu shetty,Female,1987-01-03,39,Single,Coimbatore,Tamil Nadu,+919926622206,ritu.shetty199@yahoo.com,DEP009,Deputy General Manager,B.Tech,8.0,2021-04-26,Active,,35000,1
EMP00945,Nisha Kumar,Other,1973-09-04,53,Single,Jaipur,Rajasthan,+916833772554,nisha.kumar976@outlook.com,DEP011,Executive,B.Com,8.0,2025-02-03,Terminated,,130000,5
EMP00946,Krishna Bansal,Other,2005-07-16,21,Divorced,Pune,Maharashtra,+917455695759,krishna.bansal165@rediffmail.com,DEP004,Team Lead,B.Com,25.3,2015-10-07,On Notice Period,,160000,3
EMP00947,Naveen Iyer,Male,1985-03-12,41,Single,Ahmedabad,Gujarat,+917701336575,naveen.iyer447@gmail.com,DEP012,Analyst,M.Com,20.4,2016-01-18,On Notice Period,,130000,3
EMP00948,Aarav Bose,Male,1967-05-27,59,Married,Kolkata,West Bengal,+918856103053,aarav.bose422@yahoo.com,DEP012,Intern,MBA,15.1,2025-06-27,Active,,160000,3
EMP00949,Nisha Malhotra,Female,1981-12-04,45,Single,Indore,Madhya Pradesh,+917775374698,nisha.malhotra818@hotmail.com,DEP006,Associate,M.Tech,26.7,2026-02-27,Resigned,,45000,2
EMP00950,Ajay Verma,Male,2001-10-23,25,Married,Kolkata,West Bengal,+919607025882,ajay.verma229@gmail.com,DEP008,Team Lead,B.Com,0.6,2019-03-29,Resigned,2022-04-23,35000,4
EMP00951,Kritika Iyer,Female,1975-09-05,51,Divorced,Lucknow,Uttar Pradesh,+919538476413,kritika.iyer231@outlook.com,DEP003,Manager,M.Sc,15.7,2021-03-29,Resigned,2026-06-18,250000,3
EMP00952,Vihaan Nair,Male,1988-12-11,38,Divorced,Delhi,Delhi,+918651198160,vihaan.nair473@yahoo.com,DEP003,Associate,PhD,17.8,2016-06-11,On Notice Period,,100000,4
EMP00953,Nikhil Chopra,Male,1991-12-07,35,Divorced,Coimbatore,Tamil Nadu,+917489678037,nikhil.chopra779@rediffmail.com,DEP005,Associate,PhD,27.3,2021-04-01,Active,,100000,1
EMP00954,Kavya Desai,Other,1993-02-11,33,Single,Hyderabad,Telangana,+919221601964,kavya.desai66@rediffmail.com,DEP009,Consultant,B.Com,12.5,2020-03-07,On Notice Period,,35000,4
EMP00955,Sneha Singh,Female,1972-11-13,54,Married,Ahmedabad,Gujarat,+919142897395,sneha.singh841@yahoo.com,DEP007,Consultant,M.Tech,1.8,2018-06-13,Active,,160000,
EMP00956,Ajay Nair,Male,1977-08-06,49,Married,Chennai,Tamil Nadu,+919393019010,ajay.nair280@outlook.com,DEP006,Assistant Manager,Diploma,20.2,2019-03-07,Terminated,2021-08-05,160000,5
EMP00957,rahul verma,Male,1979-08-02,47,Divorced,Hyderabad,Telangana,+916569886586,rahul.verma563@rediffmail.com,DEP009,Intern,B.A.,10.6,2021-04-13,Active,,25000,
EMP00958,Shreya Iyer,Female,1995-10-23,31,Divorced,Chennai,Tamil Nadu,+919848184647,shreya.iyer405@rediffmail.com,DEP010,Senior Manager,B.Com,10.4,2016-11-02,Active,,80000,
EMP00959,Vivaan Bansal,Other,1997-10-10,29,Single,Hyderabad,Telangana,+918117687331,vivaan.bansal472@hotmail.com,DEP004,Intern,M.Tech,19.3,2025-10-24,Active,,80000,1
EMP00960,Aadhya Malhotra,Female,2002-04-09,24,Divorced,Bengaluru,Karnataka,+917886945071,aadhya.malhotra70@rediffmail.com,DEP004,Vice President,MBA,5.2,2025-12-22,Terminated,,35000,2
EMP00961,Deepak Chaudhary,Male,1986-02-08,40,Divorced,Noida,Uttar Pradesh,+919110249524,deepak.chaudhary517@gmail.com,DEP012,Analyst,B.A.,9.6,2018-07-21,Active,,200000,5
EMP00962,Rekha Verma,Other,2004-06-27,22,Married,Surat,Gujarat,+916627816872,rekha.verma553@hotmail.com,DEP007,Vice President,Diploma,18.0,2016-08-18,Active,,60000,4
EMP00963,Kavya Iyer,Other,2003-02-12,23,Divorced,Pune,Maharashtra,+916419663170,kavya.iyer881@rediffmail.com,DEP006,Associate,B.Sc,6.7,2018-11-02,Active,,100000,
EMP00964,Anil Iyer,Male,1973-02-05,53,Divorced,Kolkata,West Bengal,+918302047865,anil.iyer958@rediffmail.com,DEP006,Consultant,B.Com,11.1,2021-09-24,Active,,250000,1
EMP00965,Ajay Rao,Male,1975-07-01,51,Married,Delhi,Delhi,+917609255090,ajay.rao100@rediffmail.com,DEP002,Senior Associate,M.Com,8.7,2020-11-21,Terminated,2026-02-12,100000,5
EMP00966,Aditya Nair,Male,2005-05-04,21,Single,Hyderabad,Telangana,+918838113896,aditya.nairoutlook.com,DEP001,Senior Associate,M.Com,0.7,2019-09-02,Active,,130000,3
EMP00967,Sunita Nair,Female,1993-11-22,33,Married,Kolkata,West Bengal,+916723569206,sunita.nair813@gmail.com,DEP008,Intern,M.Sc,6.9,2022-06-23,Active,,320000,5
EMP00968,Vikram Pillai,Male,1971-04-22,55,Divorced,Coimbatore,Tamil Nadu,2624370,vikram.pillai640@yahoo.com,DEP008,Senior Analyst,B.A.,6.9,2023-03-06,Active,,80000,4
EMP00969,Saanvi Mishra,Other,1995-11-21,31,Married,Kolkata,West Bengal,+919811946792,saanvi.mishra358@outlook.com,DEP011,Associate,B.A.,0.5,2015-11-30,Active,,80000,2
EMP00970,kritika shetty,Female,1974-04-21,52,Married,Chandigarh,Chandigarh,+917249654792,kritika.shetty441@yahoo.com,DEP009,General Manager,M.Tech,6.4,2016-05-25,Active,,160000,2
EMP00971,Aman Gupta,Male,2001-02-22,25,Married,Surat,Gujarat,+919308481369,aman.gupta160@outlook.com,DEP007,Deputy General Manager,M.Com,20.5,2018-08-01,Active,,100000,2
EMP00972,Manish Bansal,Male,2000-10-03,26,Married,Indore,Madhya Pradesh,+918184262108,manish.bansal655@gmail.com,DEP003,Senior Associate,M.Sc,3.6,2023-04-19,Active,,130000,
EMP00973,Saurabh Bansal,Male,1987-08-06,39,Single,Chennai,Tamil Nadu,+917533750383,saurabh.bansal198@gmail.com,DEP001,Senior Associate,B.Com,14.5,2021-02-19,Active,,130000,2
EMP00974,Divya Bose,Other,1981-12-18,45,Married,Chandigarh,Chandigarh,+91-096528,divya.bose580@gmail.com,DEP001,Executive,B.Sc,6.8,2020-12-16,Active,,100000,1
EMP00975,Gaurav Agarwal,Male,1981-07-28,45,Divorced,Nagpur,Maharashtra,+919957999240,gaurav.agarwal@hotmail,DEP009,Deputy General Manager,M.Com,29.1,2017-04-20,Resigned,2019-09-30,45000,5
EMP00976,Rekha Patel,Female,1976-03-06,50,Married,Indore,Madhya Pradesh,+918917866805,rekha.patel303@hotmail.com,DEP011,Senior Associate,MBA,19.9,2017-07-28,On Notice Period,,45000,4
EMP00977,Arjun Pillai,Male,1995-09-12,31,Married,Delhi,Delhi,+917275737695,arjun.pillai924@outlook.com,DEP008,Consultant,PhD,20.0,2016-09-24,On Notice Period,,250000,5
EMP00978,Neha Nair,Other,1995-03-27,31,Married,Kolkata,West Bengal,+918725182252,neha.nairoutlook.com,DEP003,Senior Analyst,B.A.,25.4,2026-01-13,Terminated,,80000,2
EMP00979,Anjali Kapoor,Female,1976-10-09,50,Married,Kolkata,West Bengal,+918148266804,anjali.kapoor718@rediffmail.com,DEP001,Senior Manager,B.Tech,1.0,2017-07-17,On Notice Period,,250000,1
EMP00980,Ajay Kumar,Male,1983-09-10,43,Married,Noida,Uttar Pradesh,+918886163211,ajay.kumaroutlook.com,DEP006,Manager,B.Tech,12.4,2021-06-25,Active,,100000,3
EMP00981,Ajay Chaudhary,Male,1990-05-17,36,Married,Noida,Uttar Pradesh,+918127252606,ajay.chaudhary638@gmail.com,DEP008,Team Lead,B.Com,22.8,2016-06-25,Active,,160000,5
EMP00982,Arjun Yadav,Male,1968-08-03,58,Divorced,Noida,Uttar Pradesh,+918837036262,arjun.yadav206@yahoo.com,DEP006,Analyst,B.Tech,23.1,2024-05-03,Terminated,,25000,5
EMP00983,Vihaan Sharma,Other,1981-04-05,45,Single,Indore,Madhya Pradesh,+916225082713,vihaan.sharma496@yahoo.com,DEP002,Consultant,M.Com,17.9,2017-08-07,Resigned,2019-11-27,35000,3
EMP00984,Sarika Malhotra,Female,1967-01-02,59,Divorced,Ahmedabad,Gujarat,+918926980142,sarika.malhotra592@rediffmail.com,DEP004,Senior Analyst,B.Sc,13.6,2016-06-18,Active,,80000,3
EMP00985,Kavita Joshi,Other,1987-07-16,39,Single,Pune,Maharashtra,+918674887241,kavita.joshi899@yahoo.com,DEP002,Team Lead,M.Sc,2.3,2017-04-27,Resigned,2023-11-19,45000,2
EMP00986,Ritu Pillai,Other,1967-09-23,59,Married,Delhi,Delhi,+919246135492,ritu.pillai890@hotmail.com,DEP002,Associate,Diploma,12.6,2019-07-17,Resigned,2025-05-16,250000,1
EMP00987,Neha Agarwal,Female,1974-11-21,52,Single,Ahmedabad,Gujarat,+917041832328,,DEP001,Executive,Diploma,7.7,2018-01-18,Resigned,2024-10-12,130000,2
EMP00988,Nisha Gupta,Other,1976-05-17,50,Divorced,Lucknow,Uttar Pradesh,+919098621628,nisha.gupta324@outlook.com,DEP006,Intern,M.Tech,22.1,2025-04-04,Active,,130000,4
EMP00989,Krishna Iyer,Male,1966-11-12,60,Single,Indore,Madhya Pradesh,+919641832679,krishna.iyer694@gmail.com,DEP006,Associate,Diploma,8.8,2017-10-10,Active,,25000,4
EMP00990,Deepak Kapoor,Other,1992-01-27,34,Divorced,Surat,Gujarat,+919363086631,deepak.kapoor247@rediffmail.com,DEP010,Intern,Diploma,24.6,2015-08-23,On Notice Period,,320000,1
EMP00991,Saurabh Pillai,Male,1994-08-07,32,Married,Ghaziabad,Uttar Pradesh,+919299780619,saurabh.pillai301@outlook.com,DEP010,Associate,PhD,2.4,2021-11-11,Active,,320000,4
EMP00992,Divya Menon,Other,1977-03-05,49,Divorced,Mumbai,Maharashtra,+916177395008,divya.menon782@rediffmail.com,DEP001,Analyst,B.Com,24.8,2026-02-17,Active,,200000,4
EMP00993,Riya Yadav,Female,1995-05-21,31,Married,Coimbatore,Tamil Nadu,+917161913034,riya.yadav103@gmail.com,DEP006,Intern,Diploma,15.4,2021-02-20,On Notice Period,,200000,4
EMP00994,Diya Kapoor,Female,1983-10-28,43,Single,Surat,Gujarat,+918855258330,diya.kapoor@@outlook.com,DEP004,Associate,M.Com,7.9,2022-03-12,Active,,80000,2
EMP00995,Riya Chaudhary,Female,2003-01-06,23,Married,Ghaziabad,Uttar Pradesh,+918884615828,riya.chaudhary289@gmail.com,DEP003,Senior Manager,M.Com,11.4,2024-04-27,Active,,45000,4
EMP00996,Arjun Chopra,Other,1986-04-28,40,Single,Jaipur,Rajasthan,+918967577197,arjun.chopra516@yahoo.com,DEP005,Vice President,MBA,12.2,2021-08-14,Active,,35000,2
EMP00997,Naveen Patel,Other,1977-08-22,49,Divorced,Indore,Madhya Pradesh,+919572724340,naveen.patel551@gmail.com,DEP012,Analyst,MBA,8.9,2016-07-26,Active,,320000,1
EMP00998,Ramesh Singh,Other,2001-09-18,25,Single,Surat,Gujarat,+918234684943,ramesh.singh886@outlook.com,DEP011,Intern,B.Tech,25.6,2024-07-23,Terminated,,80000,3
EMP00999,Nisha Nair,Female,2004-08-26,22,Married,Noida,Uttar Pradesh,1234565644,nisha.nair29@rediffmail.com,DEP001,Vice President,B.Tech,26.8,2017-03-19,Active,,100000,1
EMP01000,Naveen Patel,Male,1983-11-10,43,Married,Noida,Uttar Pradesh,+917321811459,naveen.patel266@gmail.com,DEP002,Senior Manager,B.Com,22.1,2023-04-25,On Notice Period,,100000,1
EMP01001,Saurabh Shetty,Other,1983-04-12,43,Single,Surat,Gujarat,+916926469338,saurabh.shetty109@yahoo.com,DEP002,Senior Analyst,Diploma,28.8,2024-12-03,Terminated,,130000,3
EMP01002,Aditya Sharma,Male,1991-03-06,35,Divorced,Chandigarh,Chandigarh,+919437628403,aditya.sharma807@outlook.com,DEP010,Senior Manager,PhD,28.4,2022-02-18,Active,,100000,5
EMP01003,Anjali Bose,Other,1993-04-01,33,Divorced,Indore,Madhya Pradesh,+917795974584,anjali.bose929@yahoo.com,DEP006,Assistant Manager,PhD,5.6,2021-09-09,Active,,250000,1
EMP01004,Kavya Menon,Female,2001-09-07,25,Married,Hyderabad,Telangana,1234563053,kavya.menon844@hotmail.com,DEP011,Team Lead,Diploma,12.5,2016-08-27,Active,,320000,3
EMP01005,Vivaan Bansal,Male,2005-09-13,21,Single,Chennai,Tamil Nadu,+919543194156,vivaan.bansal698@gmail.com,DEP005,Manager,M.Sc,19.3,2022-02-20,Active,,250000,3
EMP01006,Saurabh Bose,Male,1967-08-17,59,Divorced,Mumbai,Maharashtra,+917522562822,saurabh.bose158@yahoo.com,DEP004,Intern,MBA,39.9,2016-05-12,Resigned,2021-12-12,60000,2
EMP01007,Nikhil Bose,Male,1993-12-23,33,Married,Indore,Madhya Pradesh,+917415895786,nikhil.bose427@gmail.com,DEP008,Consultant,Diploma,14.5,2023-02-24,Active,,200000,1
EMP01008,Shreya Ghosh,Female,2004-03-02,22,Married,Chandigarh,Chandigarh,+919711769415,shreya.ghosh39@gmail.com,DEP012,Associate,M.Sc,15.0,2018-01-13,Active,,320000,4
EMP01009,Aarav Chaudhary,Other,1979-08-18,47,Divorced,Kolkata,West Bengal,+918055091357,aarav.chaudhary429@rediffmail.com,DEP008,Assistant Manager,PhD,14.5,2019-12-02,Resigned,2021-05-25,60000,2
EMP01010,Reyansh Kapoor,Male,2004-11-13,22,Married,Kolkata,West Bengal,+916500767792,reyansh.kapoor887@outlook.com,DEP003,Team Lead,B.A.,10.6,2017-02-25,On Notice Period,,25000,5
EMP01011,Gaurav Chaudhary,Other,1981-10-04,45,Single,Nagpur,Maharashtra,+918276820292,gaurav.chaudhary794@yahoo.com,DEP003,Analyst,Diploma,9.2,2018-05-19,Terminated,2019-05-21,60000,1
EMP01012,rekha yadav,Other,1983-05-20,43,Divorced,Pune,Maharashtra,+91-378601,rekha.yadav852@yahoo.com,DEP001,Vice President,B.A.,23.4,2016-02-18,Active,,100000,2
EMP01013,Aarav Malhotra,Male,1992-03-18,34,Divorced,Ahmedabad,Gujarat,+916185214748,aarav.malhotra510@yahoo.com,DEP006,General Manager,M.Com,14.7,2021-06-11,On Notice Period,,25000,1
EMP01014,Vikram Verma,Other,1967-08-11,59,Divorced,Coimbatore,Tamil Nadu,+919631460058,vikram.verma182@gmail.com,DEP001,Associate,M.Sc,15.7,2020-10-11,Active,,160000,2
EMP01015,Divya Pillai,Female,1968-12-03,58,Single,Mumbai,Maharashtra,+916118179137,divya.pillai580@gmail.com,DEP004,Assistant Manager,Diploma,5.0,2024-12-13,Active,,250000,2
EMP01016,Aditya Mishra,Male,1974-04-18,52,Married,Jaipur,Rajasthan,+919443216122,aditya.mishra317@hotmail.com,DEP005,Vice President,B.Com,12.1,2016-08-02,Terminated,2021-03-17,25000,1
EMP01017,Sunita Patel,Other,1973-03-01,53,Single,Chennai,Tamil Nadu,+919564486800,sunita.patel142@yahoo.com,DEP012,Manager,B.Sc,27.1,2017-07-19,Active,,250000,3
EMP01018,Saurabh Iyer,Male,1994-07-14,32,Married,Mumbai,Maharashtra,+917149462759,saurabh.iyer202@rediffmail.com,DEP008,Senior Analyst,B.A.,15.4,2015-05-15,Active,,160000,3
EMP01019,Vihaan Chopra,Other,1978-11-06,48,Divorced,Pune,Maharashtra,+918187737753,vihaan.chopra148@outlook.com,DEP004,Senior Associate,B.Sc,27.7,2021-09-15,Active,,320000,1
EMP01020,Kavita Joshi,Other,2005-08-03,21,Single,Ghaziabad,Uttar Pradesh,+917134810825,kavita.joshi782@outlook.com,DEP008,Senior Manager,Diploma,21.2,2016-08-31,Terminated,2020-05-09,130000,3
EMP01021,Anil Reddy,Other,1987-04-18,39,Divorced,Chennai,Tamil Nadu,+918333865701,anil.reddy755@yahoo.com,DEP001,Senior Manager,B.Com,24.6,2015-03-22,Terminated,2017-02-04,320000,
EMP01022,Rohan Gupta,Male,1978-09-06,48,Single,Surat,Gujarat,+917112582376,rohan.gupta400@rediffmail.com,DEP010,Senior Analyst,B.Com,15.7,2019-01-05,Resigned,2019-06-29,60000,3
EMP01023,Deepak Nair,Male,1989-09-10,37,Married,Coimbatore,Tamil Nadu,+919710572386,deepak.nair699@hotmail.com,DEP006,Assistant Manager,B.Tech,7.2,2017-09-20,On Notice Period,,160000,1
EMP01024,Aman Nair,Male,1973-04-24,53,Single,Indore,Madhya Pradesh,+918616430692,aman.nair563@rediffmail.com,DEP009,Senior Manager,B.Tech,26.4,2025-08-14,On Notice Period,,160000,3
EMP01025,Rohan Chopra,Male,1981-02-19,45,Divorced,Coimbatore,Tamil Nadu,+917105034486,rohan.chopra412@hotmail.com,DEP002,Senior Manager,M.Sc,3.3,2015-03-19,On Notice Period,,130000,3
EMP01026,Ajay Gupta,Male,1995-07-09,31,Married,Ghaziabad,Uttar Pradesh,+916952618000,ajay.gupta397@yahoo.com,DEP003,Analyst,Diploma,29.6,2015-07-11,On Notice Period,,250000,5
EMP01027,Ajay Malhotra,Male,1995-12-21,31,Married,Pune,Maharashtra,+918599583989,ajay.malhotra76@yahoo.com,DEP006,Senior Manager,Diploma,5.9,2026-04-10,Active,,35000,1
EMP01028,Riya Mishra,Female,1980-03-13,46,Divorced,Jaipur,Rajasthan,+918566930969,riya.mishra658@rediffmail.com,DEP006,Manager,B.A.,13.5,2019-09-21,Active,,130000,1
EMP01029,  Saurabh Yadav  ,Other,1993-01-23,33,Single,Mumbai,Maharashtra,+919396243416,saurabh.yadav286@hotmail.com,DEP002,Intern,B.A.,24.6,2016-07-30,Active,,250000,5
EMP01030,Aadhya Nair,Female,1970-03-13,56,Married,Noida,Uttar Pradesh,+919211166974,aadhya.nair555@hotmail.com,DEP011,Team Lead,M.Com,42.9,2017-08-23,On Notice Period,,100000,3
EMP01031,Isha Ghosh,Female,1986-09-13,40,Single,Chennai,Tamil Nadu,+916709706311,isha.ghosh529@gmail.com,DEP010,Associate,B.A.,10.4,2015-06-15,Active,,320000,3
EMP01032,Karan Malhotra,Male,1998-11-04,28,Married,Jaipur,Rajasthan,+916095088494,karan.malhotra684@outlook.com,DEP003,Analyst,M.Sc,10.0,2024-04-27,Terminated,2025-01-04,80000,2
EMP01033,Kavya Kumar,Female,1972-01-14,54,Married,Ghaziabad,Uttar Pradesh,,kavya.kumar601@outlook.com,DEP002,Senior Manager,B.A.,7.6,2016-06-17,Terminated,2021-08-03,25000,1
EMP01034,Anil Gupta,Other,2004-01-22,16,Divorced,Ghaziabad,Uttar Pradesh,+917253484970,anil.gupta853@rediffmail.com,DEP011,Team Lead,Diploma,17.4,2025-09-23,On Notice Period,,130000,3
EMP01035,Shreya Bansal,Other,1968-10-19,58,Divorced,Chennai,Tamil Nadu,+916687171315,shreya.bansal187@outlook.com,DEP011,Manager,Diploma,27.1,2017-06-22,Active,,100000,2
EMP01036,nikhil kapoor,Other,1998-10-10,28,Married,Chennai,Tamil Nadu,+917085482551,nikhil.kapoor464@rediffmail.com,DEP010,Executive,B.Tech,12.7,2024-06-25,Resigned,2025-03-06,250000,5
EMP01037,Priya Chopra,Female,1967-07-10,59,Divorced,Mumbai,Maharashtra,+917752692543,priya.chopra915@rediffmail.com,DEP011,General Manager,MBA,26.0,2024-08-13,Active,,25000,3
EMP01038,Nikhil Patel,Male,1984-03-05,42,Married,Mumbai,Maharashtra,+919744554069,nikhil.patel718@hotmail.com,DEP005,Senior Analyst,PhD,21.4,2018-04-15,Active,,45000,3
EMP01039,Ananya Ghosh,Female,1967-11-20,59,Single,Bengaluru,Karnataka,+916635494946,ananya.ghosh216@outlook.com,DEP008,Deputy General Manager,M.Tech,13.6,2018-12-31,Resigned,2020-10-04,160000,1
EMP01040,Riya Menon,Other,1971-01-20,55,Single,Jaipur,Rajasthan,+919039558144,riya.menon459@outlook.com,DEP005,Assistant Manager,B.A.,25.4,2021-07-17,Active,,200000,1
EMP01041,Shreya Mishra,Female,1972-07-18,54,Single,Delhi,Delhi,+919800372895,shreya.mishra345@outlook.com,DEP005,Consultant,B.Sc,11.7,2025-03-13,Resigned,,35000,2
EMP01042,Krishna Ghosh,Male,1994-06-10,32,Married,Chandigarh,Chandigarh,+916688479342,krishna.ghosh262@hotmail.com,DEP011,Senior Manager,B.Tech,0.7,2020-12-09,Terminated,,80000,1
EMP01043,Ananya Yadav,Female,1984-11-02,42,Single,Hyderabad,Telangana,+919589410793,ananya.yadavrediffmail.com,DEP010,Manager,M.Tech,8.7,2020-01-26,Resigned,,130000,1
EMP01044,Vihaan Nair,Male,1995-06-06,31,Divorced,Pune,Maharashtra,+918775356057,vihaan.nair176@hotmail.com,DEP004,Vice President,MBA,24.3,2024-01-27,Active,,200000,2
EMP01045,Myra Chaudhary,Other,2003-07-07,23,Divorced,Bengaluru,Karnataka,+919161477297,myra.chaudhary490@rediffmail.com,DEP004,Analyst,B.A.,13.9,2015-03-04,Terminated,2018-06-19,45000,1
EMP01046,Sunita Yadav,Female,1969-06-07,57,Divorced,Chandigarh,Chandigarh,+917202746854,sunita.yadavgmail.com,DEP004,Deputy General Manager,M.Com,4.3,2016-07-04,Active,,25000,2
EMP01047,Sarika Kumar,Female,1997-10-23,29,Married,Pune,Maharashtra,+917605880360,sarika.kumar635@rediffmail.com,DEP004,Executive,MBA,9.2,2015-11-20,Active,,130000,4
EMP01048,Vikram Chopra,Male,1968-10-02,58,Single,Ahmedabad,Gujarat,+917420585844,vikram.chopra930@yahoo.com,DEP008,Associate,M.Sc,18.5,2022-02-28,On Notice Period,,35000,1
EMP01049,Krishna Malhotra,Other,1983-10-03,43,Divorced,Noida,Uttar Pradesh,+918118129323,krishna.malhotra16@yahoo.com,DEP001,Executive,B.Tech,18.1,2022-12-31,Active,,45000,1
EMP01050,Aarav Nair,Male,1970-11-24,56,Married,Bengaluru,Karnataka,+916321699178,aarav.nair958@gmail.com,DEP005,Vice President,Diploma,4.9,2019-08-19,On Notice Period,,35000,2
EMP01051,Aadhya Sharma,Female,1985-06-21,41,Single,Ahmedabad,Gujarat,+919947714693,aadhya.sharma350@gmail.com,DEP006,Senior Manager,Diploma,29.9,2025-11-04,On Notice Period,,60000,2
EMP01052,Reyansh Nair,Male,1996-07-12,30,Divorced,Hyderabad,Telangana,+918097383494,reyansh.nair547@yahoo.com,DEP005,Analyst,B.Sc,2.7,2021-01-30,Resigned,2025-08-16,100000,1
EMP01053,Sunita Joshi,Other,1969-02-22,57,Divorced,Lucknow,Uttar Pradesh,+918545422738,sunita.joshi738@hotmail.com,DEP004,Manager,PhD,4.1,2025-06-01,Active,,250000,4
EMP01054,Nikhil Malhotra,Other,1976-12-16,50,Married,Kolkata,West Bengal,+916987656869,nikhil.malhotra96@hotmail.com,DEP011,Manager,Diploma,5.7,2023-10-16,Active,,160000,4
EMP01055,Myra Gupta,Other,1979-09-23,47,Single,Ahmedabad,Gujarat,+918134093052,myra.gupta313@rediffmail.com,DEP005,Vice President,M.Com,17.7,2015-08-23,Active,,200000,3
EMP01056,Vikram Ghosh,Male,1980-09-16,46,Married,Delhi,Delhi,+918395954209,vikram.ghosh@@rediffmail.com,DEP006,Executive,M.Com,11.8,2024-10-27,Terminated,,160000,3
EMP01057,Sarika Kumar,Other,1976-05-17,50,Divorced,Hyderabad,Telangana,+917827928299,sarika.kumar719@rediffmail.com,DEP012,Senior Analyst,B.Sc,21.9,2021-04-21,Terminated,2025-08-01,35000,2
EMP01058,Shreya Bansal,Female,1999-07-02,27,Divorced,Indore,Madhya Pradesh,+919313771826,shreya.bansal325@gmail.com,DEP005,Consultant,B.Com,17.7,2020-01-27,On Notice Period,,100000,2
EMP01059,Deepak Reddy,Male,1968-07-20,58,Divorced,Ahmedabad,Gujarat,+918172822176,deepak.reddy243@gmail.com,DEP006,Intern,B.A.,13.5,2019-03-06,On Notice Period,,160000,
EMP01060,Vikram Menon,Male,1996-03-24,30,Single,Chennai,Tamil Nadu,+919260402260,vikram.menon954@gmail.com,DEP007,Analyst,M.Sc,24.8,2021-10-01,Active,,35000,5
EMP01061,Suresh Reddy,Other,2005-10-26,21,Divorced,Delhi,Delhi,,suresh.reddy531@yahoo.com,DEP009,Consultant,PhD,25.6,2020-04-06,Resigned,2025-01-16,200000,4
EMP01062,Arjun Shetty,Male,1996-02-21,30,Divorced,Coimbatore,Tamil Nadu,+91-617687,arjun.shetty251@yahoo.com,DEP008,Analyst,M.Sc,0.8,2023-07-07,Active,,25000,4
EMP01063,Rekha Sharma,Female,2001-10-05,25,Divorced,Coimbatore,Tamil Nadu,+919528147236,rekha.sharma265@gmail.com,DEP010,Consultant,B.Sc,4.9,2025-07-23,Active,,35000,4
EMP01064,Divya Bansal,Female,1978-09-17,48,Married,Kolkata,West Bengal,+918501012350,divya.bansal391@gmail.com,DEP001,Senior Manager,PhD,0.2,2026-02-24,On Notice Period,,130000,1
EMP01065,Rohan Patel,Male,1988-01-24,38,Divorced,Chennai,Tamil Nadu,+917081106767,rohan.patel118@hotmail.com,DEP012,Vice President,B.Com,2.6,2025-03-30,Active,,160000,4
EMP01066,Aman Pillai,Male,1981-09-11,45,Single,Hyderabad,Telangana,+919964421103,aman.pillai54@outlook.com,DEP007,Intern,PhD,5.2,2019-01-12,Active,,35000,2
EMP01067,Ramesh Desai,Male,2001-07-06,25,Single,Bengaluru,Karnataka,+918624728228,ramesh.desai408@gmail.com,DEP009,Deputy General Manager,B.Com,9.9,2022-04-26,Terminated,,100000,3
EMP01068,Ishaan Mishra,Other,2004-04-02,22,Single,Lucknow,Uttar Pradesh,+917025568907,ishaan.mishra933@hotmail.com,DEP003,Consultant,M.Tech,14.4,2015-11-14,Active,,250000,1
EMP01069,Naveen Menon,Male,1988-07-03,38,Single,Lucknow,Uttar Pradesh,+917254855182,naveen.menon23@gmail.com,DEP008,Associate,B.Com,6.7,2015-11-27,Resigned,2022-08-16,200000,3
EMP01070,Suresh Gupta,Male,1976-04-04,50,Married,Chennai,Tamil Nadu,+919108627288,suresh.gupta554@rediffmail.com,DEP006,Team Lead,B.Sc,2.1,2015-09-01,Active,,320000,5
EMP01071,Reyansh Nair,Male,1993-06-21,33,Married,Surat,Gujarat,+916188681601,reyansh.nair68@hotmail.com,DEP010,Manager,M.Tech,28.8,2018-03-30,Active,,25000,3
EMP01072,Arjun Patel,Male,1982-04-08,44,Divorced,Kolkata,West Bengal,+916877157524,arjun.patel760@yahoo.com,DEP011,Executive,Diploma,15.9,2025-11-23,Active,,35000,2
EMP01073,SUNITA IYER,Female,1982-04-05,44,Married,Mumbai,Maharashtra,+919855752856,sunita.iyer655@hotmail.com,DEP005,Assistant Manager,B.Com,23.4,2016-08-11,Active,,100000,3
EMP01074,Pooja Mishra,Female,2002-03-11,24,Divorced,Coimbatore,Tamil Nadu,+919029428998,pooja.mishra297@outlook.com,DEP005,Senior Analyst,Diploma,14.5,2023-09-04,Active,,250000,1
EMP01075,Vihaan Chopra,Male,1988-03-25,38,Married,Coimbatore,Tamil Nadu,+917197219666,vihaan.chopra584@gmail.com,DEP012,Senior Analyst,Diploma,9.7,2019-07-19,Active,,130000,4
EMP01076,Ishaan Chaudhary,Male,1985-03-13,41,Divorced,Kolkata,West Bengal,,ishaan.chaudhary902@outlook.com,DEP006,Assistant Manager,M.Sc,10.7,2024-03-11,Active,,100000,2
EMP01077,Kritika Reddy,Female,1985-11-27,41,Married,Jaipur,Rajasthan,+916891376026,kritika.reddy525@outlook.com,DEP008,Associate,M.Com,28.0,2020-11-06,Active,,160000,5
EMP01078,Swati Agarwal,Other,1969-01-18,57,Married,Noida,Uttar Pradesh,+917025395455,swati.agarwal605@yahoo.com,DEP002,Intern,M.Tech,21.4,2016-10-25,Active,,250000,4
EMP01079,Isha Shetty,Female,1968-03-17,58,Divorced,Delhi,Delhi,+916202766434,isha.shetty652@gmail.com,DEP005,Vice President,B.Sc,9.1,2021-05-10,Active,,60000,3
EMP01080,Arjun Chaudhary,Male,1976-05-20,50,Single,Kolkata,West Bengal,+917939458437,arjun.chaudhary374@yahoo.com,DEP006,Assistant Manager,B.Sc,25.4,2024-07-10,Active,,250000,5
EMP01081,Suresh Menon,Other,1979-07-20,47,Single,Kolkata,West Bengal,+918473480182,suresh.menon645@hotmail.com,DEP001,General Manager,M.Com,29.9,2026-05-02,Resigned,,320000,4
EMP01082,Divya Pillai,Female,2000-10-10,26,Single,Chennai,Tamil Nadu,+916835712558,divya.pillai374@gmail.com,DEP008,General Manager,Diploma,18.5,2016-03-10,Resigned,2018-08-15,25000,3
EMP01083,Gaurav Agarwal,Male,2000-09-03,26,Married,Noida,Uttar Pradesh,+919748472536,gaurav.agarwal711@hotmail.com,DEP011,Intern,M.Com,3.4,2019-10-08,Active,,100000,5
EMP01084,Anil Kapoor,Other,1997-09-22,29,Married,Ghaziabad,Uttar Pradesh,+916451266190,anil.kapoor952@outlook.com,DEP010,Team Lead,B.Com,29.6,2016-02-16,Active,,80000,3
EMP01085,Deepak Singh,Male,1989-02-07,37,Divorced,Ghaziabad,Uttar Pradesh,+917401603758,deepak.singh644@rediffmail.com,DEP007,Manager,MBA,9.4,2020-08-15,Active,,130000,5
EMP01086,Swati Patel,Other,2002-11-11,24,Single,Delhi,Delhi,+919510931997,swati.patel625@hotmail.com,DEP002,Senior Associate,M.Sc,7.2,2021-10-14,On Notice Period,,200000,2
EMP01087,Kritika Agarwal,Other,1972-01-11,54,Single,Chennai,Tamil Nadu,+917287903884,kritika.agarwal232@gmail.com,DEP003,Executive,B.A.,19.9,2019-10-08,Active,,60000,2
EMP01088,Reyansh Patel,Other,1979-05-27,47,Divorced,Chandigarh,Chandigarh,+918276368331,reyansh.patel769@rediffmail.com,DEP003,Deputy General Manager,B.Com,15.4,2024-01-18,Active,,250000,3
EMP01089,Gaurav Iyer,Male,2000-08-12,26,Married,Bengaluru,Karnataka,+919330903874,gaurav.iyer779@yahoo.com,DEP004,Senior Analyst,B.Sc,7.1,2017-08-14,Active,,80000,4
EMP01090,Aadhya Ghosh,Other,1994-07-12,32,Divorced,Ahmedabad,Gujarat,+917448354647,aadhya.ghosh767@yahoo.com,DEP007,Team Lead,B.Com,28.9,2023-02-28,Active,,100000,3
EMP01091,Rahul Chopra,Other,1967-07-10,59,Single,Nagpur,Maharashtra,1234565262,rahul.chopra17@yahoo.com,DEP009,General Manager,M.Tech,18.3,2024-02-14,On Notice Period,,25000,4
EMP01092,Vihaan Singh,Male,1995-11-18,31,Divorced,Pune,Maharashtra,+916661692291,vihaan.singh333@rediffmail.com,DEP001,Senior Analyst,PhD,17.8,2025-12-04,Active,,100000,2
EMP01093,Ritu Singh,Female,1981-05-19,45,Married,Surat,Gujarat,+916601803333,ritu.singh828@yahoo.com,DEP007,General Manager,B.Sc,25.7,2015-12-24,Active,,250000,4
EMP01094,Ritu Nair,Other,1976-06-13,50,Single,Hyderabad,Telangana,+916983232342,ritu.nair200@rediffmail.com,DEP006,Associate,Diploma,4.5,2019-03-12,Terminated,2021-01-07,130000,2
EMP01095,Anil Nair,Male,1968-09-15,58,Divorced,Mumbai,Maharashtra,+917845244961,anil.nair222@outlook.com,DEP009,Senior Associate,PhD,12.4,2024-12-02,On Notice Period,,320000,
EMP01096,Manish Chopra,Male,1993-02-17,33,Married,Chennai,Tamil Nadu,+918609251165,manish.chopra161@outlook.com,DEP012,Senior Associate,Diploma,23.8,2020-07-06,On Notice Period,,35000,5
EMP01097,Deepak Joshi,Male,1978-09-16,48,Divorced,Coimbatore,Tamil Nadu,+916193027691,deepak.joshi499@gmail.com,DEP009,Senior Associate,M.Sc,6.0,2017-11-12,On Notice Period,,160000,3
EMP01098,Suresh Joshi,Other,1968-04-08,58,Single,Kolkata,West Bengal,+916093054753,suresh.joshi658@yahoo.com,DEP008,General Manager,B.Com,16.1,2015-04-13,Active,,160000,2
EMP01099,Anjali Kumar,Other,1981-10-02,45,Married,Kolkata,West Bengal,+918422945413,anjali.kumar651@hotmail.com,DEP007,Manager,B.Com,28.2,2023-08-03,Resigned,,250000,4
EMP01100,Sunita Patel,Female,2004-01-10,22,Divorced,Jaipur,Rajasthan,+916903007320,sunita.patel968@yahoo.com,DEP001,Team Lead,B.A.,17.0,2023-05-08,Resigned,2025-10-05,130000,4
EMP01101,Sunita Sharma,Female,1975-07-16,51,Single,Nagpur,Maharashtra,+919695514243,sunita.sharma930@yahoo.com,DEP006,Executive,B.A.,11.4,2021-03-23,Resigned,2025-04-25,25000,5
EMP01102,Aman Verma,Other,1986-06-25,40,Married,Coimbatore,Tamil Nadu,+918277936412,aman.verma533@gmail.com,DEP011,Senior Analyst,M.Com,21.8,2017-10-12,Terminated,2023-09-24,25000,1
EMP01103,Aadhya Patel,Other,1968-11-19,58,Married,Hyderabad,Telangana,801022942538154,aadhya.patel522@rediffmail.com,DEP007,Manager,M.Tech,24.0,2017-08-28,Active,,100000,5
EMP01104,Sanjay Chopra,Other,2004-01-25,22,Divorced,Kolkata,West Bengal,+916031735278,sanjay.chopra997@gmail.com,DEP004,Intern,Diploma,16.0,2018-02-25,On Notice Period,,130000,
EMP01105,Sunita Nair,Other,1996-11-06,30,Single,Coimbatore,Tamil Nadu,1234568305,sunita.nair25@yahoo.com,DEP004,Manager,Diploma,1.5,2025-10-27,Active,,100000,2
EMP01106,Diya Desai,Female,1981-12-19,45,Divorced,Ahmedabad,Gujarat,+917669603181,diya.desai82@hotmail.com,DEP004,Deputy General Manager,M.Com,6.6,2026-02-27,Active,,25000,1
EMP01107,REYANSH SINGH,Male,2003-05-28,23,Single,Delhi,Delhi,+919178408224,,DEP003,Associate,B.A.,29.9,2017-05-08,Terminated,2020-08-09,25000,1
EMP01108,Naveen Reddy,Male,1997-04-13,29,Single,Pune,Maharashtra,+916523019056,naveen.reddy357@hotmail.com,DEP002,Associate,B.Com,2.3,2021-08-07,Active,,60000,2
EMP01109,Manish Chopra,Male,1982-10-22,44,Married,Nagpur,Maharashtra,82218,manish.chopra977@gmail.com,DEP008,Assistant Manager,Diploma,16.7,2019-12-30,Active,,160000,3
EMP01110,Myra Menon,Female,1988-02-24,38,Divorced,Coimbatore,Tamil Nadu,+918937056532,myra.menon736@rediffmail.com,DEP012,Senior Analyst,B.Com,20.2,2017-09-25,Resigned,2019-10-31,60000,2
EMP01111,Reyansh Ghosh,Male,1998-11-25,28,Divorced,Coimbatore,Tamil Nadu,+917172011221,reyansh.ghosh53@outlook.com,DEP011,Senior Manager,PhD,14.7,2022-02-07,Active,,45000,4
EMP01112,Ajay Kapoor,Other,1971-01-20,55,Divorced,Delhi,Delhi,47596,ajay.kapoor683@rediffmail.com,DEP004,Analyst,Diploma,3.4,2019-11-29,Active,,250000,5
EMP01113,Neha Kapoor,Other,1981-01-25,45,Married,Delhi,Delhi,+919768677807,neha.kapoor423@outlook.com,DEP008,Assistant Manager,MBA,6.8,2024-11-29,Active,,25000,2
EMP01114,Saanvi Bansal,Female,2001-05-19,25,Divorced,Hyderabad,Telangana,+916154465964,saanvi.bansal826@yahoo.com,DEP009,Associate,M.Com,26.9,2015-12-14,Active,,35000,1
EMP01115,Kritika Joshi,Female,1986-10-14,40,Married,Bengaluru,Karnataka,+916055107853,,DEP003,Vice President,B.Sc,24.1,2024-04-11,Active,,80000,
EMP01116,Rahul Iyer,Male,1983-08-17,43,Married,Ghaziabad,Uttar Pradesh,+918483866351,rahul.iyer852@hotmail.com,DEP012,Associate,MBA,24.2,2017-02-16,Active,,60000,5
EMP01117,Diya Pillai,Female,1995-09-06,31,Married,Surat,Gujarat,+917431223640,diya.pillai222@outlook.com,DEP009,Deputy General Manager,B.A.,28.8,2018-11-07,Active,,25000,3
EMP01118,Gaurav Pillai,Other,1971-09-16,55,Single,Delhi,Delhi,+919310509408,gaurav.pillai542@rediffmail.com,DEP003,Intern,PhD,18.3,2018-04-19,On Notice Period,,35000,5
EMP01119,Pooja Malhotra,Female,1983-04-19,43,Divorced,Chennai,Tamil Nadu,+916144903813,pooja.malhotra98@hotmail.com,DEP012,Vice President,Diploma,16.7,2025-08-12,Terminated,,60000,4
EMP01120,Aman Gupta,Male,1981-05-10,45,Married,Ahmedabad,Gujarat,+919383804242,aman.guptahotmail.com,DEP005,Senior Manager,B.Com,25.2,2025-01-27,Active,,25000,4
EMP01121,Gaurav Malhotra,Male,1994-05-05,32,Single,Mumbai,Maharashtra,+916180369757,gaurav.malhotra764@outlook.com,DEP003,Executive,MBA,26.3,2022-02-26,Active,,80000,1
EMP01122,Swati Desai,Female,1997-02-16,29,Divorced,Hyderabad,Telangana,+918501886007,swati.desai50@outlook.com,DEP006,Senior Manager,B.Tech,20.1,2017-05-10,Active,,25000,4
EMP01123,Myra Shetty,Female,2002-06-27,24,Married,Jaipur,Rajasthan,+917756772087,myra.shetty324@gmail.com,DEP011,Assistant Manager,B.Tech,25.7,2020-08-03,Active,,60000,4
EMP01124,Neha Desai,Other,1996-09-23,30,Single,Lucknow,Uttar Pradesh,+917534236135,,DEP002,Associate,MBA,17.7,2021-07-25,Terminated,2024-07-08,100000,5
EMP01125,Aarav Yadav,Male,1972-08-23,54,Single,Chandigarh,Chandigarh,+916263513106,aarav.yadav992@hotmail.com,DEP008,Executive,M.Com,10.8,2019-04-04,Resigned,2025-05-27,130000,4
EMP01126,Nisha Chaudhary,Female,1994-03-21,32,Married,Noida,Uttar Pradesh,+919799311005,nisha.chaudhary861@rediffmail.com,DEP012,General Manager,MBA,19.5,2024-06-23,Resigned,2026-04-25,250000,4
EMP01127,myra chopra,Other,1977-07-13,49,Divorced,Ghaziabad,Uttar Pradesh,+919258480350,myra.chopra514@yahoo.com,DEP010,Associate,B.Com,11.9,2022-08-31,Terminated,,100000,1
EMP01128,Ananya Rao,Female,1971-02-24,55,Married,Chandigarh,Chandigarh,+918069330784,ananya.rao465@rediffmail.com,DEP012,Manager,B.A.,10.4,2015-05-01,Resigned,2018-10-20,320000,5
EMP01129,Ajay Yadav,Other,1978-08-16,17,Single,Surat,Gujarat,+917310320145,ajay.yadav287@yahoo.com,DEP004,Senior Associate,Diploma,0.3,2021-08-30,Active,,160000,3
EMP01130,Saanvi Yadav,Female,2004-12-07,22,Single,Delhi,Delhi,+917705411007,saanvi.yadav865@hotmail.com,DEP003,Vice President,B.A.,0.9,2025-09-06,Resigned,2026-05-18,130000,4
EMP01131,Sunita Yadav,Female,1985-05-08,41,Married,Pune,Maharashtra,+919834109919,sunita.yadav467@gmail.com,DEP012,Associate,B.A.,26.4,2018-04-25,Active,,200000,5
EMP01132,Ramesh Joshi,Male,1985-08-16,41,Single,Jaipur,Rajasthan,863996160793750,ramesh.joshi345@yahoo.com,DEP004,Team Lead,M.Sc,17.5,2019-12-07,Terminated,2020-03-07,160000,2
EMP01133,Saurabh Joshi,Male,1970-11-26,56,Married,Noida,Uttar Pradesh,+916429407878,,DEP012,Team Lead,M.Tech,19.8,2023-10-27,Resigned,,45000,4
EMP01134,Rohan Chaudhary,Other,1972-11-04,54,Married,Lucknow,Uttar Pradesh,+917844560133,rohan.chaudhary240@rediffmail.com,DEP002,Senior Associate,PhD,15.2,2017-12-25,Terminated,2020-01-30,250000,3
EMP01135,Saanvi Kumar,Female,1973-05-02,53,Married,Delhi,Delhi,+919677212414,saanvi.kumar69@hotmail.com,DEP007,Team Lead,M.Sc,14.5,2015-05-31,Terminated,2017-01-28,80000,5
EMP01136,Nikhil Chaudhary,Other,1980-01-25,46,Married,Chandigarh,Chandigarh,+916575838680,nikhil.chaudhary817@hotmail.com,DEP006,Executive,B.Com,21.1,2022-07-12,Active,,100000,4
EMP01137,Pooja Bansal,Female,1992-07-28,34,Single,Indore,Madhya Pradesh,+918347215272,pooja.bansal984@outlook.com,DEP005,Deputy General Manager,M.Com,18.7,2019-07-10,Active,,200000,2
EMP01138,Anil Bansal,Male,1990-09-05,36,Single,Ahmedabad,Gujarat,+919559147241,anil.bansal527@gmail.com,DEP009,Consultant,M.Com,8.1,2021-01-01,On Notice Period,,25000,3
EMP01139,Nikhil Menon,Male,1980-08-11,46,Divorced,Bengaluru,Karnataka,+919087193848,nikhil.menon107@outlook.com,DEP007,Deputy General Manager,M.Com,1.2,2019-05-21,On Notice Period,,25000,2
EMP01140,Krishna Desai,Male,1992-03-04,34,Married,Coimbatore,Tamil Nadu,+918184578256,krishna.desai39@rediffmail.com,DEP009,Vice President,B.Com,10.1,2015-12-28,Resigned,2020-09-04,200000,2
EMP01141,Nikhil Mishra,Male,1982-08-16,44,Divorced,Chandigarh,Chandigarh,+919504130573,nikhil.mishra792@yahoo.com,DEP011,Team Lead,B.Sc,2.8,2021-06-01,Active,,200000,5
EMP01142,Swati Kumar,Female,1985-07-21,41,Single,Nagpur,Maharashtra,+919708443837,swati.kumarrediffmail.com,DEP002,Executive,B.Tech,24.9,2018-08-20,Resigned,2020-12-10,200000,5
EMP01143,Isha Joshi,Other,1995-03-05,31,Single,Jaipur,Rajasthan,1234562439,isha.joshi727@hotmail.com,DEP010,Manager,MBA,21.4,2022-02-20,Terminated,2023-01-26,80000,2
EMP01144,Ramesh Bansal,Other,1994-02-27,32,Divorced,Chennai,Tamil Nadu,+917210224633,ramesh.bansal920@yahoo.com,DEP007,Intern,M.Com,27.6,2015-03-31,Active,,130000,3
EMP01145,Divya Joshi,Other,2000-08-05,26,Divorced,Kolkata,West Bengal,+918639255466,divya.joshi275@yahoo.com,DEP012,Deputy General Manager,B.A.,11.8,2022-12-09,Active,,320000,3
EMP01146,Kavita Nair,Other,1976-12-27,50,Single,Coimbatore,Tamil Nadu,+919864934332,kavita.nairgmail.com,DEP005,Deputy General Manager,MBA,2.8,2021-05-23,Resigned,2021-12-02,320000,1
EMP01147,Rahul Bose,Male,1989-10-20,37,Married,Hyderabad,Telangana,+918555001967,rahul.bose663@rediffmail.com,DEP008,Team Lead,B.Tech,22.9,2026-01-09,Active,,160000,5
EMP01148,Aman Malhotra,Male,1993-08-27,33,Divorced,Bengaluru,Karnataka,+918244060127,aman.malhotra684@rediffmail.com,DEP005,Vice President,M.Sc,18.6,2016-01-09,Active,,130000,4
EMP01149,Vikram Menon,Male,2003-04-28,23,Divorced,Lucknow,Uttar Pradesh,+917249982892,vikram.menon@@hotmail.com,DEP003,General Manager,M.Sc,8.1,2021-09-16,On Notice Period,,130000,2
EMP01150,Ananya Sharma,Female,2001-04-17,25,Single,Delhi,Delhi,+917214137856,ananya.sharma394@hotmail.com,DEP005,Associate,MBA,1.8,2017-01-28,Active,,100000,3
EMP01151,Neha Malhotra,Other,1976-10-20,50,Single,Chennai,Tamil Nadu,1234563383,neha.malhotra816@gmail.com,DEP006,Vice President,PhD,25.1,2016-06-02,Active,,250000,4
EMP01152,Kritika Iyer,Female,1982-05-17,44,Divorced,Surat,Gujarat,+918596817692,kritika.iyer@@outlook.com,DEP008,Manager,B.Sc,17.5,2026-04-29,Terminated,,25000,5
EMP01153,Reyansh Chaudhary,Other,1995-05-11,31,Divorced,Noida,Uttar Pradesh,+919669637492,reyansh.chaudhary965@gmail.com,DEP010,Manager,M.Tech,10.7,2017-10-03,Active,,80000,5
EMP01154,Suresh Kapoor,Male,1971-12-15,55,Single,Indore,Madhya Pradesh,+916623433486,suresh.kapoor710@rediffmail.com,DEP009,Senior Analyst,PhD,29.7,2020-08-10,Active,,320000,4
EMP01155,Pooja Malhotra,Female,1971-12-14,55,Single,Delhi,Delhi,+917371650399,pooja.malhotra946@yahoo.com,DEP001,Team Lead,M.Tech,13.1,2015-03-31,Active,,200000,3
EMP01156,Aditya Sharma,Other,1985-10-24,41,Single,Lucknow,Uttar Pradesh,+916101265854,aditya.sharma388@yahoo.com,DEP004,Assistant Manager,MBA,26.2,2020-03-03,Terminated,2022-11-30,45000,1
EMP01157,Sarika Joshi,Other,1992-01-03,34,Married,Ghaziabad,Uttar Pradesh,+917029001476,sarika.joshi953@yahoo.com,DEP005,Senior Associate,PhD,44.2,2023-10-22,Terminated,2025-06-22,25000,3
EMP01158,Rahul Sharma,Male,1997-05-28,29,Single,Bengaluru,Karnataka,+916595931799,rahul.sharma847@outlook.com,DEP008,Associate,B.Sc,17.2,2017-10-26,Resigned,2019-09-23,100000,2
EMP01159,Vikram Gupta,Other,2002-06-10,24,Single,Chandigarh,Chandigarh,+917312438456,vikram.gupta@@gmail.com,DEP009,Executive,B.Sc,4.3,2015-02-22,Active,,80000,1
EMP01160,Swati Chopra,Female,1991-11-18,35,Married,Delhi,Delhi,+919536709455,swati.chopra36@hotmail.com,DEP007,Team Lead,B.A.,2.2,2026-03-08,Resigned,,100000,3
EMP01161,Aman Kumar,Male,1969-04-01,57,Divorced,Chandigarh,Chandigarh,+918164806363,aman.kumar653@outlook.com,DEP004,Assistant Manager,M.Sc,27.1,2015-06-15,Active,,130000,1
EMP01162,Ananya Ghosh,Female,2005-02-12,21,Divorced,Chandigarh,Chandigarh,+919575528545,ananya.ghosh738@outlook.com,DEP003,Assistant Manager,B.A.,3.6,2017-09-16,Resigned,2019-09-11,250000,3
EMP01163,Deepak Joshi,Male,2004-05-25,22,Married,Ahmedabad,Gujarat,1234562737,deepak.joshi706@rediffmail.com,DEP003,Deputy General Manager,B.Com,11.5,2017-06-26,Terminated,2021-04-26,320000,4
EMP01164,Aadhya Verma,Female,2001-02-11,25,Married,Noida,Uttar Pradesh,+918416607007,aadhya.verma17@gmail.com,DEP010,Senior Associate,B.Tech,22.4,2016-01-12,On Notice Period,,60000,1
EMP01165,Ajay Gupta,Male,1979-12-04,47,Single,Bengaluru,Karnataka,27966,ajay.gupta798@outlook.com,DEP004,Executive,Diploma,24.6,2019-12-27,Active,,250000,3
EMP01166,Nikhil Menon,Male,1985-08-02,41,Single,Kolkata,West Bengal,1752668,nikhil.menon450@rediffmail.com,DEP009,Assistant Manager,M.Com,5.0,2015-06-06,Active,,80000,5
EMP01167,Meera Chopra,Female,1966-11-05,60,Single,Bengaluru,Karnataka,+919279646696,meera.chopra@@yahoo.com,DEP007,Senior Associate,B.Com,19.8,2022-08-03,Active,,35000,4
EMP01168,Ritu Chaudhary,Other,1981-09-25,45,Married,Lucknow,Uttar Pradesh,+919815032402,ritu.chaudhary205@gmail.com,DEP006,Senior Analyst,MBA,23.9,2020-04-29,Active,,160000,4
EMP01169,Ajay Singh,Male,1973-04-05,53,Single,Lucknow,Uttar Pradesh,+917188219802,ajay.singh247@yahoo.com,DEP012,Executive,B.A.,28.9,2015-03-13,Active,,45000,4
EMP01170,Ramesh Bose,Male,1999-11-22,27,Single,Ahmedabad,Gujarat,+918589210177,ramesh.bose603@gmail.com,DEP009,Senior Manager,M.Com,10.9,2023-08-10,Active,,80000,5
EMP01171,Nisha Sharma,Female,1972-12-09,54,Divorced,Kolkata,West Bengal,+916761726694,nisha.sharma68@rediffmail.com,DEP007,Analyst,Diploma,25.4,2023-11-25,Active,,60000,3
EMP01172,Suresh Reddy,Male,1975-10-02,51,Single,Pune,Maharashtra,+916023849973,suresh.reddy735@outlook.com,DEP010,Team Lead,B.Sc,5.5,2019-01-01,Active,,80000,5
EMP01173,Meera Chopra,Female,2005-11-27,21,Single,Indore,Madhya Pradesh,+918581871071,meera.chopra155@hotmail.com,DEP009,Senior Analyst,B.Sc,16.9,2016-10-07,Active,,200000,2
EMP01174,Gaurav Gupta,Male,1981-04-26,45,Divorced,Surat,Gujarat,+918975144368,gaurav.gupta55@rediffmail.com,DEP008,General Manager,M.Tech,8.0,2024-01-04,Active,,60000,4
EMP01175,Reyansh Joshi,Other,1967-07-12,59,Single,Mumbai,Maharashtra,+916197198011,reyansh.joshi606@yahoo.com,DEP008,Senior Analyst,M.Com,6.6,2023-08-24,Resigned,,250000,4
EMP01176,Aman Singh,Male,1991-07-14,35,Single,Nagpur,Maharashtra,+918955029453,aman.singh117@hotmail.com,DEP010,Executive,MBA,1.4,2024-07-01,Active,,45000,1
EMP01177,Deepak Joshi,Male,1967-06-20,59,Divorced,Ahmedabad,Gujarat,+918697925000,deepak.joshi210@hotmail.com,DEP004,Intern,M.Sc,24.3,2019-04-11,Terminated,2024-12-27,100000,5
EMP01178,Nikhil Bose,Male,2003-04-28,23,Divorced,Mumbai,Maharashtra,+918753758494,nikhil.bose813@hotmail.com,DEP010,Analyst,Diploma,12.2,2024-01-02,Active,,130000,3
EMP01179,Rahul Mishra,Male,1980-08-25,46,Divorced,Coimbatore,Tamil Nadu,+916966037318,rahul.mishra644@hotmail.com,DEP006,Senior Manager,M.Sc,16.2,2016-07-08,Active,,45000,5
EMP01180,Diya Bose,Female,1988-04-12,38,Married,Jaipur,Rajasthan,+919187753478,,DEP005,Executive,M.Com,15.6,2016-05-18,Active,,25000,2
EMP01181,Aarav Yadav,Other,1985-12-16,41,Divorced,Lucknow,Uttar Pradesh,+919524163905,aarav.yadav821@yahoo.com,DEP004,Associate,B.A.,12.7,2016-09-15,Terminated,2018-05-15,200000,4
EMP01182,Karan Singh,Male,1972-02-24,54,Single,Chandigarh,Chandigarh,+916362202435,karan.singh169@gmail.com,DEP007,Assistant Manager,M.Tech,15.8,2018-07-02,Active,,200000,5
EMP01183,Krishna Chaudhary,Male,1985-11-26,41,Single,Chandigarh,Chandigarh,+916086912647,krishna.chaudhary789@gmail.com,DEP008,Assistant Manager,B.Tech,1.6,2024-04-18,Active,,250000,1
EMP01184,Diya Yadav,Other,1991-07-20,35,Single,Surat,Gujarat,+917612996619,diya.yadav938@rediffmail.com,DEP001,Senior Analyst,B.Sc,30.0,2018-10-05,Resigned,2019-04-02,320000,2
EMP01185,Kavya Joshi,Female,1967-05-08,59,Married,Jaipur,Rajasthan,+916662385987,kavya.joshi300@gmail.com,DEP006,Senior Associate,B.Sc,10.6,2018-10-08,Active,,250000,1
EMP01186,Gaurav Mishra,Male,2005-07-01,21,Married,Hyderabad,Telangana,+918523317700,gaurav.mishra955@yahoo.com,DEP002,Manager,M.Tech,21.5,2018-12-29,On Notice Period,,80000,1
EMP01187,Ajay Sharma,Male,1983-04-02,43,Divorced,Lucknow,Uttar Pradesh,+916920515788,ajay.sharma155@gmail.com,DEP007,Senior Manager,MBA,28.1,2015-08-01,On Notice Period,,100000,5
EMP01188,Karan Chopra,Other,1979-11-11,47,Married,Kolkata,West Bengal,1234561853,karan.chopra746@hotmail.com,DEP006,Vice President,M.Tech,10.4,2015-05-10,Active,,130000,4
EMP01189,Manish Kumar,Other,1978-10-02,48,Single,Indore,Madhya Pradesh,+916278001911,manish.kumar89@outlook.com,DEP009,Senior Manager,B.Tech,8.3,2022-04-10,Active,,100000,5
EMP01190,Vihaan Desai,Male,1982-05-15,44,Divorced,Indore,Madhya Pradesh,+917342910997,vihaan.desai806@rediffmail.com,DEP005,Deputy General Manager,M.Sc,2.2,2024-01-20,Active,,100000,1
EMP01191,Anjali Singh,Female,1997-02-09,29,Married,Chandigarh,Chandigarh,+919844499586,anjali.singh149@gmail.com,DEP010,Intern,MBA,16.5,2016-11-18,Terminated,2020-08-15,35000,4
EMP01192,Aarav Desai,Other,1985-10-21,41,Single,Indore,Madhya Pradesh,+916864713555,aarav.desai97@rediffmail.com,DEP002,Manager,M.Tech,23.7,2025-09-05,On Notice Period,,320000,2
EMP01193,Aman Rao,Male,1992-09-24,34,Single,Mumbai,Maharashtra,+918780592540,aman.rao581@outlook.com,DEP002,Team Lead,PhD,25.1,2024-01-11,On Notice Period,,130000,2
EMP01194,Nikhil Bansal,Male,1998-12-18,28,Single,Lucknow,Uttar Pradesh,+916241278558,nikhil.bansal507@yahoo.com,DEP011,Associate,Diploma,10.3,2025-04-20,Active,,130000,4
EMP01195,Diya Kumar,Female,1984-10-20,42,Married,Bengaluru,Karnataka,+917797032522,diya.kumar168@yahoo.com,DEP010,Intern,Diploma,21.4,2025-02-28,Resigned,2026-04-30,200000,2
EMP01196,Nisha Agarwal,Female,1975-10-09,51,Divorced,Indore,Madhya Pradesh,+918825287772,nisha.agarwal370@outlook.com,DEP002,Senior Manager,MBA,8.4,2017-11-26,Terminated,2019-02-02,100000,3
EMP01197,Reyansh Chaudhary,Male,1992-01-13,34,Single,Coimbatore,Tamil Nadu,+918377169978,reyansh.chaudhary889@gmail.com,DEP010,Intern,M.Com,16.7,2017-01-08,Active,,80000,4
EMP01198,Sanjay Agarwal,Other,1990-02-11,36,Single,Jaipur,Rajasthan,+919948755207,sanjay.agarwal246@hotmail.com,DEP012,Deputy General Manager,B.Sc,19.9,2018-06-10,On Notice Period,,35000,2
EMP01199,Ishaan Malhotra,Male,1969-03-18,57,Single,Pune,Maharashtra,+918061435767,ishaan.malhotra225@rediffmail.com,DEP009,Assistant Manager,B.Sc,37.7,2018-07-06,Active,,200000,1
EMP01200,Sanjay Chopra,Other,1987-09-20,39,Single,Bengaluru,Karnataka,+918740926754,sanjay.chopra861@outlook.com,DEP002,Senior Analyst,M.Tech,0.4,2015-06-26,On Notice Period,,100000,3
EMP01201,Vivaan Pillai,Other,1973-03-16,53,Divorced,Jaipur,Rajasthan,+917007033409,vivaan.pillai16@gmail.com,DEP007,General Manager,MBA,14.9,2017-12-09,Active,,100000,4
EMP01202,Suresh Agarwal,Other,1997-09-08,29,Married,Indore,Madhya Pradesh,+916760444866,suresh.agarwal126@hotmail.com,DEP006,Manager,B.Com,11.4,2015-05-26,Active,,160000,3
EMP01203,Anil Singh,Other,1980-02-24,46,Divorced,Indore,Madhya Pradesh,+919526186056,anil.singh256@outlook.com,DEP010,Team Lead,M.Sc,18.6,2015-10-19,Resigned,2021-03-08,160000,1
EMP01204,Ananya Rao,Female,1987-07-03,39,Divorced,Pune,Maharashtra,+91-548443,ananya.rao977@hotmail.com,DEP007,Consultant,M.Com,42.3,2021-12-29,Active,,200000,
EMP01205,Ishaan Menon,Other,1979-04-20,47,Single,Ghaziabad,Uttar Pradesh,+916492257959,ishaan.menon673@gmail.com,DEP003,Analyst,M.Com,0.2,2022-01-17,Active,,25000,
EMP01206,Saanvi Singh,Other,1979-05-05,47,Married,Nagpur,Maharashtra,+918526772302,saanvi.singh693@rediffmail.com,DEP007,General Manager,Diploma,17.3,2022-12-24,On Notice Period,,35000,
EMP01207,Riya Gupta,Female,1992-11-09,34,Married,Bengaluru,Karnataka,+917071621005,riya.gupta464@outlook.com,DEP012,Intern,M.Sc,27.3,2019-05-12,Active,,200000,5
EMP01208,Neha Bansal,Female,1976-07-21,50,Divorced,Hyderabad,Telangana,+917011948333,neha.bansal408@gmail.com,DEP009,Executive,B.A.,12.0,2016-06-29,Active,,200000,3
EMP01209,Myra Pillai,Female,1973-03-28,53,Single,Nagpur,Maharashtra,+919954638503,myra.pillai283@outlook.com,DEP001,Associate,PhD,15.4,2025-08-19,Terminated,,25000,1
EMP01210,Priya Patel,Female,1977-09-19,49,Married,Ahmedabad,Gujarat,+918799004634,priya.patel147@rediffmail.com,DEP012,Executive,M.Com,25.1,2017-08-26,Resigned,2019-08-01,130000,2
EMP01211,Diya Pillai,Other,1983-06-12,43,Divorced,Jaipur,Rajasthan,+916029651965,diya.pillai460@rediffmail.com,DEP012,Assistant Manager,PhD,7.0,2025-07-07,Active,,60000,1
EMP01212,Aadhya Bose,Other,1996-11-01,30,Single,Coimbatore,Tamil Nadu,+918762017327,aadhya.bose737@rediffmail.com,DEP009,Team Lead,Diploma,10.9,2019-08-27,Active,,80000,5
EMP01213,Neha Kumar,Other,1976-06-18,50,Divorced,Hyderabad,Telangana,+919653823739,neha.kumar896@yahoo.com,DEP004,Senior Manager,M.Tech,19.1,2018-04-07,Active,,60000,3
EMP01214,Rahul Chaudhary,Male,1969-04-04,57,Divorced,Mumbai,Maharashtra,8980076,rahul.chaudhary661@rediffmail.com,DEP012,Senior Manager,B.Sc,21.1,2015-06-28,On Notice Period,,320000,2
EMP01215,Ajay Gupta,Other,1981-01-20,45,Married,Nagpur,Maharashtra,+916306129397,ajay.gupta36@outlook.com,DEP011,Deputy General Manager,MBA,18.2,2023-10-19,Active,,160000,4
EMP01216,Rekha Menon,Other,1972-03-25,54,Married,Noida,Uttar Pradesh,+918493600574,rekha.menon176@yahoo.com,DEP005,Senior Manager,M.Tech,16.6,2019-05-31,Active,,45000,4
EMP01217,Riya Reddy,Female,1966-11-15,60,Single,Bengaluru,Karnataka,+918855888520,riya.reddy81@rediffmail.com,DEP002,Manager,M.Sc,10.5,2015-03-07,Active,,200000,4
EMP01218,Divya Nair,Other,1987-03-17,39,Married,Bengaluru,Karnataka,+918688781490,divya.nair325@hotmail.com,DEP004,Senior Manager,M.Com,3.7,2017-09-05,On Notice Period,,45000,4
EMP01219,Pooja Sharma,Female,1977-09-12,49,Divorced,Delhi,Delhi,+918426607061,pooja.sharma312@gmail.com,DEP010,General Manager,Diploma,2.2,2024-11-28,Resigned,,60000,2
EMP01220,Shreya Mishra,Female,1988-01-02,38,Single,Delhi,Delhi,+916845176960,shreya.mishra438@hotmail.com,DEP006,General Manager,B.Tech,27.9,2018-10-30,Resigned,2022-12-11,25000,
EMP01221,Aditya Shetty,Male,1989-08-17,37,Married,Coimbatore,Tamil Nadu,+918216812217,aditya.shetty974@hotmail.com,DEP005,Senior Associate,B.Com,15.5,2016-02-15,Active,,250000,5
EMP01222,Rahul Gupta,Male,1990-10-09,36,Married,Coimbatore,Tamil Nadu,+917836819817,rahul.gupta@rediffmail,DEP012,General Manager,B.Com,4.9,2017-07-02,Active,,100000,2
EMP01223,Ananya Nair,Female,1971-10-08,55,Married,Kolkata,West Bengal,+916655896450,ananya.nair610@outlook.com,DEP004,Executive,B.Tech,21.1,2017-02-26,Resigned,2020-10-13,80000,
EMP01224,Myra Reddy,Other,1986-06-13,40,Divorced,Kolkata,West Bengal,+918233442257,myra.reddy670@hotmail.com,DEP004,Vice President,B.Com,22.1,2015-06-08,Active,,80000,5
EMP01225,Pooja Reddy,Female,2002-01-20,24,Divorced,Chandigarh,Chandigarh,+919804471329,pooja.reddy48@outlook.com,DEP007,Senior Analyst,B.Tech,25.9,2023-04-05,Active,,320000,2
EMP01226,Nisha Iyer,Female,2004-08-20,22,Single,Hyderabad,Telangana,+917465099859,nisha.iyer223@yahoo.com,DEP006,Manager,PhD,16.2,2020-11-17,Terminated,2021-03-04,25000,
EMP01227,Diya Kumar,Other,1999-08-15,27,Divorced,Pune,Maharashtra,+918672457076,diya.kumar212@rediffmail.com,DEP009,Manager,B.Sc,8.0,2020-11-24,Resigned,2023-06-27,130000,3
EMP01228,Vikram Patel,Other,1993-09-28,33,Divorced,Ahmedabad,Gujarat,+918596064836,vikram.patel179@hotmail.com,DEP001,Senior Analyst,B.Sc,10.9,2016-02-01,Active,,200000,3
EMP01229,Divya Pillai,Female,1976-02-28,50,Single,Surat,Gujarat,+916871737039,divya.pillai292@yahoo.com,DEP004,Team Lead,B.Tech,25.3,2022-09-12,Active,,60000,
EMP01230,Reyansh Chaudhary,Male,1980-01-04,46,Married,Nagpur,Maharashtra,+918669156023,reyansh.chaudhary217@outlook.com,DEP005,Team Lead,M.Com,16.6,2015-07-24,Active,,35000,5
EMP01231,Aarav Yadav,Male,2001-06-03,25,Divorced,Coimbatore,Tamil Nadu,+916702797662,aarav.yadav956@yahoo.com,DEP007,General Manager,M.Tech,26.3,2020-11-13,Active,,200000,1
EMP01232,Shreya Nair,Female,1979-02-12,47,Married,Delhi,Delhi,+919013714548,shreya.nair82@gmail.com,DEP001,Assistant Manager,B.Tech,26.7,2018-08-16,Active,,200000,5
EMP01233,Vivaan Agarwal,Other,1969-10-19,57,Single,Bengaluru,Karnataka,+916730923686,vivaan.agarwal757@outlook.com,DEP004,Senior Associate,B.Sc,18.2,2015-06-14,Resigned,2021-12-25,250000,3
EMP01234,Sneha Desai,Female,2005-04-18,17,Divorced,Chandigarh,Chandigarh,+916421154428,sneha.desai883@yahoo.com,DEP011,Senior Manager,M.Sc,3.5,2024-02-19,Active,,35000,1
EMP01235,Shreya Iyer,Female,1983-04-02,43,Married,Mumbai,Maharashtra,+918152256434,shreya.iyer204@hotmail.com,DEP006,Senior Analyst,M.Com,19.3,2019-08-25,Resigned,2020-04-29,25000,1
EMP01236,Vivaan Singh,Male,1992-11-16,34,Single,Bengaluru,Karnataka,+919802334191,vivaan.singh@@hotmail.com,DEP004,Intern,B.A.,0.2,2025-04-09,Active,,130000,1
EMP01237,priya iyer,Female,1982-02-07,44,Single,Indore,Madhya Pradesh,69817,priya.iyer150@rediffmail.com,DEP009,General Manager,M.Sc,3.1,2022-06-19,Resigned,,200000,
EMP01238,Anil Mishra,Male,2004-02-10,22,Single,Bengaluru,Karnataka,+919336740167,anil.mishra632@outlook.com,DEP010,Associate,MBA,1.3,2021-03-24,Terminated,2024-09-05,35000,5
EMP01239,Karan Rao,Male,1972-09-16,54,Divorced,Indore,Madhya Pradesh,+919436006665,karan.rao376@hotmail.com,DEP005,Consultant,B.Sc,14.3,2022-05-14,On Notice Period,,35000,2
EMP01240,Pooja Reddy,Other,1990-06-28,36,Married,Ghaziabad,Uttar Pradesh,+919074493729,pooja.reddy812@yahoo.com,DEP004,Manager,M.Com,24.1,2015-07-19,Terminated,2015-11-02,60000,3
EMP01241,Divya Rao,Female,1989-01-01,37,Divorced,Noida,Uttar Pradesh,+918024507868,divya.rao414@yahoo.com,DEP003,Deputy General Manager,M.Sc,16.3,2016-10-31,Terminated,2020-08-09,25000,1
EMP01242,Vikram Chopra,Male,1984-06-13,42,Married,Bengaluru,Karnataka,+916069174980,vikram.chopra118@outlook.com,DEP009,Manager,B.Com,24.2,2016-01-12,On Notice Period,,250000,2
EMP01243,Sunita Desai,Other,2000-10-26,26,Married,Delhi,Delhi,,sunita.desai877@hotmail.com,DEP010,General Manager,B.Tech,5.0,2020-08-24,On Notice Period,,100000,1
EMP01244,Vivaan Patel,Male,1980-04-24,46,Married,Noida,Uttar Pradesh,+919420316495,vivaan.patel106@rediffmail.com,DEP001,Vice President,PhD,21.7,2017-02-04,Active,,320000,4
EMP01245,Gaurav Bansal,Male,1978-06-14,48,Single,Surat,Gujarat,+918139124150,gaurav.bansal333@gmail.com,DEP006,Executive,M.Tech,23.3,2026-04-21,Active,,320000,5
EMP01246,Shreya Malhotra,Female,1980-07-22,46,Married,Chandigarh,Chandigarh,+917567308196,shreya.malhotra450@yahoo.com,DEP007,Analyst,B.A.,12.7,2015-09-12,Active,,160000,1
EMP01247,Naveen Kapoor,Male,1984-06-09,42,Single,Pune,Maharashtra,+917176167909,naveen.kapoor219@outlook.com,DEP004,Executive,M.Sc,10.0,2015-10-13,On Notice Period,,25000,4
EMP01248,aman kapoor,Male,1974-09-15,52,Divorced,Lucknow,Uttar Pradesh,+916818768831,aman.kapoor566@outlook.com,DEP008,General Manager,PhD,11.2,2024-11-19,Active,,25000,4
EMP01249,Kavita Shetty,Female,2004-10-05,22,Married,Delhi,Delhi,+916320225610,kavita.shetty488@yahoo.com,DEP001,Deputy General Manager,Diploma,9.2,2018-06-14,Active,,160000,5
EMP01250,Arjun Rao,Other,1986-04-17,40,Divorced,Coimbatore,Tamil Nadu,+916993422540,arjun.rao929@yahoo.com,DEP005,Senior Analyst,M.Sc,23.2,2024-08-04,Active,,35000,2
EMP01251,Saurabh Bose,Male,1995-11-07,31,Married,Ghaziabad,Uttar Pradesh,+916388123973,saurabh.bose525@hotmail.com,DEP007,Associate,M.Sc,12.0,2025-01-03,Resigned,,100000,2
EMP01252,Riya Menon,Other,1980-10-20,46,Divorced,Nagpur,Maharashtra,+919777210677,riya.menon279@rediffmail.com,DEP009,Manager,M.Tech,2.6,2016-06-21,Active,,60000,3
EMP01253,Anjali Chaudhary,Female,1986-05-10,40,Married,Noida,Uttar Pradesh,+917953158659,anjali.chaudhary376@outlook.com,DEP010,Team Lead,PhD,23.0,2025-01-15,On Notice Period,,35000,4
EMP01254,Aditya Desai,Male,2001-04-13,25,Married,Pune,Maharashtra,+919942472964,aditya.desai443@rediffmail.com,DEP011,Senior Associate,Diploma,17.2,2015-02-02,Terminated,2016-09-23,320000,2
EMP01255,Nisha Bose,Female,1985-08-12,41,Divorced,Indore,Madhya Pradesh,+916092862126,,DEP002,Senior Associate,B.Tech,24.4,2026-06-23,On Notice Period,,320000,5
EMP01256,Sunita Shetty,Female,1967-03-04,59,Divorced,Coimbatore,Tamil Nadu,+919158113852,sunita.shetty765@gmail.com,DEP012,General Manager,B.Sc,11.0,2021-04-14,Active,,25000,2
EMP01257,Kavita Rao,Female,2003-06-02,23,Married,Hyderabad,Telangana,+919402847596,kavita.rao341@outlook.com,DEP012,Deputy General Manager,M.Com,7.7,2018-09-26,Resigned,2025-05-09,160000,3
EMP01258,Isha Ghosh,Other,1997-01-27,29,Married,Pune,Maharashtra,+916198884286,isha.ghosh760@gmail.com,DEP011,Intern,M.Tech,17.5,2015-01-11,Active,,45000,1
EMP01259,Swati Bose,Female,1980-02-26,46,Single,Indore,Madhya Pradesh,+919041017095,swati.boserediffmail.com,DEP009,Senior Associate,PhD,1.1,2016-07-19,On Notice Period,,80000,3
EMP01260,Saanvi Nair,Female,1988-09-14,38,Divorced,Kolkata,West Bengal,+916240633023,saanvi.nair203@yahoo.com,DEP003,Assistant Manager,B.A.,16.3,2025-01-01,On Notice Period,,35000,3
EMP01261,Isha Chaudhary,Female,1970-11-26,56,Single,Chandigarh,Chandigarh,27311,isha.chaudhary582@rediffmail.com,DEP006,Associate,MBA,1.4,2024-06-18,On Notice Period,,200000,1
EMP01262,Arjun Shetty,Male,1980-11-26,46,Married,Ghaziabad,Uttar Pradesh,+918942660109,arjun.shetty211@gmail.com,DEP005,Executive,M.Sc,6.8,2021-02-03,Active,,200000,3
EMP01263,Priya Ghosh,Female,2004-05-07,22,Divorced,Kolkata,West Bengal,+919277118231,priya.ghoshgmail.com,DEP001,Associate,B.Sc,1.6,2019-03-05,Resigned,2024-05-22,80000,3
EMP01264,Ishaan Mishra,Other,1967-10-17,59,Divorced,Pune,Maharashtra,+91-894867,ishaan.mishra7@gmail.com,DEP011,Intern,M.Com,17.1,2019-08-28,Active,,160000,3
EMP01265,Neha Gupta,Female,1997-07-22,29,Single,Pune,Maharashtra,+919163692428,neha.gupta886@rediffmail.com,DEP001,Analyst,B.Sc,24.5,2016-05-09,On Notice Period,,35000,1
EMP01266,Kavita Yadav,Female,2002-10-26,24,Single,Chennai,Tamil Nadu,+916486424387,kavita.yadav168@yahoo.com,DEP004,Senior Manager,M.Sc,1.1,2025-07-25,Terminated,,35000,4
EMP01267,Reyansh Desai,Male,1979-05-22,47,Divorced,Kolkata,West Bengal,+919724295507,reyansh.desai106@yahoo.com,DEP010,Consultant,B.Sc,27.7,2025-03-20,Active,,35000,3
EMP01268,Sunita Ghosh,Other,1997-03-01,29,Married,Indore,Madhya Pradesh,+916713665031,sunita.ghosh444@hotmail.com,DEP008,Team Lead,M.Com,23.7,2020-05-04,On Notice Period,,35000,3
EMP01269,Isha Agarwal,Female,1998-07-06,28,Married,Hyderabad,Telangana,+919248426363,isha.agarwal599@rediffmail.com,DEP006,General Manager,M.Sc,10.8,2017-06-19,Resigned,2018-06-22,45000,3
EMP01270,Sunita Singh,Female,1977-01-26,49,Single,Noida,Uttar Pradesh,+916425080760,sunita.singh593@rediffmail.com,DEP003,Analyst,M.Tech,6.0,2022-03-16,Active,,250000,
EMP01271,Meera Sharma,Other,2004-03-18,22,Married,Pune,Maharashtra,+919332301435,meera.sharma772@rediffmail.com,DEP004,Associate,M.Sc,21.8,2025-08-01,Resigned,2025-12-01,160000,4
EMP01272,Kavita Menon,Other,1968-12-03,58,Married,Chennai,Tamil Nadu,+916307483284,kavita.menon936@rediffmail.com,DEP002,General Manager,B.Sc,5.0,2024-03-11,Resigned,,60000,1
EMP01273,Anil Singh,Other,1982-07-01,17,Married,Coimbatore,Tamil Nadu,+916211076934,anil.singh176@outlook.com,DEP004,Analyst,PhD,29.1,2022-02-05,Terminated,2023-06-17,35000,1
EMP01274,Pooja Mishra,Female,1994-04-24,32,Single,Chandigarh,Chandigarh,+918090829319,pooja.mishra516@gmail.com,DEP001,Assistant Manager,M.Sc,11.1,2016-04-17,Terminated,2019-07-07,250000,1
EMP01275,Swati Joshi,Female,1971-09-05,55,Single,Mumbai,Maharashtra,82222,swati.joshi670@gmail.com,DEP012,Team Lead,M.Com,17.8,2017-09-09,Active,,250000,4
EMP01276,Manish Shetty,Male,1990-06-21,36,Single,Mumbai,Maharashtra,+916462499202,manish.shetty104@hotmail.com,DEP007,Associate,B.A.,26.2,2019-05-09,Active,,80000,2
EMP01277,Diya Iyer,Female,1976-07-03,50,Divorced,Coimbatore,Tamil Nadu,+919072235740,diya.iyer510@rediffmail.com,DEP001,Associate,M.Sc,8.5,2021-04-23,On Notice Period,,130000,4
EMP01278,Deepak Pillai,Male,2003-11-20,23,Divorced,Noida,Uttar Pradesh,+919221298437,deepak.pillai306@hotmail.com,DEP002,Vice President,Diploma,9.0,2021-06-28,Terminated,2023-09-30,200000,5
EMP01279,Aadhya Rao,Female,2003-04-20,23,Married,Mumbai,Maharashtra,+918187287618,aadhya.rao812@yahoo.com,DEP007,Intern,B.A.,19.9,2015-10-02,Active,,25000,3
EMP01280,Priya Kapoor,Female,1997-07-05,29,Single,Kolkata,West Bengal,+919152844320,priya.kapoor518@gmail.com,DEP012,Vice President,M.Sc,27.6,2023-07-27,Active,,200000,3
EMP01281,Saanvi Gupta,Female,1979-12-11,47,Single,Kolkata,West Bengal,+919519611716,saanvi.gupta294@yahoo.com,DEP005,Senior Analyst,B.Com,18.5,2019-08-22,On Notice Period,,200000,1
EMP01282,Suresh Desai,Male,1969-04-05,57,Divorced,Chennai,Tamil Nadu,86813,suresh.desai@@outlook.com,DEP006,Senior Analyst,Diploma,9.0,2022-06-23,Active,,160000,2
EMP01283,Saanvi Reddy,Female,1987-09-18,39,Married,Bengaluru,Karnataka,+919282910482,saanvi.reddy301@outlook.com,DEP001,Assistant Manager,PhD,27.7,2025-09-12,Active,,80000,2
EMP01284,Pooja Yadav,Other,1973-04-10,53,Single,Lucknow,Uttar Pradesh,+916491894955,pooja.yadav470@gmail.com,DEP011,Manager,B.Com,1.1,2016-05-04,Terminated,2021-11-16,25000,4
EMP01285,Kavita Iyer,Female,2000-08-20,26,Divorced,Indore,Madhya Pradesh,+919282074033,kavita.iyer220@hotmail.com,DEP012,Manager,M.Sc,21.7,2021-02-03,Terminated,2024-06-17,60000,5
EMP01286,Ajay Yadav,Male,1974-05-06,52,Married,Surat,Gujarat,+919885315153,ajay.yadav832@hotmail.com,DEP009,General Manager,B.Com,5.1,2024-12-16,Resigned,,130000,3
EMP01287,Ananya Rao,Other,1993-01-22,33,Divorced,Delhi,Delhi,+918684537413,ananya.rao200@gmail.com,DEP004,Senior Analyst,Diploma,22.0,2017-04-26,On Notice Period,,45000,3
EMP01288,Aadhya Iyer,Other,1993-05-07,33,Single,Delhi,Delhi,+916224430570,aadhya.iyer417@yahoo.com,DEP001,General Manager,M.Tech,13.2,2021-08-22,Active,,100000,1
EMP01289,Rahul Gupta,Other,1987-09-02,39,Divorced,Ghaziabad,Uttar Pradesh,+917136892668,rahul.gupta757@yahoo.com,DEP005,Deputy General Manager,M.Sc,2.7,2022-10-19,Resigned,,100000,2
EMP01290,Diya Desai,Female,2001-10-17,25,Married,Chandigarh,Chandigarh,+919104210978,diya.desai868@hotmail.com,DEP005,Senior Manager,B.Sc,15.7,2021-12-24,Active,,250000,4
EMP01291,Diya Reddy,Other,1987-07-20,39,Single,Coimbatore,Tamil Nadu,+916685046896,diya.reddy880@yahoo.com,DEP007,Manager,MBA,27.4,2023-07-28,Terminated,2024-11-08,100000,2
EMP01292,Reyansh Yadav,Male,1981-11-18,45,Married,Hyderabad,Telangana,+916195399669,reyansh.yadav882@outlook.com,DEP003,Senior Manager,PhD,12.6,2020-08-27,Active,,45000,2
EMP01293,Swati Ghosh,Female,1989-12-16,37,Married,Chennai,Tamil Nadu,+916509466064,swati.ghosh146@gmail.com,DEP004,General Manager,B.Sc,16.6,2025-09-27,Active,,25000,3
EMP01294,Arjun Iyer,Other,1987-06-26,39,Single,Bengaluru,Karnataka,+917404086199,arjun.iyer692@outlook.com,DEP008,Team Lead,M.Sc,24.7,2022-09-17,Active,,25000,2
EMP01295,Isha Reddy,Female,2002-04-18,24,Divorced,Ahmedabad,Gujarat,+918701302843,isha.reddy142@gmail.com,DEP004,Deputy General Manager,B.Tech,14.4,2015-10-13,Active,,35000,1
EMP01296,Diya Nair,Other,1997-09-07,29,Divorced,Noida,Uttar Pradesh,+917601504736,diya.nair895@yahoo.com,DEP011,General Manager,M.Com,13.4,2024-05-13,On Notice Period,,80000,4
EMP01297,Kavya Pillai,Other,1976-09-20,50,Single,Chennai,Tamil Nadu,+918766918454,kavya.pillai382@rediffmail.com,DEP001,Assistant Manager,B.A.,28.2,2023-05-15,Active,,250000,3
EMP01298,Ramesh Patel,Other,1994-02-15,32,Single,Bengaluru,Karnataka,+918886459490,ramesh.patel482@hotmail.com,DEP004,Assistant Manager,B.Com,23.3,2024-10-07,Terminated,,25000,3
EMP01299,Kritika Kapoor,Female,2004-08-05,22,Married,Hyderabad,Telangana,+916218463097,kritika.kapoor249@yahoo.com,DEP011,Vice President,B.A.,24.0,2018-08-28,Active,,25000,4
EMP01300,Rekha Bose,Other,1967-11-05,59,Single,Nagpur,Maharashtra,+916211021651,rekha.bose760@outlook.com,DEP007,Associate,M.Tech,3.9,2020-12-08,Active,,100000,5
EMP01301,Ananya Iyer,Female,1978-06-19,48,Married,Mumbai,Maharashtra,+919240140868,ananya.iyer661@rediffmail.com,DEP006,Deputy General Manager,B.Sc,3.4,2026-06-02,Active,,160000,5
EMP01302,Riya Chopra,Female,1981-01-09,45,Married,Noida,Uttar Pradesh,+919937528024,riya.chopra570@outlook.com,DEP002,Associate,M.Com,14.6,2017-10-29,Resigned,2020-12-13,60000,1
EMP01303,Karan Yadav,Other,1982-08-23,44,Married,Coimbatore,Tamil Nadu,+918165261732,karan.yadav100@gmail.com,DEP010,Senior Analyst,Diploma,13.8,2025-07-09,On Notice Period,,25000,
EMP01304,Shreya Verma,Female,1993-12-27,33,Married,Chandigarh,Chandigarh,+919426201752,shreya.verma808@hotmail.com,DEP008,Senior Analyst,M.Sc,16.5,2026-04-15,Active,,80000,2
EMP01305,Saurabh Bose,Other,1998-12-18,28,Single,Coimbatore,Tamil Nadu,+916635509543,,DEP005,Senior Analyst,B.Sc,28.6,2021-07-22,Active,,35000,4
EMP01306,Aarav Reddy,Male,1966-09-17,60,Divorced,Chandigarh,Chandigarh,+917579137732,aarav.reddy793@outlook.com,DEP011,Analyst,PhD,29.8,2022-11-13,Active,,250000,4
EMP01307,Diya Nair,Female,1998-04-08,28,Married,Jaipur,Rajasthan,+918548810022,diya.nair199@rediffmail.com,DEP004,Analyst,PhD,16.0,2019-04-05,Active,,60000,1
EMP01308,Diya Verma,Female,1992-11-06,34,Married,Lucknow,Uttar Pradesh,+919350470790,diya.verma228@outlook.com,DEP011,Assistant Manager,B.A.,4.0,2026-04-26,Terminated,,250000,2
EMP01309,Manish Pillai,Other,2005-07-02,21,Married,Jaipur,Rajasthan,+918674888946,manish.pillai333@outlook.com,DEP002,Deputy General Manager,M.Tech,22.9,2022-07-16,Terminated,,160000,3
EMP01310,Rahul Rao,Male,1987-10-10,39,Married,Kolkata,West Bengal,+918857722105,rahul.rao588@gmail.com,DEP011,Intern,B.Tech,18.0,2024-04-22,Resigned,,250000,4
EMP01311,Swati Pillai,Female,2004-04-01,22,Single,Hyderabad,Telangana,+918706040974,swati.pillai938@gmail.com,DEP012,Vice President,B.A.,8.8,2017-02-24,On Notice Period,,320000,
EMP01312,Nisha Shetty,Female,1981-03-06,45,Single,Noida,Uttar Pradesh,+919580110011,nisha.shetty70@hotmail.com,DEP008,Manager,MBA,3.8,2020-10-05,Active,,160000,1
EMP01313,Shreya Sharma,Other,1976-09-06,50,Single,Delhi,Delhi,+916784423352,shreya.sharma865@outlook.com,DEP011,General Manager,M.Com,13.3,2021-04-12,Active,,200000,4
EMP01314,Meera Mishra,Female,1976-10-17,50,Single,Mumbai,Maharashtra,+918550108269,meera.mishra805@yahoo.com,DEP012,Manager,PhD,12.4,2016-11-27,Active,,35000,1
EMP01315,Kavita Agarwal,Female,1976-08-22,50,Single,Ghaziabad,Uttar Pradesh,+919289781709,kavita.agarwal37@rediffmail.com,DEP009,Deputy General Manager,B.Tech,28.4,2022-09-12,Active,,130000,3
EMP01316,Pooja Patel,Female,1966-10-19,60,Divorced,Hyderabad,Telangana,+916185981966,pooja.patel139@outlook.com,DEP006,Associate,PhD,28.7,2022-10-24,Active,,200000,1
EMP01317,Ananya Kapoor,Other,1983-02-18,43,Divorced,Kolkata,West Bengal,+918903705213,ananya.kapoor716@gmail.com,DEP009,Executive,PhD,8.2,2021-03-01,On Notice Period,,45000,5
EMP01318,Ritu Bose,Female,2000-12-11,26,Divorced,Chennai,Tamil Nadu,+918752308912,ritu.bose187@yahoo.com,DEP001,Deputy General Manager,MBA,29.4,2016-04-07,On Notice Period,,35000,1
EMP01319,Aman Verma,Other,1989-01-25,37,Married,Nagpur,Maharashtra,+917280879695,aman.verma339@outlook.com,DEP001,General Manager,M.Com,11.8,2021-08-09,On Notice Period,,60000,5
EMP01320,Rohan Menon,Other,2000-12-03,26,Married,Ghaziabad,Uttar Pradesh,1234562679,,DEP010,Senior Associate,B.Tech,22.1,2018-06-26,Active,,160000,3
EMP01321,Karan Pillai,Other,1966-01-05,60,Divorced,Nagpur,Maharashtra,+917302029044,karan.pillai501@hotmail.com,DEP006,Assistant Manager,PhD,29.8,2024-07-02,Active,,250000,1
EMP01322,Kavya Patel,Other,1976-10-26,50,Married,Lucknow,Uttar Pradesh,33732,kavya.patel686@gmail.com,DEP007,General Manager,B.A.,25.6,2021-12-31,Active,,60000,4
EMP01323,Nikhil Bansal,Other,1969-03-20,57,Divorced,Hyderabad,Telangana,+916136597011,nikhil.bansal464@gmail.com,DEP008,Senior Associate,M.Tech,20.0,2026-03-26,On Notice Period,,250000,5
EMP01324,Aarav Agarwal,Male,1967-06-26,59,Married,Indore,Madhya Pradesh,+916379511409,aarav.agarwal133@rediffmail.com,DEP003,Deputy General Manager,B.Com,25.4,2016-10-13,Terminated,2020-12-26,250000,1
EMP01325,Aditya Reddy,Other,1970-11-05,56,Divorced,Indore,Madhya Pradesh,+918841797017,aditya.reddy63@gmail.com,DEP007,Intern,B.Sc,3.6,2026-03-11,Active,,80000,4
EMP01326,Saurabh Verma,Other,1989-07-28,37,Married,Ahmedabad,Gujarat,+91-592097,saurabh.verma130@outlook.com,DEP009,Assistant Manager,B.Tech,19.7,2018-07-19,Terminated,2025-03-15,320000,2
EMP01327,Vihaan Bansal,Male,1991-05-16,35,Divorced,Hyderabad,Telangana,+917442984188,vihaan.bansal630@rediffmail.com,DEP002,Deputy General Manager,B.A.,15.4,2023-05-14,Resigned,2023-09-15,45000,5
EMP01328,Pooja Mishra,Other,1981-01-20,45,Married,Bengaluru,Karnataka,+916443744948,pooja.mishra900@gmail.com,DEP012,Senior Associate,B.Tech,1.6,2016-05-24,Resigned,2017-02-07,200000,
EMP01329,Nisha Yadav,Other,1976-07-12,50,Married,Nagpur,Maharashtra,+919734909888,nisha.yadav41@hotmail.com,DEP007,Manager,Diploma,15.4,2016-07-30,Active,,200000,5
EMP01330,Gaurav Kapoor,Male,2001-12-06,25,Single,Pune,Maharashtra,+919851949781,gaurav.kapoor336@hotmail.com,DEP006,General Manager,MBA,18.9,2023-08-31,Active,,250000,3
EMP01331,Ajay Pillai,Male,1993-04-27,33,Divorced,Coimbatore,Tamil Nadu,,ajay.pillai912@yahoo.com,DEP004,Analyst,Diploma,22.5,2024-06-26,On Notice Period,,45000,1
EMP01332,Myra Verma,Female,1966-05-01,60,Married,Nagpur,Maharashtra,+917711801682,myra.verma208@gmail.com,DEP001,Intern,B.A.,21.1,2025-05-16,On Notice Period,,60000,4
EMP01333,Krishna Patel,Male,1966-03-05,60,Married,Mumbai,Maharashtra,+916166570281,krishna.patel368@outlook.com,DEP002,Consultant,B.Sc,29.7,2020-02-03,Active,,45000,5
EMP01334,Krishna Bansal,Male,1998-08-10,28,Divorced,Chennai,Tamil Nadu,+919535636997,krishna.bansal628@rediffmail.com,DEP001,Senior Analyst,M.Tech,0.3,2023-08-23,Active,,160000,1
EMP01335,Sarika Joshi,Female,1975-01-23,51,Divorced,Chennai,Tamil Nadu,+918433779106,sarika.joshi17@rediffmail.com,DEP012,Manager,B.Sc,24.5,2017-07-08,Active,,320000,4
EMP01336,Sneha Pillai,Other,1995-03-03,31,Married,Coimbatore,Tamil Nadu,+919348309912,sneha.pillai351@yahoo.com,DEP007,Executive,M.Com,19.3,2026-01-31,Active,,100000,4
EMP01337,Meera Chaudhary,Female,1974-07-20,52,Divorced,Surat,Gujarat,+918389221007,meera.chaudhary690@outlook.com,DEP006,Deputy General Manager,B.Com,20.7,2024-05-25,Resigned,,250000,4
EMP01338,Pooja Gupta,Other,1994-10-28,32,Single,Kolkata,West Bengal,+919488970204,pooja.gupta604@rediffmail.com,DEP007,Intern,B.Com,6.0,2015-03-08,Active,,60000,1
EMP01339,Sanjay Iyer,Male,1992-05-16,34,Divorced,Kolkata,West Bengal,+919809944379,sanjay.iyer175@rediffmail.com,DEP010,General Manager,B.Sc,7.8,2021-02-23,Active,,250000,3
EMP01340,Naveen Iyer,Male,1984-11-02,42,Divorced,Surat,Gujarat,+916512081096,naveen.iyer287@outlook.com,DEP005,Senior Analyst,B.Sc,23.0,2020-01-05,Active,,130000,2
EMP01341,Divya Sharma,Female,1996-10-21,30,Married,Pune,Maharashtra,1234566323,divya.sharma710@outlook.com,DEP002,Vice President,Diploma,30.0,2018-06-23,Active,,320000,3
EMP01342,Diya Shetty,Other,1972-11-05,54,Divorced,Delhi,Delhi,+918998869509,diya.shetty793@yahoo.com,DEP002,Team Lead,M.Com,28.7,2019-06-17,On Notice Period,,35000,4
EMP01343,Myra Sharma,Female,1983-12-23,43,Divorced,Noida,Uttar Pradesh,+919768966749,myra.sharma483@outlook.com,DEP002,Vice President,M.Sc,1.7,2022-02-06,On Notice Period,,320000,2
EMP01344,Nisha Sharma,Other,1999-08-09,27,Married,Surat,Gujarat,+917144015785,nisha.sharma741@gmail.com,DEP007,Executive,MBA,11.0,2016-02-21,Resigned,2016-07-22,35000,4
EMP01345,Rahul Desai,Male,1994-09-05,32,Divorced,Pune,Maharashtra,+916078542522,rahul.desai74@rediffmail.com,DEP004,Consultant,M.Com,28.0,2024-08-13,On Notice Period,,250000,2
EMP01346,Reyansh Desai,Male,1978-05-25,48,Single,Nagpur,Maharashtra,+918042422321,reyansh.desai@@outlook.com,DEP008,General Manager,Diploma,29.4,2021-07-14,Active,,25000,2
EMP01347,Pooja Iyer,Other,1978-06-05,48,Married,Bengaluru,Karnataka,+919679367965,pooja.iyer884@outlook.com,DEP012,Executive,M.Tech,6.9,2026-01-17,Active,,250000,3
EMP01348,ADITYA MALHOTRA,Male,1982-07-15,44,Divorced,Coimbatore,Tamil Nadu,+916904824352,aditya.malhotra784@yahoo.com,DEP008,Associate,B.Com,20.8,2021-02-14,Terminated,2024-06-22,80000,2
EMP01349,Shreya Malhotra,Female,1979-11-19,47,Married,Hyderabad,Telangana,+917778972895,shreya.malhotra@hotmail,DEP005,Senior Associate,B.Sc,24.6,2023-03-01,Active,,60000,2
EMP01350,Sneha Chaudhary,Female,1987-04-13,39,Married,Pune,Maharashtra,+916381885553,sneha.chaudhary772@rediffmail.com,DEP006,Analyst,M.Com,12.2,2026-05-25,Terminated,,250000,4
EMP01351,SAURABH VERMA,Male,1989-10-08,37,Single,Chandigarh,Chandigarh,+918075203240,saurabh.verma897@outlook.com,DEP001,Senior Associate,B.Com,22.5,2026-06-07,On Notice Period,,160000,5
EMP01352,Aman Bose,Male,1966-05-11,60,Divorced,Mumbai,Maharashtra,+919428834129,aman.bose699@gmail.com,DEP007,Senior Analyst,MBA,20.2,2018-08-10,Terminated,2020-12-30,35000,4
EMP01353,Rohan Chopra,Other,2004-05-05,99,Divorced,Delhi,Delhi,+916236024651,rohan.chopra@@outlook.com,DEP009,General Manager,M.Sc,27.5,2016-01-16,Active,,200000,5
EMP01354,Rohan Sharma,Other,1989-01-20,37,Married,Indore,Madhya Pradesh,+916104533725,rohan.sharma46@gmail.com,DEP003,Manager,MBA,28.5,2018-08-18,Active,,320000,2
EMP01355,Sarika Reddy,Other,2001-11-22,25,Married,Hyderabad,Telangana,+919949110638,sarika.reddy482@hotmail.com,DEP005,Vice President,B.Sc,1.2,2022-02-09,Active,,35000,2
EMP01356,Aarav Bose,Male,1972-12-22,54,Single,Hyderabad,Telangana,,aarav.bose701@outlook.com,DEP006,Deputy General Manager,B.A.,18.6,2021-04-29,Active,,320000,2
EMP01357,Rohan Patel,Other,1997-04-22,29,Single,Bengaluru,Karnataka,+918782310164,rohan.patel809@gmail.com,DEP009,Executive,MBA,2.4,2021-11-05,Active,,45000,1
EMP01358,Deepak Yadav,Male,1972-06-11,54,Divorced,Noida,Uttar Pradesh,+917095415614,deepak.yadav868@outlook.com,DEP006,Team Lead,B.Tech,28.7,2016-05-31,Active,,60000,1
EMP01359,Aarav Mishra,Other,1985-10-04,41,Divorced,Noida,Uttar Pradesh,1234567276,aarav.mishra240@hotmail.com,DEP005,Deputy General Manager,B.Tech,13.7,2021-12-11,Active,,80000,4
EMP01360,Anil Pillai,Male,1975-07-08,51,Married,Hyderabad,Telangana,+917564507051,,DEP001,Vice President,M.Sc,1.3,2019-07-01,Active,,100000,4
EMP01361,Ananya Sharma,Female,1971-02-20,55,Divorced,Noida,Uttar Pradesh,+917766706523,ananya.sharma847@hotmail.com,DEP006,Consultant,B.Com,20.1,2025-06-05,On Notice Period,,80000,1
EMP01362,Sneha Shetty,Female,1981-02-24,45,Divorced,Hyderabad,Telangana,+919697892520,sneha.shetty123@gmail.com,DEP006,Senior Associate,MBA,14.4,2024-08-22,Active,,130000,2
EMP01363,Aditya Patel,Male,1991-01-17,35,Married,Surat,Gujarat,+918085602242,aditya.patel752@hotmail.com,DEP001,Senior Associate,M.Com,12.4,2023-07-27,Active,,45000,5
EMP01364,Rekha Kumar,Female,1994-04-17,32,Married,Indore,Madhya Pradesh,+917137499945,rekha.kumar519@rediffmail.com,DEP009,Vice President,B.Tech,24.7,2018-05-08,Terminated,2021-01-29,60000,1
EMP01365,Manish Joshi,Male,1997-04-22,85,Single,Nagpur,Maharashtra,+918245718923,manish.joshi847@rediffmail.com,DEP005,Intern,B.Sc,2.5,2024-06-02,Active,,250000,4
EMP01366,Sneha Gupta,Female,1998-11-19,28,Married,Bengaluru,Karnataka,1234563128,sneha.gupta412@outlook.com,DEP008,Senior Manager,B.Com,5.2,2023-09-07,Active,,35000,1
EMP01367,Priya Chopra,Female,2000-07-17,26,Divorced,Chandigarh,Chandigarh,+918478262589,priya.chopra429@yahoo.com,DEP009,Senior Analyst,Diploma,23.5,2021-10-06,On Notice Period,,35000,4
EMP01368,Saanvi Gupta,Female,1966-02-27,60,Single,Ahmedabad,Gujarat,+916299697321,saanvi.gupta898@outlook.com,DEP009,Consultant,B.Tech,27.8,2022-10-20,Resigned,2025-10-29,25000,2
EMP01369,Swati Patel,Female,1973-04-10,53,Single,Ahmedabad,Gujarat,+917465464308,swati.patel744@rediffmail.com,DEP007,General Manager,B.Tech,23.2,2021-03-21,Active,,35000,2
EMP01370,Rohan Sharma,Other,1972-07-26,54,Married,Hyderabad,Telangana,+919698898318,rohan.sharma153@outlook.com,DEP005,Associate,B.Tech,9.6,2023-10-23,On Notice Period,,160000,2
EMP01371,Kritika Bose,Female,1998-01-11,28,Single,Kolkata,West Bengal,+917813404355,kritika.bose591@outlook.com,DEP011,Senior Associate,B.Sc,9.2,2026-03-22,Active,,200000,2
EMP01372,Sneha Chopra,Other,1979-12-24,47,Divorced,Chennai,Tamil Nadu,1234561749,sneha.chopra561@rediffmail.com,DEP010,Team Lead,B.Com,22.0,2016-01-10,Resigned,2018-01-13,250000,4
EMP01373,Shreya Pillai,Female,1966-07-09,60,Divorced,Indore,Madhya Pradesh,+918372630043,shreya.pillai722@outlook.com,DEP012,Intern,Diploma,29.4,2018-01-02,On Notice Period,,250000,2
EMP01374,Naveen Singh,Male,1986-11-16,40,Married,Pune,Maharashtra,1234568982,naveen.singh576@outlook.com,DEP009,Associate,B.Com,20.0,2017-05-31,Terminated,2020-08-04,80000,1
EMP01375,Ramesh Bansal,Other,1986-08-19,40,Single,Mumbai,Maharashtra,,ramesh.bansal288@yahoo.com,DEP008,Assistant Manager,MBA,18.2,2020-08-05,Resigned,2025-01-29,60000,3
EMP01376,Nisha Nair,Female,1980-08-27,46,Married,Hyderabad,Telangana,+918749321384,nisha.nair575@gmail.com,DEP008,Assistant Manager,B.A.,2.4,2017-06-25,Active,,45000,4
EMP01377,Priya Rao,Female,1990-02-04,36,Single,Kolkata,West Bengal,+916977127671,priya.rao275@hotmail.com,DEP007,Consultant,MBA,26.0,2018-08-29,Active,,60000,2
EMP01378,Ramesh Joshi,Male,1985-03-27,41,Single,Bengaluru,Karnataka,+91-358726,ramesh.joshi868@gmail.com,DEP005,Senior Analyst,B.Com,14.4,2018-06-20,Active,,160000,2
EMP01379,Sanjay Bansal,Male,1969-12-01,57,Divorced,Noida,Uttar Pradesh,+918827123631,sanjay.bansal20@gmail.com,DEP007,Manager,B.A.,22.7,2020-05-20,Terminated,2025-07-20,80000,4
EMP01380,Rohan Desai,Other,1967-08-10,59,Divorced,Mumbai,Maharashtra,+918025486129,rohan.desai796@gmail.com,DEP007,Consultant,B.Sc,24.6,2026-01-26,On Notice Period,,100000,1
EMP01381,SURESH GHOSH,Male,1993-10-19,33,Divorced,Indore,Madhya Pradesh,+916844716544,suresh.ghosh100@rediffmail.com,DEP012,Assistant Manager,B.Sc,26.2,2021-07-27,Resigned,2024-10-14,45000,1
EMP01382,Naveen Gupta,Male,1991-01-21,35,Married,Nagpur,Maharashtra,+918738910617,naveen.gupta740@rediffmail.com,DEP001,Team Lead,M.Com,11.8,2022-11-15,Active,,100000,1
EMP01383,Anjali Rao,Female,1998-10-13,28,Married,Chandigarh,Chandigarh,+918845499287,anjali.rao@outlook,DEP003,General Manager,B.A.,15.8,2020-06-08,Active,,250000,2
EMP01384,Suresh Yadav,Other,1990-12-25,36,Single,Bengaluru,Karnataka,+917184981939,suresh.yadav807@outlook.com,DEP002,Intern,B.Sc,4.8,2016-06-28,On Notice Period,,45000,3
EMP01385,Saurabh Nair,Male,1983-08-09,43,Married,Ahmedabad,Gujarat,+918503445394,saurabh.nair341@rediffmail.com,DEP005,Team Lead,M.Sc,6.1,2024-05-15,Resigned,,250000,4
EMP01386,Priya Menon,Female,1994-07-10,32,Single,Jaipur,Rajasthan,,priya.menon426@outlook.com,DEP004,Deputy General Manager,B.Sc,27.2,2021-01-06,On Notice Period,,250000,4
EMP01387,Aman Yadav,Other,1999-06-04,27,Single,Surat,Gujarat,+919205581749,aman.yadav66@rediffmail.com,DEP010,Manager,B.Sc,14.7,2024-12-17,On Notice Period,,60000,5
EMP01388,Kavita Joshi,Other,1998-01-11,28,Single,Indore,Madhya Pradesh,+918464248847,kavita.joshi893@outlook.com,DEP003,Associate,B.Com,8.0,2024-05-27,Active,,160000,5
EMP01389,Sneha Rao,Other,1997-06-22,29,Divorced,Chandigarh,Chandigarh,+917671374612,sneha.rao864@outlook.com,DEP012,Assistant Manager,Diploma,15.7,2017-03-07,Active,,160000,4
EMP01390,Ritu Bansal,Female,1968-01-26,58,Single,Chandigarh,Chandigarh,+919327932534,ritu.bansal786@hotmail.com,DEP005,Executive,M.Sc,13.0,2018-01-07,On Notice Period,,250000,2
EMP01391,Gaurav Bansal,Other,1971-07-11,55,Divorced,Nagpur,Maharashtra,+918526192778,gaurav.bansal4@outlook.com,DEP012,General Manager,B.Sc,2.0,2022-05-28,Terminated,2025-10-30,35000,2
EMP01392,Diya Desai,Female,1972-03-21,54,Single,Pune,Maharashtra,+918690811681,,DEP009,Senior Associate,MBA,18.1,2022-12-14,Resigned,2026-05-18,130000,5
EMP01393,Sanjay Desai,Male,1993-09-18,33,Single,Chennai,Tamil Nadu,+917931388145,sanjay.desai@@rediffmail.com,DEP008,Manager,M.Tech,20.1,2022-06-28,Active,,60000,3
EMP01394,Rohan Kumar,Male,2004-06-17,22,Divorced,Coimbatore,Tamil Nadu,+916532017682,rohan.kumar130@rediffmail.com,DEP006,General Manager,Diploma,5.9,2019-11-02,Active,,320000,5
EMP01395,Riya Iyer,Female,1967-11-26,59,Married,Hyderabad,Telangana,+919502024505,riya.iyer341@rediffmail.com,DEP007,Executive,M.Sc,16.5,2020-12-23,Active,,160000,1
EMP01396,Sarika Ghosh,Other,1979-08-04,47,Married,Noida,Uttar Pradesh,+916060314796,sarika.ghosh738@yahoo.com,DEP011,Assistant Manager,MBA,27.2,2016-08-31,Active,,25000,3
EMP01397,Saanvi Reddy,Female,1975-04-24,51,Divorced,Indore,Madhya Pradesh,+918879363017,saanvi.reddy256@gmail.com,DEP012,Intern,B.Com,19.0,2022-11-29,Active,,80000,4
EMP01398,Kritika Singh,Female,1972-02-19,54,Single,Hyderabad,Telangana,+916282622366,kritika.singh842@gmail.com,DEP010,Vice President,M.Com,3.1,2024-01-06,Active,,25000,1
EMP01399,Meera Menon,Other,1971-02-04,55,Divorced,Kolkata,West Bengal,+918092184578,meera.menon279@outlook.com,DEP001,Deputy General Manager,M.Com,11.0,2018-06-06,Terminated,2024-03-19,45000,3
EMP01400,Rahul Rao,Male,1990-06-10,36,Married,Jaipur,Rajasthan,+919894443390,rahul.rao@outlook,DEP010,Executive,B.Com,28.6,2022-09-10,On Notice Period,,80000,1
EMP01401,Ananya Yadav,Other,1998-04-28,28,Married,Kolkata,West Bengal,+916777556883,ananya.yadav450@gmail.com,DEP005,Assistant Manager,B.Com,23.0,2017-10-27,On Notice Period,,130000,5
EMP01402,Aarav Mishra,Male,1977-09-14,49,Married,Indore,Madhya Pradesh,+919020487225,aarav.mishra682@rediffmail.com,DEP002,Associate,Diploma,18.0,2024-12-01,Active,,320000,
EMP01403,sunita nair,Other,1967-09-21,59,Married,Indore,Madhya Pradesh,1234569694,sunita.nair3@outlook.com,DEP005,Intern,PhD,23.2,2023-10-03,Resigned,,130000,4
EMP01404,Karan Chopra,Male,2004-02-23,22,Single,Nagpur,Maharashtra,+918585288024,karan.chopra328@yahoo.com,DEP004,Assistant Manager,M.Sc,21.0,2021-03-17,On Notice Period,,35000,2
EMP01405,Sunita Joshi,Female,1968-03-28,58,Married,Lucknow,Uttar Pradesh,+916273426025,sunita.joshi930@gmail.com,DEP003,Senior Analyst,Diploma,7.5,2017-01-25,Resigned,2021-03-03,25000,1
EMP01406,Arjun Bansal,Other,2002-05-11,24,Married,Noida,Uttar Pradesh,+919190635398,arjun.bansal269@rediffmail.com,DEP011,Consultant,M.Tech,29.8,2018-08-25,Active,,130000,2
EMP01407,Deepak Menon,Male,1990-07-07,36,Married,Chennai,Tamil Nadu,+918795413442,deepak.menon908@gmail.com,DEP007,Consultant,B.A.,28.9,2017-04-08,Resigned,2022-03-18,130000,1
EMP01408,Vihaan Kumar,Other,2005-10-27,21,Married,Jaipur,Rajasthan,+917893426751,vihaan.kumaroutlook.com,DEP006,Vice President,B.Sc,15.8,2017-11-08,Active,,200000,2
EMP01409,Ajay Agarwal,Male,2001-11-23,25,Single,Delhi,Delhi,+917847705883,ajay.agarwal512@yahoo.com,DEP006,Senior Associate,B.Com,2.3,2016-02-15,Resigned,2016-07-12,25000,5
EMP01410,Divya Shetty,Female,1983-12-06,43,Married,Delhi,Delhi,+916079890796,divya.shetty444@yahoo.com,DEP003,Senior Manager,M.Com,21.4,2017-12-18,Resigned,2024-08-12,25000,5
EMP01411,Kavita Singh,Other,1975-04-22,51,Single,Kolkata,West Bengal,+916736429378,kavita.singh118@hotmail.com,DEP001,Analyst,B.Com,1.4,2022-08-23,Resigned,2024-02-02,60000,3
EMP01412,Rahul Iyer,Male,1977-02-03,49,Married,Nagpur,Maharashtra,+918475573644,rahul.iyer706@gmail.com,DEP008,General Manager,M.Com,26.4,2020-09-17,Resigned,2026-03-14,45000,5
EMP01413,Vikram Chaudhary,Male,1977-06-19,49,Single,Hyderabad,Telangana,+917657724631,vikram.chaudhary404@hotmail.com,DEP010,Executive,MBA,28.7,2019-10-24,Resigned,2023-03-20,100000,5
EMP01414,Anjali Patel,Female,1989-05-25,37,Married,Ahmedabad,Gujarat,+918942963207,anjali.patel761@yahoo.com,DEP006,Associate,B.A.,15.1,2020-11-06,Resigned,,35000,5
EMP01415,Deepak Ghosh,Male,1968-02-06,58,Married,Indore,Madhya Pradesh,+916479431493,deepak.ghosh312@rediffmail.com,DEP004,Assistant Manager,B.Sc,8.6,2023-06-09,Active,,160000,4
EMP01416,Sarika Singh,Other,1992-08-20,34,Divorced,Bengaluru,Karnataka,+917980282478,sarika.singh151@gmail.com,DEP010,Senior Manager,MBA,10.4,2025-01-20,Active,,80000,1
EMP01417,Meera Mishra,Female,1980-01-15,46,Single,Nagpur,Maharashtra,+917501913216,,DEP005,Deputy General Manager,MBA,16.7,2023-10-26,Active,,160000,1
EMP01418,Swati Agarwal,Female,1982-07-12,44,Married,Chennai,Tamil Nadu,+919615529821,swati.agarwal382@outlook.com,DEP009,Manager,B.Com,26.5,2015-08-16,Active,,45000,5
EMP01419,Priya Rao,Female,1973-08-15,53,Divorced,Kolkata,West Bengal,+916525123402,priya.rao302@outlook.com,DEP003,Consultant,M.Sc,24.0,2026-06-20,Active,,160000,4
EMP01420,  Ishaan Bansal  ,Male,1994-10-27,32,Single,Ghaziabad,Uttar Pradesh,+918936378495,,DEP011,Team Lead,B.Tech,3.7,2025-11-21,On Notice Period,,45000,2
EMP01421,Aditya Bansal,Male,1990-03-17,36,Married,Chandigarh,Chandigarh,+918541440622,aditya.bansal195@gmail.com,DEP009,Intern,PhD,7.2,2015-01-03,Active,,80000,3
EMP01422,Meera Bansal,Female,1999-12-18,27,Married,Lucknow,Uttar Pradesh,+916099415866,meera.bansal873@hotmail.com,DEP009,Intern,MBA,20.6,2019-03-15,Terminated,2020-04-12,60000,5
EMP01423,Ishaan Chaudhary,Male,1988-03-18,38,Divorced,Surat,Gujarat,+918954066271,ishaan.chaudhary906@gmail.com,DEP002,Senior Analyst,PhD,7.2,2016-01-11,Active,,200000,1
EMP01424,Rohan Chopra,Male,1967-11-26,59,Married,Lucknow,Uttar Pradesh,+919044528396,rohan.chopra968@rediffmail.com,DEP003,Senior Manager,B.Com,24.6,2021-08-31,Resigned,2021-12-21,25000,1
EMP01425,Swati Pillai,Female,1990-10-09,36,Single,Coimbatore,Tamil Nadu,+917437675120,swati.pillai528@outlook.com,DEP001,Consultant,B.Sc,12.7,2021-03-22,On Notice Period,,80000,4
EMP01426,Nikhil Joshi,Other,1985-04-04,41,Single,Chandigarh,Chandigarh,+916783785580,nikhil.joshi666@hotmail.com,DEP008,Deputy General Manager,B.A.,22.8,2017-02-02,Active,,130000,3
EMP01427,Diya Menon,Female,2003-04-25,23,Married,Lucknow,Uttar Pradesh,+916708029121,diya.menon960@rediffmail.com,DEP012,Team Lead,B.Com,0.0,2020-10-25,Active,,35000,1
EMP01428,Aarav Iyer,Male,1998-11-15,28,Married,Chandigarh,Chandigarh,,aarav.iyer513@rediffmail.com,DEP001,Senior Associate,B.A.,1.8,2020-08-21,Active,,60000,2
EMP01429,Swati Kumar,Female,1977-11-07,49,Married,Chennai,Tamil Nadu,+918561986245,swati.kumar883@gmail.com,DEP003,Vice President,M.Tech,23.4,2022-03-17,Active,,320000,5
EMP01430,AJAY RAO,Male,1985-06-05,41,Married,Chandigarh,Chandigarh,+917216766389,ajay.rao956@outlook.com,DEP006,Senior Manager,PhD,23.8,2019-10-03,Active,,80000,2
EMP01431,Kritika Gupta,Female,1999-06-16,27,Single,Delhi,Delhi,+918822572796,kritika.gupta163@hotmail.com,DEP012,Consultant,M.Tech,13.6,2025-08-09,On Notice Period,,60000,1
EMP01432,Sneha Verma,Female,1987-05-12,39,Married,Delhi,Delhi,+917304623833,sneha.verma525@outlook.com,DEP004,Vice President,Diploma,9.6,2016-09-05,On Notice Period,,100000,2
EMP01433,Riya Mishra,Female,1985-06-15,41,Single,Delhi,Delhi,+917263951144,riya.mishra527@outlook.com,DEP001,Senior Analyst,M.Tech,13.0,2018-12-02,Active,,80000,1
EMP01434,Kritika Reddy,Female,1991-10-23,35,Single,Hyderabad,Telangana,+917096333928,kritika.reddy843@gmail.com,DEP001,Associate,B.Tech,12.2,2017-05-25,Active,,320000,2
EMP01435,Arjun Agarwal,Male,1984-04-20,42,Married,Mumbai,Maharashtra,+917560524927,arjun.agarwal910@hotmail.com,DEP005,Deputy General Manager,B.A.,2.4,2018-03-18,Active,,35000,2
EMP01436,Reyansh Joshi,Male,1997-06-27,29,Married,Jaipur,Rajasthan,+918591752153,reyansh.joshi853@yahoo.com,DEP008,Senior Associate,PhD,16.8,2024-06-12,Active,,100000,2
EMP01437,Nisha Kumar,Female,2002-10-25,24,Married,Ghaziabad,Uttar Pradesh,1234563290,nisha.kumar402@outlook.com,DEP004,Analyst,PhD,0.0,2015-07-11,Terminated,2019-01-05,60000,5
EMP01438,Arjun Ghosh,Male,1972-03-06,54,Married,Nagpur,Maharashtra,+918534151502,arjun.ghosh939@rediffmail.com,DEP007,General Manager,M.Com,10.1,2019-06-27,Active,,80000,3
EMP01439,Reyansh Singh,Male,1991-12-01,35,Single,Ghaziabad,Uttar Pradesh,+919109287882,reyansh.singh922@rediffmail.com,DEP001,Deputy General Manager,B.A.,9.1,2025-10-18,Active,,200000,2
EMP01440,Ananya Gupta,Other,1973-10-21,53,Married,Indore,Madhya Pradesh,,ananya.gupta675@rediffmail.com,DEP006,Assistant Manager,B.A.,11.6,2019-09-19,Active,,60000,2
EMP01441,Krishna Gupta,Other,2004-06-13,22,Divorced,Indore,Madhya Pradesh,+918252830880,krishna.gupta760@gmail.com,DEP005,Intern,B.Com,22.0,2024-07-13,Active,,35000,1
EMP01442,Anil Kumar,Male,1982-01-09,44,Divorced,Delhi,Delhi,+916710677476,anil.kumar85@gmail.com,DEP003,Vice President,M.Tech,0.6,2020-12-27,Active,,130000,2
EMP01443,Isha Malhotra,Other,2005-06-20,21,Single,Pune,Maharashtra,+916735762648,isha.malhotra227@yahoo.com,DEP001,Analyst,M.Sc,11.7,2020-08-30,Active,,25000,2
EMP01444,Saanvi Agarwal,Female,1975-03-27,51,Married,Bengaluru,Karnataka,1234566637,saanvi.agarwal24@gmail.com,DEP010,Senior Analyst,M.Sc,4.1,2019-08-12,On Notice Period,,100000,2
EMP01445,Manish Chaudhary,Other,2002-07-11,24,Single,Delhi,Delhi,+919281554445,manish.chaudhary373@hotmail.com,DEP002,Associate,M.Tech,2.7,2020-03-30,Terminated,2021-04-07,25000,4
EMP01446,Swati Kumar,Other,1992-05-13,34,Married,Pune,Maharashtra,+919994158659,swati.kumar234@gmail.com,DEP011,Consultant,PhD,16.9,2021-01-08,Resigned,2022-11-10,160000,5
EMP01447,Vihaan Verma,Male,1980-10-02,46,Married,Noida,Uttar Pradesh,+91-783917,vihaan.verma474@gmail.com,DEP008,Associate,M.Com,11.5,2016-06-18,Active,,250000,1
EMP01448,Riya Yadav,Female,1990-03-28,36,Divorced,Jaipur,Rajasthan,+91-628145,riya.yadav589@rediffmail.com,DEP004,Associate,M.Com,5.7,2019-07-10,Active,,250000,
EMP01449,Aarav Verma,Male,1970-09-05,56,Divorced,Mumbai,Maharashtra,+916239812964,aarav.verma103@outlook.com,DEP005,Manager,B.Tech,16.1,2022-03-29,Terminated,,130000,3
EMP01450,Ajay Pillai,Male,2002-08-19,24,Single,Coimbatore,Tamil Nadu,+918284983121,ajay.pillai69@yahoo.com,DEP004,Intern,B.Com,3.2,2017-04-22,Resigned,2021-09-24,25000,3
EMP01451,Ajay Mishra,Male,1972-04-15,54,Single,Hyderabad,Telangana,+918406004919,ajay.mishra297@yahoo.com,DEP002,Senior Analyst,B.Com,28.1,2024-10-02,Terminated,,35000,
EMP01452,Krishna Chaudhary,Other,1998-08-19,28,Married,Indore,Madhya Pradesh,+918255278293,krishna.chaudhary229@gmail.com,DEP009,Associate,Diploma,18.3,2019-05-27,Active,,200000,2
EMP01453,Myra Ghosh,Other,1969-06-21,57,Divorced,Surat,Gujarat,+919703017917,myra.ghosh553@outlook.com,DEP001,General Manager,PhD,4.5,2015-07-01,On Notice Period,,160000,2
EMP01454,SANJAY BANSAL,Other,1984-11-18,42,Single,Chandigarh,Chandigarh,1234562840,sanjay.bansal107@yahoo.com,DEP007,Senior Manager,B.Sc,27.7,2016-01-06,Active,,45000,5
EMP01455,Aman Nair,Male,1983-12-02,43,Married,Hyderabad,Telangana,+919077635655,aman.nair299@yahoo.com,DEP006,Deputy General Manager,M.Tech,29.7,2025-07-03,Resigned,2026-02-15,35000,3
EMP01456,Myra Chopra,Female,2005-08-14,21,Divorced,Noida,Uttar Pradesh,+919646442915,myra.chopraoutlook.com,DEP002,Team Lead,M.Sc,25.7,2025-11-30,Terminated,,45000,5
EMP01457,Ajay Chaudhary,Male,2005-04-21,21,Divorced,Delhi,Delhi,+91-087538,ajay.chaudhary223@hotmail.com,DEP009,Manager,B.Sc,25.3,2016-11-09,Active,,100000,3
EMP01458,Meera Singh,Female,1995-12-28,31,Divorced,Indore,Madhya Pradesh,+917856390095,meera.singh295@gmail.com,DEP004,Intern,M.Tech,21.0,2018-08-03,Resigned,2023-06-29,200000,5
EMP01459,Sarika Joshi,Other,1971-02-10,55,Married,Chennai,Tamil Nadu,+916172775056,sarika.joshi380@yahoo.com,DEP012,General Manager,Diploma,0.4,2016-09-26,On Notice Period,,160000,4
EMP01460,Manish Pillai,Male,2004-07-15,22,Single,Ghaziabad,Uttar Pradesh,+917339552300,manish.pillai845@outlook.com,DEP010,General Manager,M.Sc,4.5,2019-11-27,Terminated,2026-03-08,200000,3
EMP01461,Divya Shetty,Other,1979-12-15,47,Single,Noida,Uttar Pradesh,+918350623220,divya.shetty547@yahoo.com,DEP008,Senior Analyst,B.Tech,3.9,2020-07-06,Active,,320000,2
EMP01462,MYRA MALHOTRA,Other,1987-02-21,39,Divorced,Indore,Madhya Pradesh,+918659231703,myra.malhotra376@rediffmail.com,DEP003,Vice President,M.Tech,21.6,2021-10-23,Active,,100000,5
EMP01463,Arjun Kapoor,Other,1996-09-07,30,Married,Indore,Madhya Pradesh,+918775680714,arjun.kapoor501@hotmail.com,DEP009,Intern,B.A.,35.3,2018-09-26,Terminated,2025-04-04,100000,1
EMP01464,Neha Yadav,Female,1997-10-21,29,Married,Hyderabad,Telangana,+918564905760,neha.yadav484@outlook.com,DEP007,Consultant,M.Com,14.9,2026-06-05,Resigned,,25000,
EMP01465,Swati Patel,Female,1995-03-04,31,Married,Pune,Maharashtra,+918657054874,swati.patel460@rediffmail.com,DEP011,Senior Analyst,B.A.,8.2,2022-04-09,Active,,45000,4
EMP01466,Ritu Sharma,Other,1972-11-13,54,Married,Chennai,Tamil Nadu,+916129963143,ritu.sharma785@gmail.com,DEP010,Team Lead,PhD,29.4,2023-04-23,Active,,25000,2
EMP01467,GAURAV MISHRA,Male,1982-03-27,44,Divorced,Jaipur,Rajasthan,+916603849539,gaurav.mishra859@hotmail.com,DEP007,General Manager,M.Com,26.6,2023-02-06,On Notice Period,,100000,2
EMP01468,Sarika Rao,Female,2004-04-05,22,Married,Chennai,Tamil Nadu,+916115408665,sarika.rao165@rediffmail.com,DEP002,Manager,M.Tech,9.5,2018-07-15,Active,,45000,4
EMP01469,Karan Ghosh,Male,1975-12-09,51,Divorced,Surat,Gujarat,+916924405792,karan.ghosh806@hotmail.com,DEP010,Intern,B.Tech,25.4,2021-12-20,Terminated,2022-09-24,100000,4
EMP01470,Aditya Yadav,Male,1980-06-08,46,Divorced,Pune,Maharashtra,+919711332534,aditya.yadav215@yahoo.com,DEP006,Deputy General Manager,M.Tech,16.8,2016-03-31,Active,,100000,4
EMP01471,Anjali Mishra,Female,1989-07-27,37,Divorced,Hyderabad,Telangana,+919455873756,anjali.mishra911@yahoo.com,DEP003,Intern,B.Com,8.5,2023-03-12,Resigned,,60000,4
EMP01472,Neha Nair,Female,1972-01-20,54,Single,Coimbatore,Tamil Nadu,+916557685427,neha.nair227@hotmail.com,DEP002,Intern,MBA,18.7,2015-11-17,Active,,200000,2
EMP01473,Sneha Pillai,Other,1984-11-24,42,Divorced,Ghaziabad,Uttar Pradesh,+916809805338,sneha.pillai810@gmail.com,DEP001,Intern,Diploma,30.0,2016-01-04,Active,,200000,5
EMP01474,Sarika Yadav,Female,1972-07-15,54,Single,Coimbatore,Tamil Nadu,+918724737381,sarika.yadav658@rediffmail.com,DEP012,Manager,M.Sc,14.1,2018-04-03,On Notice Period,,130000,5
EMP01475,Rekha Yadav,Female,2002-07-20,24,Divorced,Coimbatore,Tamil Nadu,+916628126095,rekha.yadav674@yahoo.com,DEP002,Team Lead,MBA,23.4,2020-01-15,Active,,25000,1
EMP01476,Ishaan Bansal,Male,1972-06-22,54,Divorced,Surat,Gujarat,199401451096701,,DEP010,Team Lead,B.Tech,0.9,2020-01-17,Terminated,2025-09-21,25000,1
EMP01477,Vihaan Singh,Male,1984-10-05,42,Divorced,Pune,Maharashtra,76662,vihaan.singh886@yahoo.com,DEP007,General Manager,B.Sc,29.4,2015-10-08,Active,,250000,1
EMP01478,Suresh Joshi,Male,2005-08-02,21,Divorced,Kolkata,West Bengal,+916726750217,suresh.joshi965@gmail.com,DEP008,Executive,B.Tech,4.6,2025-08-07,On Notice Period,,160000,5
EMP01479,Ishaan Chaudhary,Male,2003-12-02,23,Single,Nagpur,Maharashtra,+919501650889,ishaan.chaudhary720@rediffmail.com,DEP002,Associate,B.A.,1.2,2018-05-05,Active,,60000,3
EMP01480,Kritika Bose,Other,1985-05-24,41,Divorced,Lucknow,Uttar Pradesh,+919102358772,kritika.bose929@rediffmail.com,DEP001,General Manager,B.Tech,24.2,2015-10-19,Active,,60000,3
EMP01481,SWATI GUPTA,Female,1989-02-03,37,Married,Pune,Maharashtra,+918013139195,swati.gupta63@outlook.com,DEP003,Manager,B.Sc,18.1,2019-04-02,Active,,100000,2
EMP01482,Isha Shetty,Female,1979-11-02,85,Divorced,Noida,Uttar Pradesh,+91-064486,isha.shetty478@gmail.com,DEP002,General Manager,PhD,8.3,2019-01-20,Resigned,2022-09-15,25000,2
EMP01483,Riya Singh,Female,1966-03-15,60,Married,Kolkata,West Bengal,+919587659672,riya.singh557@outlook.com,DEP005,Consultant,B.A.,23.8,2015-09-20,Resigned,2021-10-12,80000,5
EMP01484,Shreya Pillai,Female,1966-11-20,60,Married,Jaipur,Rajasthan,+917838546330,shreya.pillai800@rediffmail.com,DEP008,Deputy General Manager,M.Com,5.6,2026-02-21,Active,,200000,1
EMP01485,Karan Rao,Male,1992-04-06,34,Single,Noida,Uttar Pradesh,+919436701221,karan.rao4@gmail.com,DEP010,Senior Associate,M.Sc,26.3,2015-10-25,On Notice Period,,35000,3
EMP01486,Deepak Chopra,Other,1985-04-10,41,Married,Pune,Maharashtra,+917761145068,deepak.chopra686@rediffmail.com,DEP006,Associate,B.Tech,22.3,2021-08-30,Active,,100000,5
EMP01487,Rahul Gupta,Male,1972-04-17,54,Married,Jaipur,Rajasthan,+91-477564,rahul.gupta@@rediffmail.com,DEP012,Analyst,B.Tech,1.3,2024-11-16,Active,,45000,3
EMP01488,Sarika Yadav,Other,2000-05-07,26,Married,Mumbai,Maharashtra,+916778486556,sarika.yadav889@rediffmail.com,DEP011,Senior Analyst,M.Com,27.8,2021-11-15,Active,,80000,5
EMP01489,Deepak Gupta,Male,1987-09-18,39,Single,Pune,Maharashtra,+919464167074,deepak.gupta447@gmail.com,DEP008,Deputy General Manager,M.Tech,13.0,2020-11-07,Resigned,2024-10-27,80000,5
EMP01490,Kritika Patel,Female,1986-08-13,40,Divorced,Mumbai,Maharashtra,+918441447916,kritika.patel203@outlook.com,DEP006,Team Lead,M.Sc,6.4,2022-04-07,Terminated,2024-10-08,200000,4
EMP01491,Naveen Kapoor,Male,1967-05-26,59,Married,Indore,Madhya Pradesh,24267,naveen.kapoor625@hotmail.com,DEP011,Team Lead,Diploma,8.6,2021-04-03,Resigned,,35000,2
EMP01492,Kavita Shetty,Female,1991-09-03,35,Single,Nagpur,Maharashtra,+917605151285,kavita.shetty884@hotmail.com,DEP012,Executive,MBA,8.1,2017-04-30,Active,,25000,5
EMP01493,Aman Chaudhary,Other,2001-06-02,25,Single,Kolkata,West Bengal,+919956802327,aman.chaudhary853@rediffmail.com,DEP005,General Manager,M.Com,18.2,2020-08-30,Active,,130000,5
EMP01494,Rahul Shetty,Other,2001-11-13,25,Single,Delhi,Delhi,+917278954437,rahul.shetty158@yahoo.com,DEP004,Senior Manager,Diploma,15.0,2017-12-15,Resigned,2024-06-21,35000,2
EMP01495,Sunita Verma,Other,1990-12-28,36,Married,Ahmedabad,Gujarat,+917640901874,sunita.verma68@yahoo.com,DEP007,Senior Analyst,MBA,14.0,2019-08-09,Active,,320000,5
EMP01496,Meera Joshi,Female,1988-07-18,38,Single,Ahmedabad,Gujarat,+919053525664,meera.joshi971@yahoo.com,DEP011,Executive,B.Com,23.7,2018-06-10,Active,,60000,3
EMP01497,Saanvi Gupta,Female,2004-12-18,22,Divorced,Mumbai,Maharashtra,+918383411127,saanvi.gupta713@gmail.com,DEP010,General Manager,B.Com,17.1,2026-06-19,Active,,100000,1
EMP01498,Shreya Agarwal,Other,1970-12-20,56,Divorced,Bengaluru,Karnataka,+917750793209,shreya.agarwal396@yahoo.com,DEP011,Assistant Manager,MBA,9.5,2017-01-26,Resigned,2019-10-07,45000,3
EMP01499,Kavya Ghosh,Other,1973-10-24,53,Single,Bengaluru,Karnataka,98171,kavya.ghosh993@hotmail.com,DEP001,Senior Analyst,B.Sc,29.5,2019-02-05,Resigned,2022-05-18,80000,1
EMP01500,Neha Reddy,Other,1992-07-19,34,Single,Bengaluru,Karnataka,,neha.reddy46@yahoo.com,DEP004,Intern,B.Sc,15.1,2017-12-23,Active,,200000,4
EMP01501,Suresh Bose,Male,1991-01-13,35,Single,Mumbai,Maharashtra,+917662940770,suresh.bose243@yahoo.com,DEP004,Analyst,M.Tech,16.0,2021-12-15,Terminated,,200000,5
EMP01502,Sanjay Chaudhary,Male,1992-12-28,34,Married,Delhi,Delhi,+919356303422,sanjay.chaudhary957@hotmail.com,DEP009,Manager,M.Tech,26.0,2025-06-14,On Notice Period,,320000,
EMP01503,Kavita Bose,Other,1967-03-14,59,Divorced,Hyderabad,Telangana,+917076239410,kavita.bose42@yahoo.com,DEP008,Senior Analyst,B.Com,7.4,2021-09-07,Active,,35000,5
EMP01504,Gaurav Yadav,Other,1991-02-19,35,Divorced,Delhi,Delhi,+917384544094,gaurav.yadavhotmail.com,DEP004,Senior Analyst,M.Com,20.0,2025-12-15,Active,,100000,5
EMP01505,Arjun Agarwal,Male,1973-11-02,53,Divorced,Nagpur,Maharashtra,+919215240053,arjun.agarwal954@gmail.com,DEP012,Senior Associate,PhD,19.9,2022-04-03,Active,,25000,2
EMP01506,Anil Chaudhary,Male,1974-02-10,52,Married,Delhi,Delhi,+918117783870,anil.chaudhary208@yahoo.com,DEP005,Assistant Manager,M.Com,22.2,2016-10-08,Active,,250000,5
EMP01507,Sarika Mishra,Female,2001-12-02,25,Single,Ahmedabad,Gujarat,+918308486139,sarika.mishra205@yahoo.com,DEP001,Team Lead,M.Sc,27.5,2018-01-15,On Notice Period,,80000,2
EMP01508,Aditya Iyer,Other,1995-07-21,31,Divorced,Hyderabad,Telangana,+916608844940,aditya.iyer776@rediffmail.com,DEP003,Manager,B.A.,23.4,2016-07-05,Resigned,2021-06-16,100000,2
EMP01509,Sarika Chaudhary,Other,1982-03-11,44,Married,Mumbai,Maharashtra,1234568324,,DEP011,Analyst,B.Tech,20.0,2015-01-13,Active,,100000,5
EMP01510,Ajay Bose,Other,2000-10-16,26,Single,Indore,Madhya Pradesh,+916236872808,ajay.bose555@outlook.com,DEP007,Analyst,B.Com,16.5,2015-11-01,Active,,60000,2
EMP01511,Aarav Desai,Male,1975-06-11,51,Divorced,Chandigarh,Chandigarh,+917259563849,aarav.desai538@yahoo.com,DEP011,Vice President,B.A.,22.9,2025-08-13,Active,,130000,1
EMP01512,Diya Singh,Female,2004-09-17,22,Single,Coimbatore,Tamil Nadu,+917526272080,diya.singh779@outlook.com,DEP004,Analyst,B.A.,25.8,2019-01-14,Active,,250000,4
EMP01513,Ajay Reddy,Male,1973-12-23,53,Single,Chennai,Tamil Nadu,+916296382351,ajay.reddy108@yahoo.com,DEP002,Intern,M.Tech,23.4,2016-12-13,On Notice Period,,80000,3
EMP01514,Aman Yadav,Male,1985-05-18,41,Single,Jaipur,Rajasthan,+919213557708,aman.yadav731@yahoo.com,DEP001,Manager,B.Com,16.0,2024-09-28,Active,,130000,5
EMP01515,Rahul Mishra,Male,1990-03-01,36,Divorced,Hyderabad,Telangana,+91-661422,rahul.mishra900@yahoo.com,DEP001,Assistant Manager,MBA,20.5,2021-10-25,Resigned,,100000,3
EMP01516,Sneha Shetty,Female,1980-08-20,46,Single,Nagpur,Maharashtra,+916252284410,sneha.shetty684@gmail.com,DEP010,Associate,B.Com,23.7,2016-05-12,Active,,80000,4
EMP01517,Neha Desai,Other,1980-07-21,46,Single,Nagpur,Maharashtra,+919226175085,neha.desai509@yahoo.com,DEP007,Senior Manager,M.Tech,26.3,2019-05-28,Terminated,2025-01-06,60000,1
EMP01518,Sanjay Malhotra,Male,2001-04-22,25,Divorced,Kolkata,West Bengal,+919306913090,sanjay.malhotra778@yahoo.com,DEP012,Analyst,PhD,8.2,2024-07-29,Resigned,,130000,3
EMP01519,Priya Bose,Other,2000-06-10,26,Divorced,Mumbai,Maharashtra,+916925340455,priya.bose827@hotmail.com,DEP007,Senior Analyst,B.A.,25.4,2019-07-11,Terminated,2025-11-18,60000,2
EMP01520,Kavita Yadav,Female,1967-09-09,59,Married,Delhi,Delhi,+919149497259,kavita.yadav53@hotmail.com,DEP012,Vice President,M.Tech,22.0,2020-04-03,Active,,130000,1
EMP01521,Aadhya Rao,Female,1980-10-03,46,Divorced,Surat,Gujarat,+918051154724,aadhya.rao718@rediffmail.com,DEP008,Analyst,M.Sc,13.3,2015-11-26,Resigned,2022-09-16,130000,3
EMP01522,Nisha Bansal,Female,2000-02-17,26,Single,Indore,Madhya Pradesh,+917770864566,nisha.bansal977@gmail.com,DEP003,Analyst,Diploma,3.8,2022-04-03,Terminated,2025-02-18,45000,1
EMP01523,Naveen Nair,Male,1985-05-28,41,Divorced,Delhi,Delhi,+917040498314,,DEP011,Senior Analyst,B.A.,19.2,2017-03-30,Active,,80000,5
EMP01524,Meera Iyer,Other,1977-06-01,49,Married,Nagpur,Maharashtra,+917864844244,meera.iyer346@yahoo.com,DEP009,Deputy General Manager,B.Com,24.8,2026-03-20,Active,,250000,3
EMP01525,Isha Agarwal,Other,1984-05-16,42,Married,Indore,Madhya Pradesh,+916246389160,isha.agarwal525@hotmail.com,DEP012,Vice President,MBA,20.5,2015-07-10,Resigned,2018-02-23,200000,3
EMP01526,Kavita Patel,Female,1985-06-01,41,Divorced,Ghaziabad,Uttar Pradesh,+916840924753,kavita.patel706@hotmail.com,DEP012,Senior Associate,B.Sc,9.0,2023-08-03,Resigned,,320000,1
EMP01527,Manish Kapoor,Male,1998-09-24,28,Divorced,Delhi,Delhi,+917676375993,manish.kapoor924@hotmail.com,DEP008,Executive,M.Tech,14.3,2015-01-18,Resigned,2020-08-26,250000,5
EMP01528,Reyansh Chaudhary,Male,1993-10-02,33,Married,Nagpur,Maharashtra,+918078091485,reyansh.chaudhary199@yahoo.com,DEP011,Team Lead,B.A.,6.7,2015-02-02,Active,,25000,4
EMP01529,Vikram Reddy,Male,1986-05-21,40,Divorced,Mumbai,Maharashtra,+918384078063,vikram.reddy789@hotmail.com,DEP002,Team Lead,PhD,17.3,2016-10-17,Resigned,2020-09-14,200000,5
EMP01530,Rahul Bose,Other,1993-03-05,33,Married,Chennai,Tamil Nadu,+917304561521,rahul.bose737@gmail.com,DEP007,Intern,M.Tech,9.0,2015-10-21,Terminated,2020-03-14,60000,3
EMP01531,Meera Gupta,Other,1988-04-15,38,Married,Surat,Gujarat,+919102368975,meera.gupta583@hotmail.com,DEP003,Intern,MBA,41.6,2023-12-21,Terminated,,80000,5
EMP01532,Saurabh Patel,Male,1984-02-27,42,Divorced,Ghaziabad,Uttar Pradesh,+919800419418,saurabh.patel374@gmail.com,DEP011,Assistant Manager,B.Com,29.8,2023-11-26,On Notice Period,,45000,5
EMP01533,Gaurav Chaudhary,Other,1994-12-24,32,Married,Nagpur,Maharashtra,+918096892109,gaurav.chaudhary108@gmail.com,DEP004,Senior Manager,B.Sc,24.6,2025-08-08,Active,,320000,4
EMP01534,Manish Sharma,Male,2002-05-17,24,Married,Chennai,Tamil Nadu,+916325018652,manish.sharma395@hotmail.com,DEP007,Team Lead,MBA,27.0,2022-06-20,Active,,80000,4
EMP01535,Pooja Chopra,Female,1996-08-13,30,Married,Nagpur,Maharashtra,+916191775171,pooja.chopra788@hotmail.com,DEP009,Senior Associate,Diploma,6.6,2022-08-15,Terminated,,250000,1
EMP01536,Saanvi Bose,Female,1998-05-10,28,Single,Noida,Uttar Pradesh,+918340327377,saanvi.bose788@rediffmail.com,DEP006,Senior Manager,M.Com,1.0,2018-02-13,Active,,130000,1
EMP01537,Gaurav Gupta,Male,1982-01-28,44,Single,Surat,Gujarat,+919554657784,gaurav.gupta775@yahoo.com,DEP011,Manager,B.A.,6.5,2021-11-18,On Notice Period,,250000,5
EMP01538,Divya Bansal,Other,1986-12-07,40,Single,Pune,Maharashtra,+917462247685,divya.bansal581@gmail.com,DEP006,Deputy General Manager,Diploma,24.9,2024-01-25,Active,,25000,1
EMP01539,Karan Pillai,Other,1971-12-06,55,Single,Ahmedabad,Gujarat,+918688690065,karan.pillai316@gmail.com,DEP011,Executive,B.Tech,24.9,2018-06-08,Active,,160000,5
EMP01540,Divya Mishra,Female,1968-08-15,58,Single,Ghaziabad,Uttar Pradesh,+916015780156,divya.mishra823@hotmail.com,DEP007,Senior Manager,M.Com,3.7,2021-06-02,Active,,200000,4
EMP01541,Rohan Ghosh,Male,1970-07-04,56,Divorced,Ghaziabad,Uttar Pradesh,+919583212119,rohan.ghosh777@gmail.com,DEP003,Executive,M.Tech,25.3,2016-02-06,Active,,25000,4
EMP01542,Rohan Yadav,Other,1989-09-07,37,Married,Delhi,Delhi,+917797467541,rohan.yadav564@outlook.com,DEP003,Senior Associate,M.Sc,7.8,2023-01-24,Active,,80000,1
EMP01543,Aditya Mishra,Male,1982-09-13,44,Married,Ahmedabad,Gujarat,+916989497534,aditya.mishra47@yahoo.com,DEP008,Associate,M.Com,18.8,2019-07-21,Resigned,2021-01-02,35000,1
EMP01544,Karan Menon,Other,1992-09-21,34,Single,Jaipur,Rajasthan,+919604432315,,DEP009,Intern,B.Tech,23.1,2021-10-14,On Notice Period,,80000,1
EMP01545,Naveen Mishra,Other,1976-09-23,50,Married,Surat,Gujarat,+919666160352,naveen.mishra768@hotmail.com,DEP012,Team Lead,M.Com,9.7,2017-12-06,Active,,100000,4
EMP01546,Saanvi Rao,Female,1992-08-03,34,Married,Mumbai,Maharashtra,06293,saanvi.rao618@outlook.com,DEP006,Analyst,M.Tech,19.1,2020-04-05,Active,,35000,5
EMP01547,Gaurav Reddy,Male,1991-08-01,35,Single,Bengaluru,Karnataka,+916990167622,gaurav.reddy741@yahoo.com,DEP001,Executive,M.Tech,1.7,2019-06-26,On Notice Period,,35000,5
EMP01548,Saanvi Kumar,Female,1970-01-07,16,Married,Jaipur,Rajasthan,+919243850402,saanvi.kumar585@hotmail.com,DEP009,Assistant Manager,B.A.,10.3,2016-06-10,Active,,130000,3
EMP01549,Suresh Malhotra,Male,1994-06-17,32,Married,Chandigarh,Chandigarh,+916940915634,suresh.malhotra347@yahoo.com,DEP003,Consultant,B.Sc,27.6,2024-12-25,Active,,160000,3
EMP01550,Shreya Shetty,Female,2003-11-24,23,Single,Noida,Uttar Pradesh,+919368082652,shreya.shetty200@hotmail.com,DEP002,Assistant Manager,M.Com,22.0,2021-08-25,Resigned,2025-09-29,35000,5
EMP01551,ishaan bose,Male,1967-12-24,59,Divorced,Ahmedabad,Gujarat,+918413551793,ishaan.bose803@outlook.com,DEP012,Consultant,Diploma,8.1,2018-04-16,Resigned,2025-01-31,200000,1
EMP01552,RITU JOSHI,Other,2002-03-10,24,Single,Hyderabad,Telangana,+916299143310,ritu.joshioutlook.com,DEP004,Consultant,B.Com,26.5,2017-01-28,On Notice Period,,80000,2
EMP01553,Sanjay Iyer,Male,1991-08-27,35,Single,Coimbatore,Tamil Nadu,+918059677727,sanjay.iyer528@rediffmail.com,DEP012,Executive,Diploma,8.9,2020-05-27,Resigned,2021-12-26,35000,1
EMP01554,Krishna Sharma,Other,1998-11-15,28,Single,Kolkata,West Bengal,+919084578701,krishna.sharma767@outlook.com,DEP010,Associate,B.Sc,21.3,2019-10-27,Active,,200000,3
EMP01555,Ramesh Pillai,Male,2004-10-13,22,Divorced,Delhi,Delhi,+917683905711,ramesh.pillai394@gmail.com,DEP007,Consultant,B.Sc,7.9,2021-01-21,On Notice Period,,45000,5
EMP01556,Vihaan Kapoor,Other,2002-01-24,24,Single,Ahmedabad,Gujarat,1234561230,vihaan.kapoor10@rediffmail.com,DEP012,Senior Analyst,B.Tech,11.2,2024-05-16,Active,,60000,3
EMP01557,Pooja Yadav,Other,2005-05-09,21,Married,Chandigarh,Chandigarh,+917241843814,pooja.yadav741@yahoo.com,DEP002,Executive,PhD,6.6,2020-03-05,Active,,200000,
EMP01558,Ramesh Chaudhary,Male,1977-01-22,49,Married,Hyderabad,Telangana,+916051248563,ramesh.chaudhary58@outlook.com,DEP006,Senior Manager,B.Tech,3.0,2020-09-21,Active,,80000,5
EMP01559,Myra Chaudhary,Female,1982-09-18,44,Married,Delhi,Delhi,6148980,myra.chaudhary900@rediffmail.com,DEP006,Vice President,PhD,17.6,2022-08-22,Resigned,2026-05-17,250000,3
EMP01560,  Shreya Mishra  ,Female,1968-05-20,58,Divorced,Pune,Maharashtra,+916987408801,shreya.mishra251@outlook.com,DEP012,Assistant Manager,MBA,29.6,2019-02-13,Active,,60000,3
EMP01561,Neha Joshi,Female,1968-05-12,58,Divorced,Coimbatore,Tamil Nadu,+917894721025,neha.joshi878@rediffmail.com,DEP005,Executive,B.Tech,24.8,2015-11-02,Terminated,2020-05-12,100000,5
EMP01562,Sanjay Bansal,Male,1991-07-04,35,Divorced,Kolkata,West Bengal,+917599475414,sanjay.bansal410@rediffmail.com,DEP005,Manager,B.Tech,17.1,2022-05-14,Active,,80000,4
EMP01563,Sunita Bansal,Female,1995-09-08,31,Single,Coimbatore,Tamil Nadu,+918151387841,sunita.bansal409@yahoo.com,DEP012,Team Lead,B.Sc,19.0,2024-11-07,Active,,200000,1
EMP01564,Vikram Patel,Other,1979-08-09,47,Married,Coimbatore,Tamil Nadu,+916098368454,vikram.patel972@yahoo.com,DEP002,General Manager,B.Com,4.4,2022-10-13,Resigned,,60000,3
EMP01565,Ramesh Iyer,Male,1976-03-06,50,Married,Bengaluru,Karnataka,+918309175938,,DEP002,Consultant,B.Sc,14.1,2019-02-23,Terminated,2020-08-18,35000,4
EMP01566,Aadhya Mishra,Female,1995-01-20,31,Single,Lucknow,Uttar Pradesh,+919503833123,aadhya.mishra777@yahoo.com,DEP008,Manager,B.Tech,9.9,2026-04-08,Active,,160000,2
EMP01567,Rahul Mishra,Male,1989-09-19,37,Single,Pune,Maharashtra,+919839438429,rahul.mishra493@outlook.com,DEP010,Deputy General Manager,MBA,28.5,2024-08-29,On Notice Period,,100000,
EMP01568,Krishna Bose,Male,1984-12-27,16,Single,Ghaziabad,Uttar Pradesh,+919754358262,krishna.bose958@rediffmail.com,DEP005,Executive,B.A.,15.6,2019-02-11,Terminated,2025-04-09,80000,2
EMP01569,Aadhya Agarwal,Other,1990-04-11,36,Married,Coimbatore,Tamil Nadu,+916587391139,aadhya.agarwal228@outlook.com,DEP012,Team Lead,M.Tech,28.6,2015-08-18,Active,,60000,2
EMP01570,Arjun Ghosh,Male,1978-02-13,48,Married,Chandigarh,Chandigarh,+917044810889,arjun.ghosh237@gmail.com,DEP001,Senior Manager,PhD,22.0,2024-09-23,Resigned,2026-01-01,100000,1
EMP01571,Suresh Reddy,Male,1982-01-13,44,Divorced,Chandigarh,Chandigarh,+916706538208,suresh.reddy916@gmail.com,DEP004,Senior Manager,B.Sc,1.8,2021-02-08,Active,,250000,3
EMP01572,Sarika Joshi,Female,1997-02-02,29,Married,Delhi,Delhi,+919052876580,sarika.joshi567@yahoo.com,DEP009,Senior Associate,MBA,23.5,2018-04-16,Resigned,2023-09-03,80000,4
EMP01573,Aman Mishra,Male,1996-08-05,30,Married,Nagpur,Maharashtra,+916438642086,aman.mishra686@hotmail.com,DEP007,Senior Manager,Diploma,27.2,2017-04-26,On Notice Period,,250000,5
EMP01574,Suresh Bose,Male,1999-11-01,27,Married,Bengaluru,Karnataka,+918988922183,suresh.bose403@rediffmail.com,DEP002,Deputy General Manager,M.Tech,4.9,2019-09-06,Active,,250000,4
EMP01575,Riya Verma,Female,1971-08-17,55,Married,Nagpur,Maharashtra,+917712331508,riya.verma300@gmail.com,DEP002,General Manager,M.Com,25.7,2017-04-10,Resigned,2022-08-13,320000,5
EMP01576,Pooja Pillai,Other,1978-11-12,48,Single,Hyderabad,Telangana,+917123805058,pooja.pillai55@outlook.com,DEP006,Intern,B.Sc,8.6,2018-12-03,Terminated,2024-08-01,320000,2
EMP01577,Ishaan Bose,Other,1992-11-23,34,Married,Coimbatore,Tamil Nadu,+918009146324,ishaan.bose636@yahoo.com,DEP007,Associate,M.Tech,11.1,2025-12-04,Active,,250000,3
EMP01578,Swati Singh,Female,1975-04-14,51,Divorced,Lucknow,Uttar Pradesh,+916185138659,swati.singh121@gmail.com,DEP004,Analyst,B.A.,18.1,2020-04-11,Active,,35000,4
EMP01579,Pooja Yadav,Female,1971-12-14,55,Married,Chennai,Tamil Nadu,+916385707689,pooja.yadav737@gmail.com,DEP011,Senior Associate,B.Tech,6.0,2020-08-12,On Notice Period,,60000,1
EMP01580,Meera Chopra,Female,1992-04-12,34,Single,Delhi,Delhi,+919426875181,meera.chopra161@gmail.com,DEP011,Associate,B.Com,27.4,2016-12-18,Active,,320000,5
EMP01581,Isha Pillai,Other,1980-09-27,46,Divorced,Jaipur,Rajasthan,+918987772441,isha.pillai756@rediffmail.com,DEP007,Vice President,PhD,26.2,2021-09-06,Active,,35000,1
EMP01582,Priya Desai,Female,1969-06-14,57,Divorced,Chandigarh,Chandigarh,,priya.desai902@outlook.com,DEP002,Senior Analyst,PhD,9.2,2017-08-31,Terminated,2018-06-23,45000,5
EMP01583,Gaurav Kumar,Male,1997-07-02,29,Divorced,Bengaluru,Karnataka,+918145973472,gaurav.kumar@@rediffmail.com,DEP005,Analyst,M.Sc,29.6,2016-12-18,Active,,250000,3
EMP01584,Naveen Gupta,Other,1980-06-02,46,Single,Hyderabad,Telangana,094363435098496,naveen.gupta265@outlook.com,DEP012,Team Lead,M.Sc,3.9,2019-05-23,On Notice Period,,130000,2
EMP01585,Pooja Nair,Female,1979-08-10,47,Divorced,Noida,Uttar Pradesh,,pooja.nair711@outlook.com,DEP004,Senior Associate,M.Com,18.9,2015-09-27,On Notice Period,,200000,4
EMP01586,Riya Agarwal,Female,1997-12-24,29,Married,Mumbai,Maharashtra,+918918697738,riya.agarwal874@outlook.com,DEP002,Team Lead,M.Tech,13.0,2018-01-20,On Notice Period,,45000,4
EMP01587,Aarav Rao,Male,1993-08-22,33,Divorced,Chennai,Tamil Nadu,+918401410196,aarav.rao317@gmail.com,DEP012,Vice President,B.Tech,5.2,2020-11-05,Active,,320000,1
EMP01588,Ishaan Joshi,Other,2001-12-25,25,Single,Nagpur,Maharashtra,+919863292877,ishaan.joshi145@yahoo.com,DEP008,Associate,M.Sc,7.2,2021-09-27,Terminated,,250000,3
EMP01589,Myra Yadav,Female,2005-06-09,21,Married,Ahmedabad,Gujarat,+918424433371,myra.yadav84@gmail.com,DEP009,Analyst,M.Com,9.3,2022-03-04,Terminated,,130000,4
EMP01590,Manish Kumar,Other,1979-03-06,47,Divorced,Delhi,Delhi,+919947555774,manish.kumar50@yahoo.com,DEP001,Manager,Diploma,24.9,2021-07-18,Resigned,2025-06-06,100000,3
EMP01591,Aman Shetty,Male,1992-06-03,34,Married,Surat,Gujarat,+918945791742,aman.shetty86@hotmail.com,DEP009,Deputy General Manager,PhD,13.2,2020-02-06,On Notice Period,,250000,5
EMP01592,Aadhya Mishra,Female,2004-10-07,22,Divorced,Noida,Uttar Pradesh,+919707477799,aadhya.mishra673@gmail.com,DEP004,General Manager,B.Com,27.6,2025-01-26,Active,,320000,2
EMP01593,Riya Kumar,Female,1975-01-17,51,Married,Mumbai,Maharashtra,+916321556739,riya.kumar707@yahoo.com,DEP008,Associate,PhD,8.1,2022-05-28,Active,,45000,4
EMP01594,Divya Bansal,Female,1979-01-18,47,Divorced,Mumbai,Maharashtra,+918327738553,divya.bansal281@gmail.com,DEP008,Team Lead,PhD,16.9,2026-01-17,Active,,250000,4
EMP01595,Kavita Shetty,Female,2001-01-22,25,Single,Indore,Madhya Pradesh,+919933141602,kavita.shetty990@gmail.com,DEP011,Consultant,Diploma,14.5,2026-03-04,On Notice Period,,80000,3
EMP01596,Rekha Yadav,Other,1985-04-06,41,Married,Indore,Madhya Pradesh,+919104366110,rekha.yadav769@rediffmail.com,DEP001,Senior Manager,B.Tech,23.1,2025-01-24,Active,,200000,4
EMP01597,Shreya Reddy,Other,1998-02-25,28,Divorced,Bengaluru,Karnataka,+916781786927,,DEP005,Senior Associate,Diploma,1.3,2024-12-24,On Notice Period,,45000,2
EMP01598,Diya Shetty,Other,1998-07-06,28,Married,Nagpur,Maharashtra,+919229532943,diya.shetty749@outlook.com,DEP005,Assistant Manager,M.Sc,29.4,2023-07-02,Active,,60000,5
EMP01599,Aarav Kapoor,Male,2001-04-15,25,Divorced,Chandigarh,Chandigarh,+917722521335,aarav.kapoor400@gmail.com,DEP005,Executive,B.Com,22.6,2023-12-16,Resigned,2026-06-17,35000,4
EMP01600,Reyansh Pillai,Male,1998-12-16,99,Married,Surat,Gujarat,+919088058874,reyansh.pillai894@rediffmail.com,DEP008,Executive,B.A.,2.2,2017-09-05,On Notice Period,,200000,5
EMP01601,Sneha Bose,Female,1989-01-16,37,Married,Ahmedabad,Gujarat,+919572377692,sneha.bose714@hotmail.com,DEP008,Intern,MBA,26.0,2017-08-11,On Notice Period,,320000,5
EMP01602,Gaurav Patel,Male,1992-03-22,34,Single,Kolkata,West Bengal,+916293842291,gaurav.patel243@gmail.com,DEP010,Team Lead,PhD,1.6,2023-02-22,Terminated,2024-07-03,320000,1
EMP01603,Nikhil Joshi,Male,1978-04-17,48,Single,Ahmedabad,Gujarat,+918423397619,nikhil.joshi613@yahoo.com,DEP005,Senior Manager,B.Com,21.9,2017-10-07,Active,,320000,2
EMP01604,Aarav Menon,Male,2002-11-22,24,Single,Chennai,Tamil Nadu,+919478654620,aarav.menon469@hotmail.com,DEP007,Deputy General Manager,Diploma,20.9,2019-12-11,Active,,45000,3
EMP01605,Suresh Kumar,Other,2000-02-06,26,Divorced,Hyderabad,Telangana,+919784780034,suresh.kumar@@outlook.com,DEP004,Vice President,B.Com,22.2,2025-07-04,Active,,320000,4
EMP01606,Anil Menon,Male,1966-03-04,60,Divorced,Ahmedabad,Gujarat,+917981400735,anil.menon292@yahoo.com,DEP008,Associate,M.Tech,13.2,2015-08-01,Active,,250000,2
EMP01607,Manish Pillai,Male,1971-01-03,55,Married,Noida,Uttar Pradesh,+918058661096,manish.pillai688@outlook.com,DEP008,Vice President,M.Sc,6.5,2022-11-03,Terminated,,100000,1
EMP01608,Kavya Gupta,Female,2005-07-20,21,Divorced,Pune,Maharashtra,+919566278876,kavya.gupta927@yahoo.com,DEP009,Intern,B.Tech,9.3,2024-05-10,Terminated,,320000,4
EMP01609,Diya Reddy,Female,2004-09-12,22,Divorced,Chandigarh,Chandigarh,+917177151899,diya.reddy589@rediffmail.com,DEP007,Analyst,B.Tech,24.0,2018-03-01,Terminated,2024-09-15,45000,3
EMP01610,aadhya shetty,Female,1994-02-23,32,Single,Delhi,Delhi,+919606308407,aadhya.shetty762@rediffmail.com,DEP011,Vice President,MBA,10.6,2025-08-30,Terminated,2026-03-01,160000,5
EMP01611,Vihaan Chopra,Male,1988-02-18,38,Divorced,Surat,Gujarat,+918822682259,vihaan.chopra994@gmail.com,DEP010,Intern,B.Sc,10.7,2017-02-08,Terminated,2020-05-20,60000,2
EMP01612,Reyansh Desai,Other,1998-01-13,28,Divorced,Surat,Gujarat,+919090649902,reyansh.desai477@rediffmail.com,DEP012,Manager,B.A.,15.9,2021-10-16,Terminated,,35000,1
EMP01613,Anjali Gupta,Other,1972-04-05,54,Married,Surat,Gujarat,+918675396556,anjali.gupta552@outlook.com,DEP003,Consultant,B.Tech,29.4,2018-12-08,On Notice Period,,160000,2
EMP01614,Nisha Yadav,Female,1996-03-02,30,Married,Pune,Maharashtra,+917011515798,nisha.yadav598@outlook.com,DEP009,Senior Associate,M.Sc,7.4,2020-01-21,Active,,200000,2
EMP01615,Ritu Chopra,Female,1981-08-21,45,Married,Ghaziabad,Uttar Pradesh,+917029875433,ritu.chopra243@rediffmail.com,DEP011,Senior Associate,Diploma,22.7,2016-03-09,Active,,200000,1
EMP01616,Sneha Ghosh,Other,1993-04-10,33,Married,Coimbatore,Tamil Nadu,+918967022590,sneha.ghosh633@rediffmail.com,DEP001,Analyst,PhD,19.3,2025-10-06,Active,,35000,1
EMP01617,Deepak Shetty,Male,1985-08-25,41,Married,Bengaluru,Karnataka,+916634188675,deepak.shetty801@rediffmail.com,DEP006,Team Lead,M.Com,26.8,2025-08-05,Active,,35000,5
EMP01618,Aditya Pillai,Male,1980-03-24,46,Divorced,Chennai,Tamil Nadu,+916536874698,aditya.pillai804@outlook.com,DEP005,Consultant,M.Tech,6.1,2016-06-26,Active,,45000,2
EMP01619,DIYA KAPOOR,Female,1991-02-09,35,Divorced,Bengaluru,Karnataka,+916187562794,diya.kapoor576@outlook.com,DEP007,Vice President,M.Sc,23.5,2019-06-11,Active,,25000,2
EMP01620,Riya Rao,Female,1985-09-18,41,Divorced,Jaipur,Rajasthan,,riya.rao21@outlook.com,DEP003,General Manager,M.Com,39.0,2021-08-24,Resigned,2026-03-03,45000,4
EMP01621,Riya Bose,Other,1999-05-12,27,Divorced,Lucknow,Uttar Pradesh,+918776142010,riya.bose367@rediffmail.com,DEP006,Associate,B.Sc,21.1,2023-04-16,Active,,60000,3
EMP01622,Vihaan Chaudhary,Male,1983-03-16,43,Divorced,Bengaluru,Karnataka,+918104734721,vihaan.chaudhary8@rediffmail.com,DEP004,Senior Associate,B.A.,6.4,2021-10-05,Active,,35000,3
EMP01623,Aman Pillai,Other,1990-07-07,36,Married,Pune,Maharashtra,+919063665571,aman.pillai@@yahoo.com,DEP012,Executive,M.Tech,27.5,2025-06-18,On Notice Period,,25000,2
EMP01624,Myra Chaudhary,Other,1986-02-16,40,Single,Noida,Uttar Pradesh,+919094394052,myra.chaudhary672@hotmail.com,DEP010,Team Lead,B.Sc,11.3,2017-05-19,Active,,250000,
EMP01625,Kavita Bansal,Female,1996-03-16,30,Single,Indore,Madhya Pradesh,+917451836504,kavita.bansal39@yahoo.com,DEP009,General Manager,B.A.,2.8,2019-07-16,On Notice Period,,35000,4
EMP01626,Kavya Iyer,Other,1993-01-04,33,Single,Noida,Uttar Pradesh,+919520532048,kavya.iyer646@outlook.com,DEP002,Deputy General Manager,M.Com,17.1,2017-09-26,Terminated,2023-10-31,160000,2
EMP01627,Anjali Bansal,Female,1990-04-20,36,Divorced,Chennai,Tamil Nadu,+918569750950,anjali.bansal64@yahoo.com,DEP011,Team Lead,PhD,23.8,2019-04-12,Active,,80000,3
EMP01628,Ananya Ghosh,Female,1986-11-11,40,Single,Bengaluru,Karnataka,+919945454808,ananya.ghosh925@hotmail.com,DEP003,Intern,B.Tech,12.2,2016-06-22,Active,,320000,1
EMP01629,Nisha Mishra,Female,1971-03-01,55,Divorced,Lucknow,Uttar Pradesh,+919321246832,nisha.mishra329@hotmail.com,DEP012,Senior Manager,M.Com,11.2,2015-07-16,On Notice Period,,35000,1
EMP01630,Kritika Chaudhary,Female,1983-11-01,43,Married,Indore,Madhya Pradesh,+918255549864,kritika.chaudhary935@rediffmail.com,DEP004,Manager,PhD,9.6,2017-09-07,Active,,25000,2
EMP01631,Rekha Shetty,Female,1966-02-15,60,Married,Indore,Madhya Pradesh,+917746839301,rekha.shetty348@outlook.com,DEP008,Vice President,B.A.,26.6,2016-07-09,Active,,320000,3
EMP01632,Rohan Rao,Male,2005-08-07,21,Single,Coimbatore,Tamil Nadu,+918327062760,rohan.rao641@rediffmail.com,DEP001,Deputy General Manager,B.Com,11.5,2021-06-26,Resigned,2024-11-20,130000,3
EMP01633,Ajay Menon,Male,1978-12-04,48,Single,Noida,Uttar Pradesh,+917524160596,ajay.menon795@rediffmail.com,DEP002,Deputy General Manager,M.Com,24.0,2023-11-13,Active,,250000,5
EMP01634,Sanjay Bansal,Male,1977-12-26,49,Married,Mumbai,Maharashtra,+916493271216,sanjay.bansal811@rediffmail.com,DEP006,Deputy General Manager,B.A.,15.0,2016-05-27,Active,,25000,5
EMP01635,Vihaan Kumar,Other,1986-03-22,40,Divorced,Noida,Uttar Pradesh,+916893735741,vihaan.kumar733@hotmail.com,DEP008,General Manager,MBA,17.8,2025-10-07,Active,,45000,3
EMP01636,Meera Sharma,Female,1991-08-08,35,Married,Surat,Gujarat,+916064296337,meera.sharma942@gmail.com,DEP012,Associate,MBA,11.2,2018-01-10,Resigned,2020-04-30,60000,4
EMP01637,Ritu Yadav,Female,2001-12-15,25,Divorced,Hyderabad,Telangana,+917107909747,ritu.yadav275@yahoo.com,DEP009,Senior Analyst,M.Com,16.9,2019-08-25,Resigned,2024-06-18,35000,5
EMP01638,ajay sharma,Male,1981-07-25,45,Divorced,Pune,Maharashtra,+917992404796,ajay.sharma553@yahoo.com,DEP005,Analyst,B.Tech,23.3,2020-09-28,Active,,80000,1
EMP01639,ananya patel,Female,2001-02-07,25,Married,Coimbatore,Tamil Nadu,+918662729183,ananya.patel13@rediffmail.com,DEP006,Deputy General Manager,M.Sc,16.4,2019-05-17,Active,,200000,5
EMP01640,Nisha Yadav,Female,1975-02-12,51,Married,Delhi,Delhi,+916147535544,nisha.yadav146@rediffmail.com,DEP010,Analyst,Diploma,20.3,2025-12-11,Active,,130000,1
EMP01641,Vikram Iyer,Other,1972-10-06,54,Married,Lucknow,Uttar Pradesh,+919471723470,vikram.iyer612@gmail.com,DEP011,Senior Analyst,M.Tech,24.0,2016-03-14,Active,,60000,3
EMP01642,Vihaan Desai,Other,1973-02-06,53,Single,Pune,Maharashtra,+917261498622,vihaan.desai252@rediffmail.com,DEP002,Senior Associate,B.A.,24.0,2019-11-12,On Notice Period,,250000,1
EMP01643,Karan Joshi,Male,1968-03-27,58,Divorced,Ahmedabad,Gujarat,+916390774332,karan.joshi72@hotmail.com,DEP006,Manager,PhD,28.2,2015-09-06,Active,,160000,1
EMP01644,Vihaan Gupta,Male,1974-10-21,52,Married,Kolkata,West Bengal,1234563341,vihaan.gupta6@yahoo.com,DEP004,Deputy General Manager,B.Tech,7.7,2019-03-14,Active,,160000,5
EMP01645,Myra Nair,Other,1977-07-01,49,Single,Pune,Maharashtra,+918534531235,myra.nair827@yahoo.com,DEP010,Senior Analyst,PhD,15.6,2020-07-04,Resigned,2021-08-17,45000,5
EMP01646,Karan Malhotra,Male,1989-02-19,37,Divorced,Ahmedabad,Gujarat,+919462461511,karan.malhotra966@hotmail.com,DEP007,Senior Manager,B.Tech,22.2,2020-01-03,On Notice Period,,160000,
EMP01647,Meera Menon,Other,1983-11-28,43,Married,Coimbatore,Tamil Nadu,,meera.menon736@gmail.com,DEP002,Intern,M.Sc,4.1,2026-06-27,Active,,320000,2
EMP01648,Riya Yadav,Female,1995-01-01,31,Single,Lucknow,Uttar Pradesh,+917792834156,riya.yadav330@gmail.com,DEP004,Manager,MBA,1.5,2017-03-26,Active,,60000,2
EMP01649,Gaurav Iyer,Male,1966-12-19,60,Married,Hyderabad,Telangana,+917417546782,gaurav.iyer434@outlook.com,DEP004,Senior Manager,M.Com,4.3,2016-07-14,On Notice Period,,100000,1
EMP01650,Manish Mishra,Male,1979-06-06,47,Married,Surat,Gujarat,+917082670702,manish.mishra523@yahoo.com,DEP008,Team Lead,MBA,4.7,2016-01-28,Active,,100000,4
EMP01651,Riya Mishra,Female,1968-04-20,58,Married,Pune,Maharashtra,+917215282056,riya.mishra953@hotmail.com,DEP004,Analyst,B.Com,9.1,2018-12-18,Active,,25000,3
EMP01652,Deepak Agarwal,Other,2001-01-05,25,Married,Mumbai,Maharashtra,+918195256953,deepak.agarwal855@hotmail.com,DEP005,Executive,B.Tech,13.3,2016-09-21,Active,,100000,5
EMP01653,SAURABH BOSE,Other,1985-07-26,41,Divorced,Noida,Uttar Pradesh,+918982459197,saurabh.bose242@yahoo.com,DEP012,Consultant,B.Com,8.6,2016-03-23,Active,,45000,4
EMP01654,Nikhil Verma,Male,1990-09-24,36,Single,Bengaluru,Karnataka,+918669762245,nikhil.verma755@rediffmail.com,DEP003,Executive,MBA,11.4,2016-11-19,Resigned,2023-04-05,200000,4
EMP01655,Ramesh Chopra,Male,1978-07-19,48,Single,Hyderabad,Telangana,+917239424088,ramesh.choprayahoo.com,DEP003,Senior Analyst,M.Sc,21.2,2021-06-29,Active,,25000,4
EMP01656,Kavita Joshi,Female,1979-11-26,47,Divorced,Indore,Madhya Pradesh,+918343623613,kavita.joshi225@outlook.com,DEP009,Vice President,B.Sc,12.3,2024-12-04,Active,,45000,4
EMP01657,Deepak Yadav,Other,1983-08-23,43,Married,Hyderabad,Telangana,+917665002274,deepak.yadav977@yahoo.com,DEP005,Analyst,PhD,6.6,2025-10-31,Active,,250000,5
EMP01658,Priya Mishra,Other,1967-10-15,59,Single,Bengaluru,Karnataka,+918961348202,priya.mishra44@outlook.com,DEP008,Consultant,MBA,18.2,2021-06-15,On Notice Period,,60000,1
EMP01659,swati malhotra,Female,1993-01-04,33,Married,Chandigarh,Chandigarh,+917740283081,swati.malhotra406@hotmail.com,DEP007,Vice President,Diploma,0.6,2018-07-15,Terminated,2024-10-27,60000,3
EMP01660,Nikhil Agarwal,Male,1970-05-10,56,Single,Chennai,Tamil Nadu,+916732116387,nikhil.agarwal881@rediffmail.com,DEP001,Senior Associate,M.Sc,3.3,2018-11-28,Active,,250000,4
EMP01661,Manish Nair,Male,1989-06-04,37,Married,Noida,Uttar Pradesh,+919293996224,manish.nair688@hotmail.com,DEP008,Senior Analyst,PhD,13.3,2022-08-20,On Notice Period,,200000,1
EMP01662,Anjali Patel,Female,2004-04-21,22,Married,Lucknow,Uttar Pradesh,+919205883995,anjali.patel884@outlook.com,DEP008,Vice President,B.Com,25.0,2022-12-02,Active,,80000,1
EMP01663,Diya Malhotra,Female,1995-06-11,31,Single,Chennai,Tamil Nadu,+916500077134,diya.malhotra583@outlook.com,DEP006,Executive,M.Sc,16.3,2018-10-09,Active,,35000,1
EMP01664,Krishna Mishra,Male,1986-09-08,40,Married,Coimbatore,Tamil Nadu,+918841895069,krishna.mishra367@hotmail.com,DEP002,Associate,M.Sc,8.2,2026-01-16,Active,,250000,1
EMP01665,Priya Joshi,Female,2005-10-01,21,Married,Chandigarh,Chandigarh,+918539403250,priya.joshi314@gmail.com,DEP005,Team Lead,B.Tech,2.5,2022-02-13,Active,,25000,3
EMP01666,Aadhya Joshi,Other,1967-05-12,59,Single,Coimbatore,Tamil Nadu,+916135854315,aadhya.joshi111@hotmail.com,DEP007,Consultant,Diploma,25.9,2017-05-31,Resigned,2023-03-29,80000,3
EMP01667,Nikhil Rao,Other,1978-10-26,48,Divorced,Lucknow,Uttar Pradesh,816061120004218,nikhil.rao95@outlook.com,DEP011,Manager,Diploma,4.0,2019-07-24,Active,,100000,2
EMP01668,KRITIKA KUMAR,Female,1979-11-17,47,Single,Hyderabad,Telangana,+917535132927,kritika.kumar948@outlook.com,DEP007,Deputy General Manager,B.Tech,5.7,2016-01-18,Resigned,2016-12-05,320000,1
EMP01669,Kritika Bose,Other,1993-11-10,33,Married,Indore,Madhya Pradesh,+919011772585,kritika.bose607@yahoo.com,DEP007,Analyst,M.Com,29.1,2019-04-14,Active,,35000,1
EMP01670,Ishaan Desai,Other,1969-07-05,57,Married,Kolkata,West Bengal,+916909380638,ishaan.desai203@rediffmail.com,DEP008,Associate,M.Com,2.0,2018-02-06,Resigned,2021-10-06,45000,
EMP01671,rahul mishra,Male,2004-02-15,22,Divorced,Pune,Maharashtra,+919517384539,rahul.mishra414@gmail.com,DEP010,Consultant,M.Sc,8.3,2019-06-23,Terminated,2021-08-17,60000,4
EMP01672,Sanjay Singh,Male,1996-04-07,30,Divorced,Chandigarh,Chandigarh,+917487138792,sanjay.singh@hotmail,DEP004,Executive,M.Sc,17.9,2025-11-03,Terminated,,250000,3
EMP01673,Ishaan Iyer,Male,1993-04-28,33,Divorced,Mumbai,Maharashtra,0506026,ishaan.iyer652@rediffmail.com,DEP004,Senior Associate,M.Com,19.6,2022-06-25,Active,,35000,5
EMP01674,Ramesh Verma,Other,1989-04-04,37,Divorced,Indore,Madhya Pradesh,+918798572516,ramesh.verma88@hotmail.com,DEP011,Deputy General Manager,M.Com,23.9,2023-11-30,Active,,160000,2
EMP01675,Vihaan Verma,Other,1996-05-06,30,Married,Coimbatore,Tamil Nadu,+916309198013,vihaan.verma726@outlook.com,DEP004,Team Lead,MBA,21.5,2022-01-23,Terminated,2024-02-06,160000,5
EMP01676,Isha Verma,Other,1999-02-28,27,Divorced,Nagpur,Maharashtra,+916820076723,isha.verma582@outlook.com,DEP006,Senior Manager,M.Sc,27.8,2019-10-21,Active,,160000,5
EMP01677,Aadhya Chopra,Other,1980-08-15,46,Single,Jaipur,Rajasthan,+918788882000,aadhya.chopra233@outlook.com,DEP005,Assistant Manager,Diploma,12.0,2019-07-16,Terminated,2021-05-23,250000,4
EMP01678,Kritika Reddy,Female,1999-03-28,27,Married,Jaipur,Rajasthan,+918282574990,kritika.reddy847@gmail.com,DEP005,Intern,M.Tech,16.0,2023-04-28,Active,,160000,3
EMP01679,Shreya Sharma,Other,1968-02-04,58,Married,Ahmedabad,Gujarat,+917457069601,shreya.sharma715@hotmail.com,DEP005,Manager,M.Sc,8.1,2022-12-05,Active,,250000,3
EMP01680,Swati Pillai,Female,1985-08-24,41,Divorced,Bengaluru,Karnataka,+917906241028,swati.pillai285@yahoo.com,DEP009,Manager,M.Sc,28.7,2025-01-31,Active,,160000,3
EMP01681,Ritu Bose,Other,1976-03-21,50,Married,Pune,Maharashtra,+917163306084,ritu.bose542@rediffmail.com,DEP007,Executive,M.Com,1.5,2016-05-06,Resigned,2020-06-22,60000,2
EMP01682,Sarika Reddy,Other,1987-11-24,39,Single,Surat,Gujarat,+919120433287,sarika.reddy101@gmail.com,DEP009,General Manager,PhD,28.8,2023-05-22,On Notice Period,,45000,1
EMP01683,Aarav Pillai,Male,1984-06-09,42,Single,Lucknow,Uttar Pradesh,+919209394869,aarav.pillai674@hotmail.com,DEP002,Intern,PhD,16.2,2023-11-07,Active,,200000,4
EMP01684,Ritu Verma,Female,1979-01-01,47,Married,Chennai,Tamil Nadu,+918276871318,ritu.verma834@gmail.com,DEP010,Consultant,B.Sc,18.5,2023-03-06,Active,,60000,4
EMP01685,Kavita Kumar,Female,1981-12-26,45,Divorced,Bengaluru,Karnataka,+918168960284,kavita.kumar427@gmail.com,DEP008,Analyst,B.A.,5.4,2026-02-28,Active,,200000,4
EMP01686,Aarav Reddy,Other,1968-07-06,58,Married,Delhi,Delhi,+917086402690,aarav.reddy298@gmail.com,DEP002,Assistant Manager,MBA,14.6,2025-10-27,Resigned,,200000,3
EMP01687,Sneha Singh,Other,1968-07-17,58,Single,Surat,Gujarat,358413762609017,sneha.singh620@outlook.com,DEP006,Deputy General Manager,M.Com,12.9,2025-03-04,Active,,35000,4
EMP01688,Aditya Menon,Male,1987-11-28,39,Single,Ghaziabad,Uttar Pradesh,+916101201630,aditya.menon568@rediffmail.com,DEP002,Manager,M.Com,5.5,2022-12-10,On Notice Period,,160000,4
EMP01689,Aditya Mishra,Male,1999-03-07,27,Single,Kolkata,West Bengal,+919095314664,aditya.mishra661@gmail.com,DEP003,Associate,B.Tech,20.6,2019-06-29,Active,,45000,2
EMP01690,Diya Ghosh,Other,1973-10-23,53,Single,Delhi,Delhi,+919403894945,diya.ghosh309@outlook.com,DEP001,Senior Analyst,Diploma,15.2,2019-08-27,Active,,80000,2
EMP01691,manish shetty,Male,1987-09-17,39,Single,Chandigarh,Chandigarh,+917387571786,manish.shetty54@gmail.com,DEP001,General Manager,B.Com,26.6,2018-10-24,On Notice Period,,35000,1
EMP01692,  Diya Chopra  ,Female,1986-06-10,40,Single,Jaipur,Rajasthan,+916035659966,diya.chopra548@gmail.com,DEP009,Associate,B.Sc,23.9,2019-01-31,Resigned,2023-06-14,200000,5
EMP01693,Aman Patel,Male,1999-08-11,27,Married,Coimbatore,Tamil Nadu,+919042810918,aman.patel438@rediffmail.com,DEP001,Vice President,B.A.,9.0,2016-08-20,On Notice Period,,45000,3
EMP01694,Myra Menon,Other,1985-01-27,41,Single,Pune,Maharashtra,+917281571414,myra.menon@@rediffmail.com,DEP011,Intern,M.Com,11.1,2015-09-12,Active,,60000,2
EMP01695,Saurabh Kumar,Other,1981-07-23,45,Divorced,Mumbai,Maharashtra,+919314095789,,DEP002,Executive,B.A.,1.0,2021-03-26,Active,,80000,1
EMP01696,Vivaan Mishra,Male,1990-08-18,36,Single,Chennai,Tamil Nadu,+918793222429,vivaan.mishra259@outlook.com,DEP007,Executive,PhD,6.8,2026-03-04,Terminated,,250000,2
EMP01697,Vivaan Iyer,Other,1994-01-14,32,Married,Lucknow,Uttar Pradesh,+917906252959,vivaan.iyer152@gmail.com,DEP012,Assistant Manager,B.Tech,11.0,2016-03-05,Terminated,2019-11-29,200000,3
EMP01698,Ishaan Yadav,Other,2003-11-05,23,Divorced,Noida,Uttar Pradesh,+918673097960,ishaan.yadav539@hotmail.com,DEP007,Intern,PhD,10.6,2021-12-30,Active,,200000,
EMP01699,Ajay Bansal,Other,2001-04-12,25,Divorced,Ghaziabad,Uttar Pradesh,+917075796353,ajay.bansal850@outlook.com,DEP011,Analyst,PhD,24.3,2020-05-20,Terminated,2023-10-09,45000,4
EMP01700,Myra Chaudhary,Female,1999-05-17,27,Single,Jaipur,Rajasthan,1234568196,myra.chaudhary635@outlook.com,DEP012,Senior Analyst,M.Sc,22.5,2016-06-22,Active,,130000,5
EMP01701,Rahul Kapoor,Male,1978-06-15,48,Single,Mumbai,Maharashtra,1234568901,rahul.kapoor184@gmail.com,DEP001,Deputy General Manager,B.Sc,25.3,2024-07-16,Resigned,,250000,3
EMP01702,Neha Ghosh,Female,1987-04-15,39,Single,Kolkata,West Bengal,+918278610605,neha.ghosh118@rediffmail.com,DEP011,Assistant Manager,M.Sc,16.0,2025-01-27,Terminated,,60000,4
EMP01703,Rahul Singh,Male,1981-05-01,45,Single,Coimbatore,Tamil Nadu,+917087548766,rahul.singh952@hotmail.com,DEP011,Consultant,PhD,10.8,2016-05-20,On Notice Period,,200000,4
EMP01704,Saurabh Verma,Male,1986-07-03,40,Single,Kolkata,West Bengal,+918763968669,saurabh.verma42@gmail.com,DEP012,Assistant Manager,Diploma,17.3,2017-09-30,Terminated,2020-03-31,250000,
EMP01705,ADITYA REDDY,Male,1992-01-06,34,Single,Ghaziabad,Uttar Pradesh,+918924164840,aditya.reddy@@outlook.com,DEP008,Senior Manager,M.Com,5.9,2018-03-05,On Notice Period,,320000,
EMP01706,Divya Bose,Female,1991-01-19,99,Married,Chennai,Tamil Nadu,+916614977201,divya.bose929@hotmail.com,DEP009,Senior Analyst,M.Tech,10.2,2025-11-29,Terminated,,45000,5
EMP01707,Anjali Desai,Female,1993-06-10,33,Divorced,Noida,Uttar Pradesh,+917650414646,anjali.desai856@yahoo.com,DEP003,Analyst,Diploma,22.4,2024-08-17,Terminated,,320000,2
EMP01708,Myra Chaudhary,Other,1984-03-18,42,Single,Surat,Gujarat,+918103821374,myra.chaudhary310@hotmail.com,DEP011,Vice President,MBA,21.0,2026-03-21,Active,,45000,1
EMP01709,Naveen Bansal,Other,1974-07-17,52,Divorced,Bengaluru,Karnataka,+916196701888,naveen.bansal49@hotmail.com,DEP009,Vice President,B.Com,23.2,2019-08-03,Active,,45000,2
EMP01710,Nikhil Verma,Other,1976-04-13,50,Single,Mumbai,Maharashtra,+918966176198,nikhil.verma56@rediffmail.com,DEP001,Assistant Manager,B.Tech,19.0,2018-09-11,Resigned,2025-05-12,200000,2
EMP01711,Krishna Rao,Male,1973-04-15,53,Divorced,Indore,Madhya Pradesh,7322928,krishna.rao356@gmail.com,DEP004,Assistant Manager,B.Tech,22.6,2022-12-23,Terminated,,35000,5
EMP01712,Ananya Bose,Female,1974-02-02,52,Divorced,Ahmedabad,Gujarat,+918802453847,ananya.bose654@gmail.com,DEP001,Senior Associate,M.Sc,6.6,2024-05-13,Active,,25000,3
EMP01713,Ramesh Nair,Male,1978-03-05,48,Single,Noida,Uttar Pradesh,+917165575851,ramesh.nair271@yahoo.com,DEP011,Vice President,M.Sc,7.7,2021-03-09,Active,,320000,5
EMP01714,  Suresh Bose  ,Other,1990-04-27,36,Married,Coimbatore,Tamil Nadu,+917874061596,suresh.bose223@rediffmail.com,DEP009,Senior Analyst,M.Sc,12.0,2018-08-17,On Notice Period,,320000,4
EMP01715,Diya Verma,Other,1986-04-23,40,Divorced,Surat,Gujarat,+916679615708,diya.verma891@hotmail.com,DEP012,Vice President,PhD,22.2,2017-04-08,Active,,200000,3
EMP01716,Riya Rao,Other,1978-08-07,48,Single,Ahmedabad,Gujarat,+918252395329,riya.rao609@gmail.com,DEP002,Senior Associate,B.Tech,2.4,2021-02-10,Active,,250000,1
EMP01717,Ishaan Ghosh,Other,1972-02-08,54,Divorced,Pune,Maharashtra,+916779441142,ishaan.ghosh724@yahoo.com,DEP002,Team Lead,M.Tech,7.2,2024-09-28,Active,,100000,2
EMP01718,Karan Malhotra,Other,1996-02-09,30,Single,Coimbatore,Tamil Nadu,+919763888907,karan.malhotra745@rediffmail.com,DEP008,Executive,B.Com,29.3,2021-06-18,Active,,130000,2
EMP01719,Vihaan Patel,Male,1994-05-28,32,Single,Indore,Madhya Pradesh,+918803809415,vihaan.patel413@outlook.com,DEP004,Associate,Diploma,6.9,2018-02-19,Active,,45000,5
EMP01720,Myra Bose,Female,1968-09-21,58,Divorced,Chennai,Tamil Nadu,+916005485755,myra.bose408@rediffmail.com,DEP002,Manager,PhD,2.9,2024-05-24,Resigned,,160000,4
EMP01721,Sunita Mishra,Female,1973-07-18,53,Single,Ahmedabad,Gujarat,+918977039339,sunita.mishra739@rediffmail.com,DEP009,General Manager,M.Com,16.3,2021-12-13,Active,,160000,4
EMP01722,Swati Yadav,Female,1994-02-20,32,Divorced,Chennai,Tamil Nadu,+919768713911,swati.yadav@@hotmail.com,DEP009,Intern,M.Sc,6.1,2018-11-11,On Notice Period,,130000,4
EMP01723,Pooja Yadav,Other,1999-11-16,27,Married,Mumbai,Maharashtra,+916772937654,pooja.yadav440@outlook.com,DEP012,Associate,B.Tech,10.0,2016-08-11,Active,,130000,4
EMP01724,Arjun Yadav,Male,1969-09-28,57,Divorced,Jaipur,Rajasthan,+918162386821,arjun.yadav561@gmail.com,DEP009,Deputy General Manager,B.Tech,24.3,2015-01-04,Active,,250000,5
EMP01725,Nisha Mishra,Female,1985-06-06,41,Married,Hyderabad,Telangana,+919961141489,nisha.mishra853@outlook.com,DEP006,Manager,MBA,20.1,2025-02-16,Active,,250000,1
EMP01726,Vikram Reddy,Male,1974-05-23,52,Divorced,Coimbatore,Tamil Nadu,+919568198561,vikram.reddy22@outlook.com,DEP001,Associate,Diploma,29.6,2017-08-24,Active,,25000,4
EMP01727,Kavya Nair,Other,1982-12-11,44,Single,Nagpur,Maharashtra,+916749772040,kavya.nair261@rediffmail.com,DEP006,Senior Analyst,PhD,14.0,2021-08-14,Active,,320000,2
EMP01728,Sarika Kumar,Female,1985-06-06,41,Single,Ahmedabad,Gujarat,+919102430346,sarika.kumar32@hotmail.com,DEP009,Team Lead,Diploma,2.7,2025-04-28,Active,,200000,2
EMP01729,Karan Sharma,Male,1976-02-18,50,Divorced,Pune,Maharashtra,+916716574917,karan.sharma729@yahoo.com,DEP004,Manager,M.Com,27.1,2023-06-10,On Notice Period,,250000,1
EMP01730,Vikram Singh,Male,1968-01-17,58,Divorced,Chandigarh,Chandigarh,+917427136473,vikram.singh659@hotmail.com,DEP008,Consultant,B.Com,13.1,2022-09-29,Resigned,,80000,3
EMP01731,Anil Iyer,Other,1992-05-21,34,Divorced,Chennai,Tamil Nadu,+916956335296,anil.iyer569@rediffmail.com,DEP010,Assistant Manager,B.A.,25.5,2017-11-06,Active,,160000,1
EMP01732,Ananya Agarwal,Other,2000-09-19,26,Single,Lucknow,Uttar Pradesh,+916611293586,ananya.agarwal463@yahoo.com,DEP002,Consultant,PhD,16.9,2018-11-10,Active,,80000,
EMP01733,Anil Chopra,Male,1980-09-10,46,Married,Surat,Gujarat,+916904920374,anil.chopra529@hotmail.com,DEP008,Senior Manager,M.Sc,17.1,2017-06-07,Resigned,2024-01-26,200000,2
EMP01734,Ananya Kumar,Female,1980-10-02,46,Divorced,Pune,Maharashtra,+916539199647,ananya.kumar109@outlook.com,DEP001,Intern,M.Sc,25.8,2024-10-12,Active,,35000,5
EMP01735,Isha Rao,Female,1985-02-20,41,Divorced,Mumbai,Maharashtra,+916638210476,isha.rao609@hotmail.com,DEP005,Manager,MBA,0.3,2020-02-09,Active,,25000,4
EMP01736,Gaurav Gupta,Male,1998-05-10,28,Single,Pune,Maharashtra,+919948680790,gaurav.gupta398@hotmail.com,DEP002,Associate,Diploma,25.1,2020-07-18,Resigned,2022-05-18,130000,3
EMP01737,Ajay Chopra,Male,1992-06-20,34,Married,Kolkata,West Bengal,+917980111650,ajay.chopra927@yahoo.com,DEP008,Executive,M.Tech,6.2,2017-10-05,On Notice Period,,35000,2
EMP01738,Nisha Mishra,Female,1998-11-15,28,Divorced,Ahmedabad,Gujarat,+917024543104,nisha.mishra765@rediffmail.com,DEP001,Team Lead,PhD,24.6,2018-04-30,Resigned,2023-05-03,200000,1
EMP01739,Divya Ghosh,Other,1993-12-05,33,Married,Kolkata,West Bengal,+916746681652,divya.ghosh517@gmail.com,DEP009,Intern,MBA,12.1,2019-01-07,Active,,320000,4
EMP01740,Gaurav Kumar,Male,1994-10-01,32,Divorced,Coimbatore,Tamil Nadu,+917174951033,gaurav.kumar95@hotmail.com,DEP010,Team Lead,PhD,25.8,2022-11-17,Terminated,,100000,3
EMP01741,saanvi chaudhary,Female,1972-12-03,54,Divorced,Chandigarh,Chandigarh,+916853722207,saanvi.chaudhary498@outlook.com,DEP005,Manager,B.Com,3.1,2019-05-03,Active,,200000,3
EMP01742,Meera Yadav,Female,2004-01-20,22,Divorced,Hyderabad,Telangana,+917877073852,meera.yadav811@rediffmail.com,DEP012,Analyst,B.A.,3.4,2024-01-19,Active,,25000,5
EMP01743,Isha Desai,Other,1976-11-07,50,Single,Ahmedabad,Gujarat,+919920040954,isha.desaiyahoo.com,DEP002,Vice President,M.Sc,17.3,2019-03-27,Terminated,2020-12-26,160000,5
EMP01744,Rahul Joshi,Male,1980-09-28,46,Married,Pune,Maharashtra,+918506611718,rahul.joshi938@rediffmail.com,DEP011,Assistant Manager,B.Tech,10.6,2016-02-13,Active,,100000,2
EMP01745,Aadhya Kumar,Other,2001-05-07,25,Single,Noida,Uttar Pradesh,+918854034746,aadhya.kumar790@hotmail.com,DEP002,Executive,B.Tech,20.3,2022-10-20,Terminated,2023-03-07,45000,1
EMP01746,Ramesh Reddy,Other,2003-06-26,23,Married,Mumbai,Maharashtra,+919750638673,ramesh.reddy195@hotmail.com,DEP010,Assistant Manager,MBA,6.6,2023-03-13,Terminated,,60000,4
EMP01747,Rekha Iyer,Other,1977-10-25,49,Single,Kolkata,West Bengal,,rekha.iyer426@gmail.com,DEP004,Analyst,B.Com,1.1,2016-03-01,Active,,160000,1
EMP01748,Krishna Agarwal,Male,1996-08-05,30,Divorced,Ghaziabad,Uttar Pradesh,+919957034072,krishna.agarwal844@hotmail.com,DEP002,Associate,MBA,2.7,2026-03-22,Terminated,,160000,5
EMP01749,Ajay Pillai,Male,1989-04-20,37,Married,Ahmedabad,Gujarat,+918603002594,ajay.pillai793@gmail.com,DEP001,Analyst,B.Com,4.7,2018-03-01,On Notice Period,,200000,1
EMP01750,Vivaan Joshi,Male,1993-01-18,33,Divorced,Coimbatore,Tamil Nadu,+919181397323,vivaan.joshi181@rediffmail.com,DEP005,Executive,MBA,21.7,2015-09-25,Terminated,2017-08-29,320000,3
EMP01751,Kritika Menon,Female,2002-11-03,24,Divorced,Jaipur,Rajasthan,+916881595756,kritika.menon548@yahoo.com,DEP003,Associate,Diploma,3.7,2019-10-06,Active,,160000,2
EMP01752,Sanjay Rao,Male,2004-01-06,22,Divorced,Ghaziabad,Uttar Pradesh,+918511563236,sanjay.rao151@outlook.com,DEP006,Team Lead,M.Tech,3.6,2018-09-07,Terminated,2019-05-20,60000,4
EMP01753,Riya Desai,Female,1973-04-28,53,Divorced,Noida,Uttar Pradesh,+918244816074,riya.desai567@outlook.com,DEP004,Associate,M.Tech,6.8,2025-09-13,Active,,320000,5
EMP01754,Riya Kapoor,Other,1999-01-05,27,Divorced,Hyderabad,Telangana,+918578250307,,DEP003,Senior Associate,B.Tech,4.6,2023-05-30,Active,,60000,1
EMP01755,Aditya Shetty,Male,1995-11-02,31,Divorced,Coimbatore,Tamil Nadu,+916069736037,aditya.shetty551@yahoo.com,DEP007,Senior Manager,PhD,8.4,2025-06-11,Active,,100000,1
EMP01756,ANIL JOSHI,Male,1986-08-20,40,Divorced,Jaipur,Rajasthan,+919862019117,anil.joshi28@hotmail.com,DEP011,General Manager,M.Sc,27.9,2015-06-27,Terminated,2017-10-21,60000,4
EMP01757,Meera Desai,Female,1966-10-07,60,Married,Hyderabad,Telangana,+91-926145,meera.desai193@yahoo.com,DEP011,Associate,B.Tech,26.7,2021-03-14,Active,,130000,3
EMP01758,Shreya Desai,Female,1967-10-11,59,Married,Chandigarh,Chandigarh,+917072204440,shreya.desai346@outlook.com,DEP009,Vice President,B.Sc,17.6,2017-01-15,Active,,160000,1
EMP01759,Suresh Reddy,Male,1995-09-12,31,Married,Noida,Uttar Pradesh,+918107509455,suresh.reddygmail.com,DEP009,Senior Manager,M.Sc,9.7,2019-07-24,Active,,250000,3
EMP01760,Deepak Chopra,Other,1968-06-17,58,Divorced,Pune,Maharashtra,+919661885323,deepak.chopra799@hotmail.com,DEP003,Assistant Manager,B.Tech,18.6,2020-04-25,Resigned,2023-01-17,130000,1
EMP01761,Rekha Chopra,Other,1998-09-22,28,Divorced,Lucknow,Uttar Pradesh,+918782007353,rekha.chopra391@outlook.com,DEP010,Senior Associate,B.Sc,24.2,2025-10-21,Active,,160000,2
EMP01762,Karan Sharma,Male,1971-09-24,55,Single,Bengaluru,Karnataka,+919608054543,karan.sharma490@gmail.com,DEP002,Executive,PhD,16.9,2021-05-21,Resigned,2024-09-25,160000,2
EMP01763,Ishaan Malhotra,Male,1982-04-01,44,Single,Jaipur,Rajasthan,8366751,ishaan.malhotra795@gmail.com,DEP002,General Manager,PhD,22.4,2023-02-06,Active,,320000,5
EMP01764,Saanvi Yadav,Female,1971-05-20,55,Married,Noida,Uttar Pradesh,+916221740353,saanvi.yadav328@rediffmail.com,DEP002,Senior Manager,M.Tech,19.4,2018-01-10,On Notice Period,,200000,2
EMP01765,  Aarav Ghosh  ,Other,1972-07-13,54,Married,Jaipur,Rajasthan,+919759836264,aarav.ghosh283@hotmail.com,DEP011,Deputy General Manager,M.Tech,22.1,2017-04-21,Resigned,2018-02-26,250000,4
EMP01766,Naveen Yadav,Other,1981-06-20,45,Divorced,Bengaluru,Karnataka,+918690476687,naveen.yadav539@gmail.com,DEP011,Assistant Manager,M.Tech,28.4,2017-01-18,Active,,160000,4
EMP01767,Neha Verma,Other,1998-03-13,28,Divorced,Coimbatore,Tamil Nadu,+918027604849,neha.verma733@outlook.com,DEP011,Deputy General Manager,B.Sc,2.3,2022-03-16,Active,,35000,4
EMP01768,Swati Joshi,Female,2005-03-17,21,Single,Bengaluru,Karnataka,,swati.joshi35@rediffmail.com,DEP011,Team Lead,M.Tech,24.9,2018-05-13,Resigned,2021-05-11,200000,5
EMP01769,Saurabh Nair,Male,1975-09-14,51,Single,Noida,Uttar Pradesh,+918381580848,saurabh.nair778@outlook.com,DEP003,Senior Manager,MBA,1.8,2016-12-16,Terminated,2021-04-09,320000,3
EMP01770,Rohan Gupta,Male,1996-04-25,30,Married,Noida,Uttar Pradesh,+916008823341,rohan.guptahotmail.com,DEP003,General Manager,M.Sc,3.8,2019-11-16,On Notice Period,,130000,4
EMP01771,Priya Agarwal,Other,1994-12-26,32,Married,Pune,Maharashtra,+916514758483,priya.agarwal935@rediffmail.com,DEP009,Consultant,M.Tech,40.0,2019-07-02,Active,,25000,3
EMP01772,aarav yadav,Other,1984-03-26,42,Divorced,Chennai,Tamil Nadu,+916255806451,aarav.yadav718@hotmail.com,DEP004,Assistant Manager,M.Com,29.8,2018-08-25,On Notice Period,,320000,
EMP01773,Meera Chopra,Other,1994-02-03,32,Married,Jaipur,Rajasthan,+917092139079,meera.chopra321@yahoo.com,DEP008,Deputy General Manager,B.Tech,3.6,2021-01-07,Terminated,2022-01-13,130000,3
EMP01774,SUNITA IYER,Other,1970-04-17,56,Single,Delhi,Delhi,+919509609304,sunita.iyer287@rediffmail.com,DEP009,Team Lead,M.Sc,4.1,2020-06-20,Active,,160000,3
EMP01775,Nikhil Iyer,Other,1988-09-24,38,Married,Pune,Maharashtra,+916184678924,nikhil.iyer464@outlook.com,DEP008,Senior Manager,M.Sc,5.0,2021-07-25,Active,,320000,5
EMP01776,Aditya Desai,Male,1973-06-14,53,Single,Hyderabad,Telangana,+919767263645,aditya.desai907@gmail.com,DEP002,Associate,M.Tech,8.5,2018-01-16,Resigned,2022-04-02,80000,3
EMP01777,Divya Chaudhary,Other,1987-02-11,39,Divorced,Chennai,Tamil Nadu,+917244816818,divya.chaudhary478@hotmail.com,DEP010,Senior Manager,B.Com,19.8,2022-08-10,Active,,130000,1
EMP01778,Nisha Singh,Other,1995-06-09,31,Divorced,Pune,Maharashtra,+918782989513,nisha.singh339@yahoo.com,DEP010,Intern,M.Com,16.1,2025-07-30,On Notice Period,,60000,3
EMP01779,Aman Yadav,Other,2005-05-21,21,Married,Mumbai,Maharashtra,+918299320186,aman.yadav818@rediffmail.com,DEP011,General Manager,B.Com,17.9,2026-04-18,Active,,45000,1
EMP01780,sanjay mishra,Other,1978-11-13,48,Married,Bengaluru,Karnataka,+918768253400,sanjay.mishra213@rediffmail.com,DEP008,Associate,M.Sc,8.7,2020-12-19,On Notice Period,,160000,2
EMP01781,Meera Pillai,Female,1971-08-05,55,Single,Jaipur,Rajasthan,+919433424968,meera.pillai275@gmail.com,DEP005,Vice President,PhD,3.0,2016-07-19,Active,,80000,4
EMP01782,Nisha Shetty,Other,1972-06-23,54,Single,Chennai,Tamil Nadu,+916281538473,nisha.shettygmail.com,DEP012,Assistant Manager,B.A.,3.7,2019-08-30,Active,,160000,1
EMP01783,Sneha Kapoor,Female,1969-08-09,57,Single,Chennai,Tamil Nadu,+918339727804,sneha.kapoor804@gmail.com,DEP009,Senior Manager,M.Tech,9.4,2019-01-15,Resigned,2025-06-27,320000,5
EMP01784,Aarav Gupta,Male,1995-02-21,31,Divorced,Pune,Maharashtra,+917166222454,aarav.gupta755@hotmail.com,DEP009,General Manager,PhD,25.2,2024-12-17,Active,,45000,3
EMP01785,Myra Kapoor,Other,2003-06-27,23,Divorced,Bengaluru,Karnataka,+916648235171,myra.kapoor260@rediffmail.com,DEP012,General Manager,B.Sc,26.7,2016-02-14,Resigned,2020-02-25,160000,5
EMP01786,Suresh Joshi,Male,1979-07-28,47,Single,Surat,Gujarat,043956628984059,suresh.joshi947@gmail.com,DEP012,Vice President,B.Tech,43.3,2015-06-26,Active,,250000,5
EMP01787,Rohan Malhotra,Male,1983-11-04,43,Single,Kolkata,West Bengal,+916306156712,rohan.malhotra307@gmail.com,DEP006,Senior Manager,B.Sc,17.2,2016-10-29,Active,,45000,1
EMP01788,Anil Nair,Other,1986-09-06,40,Divorced,Chennai,Tamil Nadu,+919128556625,anil.nair163@outlook.com,DEP008,Deputy General Manager,M.Sc,11.0,2024-12-23,Active,,200000,4
EMP01789,Rahul Mishra,Other,1994-12-10,32,Divorced,Surat,Gujarat,+919935317079,rahul.mishra800@hotmail.com,DEP001,Intern,M.Sc,27.4,2019-01-26,Active,,60000,4
EMP01790,Sneha Ghosh,Female,1994-03-28,32,Divorced,Ghaziabad,Uttar Pradesh,+917625974783,sneha.ghosh694@gmail.com,DEP004,Team Lead,B.Com,24.4,2015-11-16,Active,,250000,4
EMP01791,Neha Patel,Female,1969-06-20,57,Divorced,Mumbai,Maharashtra,+918964460456,neha.patel155@hotmail.com,DEP003,Analyst,B.Tech,4.7,2019-06-28,Resigned,2020-09-06,200000,5
EMP01792,Ananya Desai,Female,1967-05-07,59,Divorced,Chandigarh,Chandigarh,+918396364381,ananya.desai725@hotmail.com,DEP010,Consultant,M.Com,14.8,2015-04-29,Active,,25000,1
EMP01793,Karan Malhotra,Male,1991-10-11,35,Married,Jaipur,Rajasthan,+918458943419,karan.malhotra679@hotmail.com,DEP001,Senior Manager,B.A.,6.3,2015-04-21,On Notice Period,,80000,3
EMP01794,MANISH GHOSH,Male,1992-09-03,34,Divorced,Bengaluru,Karnataka,1138338,manish.ghosh720@outlook.com,DEP012,General Manager,B.Tech,17.1,2019-04-15,Resigned,2024-03-09,200000,5
EMP01795,Anil Menon,Male,1998-12-13,28,Single,Kolkata,West Bengal,+917947067773,anil.menon929@outlook.com,DEP005,Analyst,B.Sc,12.4,2017-01-21,Active,,160000,4
EMP01796,Shreya Iyer,Other,1966-01-24,60,Married,Bengaluru,Karnataka,+918498664591,shreya.iyer9@gmail.com,DEP010,Analyst,M.Com,26.0,2025-07-25,On Notice Period,,250000,2
EMP01797,Meera Gupta,Other,1995-01-13,31,Divorced,Kolkata,West Bengal,7510258,meera.gupta827@outlook.com,DEP008,Consultant,B.A.,18.5,2026-03-24,Resigned,,130000,1
EMP01798,Sunita Kapoor,Female,1980-06-09,46,Single,Pune,Maharashtra,+919662012904,sunita.kapoor200@hotmail.com,DEP004,Deputy General Manager,Diploma,20.7,2019-03-28,Active,,320000,5
EMP01799,Sanjay Shetty,Male,1970-02-04,56,Single,Noida,Uttar Pradesh,+917817975364,sanjay.shetty79@outlook.com,DEP001,Vice President,M.Tech,17.9,2023-09-08,On Notice Period,,320000,5
EMP01800,Shreya Chopra,Female,1969-12-13,57,Divorced,Kolkata,West Bengal,+917724500679,shreya.chopra509@yahoo.com,DEP007,Senior Analyst,M.Tech,5.9,2017-03-16,Resigned,2022-05-24,100000,1
EMP01801,Aditya Desai,Other,1970-10-11,56,Single,Jaipur,Rajasthan,196920251066478,aditya.desai508@outlook.com,DEP006,Senior Analyst,B.Com,28.6,2016-04-01,Active,,250000,4
EMP01802,Manish Gupta,Male,1985-03-05,41,Divorced,Nagpur,Maharashtra,+919366190377,manish.gupta549@outlook.com,DEP006,Associate,M.Tech,27.9,2022-12-08,Resigned,2023-10-29,35000,1
EMP01803,Aarav Patel,Male,1971-11-23,55,Married,Delhi,Delhi,+917496341703,aarav.patel709@hotmail.com,DEP010,Manager,M.Tech,4.4,2023-06-25,On Notice Period,,35000,4
EMP01804,Gaurav Ghosh,Male,1975-01-02,51,Single,Surat,Gujarat,+916840233783,gaurav.ghosh688@yahoo.com,DEP010,Consultant,B.Com,0.8,2023-12-04,Active,,160000,2
EMP01805,Ramesh Nair,Other,1983-07-06,43,Divorced,Coimbatore,Tamil Nadu,+916232645388,ramesh.nair410@yahoo.com,DEP012,Assistant Manager,B.Com,0.1,2021-10-13,Terminated,,45000,5
EMP01806,Aarav Bansal,Male,1989-11-24,37,Married,Mumbai,Maharashtra,+918263640227,aarav.bansal253@hotmail.com,DEP006,Senior Associate,Diploma,12.4,2018-08-22,Active,,25000,1
EMP01807,rohan malhotra,Male,1977-03-16,49,Married,Surat,Gujarat,+918909181508,rohan.malhotra389@outlook.com,DEP002,Deputy General Manager,B.Sc,22.6,2019-03-06,Active,,80000,2
EMP01808,Divya Reddy,Female,2005-05-23,21,Divorced,Noida,Uttar Pradesh,+917720670914,divya.reddy282@gmail.com,DEP004,Senior Manager,M.Sc,18.7,2024-09-24,Terminated,,320000,2
EMP01809,Krishna Desai,Other,2005-06-26,21,Divorced,Hyderabad,Telangana,+918836215796,krishna.desai599@gmail.com,DEP011,Manager,MBA,23.6,2017-02-19,On Notice Period,,130000,2
EMP01810,Nisha Shetty,Female,1970-03-15,56,Divorced,Delhi,Delhi,+919494838183,nisha.shetty872@outlook.com,DEP009,Analyst,M.Tech,14.6,2025-10-28,On Notice Period,,35000,3
EMP01811,Aadhya Singh,Female,1991-09-04,35,Divorced,Chandigarh,Chandigarh,+916315037403,aadhya.singh686@rediffmail.com,DEP004,Executive,B.Tech,16.0,2016-07-22,Active,,200000,4
EMP01812,Riya Kapoor,Female,1984-06-22,42,Married,Ahmedabad,Gujarat,+917575418414,riya.kapoor655@rediffmail.com,DEP007,Senior Analyst,Diploma,5.9,2018-05-20,Active,,100000,5
EMP01813,Aman Rao,Male,1991-03-19,35,Single,Chandigarh,Chandigarh,+916699380650,aman.rao428@rediffmail.com,DEP002,Intern,B.A.,25.1,2016-03-11,Active,,320000,3
EMP01814,Nikhil Kumar,Other,1976-08-28,50,Married,Ghaziabad,Uttar Pradesh,+917936995764,nikhil.kumar450@rediffmail.com,DEP005,Associate,M.Sc,19.7,2020-01-20,On Notice Period,,160000,1
EMP01815,VIKRAM YADAV,Male,2000-05-23,26,Married,Kolkata,West Bengal,+919460547159,vikram.yadav153@outlook.com,DEP006,Senior Manager,MBA,15.7,2016-01-29,Resigned,2019-09-21,250000,4
EMP01816,Vihaan Bose,Male,1988-04-26,38,Married,Ghaziabad,Uttar Pradesh,+917059701524,vihaan.boserediffmail.com,DEP008,Associate,PhD,22.4,2022-05-04,On Notice Period,,35000,5
EMP01817,Sarika Bansal,Other,1971-02-17,55,Single,Bengaluru,Karnataka,+916738322118,sarika.bansal255@yahoo.com,DEP005,Executive,B.Tech,26.1,2015-03-04,Active,,250000,3
EMP01818,KAVITA PATEL,Other,1975-07-07,51,Divorced,Jaipur,Rajasthan,+918375321344,kavita.patel779@gmail.com,DEP003,Deputy General Manager,B.Com,13.7,2025-07-18,On Notice Period,,320000,2
EMP01819,Deepak Reddy,Other,2005-08-06,21,Single,Pune,Maharashtra,,deepak.reddy901@outlook.com,DEP007,Senior Analyst,B.Tech,15.2,2017-08-11,Active,,60000,1
EMP01820,Rekha Malhotra,Female,1999-06-22,27,Single,Delhi,Delhi,+918692523506,rekha.malhotra605@yahoo.com,DEP006,Manager,B.Com,20.0,2018-11-23,Active,,200000,5
EMP01821,Arjun Ghosh,Other,1969-09-26,57,Divorced,Nagpur,Maharashtra,+917263198196,arjun.ghosh923@hotmail.com,DEP010,Associate,B.Tech,29.2,2020-05-06,Active,,160000,3
EMP01822,Krishna Yadav,Male,1971-11-18,55,Single,Delhi,Delhi,+918274307482,krishna.yadav192@yahoo.com,DEP004,Deputy General Manager,MBA,27.5,2015-12-23,On Notice Period,,160000,1
EMP01823,Sanjay Chaudhary,Male,1971-03-26,55,Married,Delhi,Delhi,+917918414016,sanjay.chaudhary78@hotmail.com,DEP002,Manager,B.A.,26.9,2020-03-20,On Notice Period,,60000,1
EMP01824,Ananya Desai,Female,1975-03-23,51,Single,Bengaluru,Karnataka,+917759442188,ananya.desai764@yahoo.com,DEP008,Senior Manager,M.Tech,23.9,2015-04-14,Active,,25000,5
EMP01825,Vihaan Bansal,Male,1986-06-14,40,Single,Surat,Gujarat,+917286243945,vihaan.bansal749@rediffmail.com,DEP010,Senior Manager,M.Tech,14.4,2019-03-21,Resigned,2023-05-14,80000,3
EMP01826,Saanvi Yadav,Female,2001-06-21,25,Married,Noida,Uttar Pradesh,+918880051216,saanvi.yadav358@hotmail.com,DEP002,Senior Manager,Diploma,20.4,2017-08-03,Terminated,2020-09-24,45000,2
EMP01827,Ishaan Yadav,Male,1968-09-12,58,Single,Chennai,Tamil Nadu,+916763609443,ishaan.yadav61@yahoo.com,DEP012,Assistant Manager,M.Tech,6.2,2025-08-29,Active,,60000,5
EMP01828,Rohan Gupta,Other,1969-10-11,57,Single,Kolkata,West Bengal,+916760325292,rohan.gupta@@gmail.com,DEP004,Team Lead,M.Com,17.2,2022-01-30,Resigned,,25000,4
EMP01829,Swati Chopra,Female,1975-05-27,51,Divorced,Chandigarh,Chandigarh,+918585163244,swati.chopra873@yahoo.com,DEP003,Analyst,B.Com,27.0,2018-10-08,Active,,200000,1
EMP01830,Kavya Ghosh,Female,1980-09-12,46,Single,Mumbai,Maharashtra,+917384122640,kavya.ghosh695@yahoo.com,DEP009,Senior Manager,M.Tech,11.5,2017-11-11,Active,,250000,4
EMP01831,Karan Kapoor,Male,1983-12-07,43,Single,Pune,Maharashtra,+916435146098,karan.kapoor92@yahoo.com,DEP003,Vice President,Diploma,4.6,2017-12-23,Terminated,2024-04-22,25000,1
EMP01832,Priya Desai,Other,1973-07-11,53,Single,Chandigarh,Chandigarh,+918026221950,priya.desai275@outlook.com,DEP010,Senior Analyst,MBA,4.6,2020-08-17,Resigned,2023-10-14,100000,3
EMP01833,Saurabh Gupta,Male,1971-12-20,55,Divorced,Mumbai,Maharashtra,+916418956466,,DEP007,Team Lead,M.Com,23.0,2024-01-23,Active,,35000,5
EMP01834,Rohan Kumar,Male,1968-12-28,58,Married,Indore,Madhya Pradesh,+919210942514,rohan.kumar288@hotmail.com,DEP005,General Manager,B.Com,27.4,2015-06-23,On Notice Period,,100000,5
EMP01835,Rohan Ghosh,Other,1979-10-21,47,Single,Mumbai,Maharashtra,+917561858864,rohan.ghosh52@outlook.com,DEP009,Analyst,MBA,21.2,2016-03-14,Active,,35000,2
EMP01836,Sneha Chaudhary,Female,1992-05-28,34,Divorced,Delhi,Delhi,+918845350238,sneha.chaudhary304@hotmail.com,DEP007,Analyst,B.Sc,3.6,2021-08-07,Active,,80000,4
EMP01837,Sarika Kapoor,Other,2002-01-21,24,Single,Noida,Uttar Pradesh,+918603532806,sarika.kapoor576@gmail.com,DEP010,Vice President,B.Tech,21.5,2017-09-15,On Notice Period,,60000,2
EMP01838,Kritika Kapoor,Other,1972-06-08,54,Divorced,Delhi,Delhi,+916045917803,kritika.kapoor656@rediffmail.com,DEP012,General Manager,B.A.,4.0,2015-12-07,Resigned,2017-08-10,45000,5
EMP01839,Kavita Verma,Other,1969-04-03,57,Married,Hyderabad,Telangana,+919405009912,kavita.vermarediffmail.com,DEP008,Manager,MBA,10.5,2022-04-14,Active,,200000,
EMP01840,Diya Bose,Female,1970-11-18,56,Divorced,Lucknow,Uttar Pradesh,+918552065171,diya.bose984@outlook.com,DEP005,General Manager,Diploma,23.3,2024-06-15,Resigned,,320000,
EMP01841,Naveen Nair,Male,1971-08-25,55,Married,Bengaluru,Karnataka,,naveen.nair195@outlook.com,DEP010,Vice President,B.Tech,0.9,2021-01-17,Active,,130000,4
EMP01842,reyansh patel,Male,1981-02-15,45,Married,Jaipur,Rajasthan,+919686924679,,DEP001,Deputy General Manager,MBA,27.9,2025-08-28,Active,,320000,1
EMP01843,Meera Menon,Other,1976-12-27,50,Single,Hyderabad,Telangana,+919812869487,meera.menon703@rediffmail.com,DEP009,Associate,PhD,8.6,2021-12-19,On Notice Period,,80000,3
EMP01844,Aarav Yadav,Other,1980-06-18,46,Divorced,Hyderabad,Telangana,+919892593769,aarav.yadav767@outlook.com,DEP003,Senior Associate,M.Sc,18.9,2023-08-14,Active,,80000,1
EMP01845,Anil Ghosh,Other,1985-07-05,41,Divorced,Coimbatore,Tamil Nadu,677203616481727,anil.ghosh744@gmail.com,DEP012,Associate,Diploma,29.9,2022-08-15,Active,,25000,3
EMP01846,Shreya Shetty,Female,1973-08-17,53,Married,Lucknow,Uttar Pradesh,+916830642347,shreya.shetty206@yahoo.com,DEP002,Associate,B.A.,19.6,2015-09-28,Terminated,2020-12-15,25000,2
EMP01847,Kavita Malhotra,Other,1994-01-20,32,Single,Coimbatore,Tamil Nadu,+917730764969,kavita.malhotra963@yahoo.com,DEP007,Team Lead,B.Com,5.3,2017-04-24,Terminated,2021-02-09,80000,3
EMP01848,Saanvi Nair,Female,1967-11-23,59,Married,Chandigarh,Chandigarh,+916384974507,saanvi.nair737@hotmail.com,DEP007,Manager,MBA,19.6,2026-06-26,Active,,200000,3
EMP01849,Shreya Kumar,Female,1985-06-15,41,Divorced,Surat,Gujarat,+918639964714,shreya.kumar576@gmail.com,DEP011,Manager,Diploma,23.6,2025-04-03,On Notice Period,,130000,1
EMP01850,Saurabh Ghosh,Male,1972-08-11,54,Divorced,Chennai,Tamil Nadu,+916614322332,saurabh.ghosh560@rediffmail.com,DEP001,Executive,B.Sc,17.4,2017-06-06,Active,,25000,5
EMP01851,sneha joshi,Female,1991-09-15,35,Single,Indore,Madhya Pradesh,+918441103494,sneha.joshi523@outlook.com,DEP003,Senior Analyst,B.Sc,6.4,2015-09-04,Terminated,2016-05-04,25000,3
EMP01852,Rohan Rao,Male,2000-09-17,26,Married,Kolkata,West Bengal,+917053069782,rohan.raorediffmail.com,DEP012,Team Lead,B.Sc,23.9,2021-05-24,On Notice Period,,160000,
EMP01853,Anil Kumar,Male,1972-03-05,54,Married,Bengaluru,Karnataka,+916838083315,anil.kumar323@outlook.com,DEP002,Senior Manager,B.Tech,21.0,2018-06-13,Active,,80000,4
EMP01854,Sanjay Sharma,Male,1994-09-13,32,Single,Bengaluru,Karnataka,678287023543047,sanjay.sharma610@yahoo.com,DEP005,Senior Associate,B.Com,26.0,2023-04-27,Active,,100000,1
EMP01855,Rekha Kumar,Female,1985-02-23,41,Married,Hyderabad,Telangana,1234567473,rekha.kumar455@outlook.com,DEP001,Senior Manager,B.Com,25.0,2023-09-24,Active,,160000,4
EMP01856,Kavita Yadav,Female,2005-03-03,21,Single,Coimbatore,Tamil Nadu,+917656923529,kavita.yadav263@outlook.com,DEP010,Senior Associate,B.Sc,24.8,2022-02-02,Active,,320000,4
EMP01857,Myra Chopra,Female,1989-03-16,37,Divorced,Hyderabad,Telangana,+917609666934,myra.chopra503@hotmail.com,DEP010,Analyst,M.Tech,3.6,2020-01-30,Terminated,2024-05-18,35000,2
EMP01858,Arjun Chopra,Male,1973-02-25,53,Divorced,Ahmedabad,Gujarat,+916254520348,arjun.chopra@rediffmail,DEP005,General Manager,B.Sc,5.7,2018-09-08,Active,,25000,5
EMP01859,Divya Rao,Other,1991-11-24,35,Divorced,Bengaluru,Karnataka,+918529125677,divya.rao150@yahoo.com,DEP001,Team Lead,B.Sc,25.0,2016-03-21,Active,,200000,5
EMP01860,Sarika Reddy,Female,1967-09-12,59,Married,Jaipur,Rajasthan,+917600853829,sarika.reddy804@rediffmail.com,DEP001,Deputy General Manager,B.Tech,14.6,2017-12-21,Terminated,2020-01-02,320000,5
EMP01861,Vivaan Mishra,Other,1974-11-16,16,Single,Lucknow,Uttar Pradesh,+916847462162,vivaan.mishra355@hotmail.com,DEP011,Analyst,B.A.,26.9,2017-05-11,Terminated,2018-12-23,35000,5
EMP01862,Kavya Kumar,Other,1971-08-09,55,Single,Nagpur,Maharashtra,+917429031194,kavya.kumar100@hotmail.com,DEP006,General Manager,M.Tech,0.8,2018-04-05,Active,,100000,2
EMP01863,Sneha Verma,Other,1973-08-09,53,Married,Lucknow,Uttar Pradesh,+919373683582,sneha.verma928@hotmail.com,DEP006,Senior Manager,MBA,15.6,2018-07-12,Resigned,2020-08-27,35000,
EMP01864,Arjun Singh,Male,1983-08-17,43,Married,Ghaziabad,Uttar Pradesh,+917386585238,arjun.singh289@hotmail.com,DEP003,Vice President,M.Com,3.7,2024-01-09,Active,,250000,3
EMP01865,Ramesh Chopra,Male,1998-09-13,17,Single,Jaipur,Rajasthan,+916278068392,ramesh.chopra366@rediffmail.com,DEP005,Deputy General Manager,B.Tech,28.1,2015-01-22,Active,,45000,3
EMP01866,Nisha Rao,Female,2002-05-10,24,Married,Noida,Uttar Pradesh,+916575713864,,DEP011,Senior Associate,B.Com,25.1,2022-03-18,Terminated,,100000,5
EMP01867,Kritika Malhotra,Female,1977-07-25,49,Married,Indore,Madhya Pradesh,+916072742322,kritika.malhotra215@rediffmail.com,DEP008,Team Lead,Diploma,22.2,2018-09-28,Active,,200000,5
EMP01868,Meera Verma,Other,1991-01-06,35,Single,Hyderabad,Telangana,+916194997223,meera.verma160@gmail.com,DEP005,Executive,Diploma,26.0,2015-06-13,Terminated,2021-04-09,160000,5
EMP01869,Saanvi Bansal,Female,1981-11-26,45,Married,Delhi,Delhi,+916775946015,saanvi.bansal615@yahoo.com,DEP008,Executive,B.A.,28.5,2023-08-04,Active,,160000,2
EMP01870,Divya Bansal,Female,1987-08-05,99,Divorced,Surat,Gujarat,+916005954828,divya.bansal423@rediffmail.com,DEP007,Senior Associate,M.Sc,25.1,2023-01-26,Resigned,,45000,
EMP01871,Ritu Pillai,Female,1990-06-22,36,Divorced,Mumbai,Maharashtra,+918831995695,ritu.pillai645@hotmail.com,DEP008,Consultant,B.A.,24.7,2022-07-27,Active,,130000,
EMP01872,Deepak Desai,Male,1995-04-08,99,Married,Ahmedabad,Gujarat,+917388415736,deepak.desai746@rediffmail.com,DEP009,Vice President,PhD,13.6,2024-11-24,On Notice Period,,60000,3
EMP01873,SNEHA SINGH,Other,1973-11-01,53,Married,Bengaluru,Karnataka,+919403092504,sneha.singh604@gmail.com,DEP007,Assistant Manager,M.Sc,11.7,2021-03-02,Resigned,2025-03-27,35000,1
EMP01874,Deepak Singh,Male,1988-06-22,38,Married,Mumbai,Maharashtra,+916855831775,deepak.singh99@gmail.com,DEP006,Team Lead,Diploma,6.4,2019-07-04,Terminated,2021-02-15,60000,5
EMP01875,Vikram Kumar,Other,1991-03-21,35,Divorced,Nagpur,Maharashtra,+917654823716,vikram.kumar642@rediffmail.com,DEP006,Consultant,B.Com,11.5,2015-08-27,Active,,35000,1
EMP01876,Ritu Shetty,Other,1990-12-12,36,Divorced,Coimbatore,Tamil Nadu,+916981846181,ritu.shetty297@outlook.com,DEP003,Vice President,Diploma,17.1,2017-07-19,Active,,200000,5
EMP01877,Aarav Mishra,Male,2003-03-28,23,Single,Mumbai,Maharashtra,+917661443387,aarav.mishra572@rediffmail.com,DEP012,Team Lead,B.A.,19.5,2021-03-04,Active,,25000,1
EMP01878,Pooja Joshi,Female,1997-09-18,29,Divorced,Nagpur,Maharashtra,+918474948965,pooja.joshi117@rediffmail.com,DEP001,Analyst,B.Com,28.8,2020-05-23,Active,,100000,1
EMP01879,Krishna Reddy,Other,1987-02-23,39,Divorced,Coimbatore,Tamil Nadu,+917840569266,krishna.reddy245@gmail.com,DEP012,Vice President,B.Tech,19.2,2022-03-18,Active,,100000,4
EMP01880,Ananya Agarwal,Female,1996-09-25,30,Divorced,Surat,Gujarat,,ananya.agarwal615@rediffmail.com,DEP012,Senior Manager,MBA,11.4,2021-05-03,Active,,25000,3
EMP01881,Kavita Bose,Female,2004-11-05,22,Single,Hyderabad,Telangana,+919071350201,kavita.bose98@rediffmail.com,DEP011,General Manager,PhD,7.7,2021-11-10,Active,,130000,3
EMP01882,Ajay Iyer,Male,1994-05-28,32,Single,Delhi,Delhi,+918679430455,ajay.iyer351@rediffmail.com,DEP003,Vice President,B.Sc,26.5,2021-12-05,Terminated,2024-07-21,160000,1
EMP01883,Meera Sharma,Other,1986-09-26,40,Married,Hyderabad,Telangana,+918906533390,meera.sharma65@gmail.com,DEP004,Vice President,B.Sc,0.3,2016-12-29,On Notice Period,,60000,4
EMP01884,Sanjay Sharma,Male,1970-06-14,56,Divorced,Lucknow,Uttar Pradesh,+916717694127,sanjay.sharma515@gmail.com,DEP010,General Manager,B.Com,4.8,2018-09-18,Active,,25000,2
EMP01885,Anil Bansal,Male,1973-06-19,53,Divorced,Noida,Uttar Pradesh,+919126627520,anil.bansal315@rediffmail.com,DEP006,Consultant,B.A.,6.6,2026-01-07,Active,,35000,5
EMP01886,Rohan Nair,Male,2001-06-14,25,Single,Bengaluru,Karnataka,+917230602917,rohan.nair357@gmail.com,DEP003,Assistant Manager,B.Com,27.5,2024-12-25,Active,,45000,1
EMP01887,Arjun Bansal,Male,1983-08-21,43,Divorced,Coimbatore,Tamil Nadu,+916368595509,arjun.bansal413@hotmail.com,DEP001,Senior Manager,B.Sc,25.7,2025-05-23,Terminated,,130000,2
EMP01888,Kavita Desai,Female,1997-08-12,29,Single,Bengaluru,Karnataka,+916375351040,kavita.desai307@rediffmail.com,DEP003,Deputy General Manager,M.Sc,17.6,2019-10-28,Active,,25000,3
EMP01889,Saurabh Reddy,Male,1989-01-24,37,Married,Lucknow,Uttar Pradesh,+919085347058,saurabh.reddy298@outlook.com,DEP002,Assistant Manager,M.Sc,28.7,2019-02-09,Resigned,2024-09-10,25000,3
EMP01890,Aadhya Menon,Female,1969-03-18,57,Divorced,Kolkata,West Bengal,+916861198232,aadhya.menon613@rediffmail.com,DEP002,Senior Associate,B.Sc,0.9,2019-11-19,Terminated,2023-04-12,200000,4
EMP01891,Suresh Kumar,Other,1978-10-06,48,Married,Ghaziabad,Uttar Pradesh,+918425096136,suresh.kumar823@yahoo.com,DEP002,Team Lead,Diploma,10.6,2016-09-07,Active,,250000,1
EMP01892,Ajay Rao,Other,1980-02-13,46,Married,Bengaluru,Karnataka,+916210105178,ajay.rao@hotmail,DEP003,Associate,M.Sc,1.4,2016-06-01,Active,,35000,1
EMP01893,Anjali Kapoor,Other,1991-04-09,35,Single,Nagpur,Maharashtra,+917022269220,anjali.kapoor973@outlook.com,DEP006,Intern,MBA,11.7,2015-06-13,Resigned,2018-03-21,60000,4
EMP01894,Sneha Malhotra,Female,1967-03-05,59,Married,Lucknow,Uttar Pradesh,+917896100085,sneha.malhotra986@yahoo.com,DEP005,Senior Analyst,Diploma,16.6,2015-05-26,Active,,130000,1
EMP01895,Sneha Gupta,Female,1991-06-24,35,Single,Bengaluru,Karnataka,+918364608621,sneha.gupta158@rediffmail.com,DEP008,Team Lead,MBA,16.1,2023-07-06,Active,,160000,3
EMP01896,Saurabh Singh,Male,1985-04-03,41,Single,Delhi,Delhi,+918718764214,saurabh.singh506@rediffmail.com,DEP001,Deputy General Manager,M.Sc,30.0,2025-10-05,Terminated,2026-06-21,80000,1
EMP01897,Ajay Pillai,Male,1982-05-11,44,Single,Kolkata,West Bengal,+918025784434,ajay.pillai140@yahoo.com,DEP007,Deputy General Manager,PhD,8.4,2023-09-19,Active,,250000,4
EMP01898,Vikram Patel,Other,2003-11-26,23,Single,Jaipur,Rajasthan,+918664634512,vikram.patel989@outlook.com,DEP003,Vice President,MBA,5.4,2024-12-29,Active,,60000,5
EMP01899,Isha Nair,Female,1993-01-20,33,Married,Chennai,Tamil Nadu,+918655818583,isha.nair583@gmail.com,DEP012,Associate,B.Tech,20.7,2021-04-02,Active,,320000,1
EMP01900,Aman Chopra,Other,1966-10-02,60,Married,Kolkata,West Bengal,+917517234622,aman.chopra304@rediffmail.com,DEP012,Deputy General Manager,B.Com,11.1,2020-08-16,Terminated,2026-06-03,200000,3
EMP01901,Ritu Yadav,Female,1976-12-04,50,Married,Coimbatore,Tamil Nadu,,ritu.yadav246@rediffmail.com,DEP003,Team Lead,M.Com,20.7,2015-10-13,Resigned,2018-10-23,45000,1
EMP01902,Aarav Menon,Male,1986-01-28,40,Divorced,Delhi,Delhi,+919080365748,aarav.menon268@gmail.com,DEP003,Consultant,B.Tech,4.6,2025-06-15,Active,,200000,1
EMP01903,Sunita Joshi,Female,2001-05-22,25,Divorced,Surat,Gujarat,+918090266248,sunita.joshi160@outlook.com,DEP006,Senior Manager,Diploma,10.6,2021-03-12,Active,,35000,3
EMP01904,Karan Iyer,Male,1998-07-12,28,Married,Jaipur,Rajasthan,+917448865288,karan.iyer@@yahoo.com,DEP009,Associate,M.Sc,8.2,2019-12-20,Active,,250000,4
EMP01905,Saanvi Iyer,Other,1993-09-04,33,Divorced,Bengaluru,Karnataka,+916418068500,saanvi.iyer281@gmail.com,DEP004,Assistant Manager,B.Sc,26.5,2017-06-13,Resigned,2022-05-28,200000,3
EMP01906,Kavita Iyer,Other,1977-07-07,49,Married,Delhi,Delhi,+917744997493,kavita.iyer98@hotmail.com,DEP002,Intern,B.A.,11.6,2023-07-08,Active,,80000,2
EMP01907,Vivaan Kapoor,Male,1979-02-04,47,Married,Pune,Maharashtra,+918478895789,vivaan.kapoor627@rediffmail.com,DEP002,Senior Manager,PhD,13.6,2021-08-12,Active,,100000,5
EMP01908,Aadhya Kapoor,Female,1991-06-16,35,Divorced,Noida,Uttar Pradesh,+916439295921,aadhya.kapoor77@outlook.com,DEP011,Executive,M.Tech,22.5,2023-08-22,On Notice Period,,45000,4
EMP01909,Naveen Kumar,Male,1987-02-09,39,Divorced,Bengaluru,Karnataka,+918024684572,naveen.kumar198@gmail.com,DEP007,Intern,M.Com,6.5,2018-05-09,Active,,130000,4
EMP01910,Aarav Bansal,Other,1983-07-18,43,Married,Surat,Gujarat,+918879059985,aarav.bansal726@rediffmail.com,DEP003,Vice President,B.A.,20.6,2021-05-16,Active,,60000,
EMP01911,Meera Malhotra,Other,1995-07-24,31,Married,Kolkata,West Bengal,+918871714357,meera.malhotra81@rediffmail.com,DEP012,Consultant,B.A.,16.2,2019-10-28,Terminated,2024-12-21,45000,1
EMP01912,Sanjay Sharma,Male,1978-12-17,48,Married,Nagpur,Maharashtra,+916554127321,sanjay.sharma645@gmail.com,DEP008,General Manager,Diploma,25.8,2020-05-11,Active,,100000,5
EMP01913,Aditya Rao,Other,2003-06-08,23,Divorced,Ahmedabad,Gujarat,+919497052748,aditya.rao832@outlook.com,DEP010,Associate,M.Sc,5.7,2021-09-13,Active,,250000,4
EMP01914,Vihaan Bansal,Other,1981-02-22,45,Divorced,Pune,Maharashtra,+919337077762,vihaan.bansal31@rediffmail.com,DEP002,Intern,Diploma,18.9,2019-02-06,Active,,25000,2
EMP01915,Isha Bose,Female,2003-09-16,23,Married,Pune,Maharashtra,+916927950279,isha.bose498@rediffmail.com,DEP001,General Manager,B.Com,15.3,2022-01-05,On Notice Period,,160000,2
EMP01916,Shreya Reddy,Female,1993-06-21,33,Married,Lucknow,Uttar Pradesh,+916081212707,shreya.reddy44@gmail.com,DEP003,General Manager,B.Tech,26.3,2024-09-29,Terminated,2025-12-26,160000,2
EMP01917,Rahul Reddy,Other,1971-12-18,55,Married,Coimbatore,Tamil Nadu,+919789605412,rahul.reddy796@hotmail.com,DEP010,Deputy General Manager,B.Com,27.9,2017-09-17,Resigned,2019-01-23,130000,2
EMP01918,Sunita Gupta,Other,1995-04-14,31,Single,Bengaluru,Karnataka,+917228882271,sunita.gupta755@outlook.com,DEP007,Manager,Diploma,9.1,2015-03-06,On Notice Period,,200000,4
EMP01919,Ishaan Singh,Male,1971-07-19,55,Divorced,Pune,Maharashtra,+918785563401,ishaan.singh333@gmail.com,DEP008,Executive,B.A.,9.0,2023-01-16,Terminated,,35000,1
EMP01920,Sneha Pillai,Female,1982-05-15,44,Single,Bengaluru,Karnataka,+918550968648,sneha.pillai33@outlook.com,DEP010,Vice President,B.A.,25.4,2025-01-01,Active,,35000,1
EMP01921,Suresh Iyer,Male,1984-03-01,42,Divorced,Delhi,Delhi,+916477148349,suresh.iyer499@yahoo.com,DEP003,Intern,B.Sc,29.2,2023-10-29,Active,,35000,2
EMP01922,Vivaan Sharma,Male,1999-07-13,27,Divorced,Coimbatore,Tamil Nadu,+916415853637,vivaan.sharma497@hotmail.com,DEP006,Analyst,Diploma,20.2,2020-11-27,On Notice Period,,35000,1
EMP01923,Sneha Reddy,Female,1973-07-01,53,Single,Ghaziabad,Uttar Pradesh,+916573990741,sneha.reddy679@outlook.com,DEP002,Consultant,MBA,19.9,2024-09-26,Active,,45000,1
EMP01924,Anjali Bose,Female,1972-02-11,54,Divorced,Chennai,Tamil Nadu,+916241765326,anjali.bose603@rediffmail.com,DEP006,Consultant,PhD,4.8,2024-01-27,Active,,250000,1
EMP01925,Ramesh Malhotra,Male,1987-01-15,39,Divorced,Indore,Madhya Pradesh,+916383194777,ramesh.malhotra249@hotmail.com,DEP004,Executive,PhD,10.0,2024-12-07,Resigned,,100000,4
EMP01926,Ishaan Joshi,Male,2002-04-26,24,Single,Ghaziabad,Uttar Pradesh,+917220645565,ishaan.joshi807@rediffmail.com,DEP007,Manager,B.A.,11.3,2018-10-02,Resigned,2022-07-05,25000,5
EMP01927,Sunita Agarwal,Female,2002-04-14,24,Single,Coimbatore,Tamil Nadu,+919861745522,sunita.agarwal353@gmail.com,DEP001,Intern,Diploma,9.5,2016-02-25,Active,,250000,5
EMP01928,Aadhya Shetty,Female,1973-02-26,53,Single,Ahmedabad,Gujarat,+919760951968,aadhya.shetty6@outlook.com,DEP009,Assistant Manager,MBA,7.3,2021-12-11,Terminated,2024-11-29,250000,1
EMP01929,Rohan Gupta,Other,1979-02-05,47,Married,Pune,Maharashtra,+916422862898,rohan.gupta833@outlook.com,DEP004,Intern,M.Sc,20.3,2017-11-02,On Notice Period,,100000,5
EMP01930,Aarav Desai,Male,2000-01-27,26,Married,Surat,Gujarat,+916731271045,aarav.desai853@hotmail.com,DEP012,Deputy General Manager,B.A.,5.6,2022-07-19,Resigned,,80000,2
EMP01931,Kavita Bansal,Other,1985-06-27,41,Married,Kolkata,West Bengal,+917236017936,kavita.bansal685@hotmail.com,DEP007,Executive,Diploma,24.9,2016-03-17,Active,,60000,5
EMP01932,Gaurav Joshi,Male,1994-02-14,32,Married,Hyderabad,Telangana,1234568530,gaurav.joshi316@yahoo.com,DEP007,Assistant Manager,M.Sc,27.5,2022-07-25,Active,,200000,
EMP01933,Ramesh Agarwal,Other,1974-04-17,52,Single,Pune,Maharashtra,+919942517436,ramesh.agarwal96@hotmail.com,DEP004,Team Lead,PhD,0.1,2024-04-11,Active,,35000,1
EMP01934,Suresh Chaudhary,Other,1993-11-07,33,Married,Lucknow,Uttar Pradesh,+918236437061,suresh.chaudhary892@gmail.com,DEP004,Senior Analyst,B.Sc,3.2,2020-08-29,Active,,100000,5
EMP01935,Sarika Malhotra,Female,1996-03-12,30,Single,Lucknow,Uttar Pradesh,+917948176489,sarika.malhotra481@gmail.com,DEP008,Deputy General Manager,M.Com,0.7,2023-08-30,Active,,200000,2
EMP01936,Kavya Malhotra,Female,2004-08-09,22,Divorced,Delhi,Delhi,+917143887672,kavya.malhotra@@rediffmail.com,DEP011,Consultant,MBA,4.8,2021-09-20,Active,,25000,2
EMP01937,Neha Desai,Female,2005-04-26,21,Married,Chandigarh,Chandigarh,003241122770543,neha.desai968@hotmail.com,DEP012,Intern,B.Com,28.1,2024-06-07,Active,,320000,4
EMP01938,Karan Yadav,Other,2001-06-16,25,Divorced,Delhi,Delhi,+916748483382,karan.yadav63@yahoo.com,DEP011,Deputy General Manager,B.Sc,17.5,2016-06-22,On Notice Period,,160000,1
EMP01939,Shreya Shetty,Other,1972-06-10,54,Single,Coimbatore,Tamil Nadu,+918953437690,shreya.shetty651@yahoo.com,DEP001,Executive,M.Tech,3.0,2019-03-23,Active,,60000,2
EMP01940,Sunita Verma,Other,1981-08-19,45,Single,Nagpur,Maharashtra,1234569456,sunita.verma280@hotmail.com,DEP008,General Manager,Diploma,2.1,2017-04-20,Active,,130000,
EMP01941,Sunita Patel,Female,1984-02-17,42,Single,Chandigarh,Chandigarh,+917580188951,sunita.patel263@outlook.com,DEP008,Deputy General Manager,Diploma,15.9,2017-10-31,Active,,35000,5
EMP01942,Saanvi Malhotra,Female,1985-08-27,41,Single,Kolkata,West Bengal,+918963351232,saanvi.malhotra@@gmail.com,DEP001,Consultant,M.Com,16.1,2016-11-15,On Notice Period,,250000,1
EMP01943,Vihaan Mishra,Male,1970-12-17,56,Married,Nagpur,Maharashtra,+917453037024,vihaan.mishra447@hotmail.com,DEP008,Consultant,M.Tech,4.2,2015-11-15,Terminated,2018-03-01,25000,2
EMP01944,Reyansh Joshi,Other,2003-06-18,23,Divorced,Chandigarh,Chandigarh,+916705410222,reyansh.joshi564@rediffmail.com,DEP009,Associate,Diploma,21.9,2022-05-18,On Notice Period,,45000,
EMP01945,ISHA REDDY,Female,1975-03-22,51,Married,Coimbatore,Tamil Nadu,+918911171375,isha.reddy263@yahoo.com,DEP008,Deputy General Manager,Diploma,6.3,2022-03-06,Resigned,2022-06-14,45000,3
EMP01946,Ananya Gupta,Female,1970-04-20,56,Divorced,Pune,Maharashtra,+916005599938,ananya.gupta575@yahoo.com,DEP006,Intern,Diploma,23.2,2018-04-07,Active,,35000,2
EMP01947,Anil Chaudhary,Other,2001-09-02,25,Divorced,Hyderabad,Telangana,+918474056155,anil.chaudhary780@hotmail.com,DEP005,Intern,Diploma,21.4,2018-07-19,Active,,45000,2
EMP01948,Neha Joshi,Female,1994-10-23,32,Single,Ghaziabad,Uttar Pradesh,+916791868849,neha.joshi@gmail,DEP010,Analyst,B.Sc,11.0,2023-07-31,Terminated,2024-10-20,35000,1
EMP01949,Kavita Kumar,Female,1976-02-11,50,Married,Chandigarh,Chandigarh,1234567277,kavita.kumar828@outlook.com,DEP004,Team Lead,MBA,1.0,2016-05-18,Resigned,2019-05-21,45000,5
EMP01950,Saanvi Desai,Female,1971-05-03,55,Divorced,Chennai,Tamil Nadu,+918457388138,,DEP012,General Manager,PhD,5.0,2022-04-09,Active,,130000,4
EMP01951,Divya Verma,Other,1973-08-11,53,Divorced,Nagpur,Maharashtra,+919444171350,divya.verma889@rediffmail.com,DEP012,Associate,M.Com,24.9,2023-04-17,Active,,45000,5
EMP01952,Kavya Mishra,Female,1997-06-12,29,Married,Hyderabad,Telangana,+918696269829,kavya.mishra81@hotmail.com,DEP007,Senior Associate,B.Com,24.8,2018-06-08,Active,,320000,2
EMP01953,Ajay Gupta,Male,1996-01-26,30,Married,Indore,Madhya Pradesh,+919912349754,ajay.gupta267@gmail.com,DEP001,Senior Associate,B.Tech,5.5,2026-06-05,Active,,45000,4
EMP01954,Saanvi Malhotra,Female,2000-08-10,26,Single,Noida,Uttar Pradesh,+919170001222,saanvi.malhotra631@rediffmail.com,DEP005,Associate,PhD,7.0,2021-12-14,Active,,100000,4
EMP01955,  Aarav Iyer  ,Other,1981-03-21,45,Married,Bengaluru,Karnataka,+919734333542,aarav.iyer250@hotmail.com,DEP010,Consultant,MBA,21.1,2018-07-11,Active,,45000,5
EMP01956,  Reyansh Chopra  ,Male,1976-02-12,50,Single,Ahmedabad,Gujarat,+919266099558,reyansh.chopra677@yahoo.com,DEP004,Executive,M.Com,28.3,2023-03-24,On Notice Period,,80000,1
EMP01957,Nikhil Gupta,Male,1973-09-17,53,Divorced,Jaipur,Rajasthan,+916059641911,nikhil.gupta911@yahoo.com,DEP008,Intern,B.Tech,6.6,2022-05-11,Resigned,2026-05-22,45000,1
EMP01958,Nisha Joshi,Female,1994-12-01,32,Divorced,Surat,Gujarat,+916503201254,nisha.joshi587@outlook.com,DEP003,Senior Manager,M.Tech,29.4,2016-11-11,Resigned,2020-02-27,60000,4
EMP01959,Rekha Reddy,Female,2003-05-03,23,Married,Ahmedabad,Gujarat,+919856910721,rekha.reddy618@hotmail.com,DEP009,Intern,M.Sc,12.6,2016-08-13,Active,,130000,
EMP01960,Sarika Shetty,Female,1969-06-10,57,Single,Chandigarh,Chandigarh,+919205576165,sarika.shetty296@hotmail.com,DEP012,Senior Analyst,B.Sc,41.4,2026-05-22,Active,,200000,4
EMP01961,Ritu Nair,Female,1989-05-05,37,Married,Chandigarh,Chandigarh,+917757479872,ritu.nair296@rediffmail.com,DEP002,General Manager,B.Tech,12.4,2018-08-23,On Notice Period,,160000,2
EMP01962,Kavita Yadav,Female,1986-07-05,40,Married,Indore,Madhya Pradesh,+919014422334,kavita.yadav657@yahoo.com,DEP012,Executive,B.Tech,11.8,2017-12-25,Active,,250000,2
EMP01963,Aarav Bansal,Other,1991-11-06,35,Married,Chandigarh,Chandigarh,+918570874444,aarav.bansal247@rediffmail.com,DEP002,Intern,M.Com,19.1,2024-07-02,Resigned,,200000,5
EMP01964,Kavita Rao,Female,1976-03-11,50,Divorced,Indore,Madhya Pradesh,+916643717002,kavita.rao469@yahoo.com,DEP003,Assistant Manager,PhD,27.5,2022-06-07,Active,,25000,1
EMP01965,Sarika Joshi,Other,1974-05-07,52,Divorced,Noida,Uttar Pradesh,+916999417450,sarika.joshi456@rediffmail.com,DEP011,Assistant Manager,PhD,2.1,2022-03-07,Active,,250000,4
EMP01966,arjun menon,Male,1967-05-23,59,Married,Chennai,Tamil Nadu,+919572211035,arjun.menon@@rediffmail.com,DEP005,Analyst,M.Tech,18.0,2018-07-05,Active,,100000,4
EMP01967,Aman Malhotra,Other,2002-07-12,24,Married,Jaipur,Rajasthan,+916410902789,aman.malhotra32@hotmail.com,DEP012,Senior Analyst,Diploma,21.8,2016-02-18,Active,,80000,4
EMP01968,Rekha Mishra,Other,1970-09-02,56,Single,Coimbatore,Tamil Nadu,+917051016326,rekha.mishra438@gmail.com,DEP002,Executive,B.A.,10.9,2018-05-28,Terminated,2019-03-27,200000,2
EMP01969,Swati Singh,Female,1978-05-19,48,Divorced,Chennai,Tamil Nadu,+917132287991,swati.singh896@gmail.com,DEP011,Deputy General Manager,M.Sc,21.7,2019-08-25,Active,,80000,5
EMP01970,Isha Sharma,Female,1997-11-09,29,Married,Surat,Gujarat,+917800520014,isha.sharma951@outlook.com,DEP011,Intern,M.Com,24.9,2015-10-07,Active,,25000,2
EMP01971,Kritika Mishra,Female,1995-08-27,31,Divorced,Lucknow,Uttar Pradesh,+917783345725,kritika.mishra131@rediffmail.com,DEP005,Senior Analyst,B.Com,15.8,2023-01-03,Terminated,,45000,1
EMP01972,Rekha Yadav,Other,1977-09-22,49,Divorced,Lucknow,Uttar Pradesh,+917060347820,rekha.yadav143@rediffmail.com,DEP009,Consultant,B.Com,10.3,2024-08-13,Active,,45000,3
EMP01973,Aman Rao,Other,1994-09-04,32,Single,Indore,Madhya Pradesh,+919593202547,aman.rao629@rediffmail.com,DEP012,General Manager,PhD,15.3,2021-10-27,Active,,320000,5
EMP01974,Rekha Patel,Female,1992-08-23,34,Divorced,Ghaziabad,Uttar Pradesh,+917548077028,rekha.patel831@yahoo.com,DEP012,Associate,B.Tech,3.4,2024-10-12,On Notice Period,,320000,2
EMP01975,Aarav Shetty,Male,1987-06-04,39,Divorced,Ahmedabad,Gujarat,+918131483856,,DEP010,Senior Analyst,M.Tech,29.4,2024-02-15,Active,,100000,3
EMP01976,Ramesh Kumar,Male,1985-06-20,41,Divorced,Chennai,Tamil Nadu,1234561211,ramesh.kumar566@hotmail.com,DEP012,Associate,Diploma,15.6,2023-10-07,Active,,320000,2
EMP01977,Isha Yadav,Female,1979-09-21,47,Single,Noida,Uttar Pradesh,+918719081851,isha.yadav606@hotmail.com,DEP011,Senior Manager,B.A.,7.8,2025-12-16,Active,,25000,5
EMP01978,Aditya Gupta,Male,1968-04-28,58,Married,Delhi,Delhi,+917164021544,aditya.gupta897@rediffmail.com,DEP006,Executive,PhD,21.3,2025-01-19,Active,,80000,2
EMP01979,Krishna Singh,Other,1998-07-06,28,Single,Jaipur,Rajasthan,+916587971512,krishna.singh339@outlook.com,DEP009,Analyst,MBA,10.0,2017-09-29,Resigned,2019-02-20,60000,2
EMP01980,Sarika Bose,Female,1990-06-13,36,Single,Surat,Gujarat,+916141877313,sarika.bose812@yahoo.com,DEP009,General Manager,M.Com,13.1,2024-01-15,Active,,160000,5
EMP01981,Diya Patel,Female,1980-06-28,46,Married,Ghaziabad,Uttar Pradesh,+919607827231,diya.patel234@hotmail.com,DEP012,Manager,B.Com,22.6,2019-10-04,On Notice Period,,160000,1
EMP01982,MYRA SHARMA,Female,1992-09-19,34,Divorced,Nagpur,Maharashtra,+916267800424,myra.sharma560@rediffmail.com,DEP006,Executive,MBA,6.0,2022-11-15,Active,,250000,1
EMP01983,Ananya Rao,Other,1975-06-26,51,Divorced,Surat,Gujarat,+916584353554,ananya.rao183@gmail.com,DEP008,Senior Manager,Diploma,0.9,2024-05-12,Active,,60000,4
EMP01984,Aadhya Bansal,Female,2004-10-18,22,Married,Pune,Maharashtra,+91-118651,aadhya.bansal266@gmail.com,DEP011,Consultant,M.Com,5.7,2019-05-30,Active,,45000,
EMP01985,Isha Yadav,Female,1974-09-05,52,Divorced,Noida,Uttar Pradesh,+918397467278,isha.yadav642@yahoo.com,DEP004,Senior Analyst,B.Com,28.7,2019-10-19,On Notice Period,,100000,5
EMP01986,Gaurav Pillai,Male,1996-06-10,30,Single,Surat,Gujarat,+918252303110,gaurav.pillai573@hotmail.com,DEP002,Manager,B.A.,17.8,2022-09-08,Active,,100000,3
EMP01987,Shreya Iyer,Female,1997-07-28,29,Divorced,Chandigarh,Chandigarh,+916943012993,shreya.iyer8@yahoo.com,DEP003,Consultant,B.Sc,4.7,2016-01-15,Active,,160000,5
EMP01988,Myra Kumar,Female,1968-01-27,58,Divorced,Chandigarh,Chandigarh,+919797936503,myra.kumar292@outlook.com,DEP012,General Manager,PhD,21.9,2017-10-14,On Notice Period,,35000,3
EMP01989,Aadhya Mishra,Female,1966-02-13,60,Married,Ahmedabad,Gujarat,+917231917765,aadhya.mishra590@yahoo.com,DEP006,Consultant,M.Sc,16.9,2018-02-21,Terminated,2021-01-11,250000,2
EMP01990,Rahul Bose,Male,2003-05-13,23,Divorced,Delhi,Delhi,+918260978709,,DEP003,Executive,M.Tech,20.8,2019-10-17,On Notice Period,,320000,
EMP01991,Rekha Rao,Other,1997-05-04,29,Single,Noida,Uttar Pradesh,+918349823158,rekha.rao268@hotmail.com,DEP003,Intern,PhD,2.7,2016-07-24,Active,,320000,2
EMP01992,Myra Nair,Female,1978-09-22,48,Married,Noida,Uttar Pradesh,+918655433563,myra.nairyahoo.com,DEP012,Manager,MBA,4.8,2022-11-23,Active,,250000,3
EMP01993,Rohan Gupta,Male,1974-04-08,52,Married,Bengaluru,Karnataka,+916536834941,rohan.gupta953@rediffmail.com,DEP007,Assistant Manager,Diploma,14.5,2017-08-24,Active,,200000,5
EMP01994,Isha Reddy,Female,1980-02-05,46,Single,Surat,Gujarat,+916533595114,isha.reddy28@gmail.com,DEP007,Senior Associate,PhD,4.6,2018-10-27,Active,,45000,5
EMP01995,Ritu Joshi,Female,2002-02-25,24,Married,Surat,Gujarat,+918462909503,ritu.joshi207@yahoo.com,DEP008,Senior Manager,PhD,14.9,2020-11-24,Active,,35000,5
EMP01996,Isha Yadav,Female,1991-04-16,35,Married,Mumbai,Maharashtra,+917290013103,isha.yadav682@yahoo.com,DEP012,Vice President,M.Sc,23.6,2025-05-16,On Notice Period,,45000,2
EMP01997,Aditya Shetty,Male,1986-02-23,40,Single,Ghaziabad,Uttar Pradesh,+919917502218,aditya.shetty270@outlook.com,DEP004,Consultant,PhD,29.2,2015-02-16,Active,,80000,1
EMP01998,Gaurav Malhotra,Male,1983-09-16,43,Single,Nagpur,Maharashtra,+919595328319,gaurav.malhotra627@rediffmail.com,DEP002,Deputy General Manager,MBA,10.8,2026-06-24,Terminated,,35000,1
EMP01999,Isha Reddy,Female,1993-02-23,33,Married,Pune,Maharashtra,+917138065738,isha.reddy791@yahoo.com,DEP007,Team Lead,B.A.,18.1,2022-03-04,Terminated,2026-01-01,60000,2
EMP02000,Aarav Verma,Male,1966-04-28,60,Single,Coimbatore,Tamil Nadu,+918136495816,aarav.verma661@rediffmail.com,DEP003,Associate,Diploma,23.0,2015-01-22,Active,,130000,3
EMP02001,Meera Shetty,Female,1969-10-26,57,Single,Nagpur,Maharashtra,+917824908609,meera.shetty384@outlook.com,DEP012,General Manager,M.Com,5.6,2022-04-29,Terminated,2025-08-21,45000,5
EMP02002,Rekha Mishra,Other,2001-08-05,25,Married,Coimbatore,Tamil Nadu,+919600507462,rekha.mishra646@gmail.com,DEP003,Senior Analyst,MBA,24.9,2023-05-17,On Notice Period,,35000,3
EMP02003,Ritu Chaudhary,Other,1999-02-27,27,Married,Ahmedabad,Gujarat,08145,ritu.chaudhary806@gmail.com,DEP003,Associate,B.A.,12.6,2016-12-09,Active,,130000,2
EMP02004,Rekha Iyer,Other,1970-09-20,56,Married,Coimbatore,Tamil Nadu,+916563794496,rekha.iyer940@rediffmail.com,DEP006,Associate,M.Com,10.3,2021-07-30,Terminated,2022-10-06,250000,5
EMP02005,Ananya Mishra,Female,1993-05-14,33,Married,Chennai,Tamil Nadu,+916146569789,ananya.mishra304@yahoo.com,DEP012,Associate,Diploma,0.9,2023-09-22,Terminated,,25000,2
EMP02006,Vihaan Shetty,Male,1982-03-03,44,Married,Bengaluru,Karnataka,+916878647752,vihaan.shetty353@outlook.com,DEP010,Consultant,M.Tech,20.1,2021-02-23,Active,,250000,5
EMP02007,Isha Menon,Other,1968-11-04,58,Married,Bengaluru,Karnataka,+917284909006,isha.menon853@rediffmail.com,DEP012,Senior Analyst,B.Tech,21.9,2024-04-02,Resigned,,45000,2
EMP02008,Vivaan Ghosh,Male,1976-03-03,50,Married,Lucknow,Uttar Pradesh,+917378217923,vivaan.ghosh85@outlook.com,DEP006,Associate,B.Tech,11.4,2025-04-27,Active,,100000,2
EMP02009,Naveen Malhotra,Other,1978-07-19,48,Married,Coimbatore,Tamil Nadu,+917433360581,naveen.malhotra976@outlook.com,DEP002,General Manager,PhD,8.2,2016-11-13,Terminated,2021-06-27,25000,1
EMP02010,Vivaan Malhotra,Male,1983-08-17,43,Married,Coimbatore,Tamil Nadu,+916572223377,vivaan.malhotra405@gmail.com,DEP002,Executive,M.Sc,29.4,2018-05-19,Active,,250000,2
EMP02011,  Ramesh Pillai  ,Other,1969-09-22,57,Married,Delhi,Delhi,+917239762752,ramesh.pillai779@gmail.com,DEP008,Manager,M.Tech,6.1,2021-10-01,Active,,100000,5
EMP02012,Kritika Pillai,Female,1987-04-08,39,Single,Delhi,Delhi,+917029496946,kritika.pillai81@outlook.com,DEP004,Deputy General Manager,M.Tech,11.8,2022-04-06,On Notice Period,,25000,4
EMP02013,Divya Iyer,Other,2001-11-16,25,Single,Kolkata,West Bengal,+916664100899,divya.iyer563@hotmail.com,DEP006,Consultant,B.Sc,11.6,2018-11-12,Resigned,2019-07-27,25000,
EMP02014,Vihaan Kumar,Male,2002-02-04,24,Divorced,Delhi,Delhi,+918808685299,vihaan.kumar732@yahoo.com,DEP001,Manager,B.Sc,13.9,2019-09-01,Active,,100000,5
EMP02015,Kritika Iyer,Female,2001-10-05,25,Married,Coimbatore,Tamil Nadu,+916447413725,kritika.iyer524@outlook.com,DEP008,Assistant Manager,B.Sc,2.5,2016-06-07,Active,,100000,5
EMP02016,Sarika Shetty,Other,1973-05-11,53,Married,Ahmedabad,Gujarat,+919962134427,sarika.shetty410@gmail.com,DEP009,Senior Manager,MBA,14.0,2016-01-07,Resigned,2019-04-27,130000,3
EMP02017,Vihaan Kapoor,Other,1978-02-04,48,Divorced,Ghaziabad,Uttar Pradesh,+919144309250,vihaan.kapoor334@gmail.com,DEP005,Associate,MBA,29.6,2025-01-04,Active,,250000,3
EMP02018,Ishaan Singh,Male,1997-01-13,29,Divorced,Surat,Gujarat,+916772433838,ishaan.singh@outlook,DEP012,Senior Analyst,Diploma,21.4,2021-04-30,Active,,45000,3
EMP02019,Rahul Kumar,Other,1973-09-14,53,Married,Mumbai,Maharashtra,+916163518060,rahul.kumar882@hotmail.com,DEP010,Senior Associate,B.Com,0.2,2025-01-31,Terminated,,60000,5
EMP02020,Isha Rao,Female,1986-12-27,40,Married,Ghaziabad,Uttar Pradesh,+919215252455,isha.rao943@rediffmail.com,DEP008,Senior Associate,B.A.,4.7,2016-12-09,Active,,320000,1
EMP02021,Anil Pillai,Male,1976-04-04,50,Divorced,Chandigarh,Chandigarh,+917605653563,anil.pillai11@hotmail.com,DEP011,Analyst,B.Tech,28.6,2015-06-05,Active,,100000,2
EMP02022,Aman Malhotra,Other,1975-07-07,51,Single,Hyderabad,Telangana,+917894865440,aman.malhotra989@gmail.com,DEP001,Senior Associate,B.A.,24.9,2021-12-28,Active,,80000,3
EMP02023,Riya Mishra,Female,1989-11-13,37,Single,Pune,Maharashtra,+918388658093,riya.mishra362@yahoo.com,DEP005,Executive,M.Tech,6.2,2015-05-28,Terminated,2021-10-06,25000,4
EMP02024,Vivaan Agarwal,Other,1992-09-11,34,Divorced,Surat,Gujarat,+916387670386,vivaan.agarwal227@rediffmail.com,DEP012,Executive,B.Sc,5.7,2019-06-05,On Notice Period,,130000,1
EMP02025,Rohan Sharma,Other,2002-06-25,24,Divorced,Ghaziabad,Uttar Pradesh,+917899264724,rohan.sharma367@outlook.com,DEP011,Senior Associate,MBA,15.9,2022-12-26,Active,,35000,5
EMP02026,Neha Kapoor,Female,1989-10-21,37,Married,Jaipur,Rajasthan,+916350532131,neha.kapoor134@hotmail.com,DEP009,General Manager,PhD,28.9,2015-06-24,Active,,60000,2
EMP02027,Reyansh Kapoor,Other,1972-05-10,54,Married,Hyderabad,Telangana,+916271204454,reyansh.kapoor135@hotmail.com,DEP011,Senior Associate,Diploma,11.7,2019-06-20,Active,,160000,3
EMP02028,Kavya Kumar,Female,1997-08-19,29,Divorced,Indore,Madhya Pradesh,+919969472780,kavya.kumar475@hotmail.com,DEP008,Deputy General Manager,B.Tech,19.8,2019-04-09,On Notice Period,,320000,3
EMP02029,Sunita Desai,Other,1985-02-17,41,Single,Surat,Gujarat,+917486430877,sunita.desai217@yahoo.com,DEP006,Deputy General Manager,B.Sc,1.1,2022-01-02,Resigned,,25000,4
EMP02030,Divya Menon,Female,1975-04-14,51,Single,Bengaluru,Karnataka,+916701556324,divya.menon621@rediffmail.com,DEP010,Analyst,PhD,9.3,2017-03-24,Active,,35000,3
EMP02031,Kavita Rao,Other,1993-03-09,33,Divorced,Kolkata,West Bengal,+918879409940,kavita.raorediffmail.com,DEP010,Assistant Manager,Diploma,7.1,2020-08-04,Active,,60000,1
EMP02032,Ishaan Joshi,Other,1980-01-03,46,Single,Pune,Maharashtra,+918981620444,ishaan.joshi380@outlook.com,DEP002,Analyst,PhD,16.9,2020-12-15,On Notice Period,,200000,2
EMP02033,Suresh Kumar,Male,2001-07-21,25,Married,Jaipur,Rajasthan,+919417493753,suresh.kumar867@hotmail.com,DEP009,Executive,MBA,18.3,2024-02-27,Active,,45000,2
EMP02034,Diya Yadav,Female,1970-08-20,56,Divorced,Hyderabad,Telangana,+917153875030,diya.yadav77@rediffmail.com,DEP001,Associate,PhD,16.9,2024-08-04,Active,,35000,4
EMP02035,Karan Menon,Male,1971-12-19,55,Married,Bengaluru,Karnataka,+918854536809,karan.menon53@gmail.com,DEP011,Manager,MBA,17.6,2022-11-17,Active,,35000,3
EMP02036,Deepak Agarwal,Male,1981-07-05,45,Married,Bengaluru,Karnataka,+916514277504,deepak.agarwal558@outlook.com,DEP006,General Manager,B.Tech,6.4,2022-11-02,Active,,45000,5
EMP02037,Sunita Verma,Other,1976-04-04,50,Married,Surat,Gujarat,+919797715044,sunita.verma148@outlook.com,DEP005,Analyst,B.Sc,6.5,2022-07-21,Active,,25000,1
EMP02038,Aditya Bansal,Male,2004-08-12,22,Married,Jaipur,Rajasthan,1234567535,aditya.bansal24@hotmail.com,DEP011,Executive,B.Sc,2.8,2018-12-30,Active,,35000,2
EMP02039,Priya Desai,Female,1991-05-17,35,Married,Pune,Maharashtra,+91-260299,priya.desai274@rediffmail.com,DEP009,Assistant Manager,M.Com,19.8,2022-01-19,Active,,25000,3
EMP02040,Aarav Chaudhary,Male,1966-02-03,60,Divorced,Chandigarh,Chandigarh,+917428760015,aarav.chaudhary808@rediffmail.com,DEP001,Executive,MBA,26.2,2025-01-21,Terminated,2026-01-08,80000,1
EMP02041,ADITYA GHOSH,Male,2002-09-12,24,Married,Delhi,Delhi,+916867412851,aditya.ghosh173@rediffmail.com,DEP005,Assistant Manager,B.A.,29.0,2025-10-07,On Notice Period,,60000,3
EMP02042,Sneha Joshi,Female,1988-04-25,38,Single,Kolkata,West Bengal,+918867084189,sneha.joshi642@gmail.com,DEP007,General Manager,M.Com,16.6,2021-10-06,Active,,200000,4
EMP02043,Diya Mishra,Female,1982-09-02,44,Single,Delhi,Delhi,+916341819931,diya.mishra940@outlook.com,DEP001,Vice President,B.Tech,27.6,2026-03-14,On Notice Period,,45000,2
EMP02044,Krishna Bansal,Male,1997-04-21,29,Married,Delhi,Delhi,+919987290595,krishna.bansal534@hotmail.com,DEP003,Senior Associate,M.Com,4.7,2024-02-25,Active,,35000,5
EMP02045,Reyansh Menon,Male,1999-03-21,27,Single,Indore,Madhya Pradesh,+917517360210,reyansh.menon863@yahoo.com,DEP006,Vice President,B.Tech,18.8,2019-12-10,Resigned,2025-02-19,200000,3
EMP02046,Divya Rao,Female,1969-04-02,57,Married,Surat,Gujarat,+918200985727,divya.rao@@gmail.com,DEP011,Team Lead,PhD,9.9,2024-06-26,Active,,320000,4
EMP02047,Naveen Chopra,Male,2001-07-05,25,Divorced,Nagpur,Maharashtra,+918304585815,naveen.chopra160@hotmail.com,DEP012,Vice President,MBA,10.5,2022-04-10,On Notice Period,,35000,1
EMP02048,Isha Joshi,Female,1986-06-24,40,Married,Jaipur,Rajasthan,+918330681891,isha.joshi526@rediffmail.com,DEP004,Executive,B.Com,1.4,2023-07-10,Active,,130000,3
EMP02049,Ananya Gupta,Female,1994-10-22,32,Divorced,Bengaluru,Karnataka,+918150012058,ananya.gupta836@yahoo.com,DEP001,Analyst,B.Tech,12.9,2025-09-16,Active,,250000,3
EMP02050,Gaurav Reddy,Male,1977-12-26,49,Married,Noida,Uttar Pradesh,1234563657,gaurav.reddy656@gmail.com,DEP002,Executive,B.A.,12.5,2022-10-15,Terminated,,200000,5
EMP02051,Kavya Nair,Other,2001-12-20,25,Single,Ahmedabad,Gujarat,+919143782267,kavya.nair181@yahoo.com,DEP001,Analyst,B.Tech,15.9,2018-11-14,Active,,320000,4
EMP02052,Aadhya Gupta,Female,1971-12-11,55,Married,Bengaluru,Karnataka,+916006507261,aadhya.gupta@rediffmail,DEP009,Vice President,M.Tech,27.8,2015-11-16,Active,,200000,4
EMP02053,Krishna Menon,Other,1979-05-21,47,Married,Jaipur,Rajasthan,+916049269063,krishna.menon554@hotmail.com,DEP007,Team Lead,M.Com,26.6,2016-04-04,Active,,130000,4
EMP02054,Pooja Desai,Female,1999-05-07,27,Divorced,Chennai,Tamil Nadu,,pooja.desai339@yahoo.com,DEP007,Senior Analyst,MBA,9.8,2023-10-27,Active,,35000,5
EMP02055,Ramesh Rao,Male,2002-09-25,24,Divorced,Chandigarh,Chandigarh,+917558278953,ramesh.rao505@hotmail.com,DEP009,Manager,M.Com,19.3,2019-05-16,Resigned,2025-08-15,320000,2
EMP02056,Aadhya Gupta,Female,1983-04-22,43,Divorced,Chandigarh,Chandigarh,+916432632928,aadhya.gupta256@gmail.com,DEP009,Manager,Diploma,9.1,2022-03-18,Active,,25000,4
EMP02057,Ramesh Desai,Male,1987-12-21,39,Married,Bengaluru,Karnataka,+919163957956,ramesh.desai698@rediffmail.com,DEP009,Associate,B.Tech,17.6,2023-10-02,Active,,80000,5
EMP02058,Saanvi Mishra,Female,1983-11-04,43,Divorced,Nagpur,Maharashtra,+916741197751,saanvi.mishra947@gmail.com,DEP010,Senior Manager,M.Tech,10.5,2019-08-22,Active,,320000,1
EMP02059,Krishna Menon,Male,1976-01-28,50,Married,Hyderabad,Telangana,+916805414310,krishna.menon985@outlook.com,DEP009,Analyst,M.Tech,18.1,2025-01-28,Active,,100000,3
EMP02060,Ramesh Menon,Male,1968-08-05,58,Single,Jaipur,Rajasthan,+919591888762,ramesh.menon335@gmail.com,DEP006,Associate,PhD,26.7,2017-10-15,Active,,320000,4
EMP02061,Divya Reddy,Female,1983-12-08,43,Divorced,Lucknow,Uttar Pradesh,+917489197340,divya.reddy244@rediffmail.com,DEP009,Senior Analyst,Diploma,9.2,2023-09-11,Active,,130000,2
EMP02062,Ajay Sharma,Male,1994-09-06,32,Single,Ghaziabad,Uttar Pradesh,+917826131087,ajay.sharma500@gmail.com,DEP003,Senior Associate,B.Com,12.7,2026-03-29,Active,,100000,3
EMP02063,Ajay Chaudhary,Other,1987-05-25,39,Married,Surat,Gujarat,+916096982836,ajay.chaudhary168@hotmail.com,DEP011,Manager,PhD,28.4,2021-12-20,Terminated,2025-02-12,320000,1
EMP02064,Meera Ghosh,Other,1982-02-23,44,Divorced,Surat,Gujarat,+919877715625,meera.ghosh40@yahoo.com,DEP004,Manager,M.Sc,17.5,2015-06-13,Terminated,2019-03-09,35000,5
EMP02065,Saurabh Malhotra,Male,1998-01-19,28,Married,Lucknow,Uttar Pradesh,+917068936022,saurabh.malhotra809@rediffmail.com,DEP007,Consultant,B.Sc,9.8,2023-09-30,Resigned,,45000,4
EMP02066,Myra Kapoor,Female,2001-10-22,25,Single,Ahmedabad,Gujarat,+917935569162,myra.kapoor357@outlook.com,DEP008,Intern,B.Sc,6.3,2015-06-12,Active,,100000,1
EMP02067,Rekha Singh,Other,1967-09-02,59,Single,Jaipur,Rajasthan,+918840521900,rekha.singh696@hotmail.com,DEP008,Senior Analyst,B.Sc,4.3,2019-02-12,Terminated,2025-07-01,45000,5
EMP02068,Krishna Iyer,Male,1996-08-01,30,Single,Indore,Madhya Pradesh,+917822083841,krishna.iyer@@hotmail.com,DEP003,Senior Analyst,M.Tech,21.8,2018-04-26,Active,,320000,4
EMP02069,Sneha Singh,Female,1977-07-04,49,Single,Nagpur,Maharashtra,+919255195314,sneha.singh622@outlook.com,DEP004,Consultant,Diploma,27.0,2017-01-12,Resigned,2021-11-21,100000,3
EMP02070,Myra Agarwal,Other,1973-03-28,53,Divorced,Lucknow,Uttar Pradesh,+918922425501,myra.agarwal986@outlook.com,DEP005,Consultant,PhD,28.6,2020-02-13,Terminated,2023-06-16,160000,5
EMP02071,Aarav Mishra,Male,1989-01-11,37,Divorced,Noida,Uttar Pradesh,+91-055744,aarav.mishra984@hotmail.com,DEP006,Team Lead,M.Sc,13.1,2024-11-30,Resigned,2026-03-30,200000,3
EMP02072,Vihaan Gupta,Male,1990-05-28,36,Single,Mumbai,Maharashtra,+919430190322,vihaan.gupta784@yahoo.com,DEP004,Manager,M.Tech,7.3,2022-04-15,Terminated,2023-01-10,250000,1
EMP02073,Pooja Kapoor,Female,1986-04-21,40,Married,Hyderabad,Telangana,+917535077963,pooja.kapoor166@hotmail.com,DEP009,Deputy General Manager,PhD,4.0,2016-09-18,Resigned,2020-03-13,250000,3
EMP02074,Nikhil Agarwal,Male,1971-03-23,55,Single,Indore,Madhya Pradesh,+919644894631,nikhil.agarwal695@rediffmail.com,DEP003,Associate,PhD,14.6,2024-06-08,Active,,160000,1
EMP02075,Sunita Patel,Female,1996-10-14,30,Divorced,Ghaziabad,Uttar Pradesh,+917652929293,sunita.patel939@gmail.com,DEP006,Deputy General Manager,M.Tech,0.8,2021-01-27,On Notice Period,,320000,4
EMP02076,Swati Sharma,Other,2003-03-02,23,Single,Delhi,Delhi,+917160286765,swati.sharma905@yahoo.com,DEP011,Intern,B.A.,0.6,2016-12-10,Resigned,2020-01-29,250000,1
EMP02077,Suresh Bansal,Male,1981-02-18,45,Married,Lucknow,Uttar Pradesh,+916184567072,suresh.bansal927@yahoo.com,DEP004,Team Lead,PhD,18.1,2026-02-20,Active,,250000,3
EMP02078,Arjun Pillai,Male,1997-02-14,29,Divorced,Bengaluru,Karnataka,634956598168762,arjun.pillai518@gmail.com,DEP005,Consultant,M.Com,16.1,2022-11-15,Active,,160000,
EMP02079,Sanjay Mishra,Other,1983-11-11,43,Divorced,Lucknow,Uttar Pradesh,+918966030022,sanjay.mishra784@hotmail.com,DEP002,Consultant,M.Com,27.6,2023-05-25,Active,,60000,1
EMP02080,Ajay Singh,Male,2002-11-25,24,Divorced,Indore,Madhya Pradesh,30349,ajay.singh428@hotmail.com,DEP003,Executive,MBA,1.6,2018-12-30,Active,,80000,1
EMP02081,Nisha Malhotra,Other,1966-05-16,60,Divorced,Ahmedabad,Gujarat,+918929705694,nisha.malhotra36@hotmail.com,DEP005,Team Lead,B.A.,25.6,2021-02-14,On Notice Period,,320000,3
EMP02082,Naveen Patel,Other,1988-02-08,38,Married,Chandigarh,Chandigarh,+917210034525,naveen.patel757@yahoo.com,DEP005,Consultant,M.Sc,20.9,2026-04-19,Resigned,,25000,3
EMP02083,Rahul Patel,Male,1981-07-12,45,Divorced,Noida,Uttar Pradesh,+917012813824,rahul.patel553@rediffmail.com,DEP003,Deputy General Manager,PhD,8.9,2022-06-19,On Notice Period,,80000,1
EMP02084,Sanjay Mishra,Male,1991-09-02,35,Divorced,Kolkata,West Bengal,+918607901268,sanjay.mishra347@hotmail.com,DEP008,Team Lead,M.Com,25.2,2026-06-17,On Notice Period,,320000,5
EMP02085,Gaurav Shetty,Other,1979-04-16,47,Married,Jaipur,Rajasthan,+916957615889,gaurav.shetty776@outlook.com,DEP003,Senior Manager,M.Sc,24.0,2020-04-21,On Notice Period,,200000,4
EMP02086,Meera Sharma,Female,1970-08-20,56,Married,Chennai,Tamil Nadu,+918114819867,meera.sharma665@rediffmail.com,DEP002,Senior Associate,B.Sc,7.0,2017-08-04,Active,,100000,4
EMP02087,Kavita Shetty,Female,1967-05-12,59,Single,Lucknow,Uttar Pradesh,+917570198080,kavita.shetty66@hotmail.com,DEP011,Consultant,B.A.,5.5,2019-11-27,Terminated,2020-07-16,250000,3
EMP02088,Kritika Singh,Other,1987-09-26,39,Married,Mumbai,Maharashtra,+918046507628,kritika.singh294@rediffmail.com,DEP008,Consultant,B.A.,26.3,2020-10-20,On Notice Period,,25000,3
EMP02089,Divya Bose,Female,1980-02-10,46,Married,Ghaziabad,Uttar Pradesh,+918488322662,divya.bose551@rediffmail.com,DEP007,Executive,B.Com,22.5,2022-10-23,Active,,60000,2
EMP02090,Aman Desai,Male,2005-05-05,21,Single,Noida,Uttar Pradesh,+917922914228,aman.desai958@hotmail.com,DEP002,General Manager,B.Tech,16.9,2016-06-01,Resigned,2020-08-14,80000,5
EMP02091,Aadhya Malhotra,Other,1977-12-24,49,Divorced,Mumbai,Maharashtra,+919977819911,aadhya.malhotra519@outlook.com,DEP009,Consultant,B.Com,20.4,2022-12-30,Resigned,2024-08-28,60000,4
EMP02092,Riya Desai,Other,1999-01-13,27,Married,Noida,Uttar Pradesh,+918962237781,riya.desai373@rediffmail.com,DEP012,Senior Analyst,B.A.,9.3,2017-08-15,Active,,25000,5
EMP02093,Manish Nair,Male,2005-09-10,21,Single,Surat,Gujarat,+918512806724,manish.nair994@gmail.com,DEP007,Analyst,Diploma,10.3,2024-08-28,Active,,60000,3
EMP02094,Suresh Desai,Male,1968-02-01,58,Married,Noida,Uttar Pradesh,+918052040657,suresh.desai904@yahoo.com,DEP002,General Manager,B.Sc,4.3,2023-06-17,Active,,35000,1
EMP02095,Swati Malhotra,Other,1971-10-24,55,Divorced,Delhi,Delhi,+916307620231,swati.malhotra58@rediffmail.com,DEP005,Analyst,PhD,13.9,2025-03-18,Terminated,,160000,1
EMP02096,Arjun Chaudhary,Male,1982-04-02,44,Divorced,Coimbatore,Tamil Nadu,+916406194772,arjun.chaudhary293@outlook.com,DEP005,Deputy General Manager,B.A.,22.7,2021-05-08,Active,,60000,1
EMP02097,Sunita Patel,Other,1986-03-06,40,Married,Ahmedabad,Gujarat,+917106825495,sunita.patel478@rediffmail.com,DEP002,Consultant,Diploma,21.4,2019-03-30,On Notice Period,,35000,3
EMP02098,Suresh Yadav,Other,1984-10-24,42,Married,Chandigarh,Chandigarh,+916906085657,suresh.yadav345@yahoo.com,DEP006,Assistant Manager,B.A.,17.1,2018-09-17,Terminated,2020-05-17,35000,3
EMP02099,Neha Desai,Female,1977-01-17,49,Single,Surat,Gujarat,+917880141558,neha.desai836@outlook.com,DEP001,Senior Manager,MBA,24.7,2017-06-12,Active,,320000,3
EMP02100,Sunita Kapoor,Female,1971-02-26,55,Married,Lucknow,Uttar Pradesh,+916585471463,sunita.kapoor50@rediffmail.com,DEP007,Senior Associate,B.Sc,14.3,2019-08-03,Active,,35000,4
EMP02101,Meera Bansal,Female,1975-10-10,51,Married,Lucknow,Uttar Pradesh,+917123012862,meera.bansal870@hotmail.com,DEP008,Deputy General Manager,M.Tech,7.1,2018-07-06,Active,,320000,5
EMP02102,Naveen Mishra,Other,1991-08-03,35,Single,Jaipur,Rajasthan,+919185229984,naveen.mishra530@yahoo.com,DEP002,Senior Manager,B.Sc,29.2,2015-03-19,On Notice Period,,130000,3
EMP02103,Karan Chopra,Other,1984-08-02,42,Single,Coimbatore,Tamil Nadu,+918358130238,karan.chopra228@yahoo.com,DEP001,Associate,B.Tech,16.9,2019-12-08,Active,,25000,3
EMP02104,Isha Desai,Female,1988-01-13,38,Single,Lucknow,Uttar Pradesh,+916414066452,isha.desai306@rediffmail.com,DEP002,Executive,Diploma,6.8,2022-12-28,On Notice Period,,130000,4
EMP02105,Ishaan Mishra,Male,1997-11-24,29,Single,Indore,Madhya Pradesh,+919830296859,ishaan.mishra532@hotmail.com,DEP010,General Manager,MBA,8.7,2019-08-18,Terminated,2023-12-14,320000,5
EMP02106,Myra Bansal,Other,1995-06-19,31,Married,Indore,Madhya Pradesh,+919017260478,myra.bansal243@rediffmail.com,DEP012,Executive,B.Com,18.5,2026-06-06,Active,,25000,5
EMP02107,Swati Ghosh,Other,1990-07-13,36,Married,Chandigarh,Chandigarh,+919401916833,swati.ghosh107@rediffmail.com,DEP006,Senior Analyst,Diploma,1.9,2020-09-08,On Notice Period,,45000,3
EMP02108,Neha Rao,Female,1969-12-26,57,Single,Indore,Madhya Pradesh,+919495023366,neha.rao394@yahoo.com,DEP007,Team Lead,Diploma,4.1,2017-05-17,Terminated,2024-03-11,60000,2
EMP02109,Saanvi Kapoor,Other,1971-02-08,55,Married,Indore,Madhya Pradesh,+918862243865,saanvi.kapoor990@yahoo.com,DEP002,Senior Analyst,B.Sc,6.6,2022-07-08,Terminated,,100000,1
EMP02110,Krishna Kapoor,Male,1971-03-19,55,Married,Kolkata,West Bengal,+919133638912,krishna.kapoor286@hotmail.com,DEP011,General Manager,PhD,23.4,2019-11-11,Terminated,2020-04-12,35000,3
EMP02111,Kritika Kumar,Other,1998-04-21,28,Divorced,Hyderabad,Telangana,+917775871381,kritika.kumar572@gmail.com,DEP008,Manager,MBA,28.0,2017-08-11,Terminated,2023-05-03,320000,3
EMP02112,Myra Verma,Female,1989-12-03,37,Divorced,Hyderabad,Telangana,+918328844617,myra.verma669@yahoo.com,DEP012,Deputy General Manager,M.Sc,29.4,2017-04-26,Active,,320000,1
EMP02113,Krishna Reddy,Male,1973-09-19,53,Divorced,Ahmedabad,Gujarat,+916919508626,,DEP001,Executive,Diploma,26.9,2018-09-20,Resigned,2021-11-16,130000,5
EMP02114,Aarav Kumar,Male,2000-01-21,26,Divorced,Ghaziabad,Uttar Pradesh,+917178437635,aarav.kumar302@outlook.com,DEP010,Manager,M.Com,28.8,2021-01-08,On Notice Period,,250000,1
EMP02115,Rahul Agarwal,Other,1971-02-15,55,Divorced,Ghaziabad,Uttar Pradesh,+919350487092,rahul.agarwal568@outlook.com,DEP003,Senior Associate,M.Tech,9.5,2020-04-27,Active,,25000,4
EMP02116,Krishna Shetty,Male,1976-03-01,50,Divorced,Ghaziabad,Uttar Pradesh,+916994155328,krishna.shetty669@hotmail.com,DEP009,Analyst,M.Sc,7.5,2016-06-26,Resigned,2019-06-14,200000,3
EMP02117,Swati Joshi,Female,1978-08-07,48,Divorced,Ghaziabad,Uttar Pradesh,+918986008262,swati.joshi528@yahoo.com,DEP004,Senior Analyst,MBA,28.0,2026-05-29,On Notice Period,,250000,3
EMP02118,Nikhil Verma,Male,1978-08-22,48,Divorced,Lucknow,Uttar Pradesh,+918427744781,nikhil.verma233@yahoo.com,DEP012,Vice President,M.Com,18.2,2021-09-06,Active,,100000,4
EMP02119,Nikhil Menon,Male,2004-11-18,22,Divorced,Ahmedabad,Gujarat,+916034804790,nikhil.menon153@outlook.com,DEP010,Analyst,B.Sc,26.3,2017-01-16,Active,,200000,5
EMP02120,Meera Mishra,Female,1968-11-24,58,Single,Jaipur,Rajasthan,+916665283287,meera.mishra773@rediffmail.com,DEP007,Team Lead,B.Sc,17.0,2020-11-23,Resigned,,160000,2
EMP02121,Krishna Verma,Other,1970-08-10,56,Divorced,Indore,Madhya Pradesh,+917129654640,krishna.verma486@rediffmail.com,DEP010,Senior Analyst,PhD,21.1,2019-05-20,On Notice Period,,45000,3
EMP02122,Meera Ghosh,Female,1990-03-08,36,Married,Indore,Madhya Pradesh,+919613478064,meera.ghosh745@yahoo.com,DEP011,Intern,B.Tech,29.5,2017-11-25,Active,,25000,1
EMP02123,saanvi shetty,Other,1977-05-17,49,Single,Chennai,Tamil Nadu,+916232363597,,DEP003,Senior Associate,M.Tech,14.7,2024-09-06,Active,,60000,1
EMP02124,Vihaan Gupta,Other,1996-06-13,30,Single,Chandigarh,Chandigarh,1234563589,vihaan.gupta79@hotmail.com,DEP007,Intern,PhD,29.7,2022-12-25,Active,,130000,4
EMP02125,Anil Joshi,Male,1969-04-03,57,Divorced,Bengaluru,Karnataka,+918912277671,anil.joshi@outlook,DEP002,Intern,B.Tech,15.6,2023-10-29,Active,,130000,1
EMP02126,Saanvi Ghosh,Female,1993-06-09,33,Married,Bengaluru,Karnataka,+917656607415,saanvi.ghosh425@gmail.com,DEP012,Consultant,B.Tech,8.6,2023-04-05,Active,,80000,5
EMP02127,VIKRAM RAO,Other,1993-09-15,33,Divorced,Chandigarh,Chandigarh,+916450241977,vikram.rao695@rediffmail.com,DEP005,Senior Analyst,PhD,19.0,2019-08-26,Terminated,2023-02-06,60000,3
EMP02128,AJAY AGARWAL,Male,2004-12-23,22,Single,Indore,Madhya Pradesh,+919794932919,ajay.agarwal884@yahoo.com,DEP004,Intern,M.Tech,7.2,2019-03-05,On Notice Period,,80000,4
EMP02129,KARAN KAPOOR,Male,1966-01-15,60,Divorced,Noida,Uttar Pradesh,+918087157082,karan.kapoor322@yahoo.com,DEP001,Associate,M.Sc,0.9,2020-12-04,On Notice Period,,160000,3
EMP02130,Kavita Mishra,Female,1984-01-20,42,Divorced,Chennai,Tamil Nadu,+919545404093,kavita.mishra407@gmail.com,DEP012,Senior Associate,B.Tech,10.4,2016-06-19,Active,,320000,4
EMP02131,Saanvi Menon,Female,1990-01-15,36,Single,Noida,Uttar Pradesh,+918186125511,saanvi.menon692@rediffmail.com,DEP012,Intern,M.Tech,21.3,2017-03-30,On Notice Period,,320000,5
EMP02132,Ananya Iyer,Female,1995-12-13,31,Divorced,Hyderabad,Telangana,+917414935527,ananya.iyer951@hotmail.com,DEP003,Associate,Diploma,9.6,2024-01-06,Active,,130000,2
EMP02133,Ritu Chopra,Female,1982-04-09,44,Single,Ghaziabad,Uttar Pradesh,+916396109775,ritu.chopra311@outlook.com,DEP007,Analyst,PhD,8.8,2020-07-25,Active,,320000,3
EMP02134,Priya Reddy,Female,2001-04-19,25,Divorced,Chennai,Tamil Nadu,+917554351749,priya.reddy350@outlook.com,DEP008,Consultant,PhD,10.7,2025-11-08,Active,,320000,5
EMP02135,Rohan Kapoor,Male,2004-12-07,22,Divorced,Nagpur,Maharashtra,+916163897370,rohan.kapoor215@rediffmail.com,DEP010,Team Lead,PhD,27.6,2016-05-05,Active,,200000,5
EMP02136,Sneha Chopra,Other,1972-02-01,54,Single,Surat,Gujarat,+918543603679,sneha.chopra21@outlook.com,DEP010,Senior Manager,B.Com,20.8,2020-02-25,On Notice Period,,160000,4
EMP02137,Kavya Gupta,Female,1997-08-17,29,Married,Ghaziabad,Uttar Pradesh,+918413115956,kavya.gupta951@gmail.com,DEP005,Deputy General Manager,Diploma,20.7,2020-10-13,Resigned,2021-04-01,80000,3
EMP02138,Kritika Bose,Female,1972-05-24,54,Divorced,Kolkata,West Bengal,+919818339223,kritika.bose498@rediffmail.com,DEP007,Vice President,B.A.,22.2,2019-09-17,Active,,250000,2
EMP02139,Aadhya Desai,Other,1998-02-02,28,Single,Chandigarh,Chandigarh,+916496533401,aadhya.desai791@hotmail.com,DEP002,General Manager,Diploma,4.5,2025-10-14,Active,,320000,3
EMP02140,Kritika Rao,Female,2004-09-03,22,Divorced,Kolkata,West Bengal,1234569572,kritika.rao726@yahoo.com,DEP006,Senior Analyst,B.A.,22.5,2025-11-16,On Notice Period,,250000,3
EMP02141,Priya Desai,Female,1985-03-02,41,Married,Noida,Uttar Pradesh,+919064178353,priya.desai442@outlook.com,DEP003,Associate,B.Com,25.8,2020-09-22,Active,,320000,3
EMP02142,Isha Reddy,Other,1970-11-21,56,Single,Jaipur,Rajasthan,+916255335920,isha.reddy461@rediffmail.com,DEP006,Senior Analyst,PhD,5.1,2024-11-26,Active,,200000,2
EMP02143,Deepak Chopra,Male,1984-09-08,42,Married,Hyderabad,Telangana,+918427137993,deepak.chopra873@gmail.com,DEP012,Intern,B.Com,21.3,2023-01-07,Active,,250000,5
EMP02144,Kavya Mishra,Female,1981-12-10,45,Single,Indore,Madhya Pradesh,+918559818090,kavya.mishra15@yahoo.com,DEP003,Senior Associate,B.Sc,1.2,2019-04-13,Active,,35000,1
EMP02145,Saanvi Shetty,Other,1988-12-04,38,Married,Pune,Maharashtra,+919406976257,saanvi.shetty109@yahoo.com,DEP004,Assistant Manager,B.Com,29.3,2017-06-27,Resigned,2022-07-02,250000,1
EMP02146,Ishaan Yadav,Male,2005-07-06,21,Single,Hyderabad,Telangana,+917044636678,ishaan.yadav26@rediffmail.com,DEP009,General Manager,M.Sc,19.9,2021-07-15,Active,,45000,2
EMP02147,Shreya Nair,Female,1980-02-05,46,Single,Kolkata,West Bengal,+919088708174,shreya.nair647@rediffmail.com,DEP012,Executive,B.Sc,5.6,2022-10-12,Active,,250000,4
EMP02148,Kritika Kumar,Other,1977-06-21,49,Married,Jaipur,Rajasthan,+916975451253,kritika.kumar575@outlook.com,DEP006,Analyst,MBA,15.5,2017-06-25,Active,,45000,3
EMP02149,Ishaan Iyer,Other,1992-10-22,34,Married,Pune,Maharashtra,+918831227043,ishaan.iyer503@yahoo.com,DEP002,Team Lead,B.A.,29.4,2021-12-27,Resigned,,250000,5
EMP02150,Karan Bose,Other,1985-03-15,41,Single,Indore,Madhya Pradesh,+916114218811,karan.bose449@rediffmail.com,DEP009,Senior Manager,B.Tech,13.1,2025-05-19,Active,,200000,4
EMP02151,Gaurav Gupta,Male,1983-07-11,43,Single,Kolkata,West Bengal,+917260845783,gaurav.gupta910@hotmail.com,DEP003,Associate,B.Tech,20.2,2024-07-23,Active,,130000,2
EMP02152,Vivaan Reddy,Male,1967-02-23,59,Divorced,Lucknow,Uttar Pradesh,+916718270826,vivaan.reddy910@yahoo.com,DEP005,Vice President,B.Tech,0.0,2019-02-10,On Notice Period,,320000,1
EMP02153,Pooja Reddy,Other,1995-06-21,31,Married,Bengaluru,Karnataka,+918441894216,pooja.reddyhotmail.com,DEP007,Assistant Manager,B.Tech,2.0,2024-03-07,Resigned,,25000,2
EMP02154,Pooja Pillai,Female,1976-03-23,50,Divorced,Noida,Uttar Pradesh,+919985055351,,DEP009,Vice President,B.Sc,15.6,2025-05-28,Active,,100000,4
EMP02155,Aman Nair,Male,1983-03-10,43,Married,Nagpur,Maharashtra,+917600097970,aman.nair857@rediffmail.com,DEP003,Consultant,B.Sc,41.7,2016-05-09,Active,,250000,3
EMP02156,Kavya Ghosh,Female,1976-12-06,50,Married,Kolkata,West Bengal,+916477779161,kavya.ghosh71@outlook.com,DEP002,Team Lead,PhD,9.2,2019-06-17,Active,,60000,2
EMP02157,Rahul Patel,Male,1985-03-24,41,Divorced,Jaipur,Rajasthan,+916872472352,rahul.patel645@gmail.com,DEP010,Associate,B.Tech,0.9,2022-02-26,Active,,35000,3
EMP02158,Isha Sharma,Female,1990-09-15,36,Single,Pune,Maharashtra,+918594971165,isha.sharma258@rediffmail.com,DEP008,Intern,B.Tech,6.7,2015-01-27,Terminated,2018-02-04,35000,5
EMP02159,Vikram Menon,Male,1984-09-08,42,Married,Indore,Madhya Pradesh,+919125759091,vikram.menon851@hotmail.com,DEP001,Vice President,PhD,0.3,2020-04-11,Terminated,2022-08-29,35000,3
EMP02160,Sneha Kapoor,Female,1985-02-11,41,Married,Chennai,Tamil Nadu,93931,sneha.kapoor441@yahoo.com,DEP008,Senior Analyst,MBA,0.1,2015-09-05,Active,,100000,4
EMP02161,Aadhya Bansal,Other,1974-07-27,52,Single,Noida,Uttar Pradesh,+919344446408,aadhya.bansal841@yahoo.com,DEP003,Senior Analyst,Diploma,9.9,2025-02-11,Resigned,,160000,2
EMP02162,Sanjay Chopra,Male,1974-05-09,52,Divorced,Noida,Uttar Pradesh,+916386539372,sanjay.chopra981@yahoo.com,DEP001,Senior Manager,Diploma,5.7,2022-10-23,Terminated,,25000,4
EMP02163,Ajay Chopra,Male,1987-05-12,39,Married,Nagpur,Maharashtra,+918760561920,ajay.chopra308@outlook.com,DEP009,Associate,B.Tech,5.4,2021-03-05,Active,,320000,3
EMP02164,Naveen Pillai,Other,1970-10-02,56,Divorced,Coimbatore,Tamil Nadu,+919475780400,naveen.pillai248@outlook.com,DEP011,Manager,B.Com,12.5,2021-07-11,Active,,25000,5
EMP02165,Riya Joshi,Other,1967-04-10,59,Divorced,Surat,Gujarat,+918167813607,riya.joshi232@outlook.com,DEP001,General Manager,M.Com,23.2,2017-06-29,Active,,200000,4
EMP02166,Neha Menon,Other,1974-05-14,52,Married,Lucknow,Uttar Pradesh,+916180727832,neha.menon268@yahoo.com,DEP001,Deputy General Manager,B.Tech,22.5,2018-07-02,Resigned,2018-10-15,130000,
EMP02167,Anil Kumar,Male,1979-03-23,47,Divorced,Ahmedabad,Gujarat,+919113306029,anil.kumar201@gmail.com,DEP012,Deputy General Manager,B.Tech,10.2,2023-02-10,Terminated,2024-06-03,35000,4
EMP02168,Swati Gupta,Other,1984-05-07,42,Single,Delhi,Delhi,+916260230091,swati.gupta588@rediffmail.com,DEP007,Senior Manager,MBA,8.5,2018-11-21,Active,,160000,2
EMP02169,Suresh Malhotra,Other,2005-01-08,21,Single,Hyderabad,Telangana,+916443270739,suresh.malhotra136@rediffmail.com,DEP009,Intern,B.Tech,23.8,2025-04-04,Active,,250000,3
EMP02170,Aarav Sharma,Other,1983-10-27,43,Divorced,Mumbai,Maharashtra,+916493553663,aarav.sharma953@hotmail.com,DEP001,Team Lead,B.Sc,4.8,2023-08-04,On Notice Period,,35000,5
EMP02171,Kavya Sharma,Female,1991-05-18,35,Married,Pune,Maharashtra,+917042562831,kavya.sharma576@outlook.com,DEP007,Consultant,B.A.,27.4,2018-06-29,Active,,320000,2
EMP02172,Ananya Rao,Other,1970-03-06,56,Single,Nagpur,Maharashtra,+919849868493,ananya.rao669@gmail.com,DEP003,Senior Analyst,B.Tech,11.8,2022-02-26,On Notice Period,,60000,3
EMP02173,Manish Verma,Other,2004-06-23,22,Divorced,Jaipur,Rajasthan,+919288014035,manish.verma764@yahoo.com,DEP003,Senior Manager,M.Tech,25.0,2023-10-21,Resigned,,45000,3
EMP02174,Rekha Desai,Other,1974-02-22,52,Married,Nagpur,Maharashtra,,rekha.desai294@hotmail.com,DEP011,Senior Analyst,B.A.,29.6,2016-03-05,Terminated,2018-08-17,25000,2
EMP02175,Aarav Singh,Male,1966-10-22,60,Divorced,Mumbai,Maharashtra,+917350654639,aarav.singh553@gmail.com,DEP009,Manager,M.Sc,27.3,2015-09-25,Active,,250000,2
EMP02176,Sarika Gupta,Female,1982-10-14,44,Married,Coimbatore,Tamil Nadu,+919916852307,sarika.gupta@@gmail.com,DEP001,Consultant,B.Com,6.7,2017-12-04,Active,,320000,4
EMP02177,Saanvi Ghosh,Female,1985-03-09,41,Married,Mumbai,Maharashtra,+916735656212,saanvi.ghosh125@gmail.com,DEP006,Intern,M.Sc,7.1,2019-10-06,Active,,320000,3
EMP02178,Arjun Shetty,Other,1967-04-28,59,Married,Lucknow,Uttar Pradesh,+918655775976,arjun.shetty115@outlook.com,DEP009,Senior Associate,Diploma,21.2,2022-05-14,Terminated,,130000,4
EMP02179,Aarav Patel,Male,1997-01-01,29,Single,Bengaluru,Karnataka,+91-695146,aarav.patel363@outlook.com,DEP009,Senior Analyst,B.Com,3.4,2018-07-14,Active,,35000,5
EMP02180,Meera Mishra,Other,1995-08-17,31,Married,Delhi,Delhi,+919622583619,meera.mishra563@outlook.com,DEP004,Executive,B.Com,12.6,2015-07-22,Active,,35000,4
EMP02181,Ramesh Pillai,Male,2001-08-18,25,Married,Surat,Gujarat,+917709415721,ramesh.pillai228@outlook.com,DEP004,Vice President,MBA,20.8,2023-12-29,Terminated,2024-08-17,320000,1
EMP02182,Pooja Ghosh,Female,1980-09-21,46,Married,Kolkata,West Bengal,+919123071821,pooja.ghosh627@hotmail.com,DEP011,Intern,B.Sc,2.6,2023-10-04,On Notice Period,,80000,
EMP02183,GAURAV CHAUDHARY,Male,1992-03-10,34,Single,Surat,Gujarat,+919851759296,gaurav.chaudhary669@rediffmail.com,DEP003,Assistant Manager,B.A.,27.3,2026-05-14,Resigned,,80000,4
EMP02184,Swati Singh,Female,1981-10-27,45,Divorced,Pune,Maharashtra,+916318286286,swati.singh568@gmail.com,DEP004,Senior Manager,MBA,21.9,2018-02-12,Active,,160000,1
EMP02185,Ishaan Sharma,Male,1981-05-02,45,Divorced,Pune,Maharashtra,+919365685363,ishaan.sharma442@outlook.com,DEP011,Intern,B.Com,11.9,2020-07-15,Active,,320000,2
EMP02186,Nikhil Sharma,Other,1969-07-19,57,Divorced,Pune,Maharashtra,+919139363185,nikhil.sharma494@yahoo.com,DEP003,Senior Associate,Diploma,12.2,2016-04-29,Resigned,2018-03-31,35000,5
EMP02187,Myra Verma,Other,1982-09-02,44,Single,Ghaziabad,Uttar Pradesh,+919679473675,myra.verma100@gmail.com,DEP010,Analyst,B.Com,15.9,2025-04-01,Terminated,,100000,3
EMP02188,Aadhya Mishra,Female,1987-05-07,39,Married,Ahmedabad,Gujarat,+918940781043,aadhya.mishra616@gmail.com,DEP010,Analyst,B.A.,7.6,2022-11-28,Resigned,,60000,1
EMP02189,Nisha Verma,Other,1973-07-17,53,Single,Bengaluru,Karnataka,+919830427350,nisha.verma812@gmail.com,DEP007,Assistant Manager,M.Tech,15.5,2024-08-22,Active,,100000,2
EMP02190,Reyansh Malhotra,Other,1971-11-06,55,Married,Mumbai,Maharashtra,+917260070487,reyansh.malhotra198@outlook.com,DEP011,Consultant,M.Tech,12.6,2016-12-08,Active,,25000,4
EMP02191,Aman Bansal,Male,1996-11-22,30,Single,Jaipur,Rajasthan,+916921326511,aman.bansal537@yahoo.com,DEP001,Manager,B.Tech,25.2,2021-09-04,Active,,160000,4
EMP02192,Ramesh Menon,Other,1995-10-25,31,Divorced,Ghaziabad,Uttar Pradesh,+917661019200,ramesh.menon352@hotmail.com,DEP002,Consultant,B.Com,8.7,2026-01-30,Terminated,,160000,2
EMP02193,Kavya Patel,Female,1998-12-07,28,Single,Indore,Madhya Pradesh,+918353246969,kavya.patel262@hotmail.com,DEP003,General Manager,Diploma,24.0,2018-12-01,On Notice Period,,250000,1
EMP02194,Kavya Bose,Female,2001-08-22,25,Single,Chandigarh,Chandigarh,+917380388354,kavya.bose654@outlook.com,DEP006,General Manager,M.Tech,8.2,2015-10-17,Active,,60000,3
EMP02195,ajay rao,Other,1990-01-16,36,Divorced,Ghaziabad,Uttar Pradesh,+919032402711,ajay.rao336@hotmail.com,DEP004,Senior Associate,B.A.,9.4,2015-01-26,Resigned,2016-01-30,25000,2
EMP02196,Krishna Chaudhary,Male,1971-09-17,55,Married,Pune,Maharashtra,+916805177792,krishna.chaudhary999@gmail.com,DEP008,Executive,PhD,19.2,2015-12-25,Terminated,2017-02-04,100000,3
EMP02197,Rahul Bose,Male,1992-08-20,34,Married,Hyderabad,Telangana,+919788651612,rahul.bose303@gmail.com,DEP010,Senior Associate,B.Tech,15.6,2021-08-24,Active,,130000,1
EMP02198,Aarav Sharma,Other,1994-02-27,32,Single,Ghaziabad,Uttar Pradesh,+918247076060,aarav.sharma229@outlook.com,DEP005,Manager,M.Com,8.2,2024-05-01,Active,,45000,4
EMP02199,Isha Bose,Other,1989-11-09,37,Divorced,Mumbai,Maharashtra,+918591335388,isha.bose755@rediffmail.com,DEP003,Senior Manager,M.Sc,23.6,2018-01-29,On Notice Period,,45000,2
EMP02200,Priya Bose,Female,1998-10-17,28,Single,Nagpur,Maharashtra,+917381661827,priya.bose163@rediffmail.com,DEP011,General Manager,MBA,15.7,2021-04-01,Active,,35000,3
EMP02201,Sneha Iyer,Other,2001-07-10,25,Divorced,Hyderabad,Telangana,+917206917142,sneha.iyer@@yahoo.com,DEP003,Assistant Manager,Diploma,25.9,2019-06-08,Active,,35000,1
EMP02202,Gaurav Gupta,Male,1976-06-23,50,Divorced,Indore,Madhya Pradesh,+917032159036,gaurav.gupta653@gmail.com,DEP007,Analyst,PhD,7.9,2016-08-21,Active,,45000,3
EMP02203,Kritika Mishra,Female,1973-08-11,53,Single,Delhi,Delhi,+918343021820,kritika.mishra334@rediffmail.com,DEP007,Team Lead,M.Sc,8.3,2024-09-15,On Notice Period,,60000,5
EMP02204,Deepak Iyer,Male,1999-07-06,85,Single,Jaipur,Rajasthan,+917280511976,deepak.iyer893@outlook.com,DEP012,General Manager,MBA,7.8,2019-11-02,Active,,250000,3
EMP02205,Myra Yadav,Female,1998-02-15,28,Single,Indore,Madhya Pradesh,+918393917413,myra.yadav573@gmail.com,DEP010,Associate,PhD,0.6,2017-05-04,Active,,45000,4
EMP02206,Vikram Joshi,Male,2000-11-13,26,Married,Ghaziabad,Uttar Pradesh,+918255538178,vikram.joshi757@hotmail.com,DEP011,Vice President,Diploma,6.1,2017-11-23,Terminated,2021-03-17,60000,2
EMP02207,Divya Kumar,Female,1985-11-07,41,Married,Delhi,Delhi,+919212534849,divya.kumar958@outlook.com,DEP005,Senior Analyst,PhD,14.3,2017-08-10,Active,,45000,1
EMP02208,Kavita Bose,Female,1996-12-23,30,Divorced,Bengaluru,Karnataka,+918113018433,kavita.bose369@hotmail.com,DEP003,Analyst,Diploma,7.3,2017-08-07,Active,,35000,3
EMP02209,Krishna Chopra,Male,1974-08-13,52,Single,Ahmedabad,Gujarat,+917334775794,krishna.chopra129@hotmail.com,DEP006,Senior Analyst,B.Com,18.1,2020-08-21,Active,,35000,2
EMP02210,Priya Rao,Other,1981-06-14,45,Married,Ghaziabad,Uttar Pradesh,+918531115847,priya.rao401@yahoo.com,DEP006,Analyst,M.Sc,18.5,2016-02-07,Terminated,2018-03-23,60000,3
EMP02211,Krishna Verma,Male,1996-05-01,30,Married,Bengaluru,Karnataka,+919823355158,krishna.verma89@outlook.com,DEP003,Assistant Manager,PhD,27.1,2015-01-11,Active,,25000,1
EMP02212,Krishna Shetty,Male,1997-05-05,29,Divorced,Mumbai,Maharashtra,1234565763,krishna.shetty293@gmail.com,DEP009,Executive,M.Sc,3.2,2026-02-28,Active,,80000,4
EMP02213,Myra Sharma,Female,2000-12-20,26,Divorced,Noida,Uttar Pradesh,+918110456236,myra.sharma546@outlook.com,DEP007,Manager,B.A.,7.8,2025-09-17,Active,,200000,3
EMP02214,Gaurav Bose,Male,1975-08-26,51,Single,Noida,Uttar Pradesh,+918332683513,gaurav.bose281@yahoo.com,DEP002,Associate,B.Com,22.9,2019-08-19,Terminated,2023-03-09,160000,3
EMP02215,Suresh Rao,Male,1970-09-07,56,Married,Bengaluru,Karnataka,+916357985314,suresh.rao110@yahoo.com,DEP010,Consultant,B.Tech,20.3,2022-05-15,Active,,35000,1
EMP02216,Rekha Reddy,Other,1985-10-19,41,Divorced,Bengaluru,Karnataka,+918368449984,rekha.reddy760@gmail.com,DEP005,General Manager,M.Com,0.9,2017-01-29,Active,,250000,2
EMP02217,Riya Kapoor,Other,1979-02-10,47,Single,Surat,Gujarat,+916772601563,riya.kapoor992@outlook.com,DEP012,Manager,B.Sc,7.4,2022-09-16,Active,,60000,5
EMP02218,Ananya Gupta,Female,1984-11-01,42,Married,Coimbatore,Tamil Nadu,+917813415361,ananya.gupta698@rediffmail.com,DEP008,Senior Associate,Diploma,19.0,2022-03-17,Active,,320000,2
EMP02219,Diya Menon,Other,1981-07-10,45,Single,Ahmedabad,Gujarat,+917713309213,diya.menon147@gmail.com,DEP005,Vice President,B.Tech,29.2,2025-03-30,Active,,200000,2
EMP02220,manish rao,Male,1976-10-01,50,Married,Chandigarh,Chandigarh,+918108046598,manish.rao572@outlook.com,DEP010,Intern,M.Com,29.8,2022-01-23,Terminated,2025-03-23,80000,5
EMP02221,Anjali Bansal,Other,1994-11-28,32,Single,Pune,Maharashtra,+917005573320,anjali.bansal903@yahoo.com,DEP001,Assistant Manager,PhD,6.3,2024-06-16,Active,,45000,5
EMP02222,Isha Malhotra,Other,1990-07-02,36,Single,Hyderabad,Telangana,+918330509141,isha.malhotra43@yahoo.com,DEP002,Associate,MBA,2.3,2023-04-11,Active,,200000,5
EMP02223,Reyansh Kapoor,Other,2002-01-01,24,Divorced,Jaipur,Rajasthan,+916192672189,reyansh.kapoor647@rediffmail.com,DEP010,Senior Manager,PhD,12.7,2022-03-24,Active,,25000,2
EMP02224,Kavita Nair,Female,1993-11-01,33,Single,Ghaziabad,Uttar Pradesh,+918514868069,kavita.nair400@hotmail.com,DEP012,Senior Analyst,M.Sc,4.9,2023-01-09,On Notice Period,,80000,3
EMP02225,Karan Menon,Male,1987-03-03,39,Single,Pune,Maharashtra,+919823576971,karan.menon650@rediffmail.com,DEP010,Executive,MBA,8.2,2016-04-09,Active,,35000,2
EMP02226,Aarav Joshi,Male,1977-03-01,49,Single,Pune,Maharashtra,+918826948834,aarav.joshi877@gmail.com,DEP008,Analyst,M.Tech,8.8,2023-01-24,Terminated,2025-10-31,100000,4
EMP02227,Nikhil Joshi,Male,1971-09-18,55,Single,Nagpur,Maharashtra,+917767106360,,DEP005,Analyst,B.Com,4.9,2017-11-18,Resigned,2023-02-23,100000,3
EMP02228,Krishna Shetty,Other,1984-08-22,42,Married,Ghaziabad,Uttar Pradesh,+916053708181,krishna.shetty181@gmail.com,DEP003,Assistant Manager,M.Sc,23.2,2023-04-09,Active,,100000,5
EMP02229,Shreya Nair,Other,2000-06-25,26,Single,Indore,Madhya Pradesh,+916595329718,shreya.nair236@yahoo.com,DEP012,Team Lead,M.Sc,9.4,2015-04-16,On Notice Period,,45000,
EMP02230,Riya Joshi,Other,1998-08-22,28,Single,Ahmedabad,Gujarat,+916940890078,riya.joshi452@yahoo.com,DEP006,Manager,PhD,25.8,2026-03-06,Active,,200000,4
EMP02231,Vikram Iyer,Other,1970-05-05,56,Married,Jaipur,Rajasthan,+917911887835,vikram.iyer738@hotmail.com,DEP007,Team Lead,Diploma,26.8,2020-09-17,Terminated,2021-11-02,250000,
EMP02232,Shreya Bose,Female,1968-03-14,58,Divorced,Coimbatore,Tamil Nadu,+916412709168,shreya.bose480@hotmail.com,DEP007,Deputy General Manager,B.Com,12.1,2022-11-07,Active,,160000,1
EMP02233,PRIYA MISHRA,Other,2002-04-24,24,Divorced,Kolkata,West Bengal,+917878598665,priya.mishra151@rediffmail.com,DEP001,Manager,B.Sc,24.6,2022-08-31,Resigned,2024-08-03,320000,5
EMP02234,Nikhil Nair,Male,1992-04-27,34,Married,Noida,Uttar Pradesh,+917453005133,nikhil.nair300@hotmail.com,DEP005,Analyst,B.Tech,1.3,2020-05-01,Terminated,2023-04-13,320000,4
EMP02235,Ananya Desai,Female,1970-11-18,56,Single,Hyderabad,Telangana,1234563224,ananya.desai10@yahoo.com,DEP004,Analyst,B.Com,15.1,2016-07-15,Active,,60000,
EMP02236,Arjun Desai,Other,1991-07-27,35,Divorced,Ahmedabad,Gujarat,+916304640828,arjun.desai191@rediffmail.com,DEP011,Executive,B.Sc,6.6,2017-10-11,On Notice Period,,250000,3
EMP02237,Reyansh Rao,Male,1969-02-20,57,Single,Jaipur,Rajasthan,+916481667497,reyansh.rao247@yahoo.com,DEP008,Intern,B.A.,17.5,2017-12-13,Resigned,2024-04-28,100000,3
EMP02238,Rohan Menon,Male,2002-04-21,24,Divorced,Chandigarh,Chandigarh,+918457144651,rohan.menon32@gmail.com,DEP004,Associate,B.Tech,10.5,2026-02-05,On Notice Period,,80000,
EMP02239,Riya Mishra,Female,1973-04-27,53,Married,Chennai,Tamil Nadu,+918619543676,riya.mishra568@outlook.com,DEP005,Senior Analyst,M.Sc,1.5,2019-09-14,Resigned,2022-08-10,200000,5
EMP02240,isha sharma,Female,1979-03-20,47,Divorced,Pune,Maharashtra,+917637101197,isha.sharma762@yahoo.com,DEP005,Manager,B.Sc,8.4,2023-07-13,Active,,100000,5
EMP02241,Sanjay Gupta,Male,1991-12-09,35,Married,Lucknow,Uttar Pradesh,+918637350570,sanjay.gupta730@outlook.com,DEP008,Senior Analyst,B.A.,7.6,2022-01-04,Terminated,2024-08-05,320000,1
EMP02242,Rahul Mishra,Male,2003-08-18,23,Married,Delhi,Delhi,+919634617728,rahul.mishra470@hotmail.com,DEP010,Senior Analyst,B.Sc,15.3,2015-07-01,Active,,100000,1
EMP02243,PRIYA DESAI,Female,1997-07-11,29,Married,Nagpur,Maharashtra,+919189805063,priya.desai61@outlook.com,DEP010,Team Lead,PhD,7.5,2017-01-05,Terminated,2023-01-23,60000,3
EMP02244,Aarav Singh,Other,1966-05-03,60,Single,Kolkata,West Bengal,+917185081200,aarav.singh967@gmail.com,DEP011,General Manager,B.Tech,7.5,2021-12-27,On Notice Period,,250000,3
EMP02245,Meera Reddy,Female,1975-07-05,51,Single,Lucknow,Uttar Pradesh,+917507505274,meera.reddy777@gmail.com,DEP003,Senior Associate,PhD,14.2,2019-01-05,Resigned,2020-12-05,200000,1
EMP02246,Sarika Chopra,Female,1984-04-18,42,Married,Lucknow,Uttar Pradesh,+917536373085,sarika.chopra966@yahoo.com,DEP009,Analyst,MBA,19.6,2021-01-15,Active,,45000,2
EMP02247,Naveen Menon,Male,2000-10-07,26,Divorced,Lucknow,Uttar Pradesh,+918031548617,naveen.menon890@gmail.com,DEP008,Manager,B.Tech,17.8,2017-05-27,Active,,80000,3
EMP02248,Rahul Agarwal,Male,1985-08-01,41,Single,Delhi,Delhi,+916581806189,rahul.agarwal440@rediffmail.com,DEP007,Associate,M.Tech,6.5,2016-12-02,Active,,100000,5
EMP02249,Ishaan Chopra,Other,1975-12-28,51,Married,Coimbatore,Tamil Nadu,+916083485813,ishaan.chopra485@outlook.com,DEP001,Consultant,B.Com,24.4,2023-05-26,Terminated,2025-10-09,250000,3
EMP02250,Deepak Yadav,Male,1980-01-21,46,Single,Chandigarh,Chandigarh,+916422283190,,DEP009,General Manager,B.Com,17.6,2023-02-13,On Notice Period,,160000,4
EMP02251,Ananya Desai,Female,1997-09-05,29,Married,Noida,Uttar Pradesh,+918283419773,ananya.desai6@hotmail.com,DEP001,Manager,Diploma,29.2,2018-05-29,Active,,200000,4
EMP02252,Myra Chaudhary,Female,1996-07-18,30,Single,Lucknow,Uttar Pradesh,+919983375393,myra.chaudhary567@rediffmail.com,DEP012,Assistant Manager,B.Sc,2.7,2023-04-07,Terminated,,80000,3
EMP02253,Reyansh Sharma,Other,2002-06-02,24,Single,Noida,Uttar Pradesh,+919074078596,reyansh.sharma890@gmail.com,DEP004,Assistant Manager,B.Tech,20.4,2023-09-01,Terminated,,250000,1
EMP02254,Rekha Kumar,Female,1996-06-03,30,Divorced,Hyderabad,Telangana,+919088169167,rekha.kumar74@yahoo.com,DEP004,Manager,B.A.,0.1,2018-09-19,Active,,25000,2
EMP02255,Pooja Gupta,Other,1987-02-07,39,Single,Ghaziabad,Uttar Pradesh,+916142571409,pooja.gupta384@gmail.com,DEP009,Deputy General Manager,B.A.,0.9,2023-01-28,Resigned,,250000,1
EMP02256,Ishaan Nair,Male,2004-11-18,22,Single,Mumbai,Maharashtra,+916158214480,ishaan.nair646@outlook.com,DEP011,Deputy General Manager,B.Tech,13.9,2015-12-01,On Notice Period,,80000,3
EMP02257,Riya Bose,Female,1982-04-25,44,Married,Delhi,Delhi,+918297399352,riya.bose594@outlook.com,DEP005,Senior Analyst,Diploma,13.4,2017-08-15,Resigned,2024-01-12,35000,2
EMP02258,Vihaan Patel,Male,1994-03-12,32,Married,Nagpur,Maharashtra,+918283018048,vihaan.patel303@rediffmail.com,DEP006,Executive,M.Tech,25.0,2016-04-05,Active,,60000,5
EMP02259,Meera Desai,Female,1992-10-14,34,Married,Indore,Madhya Pradesh,+919229670677,meera.desai267@rediffmail.com,DEP002,Vice President,M.Com,17.5,2015-12-27,Resigned,2021-11-23,130000,1
EMP02260,Saurabh Patel,Male,1987-02-13,39,Single,Mumbai,Maharashtra,+916168826739,saurabh.patel696@outlook.com,DEP006,Senior Analyst,B.Sc,29.1,2024-09-27,On Notice Period,,130000,5
EMP02261,Isha Bansal,Other,1973-02-22,53,Divorced,Hyderabad,Telangana,+918218271216,isha.bansal407@gmail.com,DEP006,Intern,B.A.,1.3,2024-04-02,Active,,100000,4
EMP02262,Saanvi Verma,Other,1970-12-17,56,Divorced,Kolkata,West Bengal,+917169805367,saanvi.verma239@rediffmail.com,DEP011,Analyst,MBA,23.3,2018-05-26,On Notice Period,,320000,1
EMP02263,Anil Verma,Other,1995-04-03,31,Married,Jaipur,Rajasthan,+919965198284,anil.verma661@yahoo.com,DEP007,Assistant Manager,B.Com,9.6,2026-03-07,On Notice Period,,60000,1
EMP02264,Myra Sharma,Female,1997-02-04,29,Divorced,Pune,Maharashtra,+916423744358,myra.sharma957@rediffmail.com,DEP003,Senior Associate,Diploma,7.6,2023-01-27,Active,,160000,5
EMP02265,Aadhya Kumar,Female,2004-06-24,22,Married,Bengaluru,Karnataka,+916734953274,aadhya.kumar525@gmail.com,DEP008,Consultant,MBA,19.0,2025-09-30,Terminated,,35000,1
EMP02266,Aman Yadav,Male,2000-11-08,26,Single,Chandigarh,Chandigarh,+918090795736,aman.yadav758@yahoo.com,DEP012,Associate,M.Com,3.8,2017-08-18,Terminated,2020-07-09,45000,2
EMP02267,Diya Reddy,Female,1966-05-14,60,Single,Chandigarh,Chandigarh,+917542170666,,DEP009,Senior Associate,Diploma,18.6,2024-02-21,Terminated,,25000,5
EMP02268,Vihaan Bose,Other,1974-07-07,52,Divorced,Ghaziabad,Uttar Pradesh,+919231301160,vihaan.bose259@yahoo.com,DEP004,Manager,M.Sc,21.9,2016-08-02,Active,,80000,4
EMP02269,Diya Gupta,Female,1966-12-02,60,Single,Chennai,Tamil Nadu,+916523864378,diya.gupta594@outlook.com,DEP004,Team Lead,B.Com,7.8,2015-12-18,Active,,35000,4
EMP02270,Swati Ghosh,Other,1981-02-18,45,Divorced,Jaipur,Rajasthan,+918950081045,swati.ghosh29@outlook.com,DEP007,Analyst,PhD,8.0,2018-08-15,Resigned,2020-01-23,80000,5
EMP02271,Karan Sharma,Male,1980-11-04,46,Divorced,Kolkata,West Bengal,+917757561568,karan.sharma253@hotmail.com,DEP003,Analyst,Diploma,26.3,2017-03-22,Active,,200000,5
EMP02272,Reyansh Iyer,Other,1988-01-21,38,Single,Nagpur,Maharashtra,+916288142917,reyansh.iyer307@rediffmail.com,DEP001,Vice President,Diploma,4.4,2016-05-16,Active,,80000,1
EMP02273,Divya Reddy,Other,1992-10-02,34,Married,Ahmedabad,Gujarat,+916879791372,divya.reddy395@rediffmail.com,DEP004,Assistant Manager,B.Tech,29.5,2019-02-28,Terminated,2023-12-21,200000,1
EMP02274,Vivaan Gupta,Male,1988-12-26,38,Married,Ghaziabad,Uttar Pradesh,+916150829987,vivaan.gupta892@hotmail.com,DEP002,Senior Manager,B.Tech,3.9,2019-01-09,Active,,320000,1
EMP02275,Aadhya Yadav,Female,1976-09-19,50,Married,Chennai,Tamil Nadu,+919122820326,aadhya.yadav868@rediffmail.com,DEP010,Assistant Manager,Diploma,19.9,2017-07-06,Active,,80000,5
EMP02276,Nikhil Bansal,Other,1990-11-10,36,Single,Hyderabad,Telangana,+918352278139,nikhil.bansal715@rediffmail.com,DEP008,Manager,B.Com,12.2,2016-04-14,Active,,160000,4
EMP02277,Nikhil Joshi,Male,1995-01-22,31,Married,Bengaluru,Karnataka,+918196664384,nikhil.joshi841@hotmail.com,DEP001,Associate,B.Com,0.1,2018-11-22,Terminated,2022-11-16,60000,1
EMP02278,Kavya Chaudhary,Other,1969-11-10,57,Single,Lucknow,Uttar Pradesh,+919297416682,kavya.chaudhary627@rediffmail.com,DEP007,Vice President,B.Sc,24.7,2021-03-11,Terminated,2022-12-29,250000,3
EMP02279,Nisha Yadav,Female,1995-07-21,31,Divorced,Hyderabad,Telangana,+917089103946,nisha.yadav912@gmail.com,DEP011,Vice President,M.Sc,29.5,2025-04-14,Active,,250000,3
EMP02280,Vivaan Joshi,Male,1992-06-02,34,Divorced,Kolkata,West Bengal,19013,vivaan.joshi443@outlook.com,DEP007,General Manager,MBA,18.0,2020-07-18,Terminated,2025-12-27,60000,2
EMP02281,Nikhil Reddy,Male,1983-05-22,43,Married,Ghaziabad,Uttar Pradesh,+919224362468,nikhil.reddy706@hotmail.com,DEP003,Team Lead,M.Tech,12.4,2022-10-25,Active,,100000,2
EMP02282,Rohan Pillai,Male,1970-04-10,56,Single,Coimbatore,Tamil Nadu,+919564815984,rohan.pillai452@gmail.com,DEP003,Assistant Manager,M.Com,29.5,2017-05-03,Resigned,2019-10-05,80000,1
EMP02283,Karan Desai,Male,1990-06-04,36,Married,Lucknow,Uttar Pradesh,+916248638046,karan.desai18@hotmail.com,DEP002,Senior Associate,M.Tech,21.2,2017-10-03,Active,,25000,5
EMP02284,Rekha Reddy,Female,2001-09-06,25,Single,Surat,Gujarat,+916763013161,rekha.reddy552@rediffmail.com,DEP003,General Manager,B.Tech,6.4,2023-05-11,On Notice Period,,80000,1
EMP02285,Gaurav Pillai,Other,1994-06-27,32,Single,Hyderabad,Telangana,+916607234810,gaurav.pillai205@yahoo.com,DEP003,General Manager,MBA,14.4,2015-07-06,Active,,35000,2
EMP02286,Gaurav Iyer,Male,1982-01-21,44,Single,Chandigarh,Chandigarh,5642550,gaurav.iyer836@yahoo.com,DEP003,Senior Manager,M.Tech,6.8,2025-01-12,Resigned,,100000,2
EMP02287,Swati Gupta,Female,1969-05-07,57,Married,Mumbai,Maharashtra,+918155459841,swati.gupta266@yahoo.com,DEP008,Analyst,B.Sc,4.6,2021-09-08,Active,,60000,4
EMP02288,Saanvi Reddy,Female,1980-06-10,46,Married,Chennai,Tamil Nadu,+917870381132,saanvi.reddy428@rediffmail.com,DEP004,Analyst,PhD,25.1,2025-08-15,Active,,35000,5
EMP02289,Sunita Kapoor,Female,2003-08-20,23,Single,Surat,Gujarat,+916023015400,sunita.kapoor848@rediffmail.com,DEP010,Analyst,MBA,26.6,2021-06-20,Active,,35000,4
EMP02290,Aadhya Joshi,Other,1986-11-14,40,Single,Indore,Madhya Pradesh,+916506289159,aadhya.joshi274@gmail.com,DEP002,Assistant Manager,M.Tech,24.6,2019-12-21,Active,,160000,5
EMP02291,Kavya Yadav,Other,1971-11-08,55,Married,Kolkata,West Bengal,+916928808387,kavya.yadav34@gmail.com,DEP003,Executive,Diploma,10.8,2025-04-10,Active,,100000,4
EMP02292,Deepak Menon,Male,1966-09-13,60,Single,Jaipur,Rajasthan,+919891579526,deepak.menon438@outlook.com,DEP003,Associate,M.Com,24.5,2015-02-22,Resigned,2019-02-18,250000,
EMP02293,Ananya Bose,Other,1981-12-26,45,Divorced,Delhi,Delhi,+917561809099,ananya.bose799@outlook.com,DEP006,Deputy General Manager,M.Com,26.2,2019-09-11,Terminated,2020-05-07,45000,5
EMP02294,Gaurav Chaudhary,Male,1990-03-04,36,Divorced,Indore,Madhya Pradesh,+919018239087,gaurav.chaudhary710@hotmail.com,DEP012,Analyst,M.Sc,6.6,2024-10-03,Active,,200000,1
EMP02295,Gaurav Sharma,Male,1973-07-04,53,Married,Noida,Uttar Pradesh,+917041151887,gaurav.sharma538@gmail.com,DEP003,Assistant Manager,M.Sc,18.6,2018-07-25,Terminated,2021-09-26,160000,4
EMP02296,naveen chaudhary,Other,1982-06-14,44,Single,Pune,Maharashtra,+919593459737,naveen.chaudhary850@gmail.com,DEP012,Assistant Manager,M.Sc,7.3,2016-02-16,Resigned,2018-11-20,250000,5
EMP02297,Rohan Bose,Male,1990-04-12,36,Divorced,Kolkata,West Bengal,+918117220382,rohan.bose206@hotmail.com,DEP012,Deputy General Manager,B.A.,14.2,2020-12-29,Active,,25000,5
EMP02298,Ajay Kumar,Male,1967-11-04,59,Married,Hyderabad,Telangana,+918631786340,ajay.kumar776@hotmail.com,DEP010,Team Lead,B.Tech,7.9,2018-01-02,Terminated,2020-05-11,35000,5
EMP02299,Reyansh Gupta,Male,1995-04-08,31,Divorced,Ahmedabad,Gujarat,+916452128777,reyansh.gupta301@hotmail.com,DEP001,Team Lead,MBA,27.9,2022-10-13,Active,,100000,1
EMP02300,Anjali Bansal,Female,1975-08-11,51,Married,Indore,Madhya Pradesh,1234568774,anjali.bansal453@yahoo.com,DEP008,Analyst,B.A.,11.3,2024-12-22,Active,,60000,1
EMP02301,Krishna Joshi,Male,1995-08-21,31,Married,Jaipur,Rajasthan,+917336936716,krishna.joshi@hotmail,DEP007,Consultant,Diploma,21.9,2021-09-13,On Notice Period,,320000,1
EMP02302,Naveen Kumar,Male,1981-09-28,45,Single,Chennai,Tamil Nadu,+916846993287,naveen.kumar998@hotmail.com,DEP008,Team Lead,M.Tech,18.1,2015-05-29,Active,,45000,4
EMP02303,ishaan singh,Male,1986-06-21,40,Single,Coimbatore,Tamil Nadu,+919346960842,ishaan.singh340@hotmail.com,DEP004,Associate,Diploma,22.9,2023-10-23,On Notice Period,,160000,1
EMP02304,Rahul Desai,Other,1966-04-08,60,Married,Nagpur,Maharashtra,+916708318420,rahul.desai668@yahoo.com,DEP002,Senior Manager,M.Tech,47.8,2026-06-29,Terminated,,80000,1
EMP02305,Diya Malhotra,Female,1993-09-02,33,Divorced,Bengaluru,Karnataka,+916302753142,diya.malhotra449@gmail.com,DEP005,Vice President,Diploma,18.3,2015-06-09,Active,,160000,5
EMP02306,krishna patel,Male,2005-03-19,21,Married,Delhi,Delhi,+918229294715,krishna.patel815@yahoo.com,DEP006,Senior Analyst,M.Sc,5.9,2016-01-04,Active,,60000,3
EMP02307,Rohan Sharma,Other,2005-04-12,21,Married,Noida,Uttar Pradesh,+918660399076,rohan.sharma139@yahoo.com,DEP008,Senior Manager,B.Sc,14.4,2015-04-06,Active,,320000,1
EMP02308,Rohan Bose,Other,2003-07-11,23,Married,Ghaziabad,Uttar Pradesh,+919415714352,rohan.bose361@outlook.com,DEP003,Consultant,B.Sc,19.9,2018-08-24,Active,,35000,2
EMP02309,Manish Nair,Male,1985-06-26,41,Single,Noida,Uttar Pradesh,,manish.nair36@outlook.com,DEP007,General Manager,B.Sc,12.0,2021-04-20,Active,,60000,2
EMP02310,Saanvi Pillai,Female,1967-06-28,59,Married,Delhi,Delhi,+918274755113,saanvi.pillai211@rediffmail.com,DEP007,Team Lead,B.A.,7.1,2024-02-13,Active,,25000,4
EMP02311,Divya Sharma,Female,1972-05-09,54,Divorced,Pune,Maharashtra,+916354857373,divya.sharma482@gmail.com,DEP002,Executive,B.Com,4.6,2021-08-13,Active,,35000,2
EMP02312,Aman Kapoor,Male,1969-06-03,57,Married,Pune,Maharashtra,+918797609132,aman.kapoor894@hotmail.com,DEP001,Senior Manager,B.A.,3.9,2026-01-08,Active,,45000,2
EMP02313,Nikhil Kapoor,Male,1976-06-24,50,Divorced,Coimbatore,Tamil Nadu,+919133042721,nikhil.kapoor953@hotmail.com,DEP003,Team Lead,B.Com,25.4,2022-05-06,On Notice Period,,60000,5
EMP02314,Suresh Nair,Male,1974-07-02,52,Divorced,Kolkata,West Bengal,+917684834739,suresh.nair541@outlook.com,DEP005,Associate,B.A.,28.6,2017-07-17,Active,,130000,4
EMP02315,Ishaan Pillai,Other,1971-08-06,55,Married,Indore,Madhya Pradesh,+91-071475,ishaan.pillai100@hotmail.com,DEP012,Deputy General Manager,M.Com,26.0,2021-05-30,Active,,200000,1
EMP02316,Aditya Kapoor,Male,1991-03-17,35,Married,Ahmedabad,Gujarat,+919769725984,aditya.kapoor814@yahoo.com,DEP004,Senior Analyst,B.A.,12.2,2020-05-23,On Notice Period,,100000,4
EMP02317,Vihaan Pillai,Male,1977-03-03,49,Single,Nagpur,Maharashtra,+917074992838,vihaan.pillai469@rediffmail.com,DEP003,Executive,MBA,16.3,2021-02-01,Active,,100000,5
EMP02318,Gaurav Malhotra,Other,1986-03-24,40,Single,Indore,Madhya Pradesh,+918574747822,gaurav.malhotra366@gmail.com,DEP005,Consultant,B.A.,3.2,2024-07-23,Resigned,,25000,5
EMP02319,Kavita Pillai,Female,2001-04-06,25,Single,Delhi,Delhi,+919491103431,kavita.pillai676@hotmail.com,DEP011,Executive,M.Com,21.1,2022-05-13,Terminated,2024-05-15,60000,2
EMP02320,Ajay Mishra,Male,1995-01-22,31,Single,Hyderabad,Telangana,+919036073504,ajay.mishra894@gmail.com,DEP011,Team Lead,PhD,16.2,2020-07-31,Active,,100000,2
EMP02321,Nikhil Patel,Male,1987-03-16,39,Single,Noida,Uttar Pradesh,+919798194272,,DEP009,Senior Associate,Diploma,13.4,2018-01-16,Active,,320000,1
EMP02322,Aditya Menon,Other,2000-04-25,26,Divorced,Ghaziabad,Uttar Pradesh,+916097287692,aditya.menon129@outlook.com,DEP002,Intern,B.Tech,19.9,2023-07-17,Active,,130000,3
EMP02323,Kavita Shetty,Other,1967-02-10,59,Married,Pune,Maharashtra,+917623634009,,DEP011,Senior Associate,Diploma,5.0,2023-04-20,On Notice Period,,200000,1
EMP02324,Rekha Malhotra,Female,1993-08-06,33,Single,Pune,Maharashtra,+918039937464,rekha.malhotra991@yahoo.com,DEP010,General Manager,M.Sc,9.8,2017-02-28,Resigned,2023-09-09,60000,4
EMP02325,Ritu Agarwal,Female,1991-04-03,35,Married,Ghaziabad,Uttar Pradesh,812098523837783,ritu.agarwal75@gmail.com,DEP009,General Manager,M.Sc,21.7,2023-01-04,Terminated,,160000,1
EMP02326,Myra Rao,Female,1988-03-06,38,Married,Nagpur,Maharashtra,+916747168999,myra.rao768@hotmail.com,DEP007,Consultant,B.Sc,9.3,2024-07-17,Terminated,2025-04-18,80000,5
EMP02327,Karan Verma,Male,1976-12-18,50,Single,Ghaziabad,Uttar Pradesh,+917670607324,karan.verma@@yahoo.com,DEP006,Vice President,M.Sc,12.3,2020-08-09,Terminated,2024-01-12,25000,3
EMP02328,Naveen Chaudhary,Male,1973-12-16,53,Married,Lucknow,Uttar Pradesh,+918506529865,naveen.chaudhary438@outlook.com,DEP005,General Manager,PhD,12.9,2019-04-23,Resigned,2023-01-19,250000,5
EMP02329,Diya Pillai,Other,1977-12-17,49,Married,Mumbai,Maharashtra,+918485038620,diya.pillai892@hotmail.com,DEP003,Assistant Manager,B.Com,13.5,2016-12-18,Active,,200000,3
EMP02330,Ananya Rao,Female,1983-03-07,43,Divorced,Delhi,Delhi,+917926683033,ananya.rao147@outlook.com,DEP007,Deputy General Manager,B.Sc,8.1,2016-05-29,Active,,160000,2
EMP02331,Arjun Bose,Male,2003-02-28,23,Divorced,Pune,Maharashtra,+916897682482,arjun.bose113@rediffmail.com,DEP007,Senior Associate,B.A.,5.0,2025-07-13,Resigned,,80000,1
EMP02332,Swati Sharma,Female,1982-08-08,44,Divorced,Jaipur,Rajasthan,+918270793066,swati.sharma863@hotmail.com,DEP006,Executive,B.A.,17.4,2017-01-07,Terminated,2019-12-13,160000,2
EMP02333,Rohan Kapoor,Male,1974-03-04,52,Single,Pune,Maharashtra,+916598481482,rohan.kapoor528@hotmail.com,DEP002,Senior Associate,B.A.,28.4,2016-12-08,Terminated,2021-01-13,200000,4
EMP02334,Manish Bose,Male,1999-12-19,27,Single,Ahmedabad,Gujarat,+916648634443,manish.bose15@outlook.com,DEP004,Executive,MBA,9.0,2018-08-24,Terminated,2025-01-03,130000,1
EMP02335,Ajay Malhotra,Male,1987-03-19,39,Single,Noida,Uttar Pradesh,+919519538997,ajay.malhotra653@rediffmail.com,DEP007,Senior Analyst,M.Com,6.0,2025-08-16,Active,,80000,3
EMP02336,Nikhil Agarwal,Male,1985-05-24,41,Single,Coimbatore,Tamil Nadu,+917168331615,nikhil.agarwal290@hotmail.com,DEP005,Manager,B.Tech,13.6,2025-05-07,Active,,320000,3
EMP02337,Saanvi Chaudhary,Other,1981-02-01,45,Single,Chennai,Tamil Nadu,+919044601761,saanvi.chaudhary318@hotmail.com,DEP006,Consultant,B.Sc,2.9,2020-02-20,Active,,25000,2
EMP02338,Saanvi Joshi,Female,1991-08-02,35,Single,Chandigarh,Chandigarh,+917251917731,saanvi.joshi230@rediffmail.com,DEP001,Executive,M.Sc,11.8,2016-04-10,Terminated,2022-09-06,35000,4
EMP02339,Karan Patel,Male,1966-01-12,60,Divorced,Nagpur,Maharashtra,+917565140194,karan.patel701@outlook.com,DEP005,Deputy General Manager,B.A.,12.3,2021-07-14,Resigned,2022-04-27,320000,2
EMP02340,Ritu Sharma,Other,1981-07-01,45,Divorced,Bengaluru,Karnataka,,ritu.sharma452@hotmail.com,DEP007,Intern,B.A.,0.7,2017-12-09,Resigned,2022-11-10,60000,5
EMP02341,Divya Nair,Other,1968-09-28,58,Divorced,Delhi,Delhi,+916433778570,divya.nair704@rediffmail.com,DEP007,Manager,M.Com,11.8,2025-07-20,Active,,80000,4
EMP02342,Ramesh Chaudhary,Male,2005-01-02,21,Divorced,Nagpur,Maharashtra,+917464736464,ramesh.chaudhary150@gmail.com,DEP004,Intern,M.Com,9.5,2023-12-14,On Notice Period,,100000,1
EMP02343,Shreya Yadav,Other,1971-06-23,55,Single,Surat,Gujarat,+919684324098,shreya.yadav597@rediffmail.com,DEP004,Deputy General Manager,B.A.,13.7,2025-02-12,Active,,160000,3
EMP02344,Aadhya Chopra,Female,1977-09-25,49,Married,Bengaluru,Karnataka,+918277921305,aadhya.chopra342@yahoo.com,DEP008,Manager,MBA,27.3,2021-06-29,Active,,45000,3
EMP02345,Ramesh Bose,Other,1996-12-05,30,Divorced,Bengaluru,Karnataka,+918979567753,ramesh.bose434@outlook.com,DEP009,Assistant Manager,Diploma,25.6,2021-10-11,Resigned,,60000,4
EMP02346,Ishaan Gupta,Other,1992-09-03,34,Single,Ghaziabad,Uttar Pradesh,+917406908912,ishaan.gupta614@yahoo.com,DEP010,General Manager,M.Com,6.4,2022-04-13,On Notice Period,,100000,3
EMP02347,Rekha Kumar,Female,1977-09-26,49,Divorced,Hyderabad,Telangana,+917520871307,rekha.kumar692@hotmail.com,DEP008,Vice President,PhD,13.2,2021-01-29,Active,,250000,5
EMP02348,Vikram Verma,Other,1992-02-09,34,Married,Lucknow,Uttar Pradesh,+917827847994,vikram.verma736@hotmail.com,DEP008,Manager,M.Sc,13.1,2022-02-17,Resigned,,35000,1
EMP02349,Rohan Kapoor,Male,1980-01-03,46,Single,Chennai,Tamil Nadu,+918006755837,rohan.kapoor4@outlook.com,DEP011,Vice President,M.Tech,5.0,2018-07-23,Terminated,2019-10-21,35000,5
EMP02350,Rekha Patel,Other,1985-09-06,41,Single,Mumbai,Maharashtra,+917663071971,rekha.patel200@rediffmail.com,DEP010,Intern,MBA,1.6,2023-09-14,Resigned,2025-04-11,80000,4
EMP02351,Swati Sharma,Female,1968-08-18,58,Married,Hyderabad,Telangana,+916666083688,swati.sharma764@rediffmail.com,DEP012,Vice President,M.Com,25.9,2019-01-05,Active,,250000,1
EMP02352,Anjali Yadav,Female,1998-07-20,28,Divorced,Coimbatore,Tamil Nadu,+919890398141,anjali.yadav645@hotmail.com,DEP007,Assistant Manager,M.Com,1.3,2017-07-11,On Notice Period,,100000,4
EMP02353,Rahul Joshi,Male,1981-09-13,45,Single,Lucknow,Uttar Pradesh,46232,rahul.joshi371@rediffmail.com,DEP008,Analyst,M.Com,10.5,2017-12-25,Active,,200000,1
EMP02354,Reyansh Singh,Male,1970-05-09,56,Married,Delhi,Delhi,+918300150861,reyansh.singh990@hotmail.com,DEP010,Senior Analyst,MBA,6.1,2018-09-28,Resigned,2019-03-13,320000,2
EMP02355,Kavita Bose,Other,1993-11-16,33,Married,Chandigarh,Chandigarh,+919337134961,,DEP001,Associate,M.Sc,23.8,2015-09-07,Active,,250000,2
EMP02356,Rekha Patel,Female,1998-01-17,28,Single,Surat,Gujarat,+916689680410,rekha.patel539@hotmail.com,DEP008,Analyst,PhD,27.2,2015-02-27,Active,,25000,5
EMP02357,Swati Singh,Female,1978-01-18,48,Divorced,Ahmedabad,Gujarat,+917043784937,swati.singh306@rediffmail.com,DEP010,Senior Analyst,B.A.,14.0,2024-06-04,Active,,25000,3
EMP02358,Rohan Kumar,Other,1980-03-14,46,Single,Ahmedabad,Gujarat,+919038188968,rohan.kumarrediffmail.com,DEP009,Team Lead,B.Com,7.6,2025-12-21,On Notice Period,,250000,1
EMP02359,Swati Shetty,Other,1978-06-28,48,Married,Chandigarh,Chandigarh,+919357659485,swati.shetty847@hotmail.com,DEP011,Assistant Manager,B.Sc,4.0,2016-12-20,Active,,320000,
EMP02360,Reyansh Kumar,Male,1997-11-05,29,Married,Bengaluru,Karnataka,+917332079941,reyansh.kumar218@gmail.com,DEP010,Assistant Manager,PhD,1.1,2019-10-17,Terminated,2024-12-13,60000,
EMP02361,Pooja Yadav,Female,2000-12-25,26,Single,Chennai,Tamil Nadu,+917538434381,pooja.yadav879@yahoo.com,DEP005,Team Lead,B.A.,4.8,2020-07-12,Active,,35000,4
EMP02362,Rahul Gupta,Male,2003-06-26,23,Divorced,Bengaluru,Karnataka,+918140161694,rahul.gupta197@outlook.com,DEP008,Intern,MBA,12.5,2024-04-18,Active,,60000,4
EMP02363,Ramesh Kapoor,Other,1988-11-08,38,Single,Lucknow,Uttar Pradesh,+919968911571,ramesh.kapoor@gmail,DEP007,Consultant,M.Com,5.2,2017-12-13,Resigned,2020-01-30,35000,4
EMP02364,Vihaan Agarwal,Other,2003-01-26,23,Married,Nagpur,Maharashtra,+919591429527,vihaan.agarwal232@yahoo.com,DEP005,Senior Associate,M.Sc,27.0,2022-01-07,Resigned,2023-12-24,80000,2
EMP02365,Naveen Malhotra,Other,1975-01-09,51,Single,Lucknow,Uttar Pradesh,+919585671024,naveen.malhotra811@gmail.com,DEP006,Deputy General Manager,M.Sc,28.9,2019-08-26,Active,,320000,4
EMP02366,NAVEEN JOSHI,Other,1967-01-01,59,Divorced,Ghaziabad,Uttar Pradesh,+917936407791,naveen.joshi648@gmail.com,DEP011,Senior Analyst,B.Tech,2.9,2015-01-11,Active,,100000,1
EMP02367,Rahul Iyer,Male,2002-09-21,24,Married,Kolkata,West Bengal,+919056994004,rahul.iyer468@outlook.com,DEP004,Analyst,M.Tech,19.1,2015-08-23,Active,,25000,1
EMP02368,Karan Mishra,Other,1997-11-28,29,Single,Kolkata,West Bengal,+919065879313,,DEP008,Senior Manager,B.Tech,25.2,2016-10-04,Terminated,2022-12-21,35000,2
EMP02369,Saurabh Joshi,Male,1984-01-08,42,Divorced,Surat,Gujarat,+917359334403,saurabh.joshiyahoo.com,DEP011,Executive,B.Tech,3.4,2025-11-03,Active,,45000,2
EMP02370,Rahul Gupta,Other,1984-09-07,42,Married,Surat,Gujarat,+916847828318,rahul.gupta359@yahoo.com,DEP007,Associate,M.Com,16.3,2017-07-20,Terminated,2021-08-24,60000,5
EMP02371,Manish Desai,Male,1969-02-20,57,Divorced,Noida,Uttar Pradesh,+919866650817,manish.desai110@rediffmail.com,DEP009,Vice President,B.Sc,20.3,2016-08-15,Active,,100000,3
EMP02372,ARJUN REDDY,Male,2004-08-26,22,Single,Jaipur,Rajasthan,+916109782905,arjun.reddy310@rediffmail.com,DEP002,Senior Associate,M.Tech,2.8,2026-04-03,On Notice Period,,25000,
EMP02373,Karan Agarwal,Other,1966-11-27,60,Married,Noida,Uttar Pradesh,+917470030565,,DEP005,Senior Associate,MBA,13.5,2024-07-16,Resigned,,35000,2
EMP02374,Naveen Iyer,Male,1994-12-02,32,Married,Bengaluru,Karnataka,+918039141059,naveen.iyer752@gmail.com,DEP012,Senior Manager,B.Sc,1.1,2024-04-28,Terminated,2026-01-07,60000,5
EMP02375,Neha Rao,Female,1992-09-07,34,Married,Chandigarh,Chandigarh,+919487102434,neha.rao129@hotmail.com,DEP010,Senior Manager,B.Com,21.7,2019-01-15,Terminated,2021-08-02,200000,3
EMP02376,Ananya Chopra,Female,1987-10-25,39,Married,Surat,Gujarat,+919481237674,ananya.chopra830@hotmail.com,DEP005,Manager,B.A.,5.4,2019-09-13,On Notice Period,,100000,
EMP02377,Diya Gupta,Female,2000-02-04,26,Single,Nagpur,Maharashtra,+91-612778,diya.gupta923@yahoo.com,DEP011,Senior Manager,M.Sc,11.4,2018-04-08,On Notice Period,,45000,2
EMP02378,Sneha Mishra,Female,1983-09-16,43,Single,Nagpur,Maharashtra,+918829295974,sneha.mishra1@yahoo.com,DEP001,Consultant,B.Com,16.0,2023-11-10,Active,,80000,4
EMP02379,Gaurav Gupta,Male,1985-07-21,41,Divorced,Coimbatore,Tamil Nadu,+918948473894,gaurav.gupta735@yahoo.com,DEP010,General Manager,M.Com,4.5,2025-10-22,Active,,200000,5
EMP02380,Krishna Desai,Other,2003-01-08,23,Married,Coimbatore,Tamil Nadu,+918360673049,krishna.desai898@gmail.com,DEP012,Vice President,B.A.,2.0,2021-09-08,Active,,250000,5
EMP02381,Sneha Malhotra,Female,1983-04-06,43,Married,Chennai,Tamil Nadu,+917471343141,sneha.malhotra159@outlook.com,DEP004,Senior Manager,M.Com,26.7,2018-05-19,Resigned,2020-08-17,250000,2
EMP02382,Shreya Gupta,Female,1969-01-12,57,Divorced,Chandigarh,Chandigarh,+917685940544,shreya.gupta178@yahoo.com,DEP011,Deputy General Manager,MBA,28.7,2023-03-17,On Notice Period,,35000,
EMP02383,Aman Reddy,Other,1970-01-28,56,Divorced,Surat,Gujarat,1234561472,aman.reddy120@rediffmail.com,DEP005,General Manager,B.Sc,27.1,2019-01-29,Active,,160000,3
EMP02384,Gaurav Chaudhary,Male,1986-05-28,40,Married,Nagpur,Maharashtra,+918695765014,gaurav.chaudhary633@yahoo.com,DEP001,General Manager,Diploma,10.4,2026-05-21,Active,,60000,5
EMP02385,Saurabh Reddy,Other,1996-12-17,30,Married,Lucknow,Uttar Pradesh,+918435849154,saurabh.reddy561@rediffmail.com,DEP004,Assistant Manager,M.Sc,16.5,2015-10-19,Active,,100000,1
EMP02386,Aditya Desai,Other,1996-08-05,30,Married,Kolkata,West Bengal,+919766912385,aditya.desai347@hotmail.com,DEP010,Consultant,B.A.,12.4,2023-06-29,Active,,80000,1
EMP02387,Priya Mishra,Female,1983-08-16,43,Divorced,Indore,Madhya Pradesh,+918641517313,priya.mishra748@gmail.com,DEP009,Team Lead,M.Com,18.2,2015-02-11,On Notice Period,,35000,2
EMP02388,Ramesh Bansal,Other,1968-06-01,58,Divorced,Kolkata,West Bengal,+918265237566,ramesh.bansal977@hotmail.com,DEP006,Intern,MBA,1.2,2018-12-18,Active,,80000,5
EMP02389,Neha Sharma,Female,1983-06-19,43,Married,Jaipur,Rajasthan,+918282464610,neha.sharma546@gmail.com,DEP004,Manager,B.Sc,28.2,2023-04-08,Terminated,,100000,1
EMP02390,  Aadhya Ghosh  ,Female,1987-06-04,39,Divorced,Indore,Madhya Pradesh,+919687843756,aadhya.ghosh898@rediffmail.com,DEP009,Consultant,PhD,9.1,2021-09-16,Active,,130000,2
EMP02391,Arjun Kumar,Other,2001-12-08,25,Divorced,Chandigarh,Chandigarh,+918410713945,arjun.kumar237@outlook.com,DEP003,Deputy General Manager,M.Com,18.3,2016-04-12,Resigned,2017-04-08,80000,5
EMP02392,Gaurav Yadav,Male,1975-08-11,51,Married,Chennai,Tamil Nadu,+916614558254,gaurav.yadav597@gmail.com,DEP005,Senior Analyst,M.Com,29.9,2020-05-25,On Notice Period,,320000,4
EMP02393,Reyansh Sharma,Other,1993-05-02,33,Married,Chennai,Tamil Nadu,+91-269713,reyansh.sharma196@outlook.com,DEP003,Executive,B.Tech,17.7,2024-02-18,Active,,35000,5
EMP02394,Karan Iyer,Male,1969-06-18,57,Married,Delhi,Delhi,+916904142057,karan.iyer755@yahoo.com,DEP001,Team Lead,B.A.,18.5,2025-11-21,On Notice Period,,80000,2
EMP02395,Myra Chopra,Female,2004-02-21,22,Single,Nagpur,Maharashtra,+917140017266,myra.chopra187@outlook.com,DEP009,Executive,M.Com,10.3,2022-09-08,Active,,320000,3
EMP02396,Vikram Menon,Other,1977-04-28,49,Divorced,Nagpur,Maharashtra,+917975897944,vikram.menon216@hotmail.com,DEP008,Consultant,MBA,11.4,2018-12-04,Terminated,2023-05-27,60000,3
EMP02397,Meera Menon,Female,1966-08-19,60,Divorced,Surat,Gujarat,+918670402409,meera.menon112@yahoo.com,DEP006,Intern,M.Tech,1.1,2023-11-11,Terminated,,130000,4
EMP02398,Sneha Chaudhary,Female,1977-12-05,49,Divorced,Bengaluru,Karnataka,+916550053487,sneha.chaudhary636@yahoo.com,DEP010,Consultant,B.A.,29.8,2021-10-13,Active,,320000,1
EMP02399,Anjali Kapoor,Female,1968-04-14,58,Divorced,Coimbatore,Tamil Nadu,+917284036577,anjali.kapoor490@outlook.com,DEP003,Vice President,M.Sc,29.6,2023-08-13,Active,,25000,3
EMP02400,Aadhya Rao,Female,1969-07-10,57,Divorced,Nagpur,Maharashtra,+919119347761,aadhya.rao271@yahoo.com,DEP004,Senior Associate,PhD,8.9,2016-07-23,Active,,45000,4
EMP02401,Ishaan Bose,Male,2005-05-21,21,Divorced,Lucknow,Uttar Pradesh,+916039201652,ishaan.bose114@gmail.com,DEP008,Senior Analyst,M.Com,10.6,2015-05-22,Active,,45000,4
EMP02402,Aadhya Kumar,Other,2005-05-08,21,Single,Noida,Uttar Pradesh,+919207054581,aadhya.kumar722@gmail.com,DEP006,Executive,B.A.,21.5,2017-02-20,On Notice Period,,60000,5
EMP02403,Vivaan Malhotra,Male,1993-12-20,33,Single,Bengaluru,Karnataka,+916006836278,vivaan.malhotra426@outlook.com,DEP005,Assistant Manager,B.Com,20.8,2023-01-16,Active,,160000,3
EMP02404,Nikhil Agarwal,Male,1986-07-05,40,Single,Indore,Madhya Pradesh,+916380862724,nikhil.agarwal13@rediffmail.com,DEP012,Manager,M.Com,3.5,2020-04-02,Active,,130000,2
EMP02405,Divya Patel,Female,1976-08-07,50,Divorced,Noida,Uttar Pradesh,+917613999442,divya.patel112@hotmail.com,DEP009,Associate,Diploma,11.1,2022-05-18,On Notice Period,,80000,3
EMP02406,Myra Sharma,Female,1988-06-24,38,Married,Delhi,Delhi,+918242939871,myra.sharma736@rediffmail.com,DEP005,Intern,M.Tech,18.4,2026-06-18,Resigned,,60000,2
EMP02407,Arjun Desai,Male,1968-11-05,58,Single,Chennai,Tamil Nadu,+916747766068,arjun.desai96@hotmail.com,DEP007,Assistant Manager,B.Tech,12.3,2022-07-06,Active,,80000,2
EMP02408,Rahul Ghosh,Male,1968-05-04,58,Divorced,Delhi,Delhi,+919914455540,rahul.ghosh167@rediffmail.com,DEP002,Assistant Manager,B.Tech,23.0,2020-03-26,Active,,130000,3
EMP02409,KRISHNA PATEL,Other,1968-12-20,58,Divorced,Coimbatore,Tamil Nadu,+919112215454,krishna.patel13@outlook.com,DEP002,General Manager,M.Tech,24.1,2018-12-30,Active,,200000,3
EMP02410,Swati Rao,Female,1980-02-20,46,Single,Ahmedabad,Gujarat,+919528055781,swati.rao543@outlook.com,DEP011,Manager,B.Sc,1.3,2017-03-21,Active,,130000,5
EMP02411,Vikram Gupta,Other,2003-12-19,23,Married,Bengaluru,Karnataka,+918578185790,vikram.gupta661@gmail.com,DEP010,Team Lead,B.Tech,10.9,2018-04-27,Active,,160000,4
EMP02412,Ananya Nair,Female,2001-02-15,25,Single,Chandigarh,Chandigarh,+916439997599,ananya.nair448@yahoo.com,DEP010,Vice President,B.Sc,29.6,2024-03-26,Terminated,2025-07-24,60000,3
EMP02413,Rohan Sharma,Other,1988-06-13,38,Single,Jaipur,Rajasthan,+919609552497,rohan.sharma384@outlook.com,DEP001,Senior Analyst,M.Tech,24.6,2023-03-24,On Notice Period,,250000,5
EMP02414,Krishna Chopra,Male,1966-01-02,60,Divorced,Kolkata,West Bengal,+917285516700,krishna.chopra106@hotmail.com,DEP005,Senior Analyst,B.A.,20.0,2021-10-31,On Notice Period,,320000,3
EMP02415,Kavya Verma,Female,1982-10-02,44,Divorced,Bengaluru,Karnataka,+916999787798,kavya.verma854@hotmail.com,DEP008,Associate,M.Tech,7.4,2018-09-25,Active,,160000,4
EMP02416,SANJAY KUMAR,Other,1992-08-28,34,Married,Hyderabad,Telangana,1234565298,sanjay.kumar857@rediffmail.com,DEP006,Vice President,M.Tech,18.1,2023-01-20,Active,,100000,4
EMP02417,Ananya Menon,Other,1987-01-14,39,Divorced,Pune,Maharashtra,+917738720334,ananya.menonoutlook.com,DEP002,Associate,M.Com,22.8,2015-10-07,Terminated,2016-09-09,160000,2
EMP02418,Priya Yadav,Female,1996-05-20,30,Married,Chandigarh,Chandigarh,+916911044931,priya.yadav324@gmail.com,DEP004,Vice President,MBA,17.2,2016-05-27,On Notice Period,,250000,2
EMP02419,Ajay Patel,Other,1986-12-22,40,Married,Noida,Uttar Pradesh,+917319904078,ajay.patel352@rediffmail.com,DEP010,Assistant Manager,MBA,8.1,2024-11-23,Active,,45000,2
EMP02420,Aadhya Chopra,Female,1973-03-28,53,Single,Jaipur,Rajasthan,+916752352196,aadhya.chopra324@rediffmail.com,DEP012,Executive,M.Com,9.5,2026-02-20,Active,,100000,3
EMP02421,Saurabh Sharma,Male,1977-01-08,49,Divorced,Lucknow,Uttar Pradesh,+919951467284,saurabh.sharma497@outlook.com,DEP004,Vice President,M.Sc,11.2,2024-12-11,Resigned,,320000,
EMP02422,Saanvi Chopra,Female,1979-05-16,47,Married,Surat,Gujarat,1234564204,saanvi.chopra228@yahoo.com,DEP006,Senior Associate,B.Com,18.6,2022-01-28,Active,,45000,3
EMP02423,Sneha Iyer,Female,1983-11-26,43,Single,Bengaluru,Karnataka,+916133339286,sneha.iyer251@yahoo.com,DEP008,Manager,MBA,25.0,2019-03-10,Active,,25000,1
EMP02424,Ishaan Sharma,Male,1967-11-25,59,Married,Pune,Maharashtra,+918894109589,ishaan.sharma154@outlook.com,DEP002,Intern,M.Sc,5.8,2018-08-06,Active,,320000,3
EMP02425,Ajay Gupta,Male,1976-03-15,50,Married,Hyderabad,Telangana,+917812903800,ajay.gupta354@yahoo.com,DEP011,Senior Associate,Diploma,2.6,2020-10-06,Active,,320000,4
EMP02426,Myra Yadav,Female,2002-01-05,24,Married,Chandigarh,Chandigarh,+916815117429,myra.yadav966@outlook.com,DEP011,Senior Manager,B.Tech,2.9,2021-07-31,Active,,100000,1
EMP02427,Nikhil Sharma,Other,1972-10-05,54,Divorced,Delhi,Delhi,+916691127601,nikhil.sharma99@yahoo.com,DEP011,Assistant Manager,B.Com,11.0,2015-02-24,Active,,100000,1
EMP02428,SARIKA CHAUDHARY,Female,1994-11-06,32,Divorced,Surat,Gujarat,+917590984116,sarika.chaudhary980@rediffmail.com,DEP009,Senior Associate,B.Com,7.1,2016-06-05,Active,,35000,2
EMP02429,Naveen Ghosh,Male,2000-09-18,26,Married,Mumbai,Maharashtra,+917597846889,naveen.ghosh67@rediffmail.com,DEP007,Senior Analyst,B.A.,17.4,2019-02-17,Resigned,2019-12-26,250000,4
EMP02430,Ritu Pillai,Female,2005-09-16,21,Single,Noida,Uttar Pradesh,+918850609141,ritu.pillai572@outlook.com,DEP011,General Manager,M.Tech,0.1,2018-11-28,Active,,160000,3
EMP02431,Sanjay Kapoor,Male,2005-12-26,21,Single,Hyderabad,Telangana,+916376788686,sanjay.kapoor405@hotmail.com,DEP008,Manager,M.Tech,16.5,2017-12-03,Active,,320000,1
EMP02432,Suresh Nair,Male,1968-08-19,58,Divorced,Chandigarh,Chandigarh,+918691969660,suresh.nair191@outlook.com,DEP006,Vice President,B.Sc,6.3,2017-03-10,Resigned,2019-09-25,25000,2
EMP02433,Gaurav Singh,Other,1969-03-11,57,Married,Nagpur,Maharashtra,+917444953229,gaurav.singh783@hotmail.com,DEP005,Intern,B.Tech,15.4,2017-04-21,On Notice Period,,100000,3
EMP02434,Pooja Iyer,Other,2001-08-23,25,Married,Ahmedabad,Gujarat,63557,pooja.iyer97@hotmail.com,DEP012,Deputy General Manager,B.Sc,24.0,2018-07-19,On Notice Period,,250000,5
EMP02435,Diya Pillai,Female,1980-08-07,46,Married,Bengaluru,Karnataka,+917605358232,diya.pillai667@rediffmail.com,DEP007,Consultant,B.Tech,10.3,2021-05-13,Terminated,2021-10-08,250000,5
EMP02436,Nisha Mishra,Female,1976-04-02,50,Single,Jaipur,Rajasthan,+916334760529,nisha.mishra854@yahoo.com,DEP006,Senior Manager,B.A.,10.0,2025-12-26,Active,,60000,3
EMP02437,Sanjay Malhotra,Other,1990-06-23,36,Married,Delhi,Delhi,+919034110655,sanjay.malhotra548@hotmail.com,DEP008,Senior Associate,PhD,14.4,2015-10-21,Active,,45000,5
EMP02438,Sunita Malhotra,Other,1974-02-28,52,Single,Delhi,Delhi,+919521261517,sunita.malhotra604@rediffmail.com,DEP005,Intern,B.Tech,11.6,2018-07-31,Active,,320000,4
EMP02439,Rekha Joshi,Female,1999-02-18,27,Divorced,Ahmedabad,Gujarat,+916236650334,rekha.joshi507@gmail.com,DEP009,Associate,M.Tech,8.6,2023-12-15,Active,,160000,5
EMP02440,Deepak Singh,Other,1986-05-26,40,Divorced,Kolkata,West Bengal,+917211742626,deepak.singh496@outlook.com,DEP004,Associate,B.Sc,16.4,2016-11-29,Resigned,2020-08-11,130000,4
EMP02441,Sunita Menon,Other,2001-10-09,25,Divorced,Surat,Gujarat,+917223488413,sunita.menon450@gmail.com,DEP012,Assistant Manager,PhD,23.9,2023-05-11,Active,,60000,5
EMP02442,Kavita Singh,Other,2001-07-15,25,Married,Pune,Maharashtra,,kavita.singh106@outlook.com,DEP001,Associate,M.Sc,22.2,2021-05-31,Active,,320000,4
EMP02443,Sneha Desai,Other,1973-12-11,53,Married,Pune,Maharashtra,+918001729616,sneha.desai528@yahoo.com,DEP009,Manager,MBA,15.6,2020-05-22,Terminated,2026-01-20,80000,2
EMP02444,Isha Kapoor,Female,1990-03-07,36,Single,Nagpur,Maharashtra,+916173509971,isha.kapoor506@rediffmail.com,DEP010,Senior Analyst,PhD,24.9,2017-10-23,Active,,200000,
EMP02445,Pooja Bansal,Female,1972-09-15,54,Single,Nagpur,Maharashtra,1234567740,pooja.bansal487@gmail.com,DEP006,Associate,M.Sc,0.1,2018-06-03,Active,,25000,3
EMP02446,Sunita Yadav,Other,1997-05-07,29,Married,Hyderabad,Telangana,+916208540003,sunita.yadav537@gmail.com,DEP008,Analyst,PhD,14.5,2022-09-28,Active,,60000,4
EMP02447,Saurabh Bansal,Other,1980-07-10,46,Single,Ghaziabad,Uttar Pradesh,+916914145383,saurabh.bansal342@rediffmail.com,DEP001,Analyst,M.Com,29.6,2015-12-14,Active,,80000,4
EMP02448,Suresh Reddy,Other,2000-10-24,26,Divorced,Hyderabad,Telangana,+918577866473,suresh.reddy850@outlook.com,DEP001,Assistant Manager,M.Com,23.8,2020-03-06,Resigned,2022-05-24,130000,2
EMP02449,Nikhil Yadav,Male,1972-08-24,54,Divorced,Chennai,Tamil Nadu,+917289708627,nikhil.yadav839@yahoo.com,DEP012,Intern,B.A.,1.9,2016-06-24,Active,,60000,4
EMP02450,Kavya Mishra,Female,1984-11-26,42,Divorced,Chennai,Tamil Nadu,+919898534904,kavya.mishra336@rediffmail.com,DEP007,Senior Manager,M.Sc,8.5,2017-01-24,Active,,80000,3
EMP02451,Gaurav Nair,Other,1989-12-09,37,Married,Noida,Uttar Pradesh,+916940138533,gaurav.nair179@gmail.com,DEP007,Vice President,B.Com,28.3,2025-08-06,Active,,80000,4
EMP02452,Aditya Bose,Male,2001-04-18,25,Divorced,Noida,Uttar Pradesh,+917787499510,aditya.bose391@gmail.com,DEP012,Senior Analyst,M.Sc,7.0,2021-02-23,Active,,130000,2
EMP02453,Aman Joshi,Male,1976-10-13,50,Married,Coimbatore,Tamil Nadu,+917124884048,aman.joshi124@outlook.com,DEP005,Team Lead,B.Sc,4.7,2019-07-14,Resigned,2022-02-22,250000,1
EMP02454,Anil Reddy,Male,1999-12-10,27,Single,Surat,Gujarat,+917963172066,anil.reddy@rediffmail,DEP012,Senior Associate,MBA,4.3,2017-06-16,Active,,45000,2
EMP02455,Sarika Mishra,Female,1997-08-22,29,Single,Lucknow,Uttar Pradesh,+918341153065,sarika.mishra287@outlook.com,DEP003,Assistant Manager,B.Tech,12.8,2025-11-06,Terminated,,80000,4
EMP02456,Riya Verma,Female,1978-08-13,48,Married,Coimbatore,Tamil Nadu,+917568177453,riya.verma380@outlook.com,DEP010,Manager,M.Com,20.9,2017-06-18,Active,,100000,3
EMP02457,Diya Rao,Female,1979-07-10,47,Divorced,Indore,Madhya Pradesh,+916338981946,diya.rao523@outlook.com,DEP011,Intern,B.Tech,14.0,2015-10-18,Resigned,2021-09-03,25000,2
EMP02458,Rohan Malhotra,Male,1974-09-12,52,Married,Chandigarh,Chandigarh,+918553627485,rohan.malhotra529@rediffmail.com,DEP011,Assistant Manager,Diploma,4.5,2021-09-13,Active,,35000,4
EMP02459,Arjun Kapoor,Male,1998-09-05,28,Divorced,Nagpur,Maharashtra,+916755319823,arjun.kapoor341@yahoo.com,DEP012,Consultant,B.Com,1.8,2016-07-23,Terminated,2022-07-07,320000,2
EMP02460,Vivaan Kumar,Male,1999-03-09,27,Married,Mumbai,Maharashtra,+916611416207,vivaan.kumar520@hotmail.com,DEP010,Senior Associate,MBA,27.1,2020-12-16,Active,,250000,1
EMP02461,Divya Verma,Other,1993-10-15,33,Divorced,Ghaziabad,Uttar Pradesh,+919922456074,divya.verma417@rediffmail.com,DEP005,Associate,B.Tech,27.0,2024-04-14,Terminated,,80000,3
EMP02462,Rohan Rao,Other,1978-07-28,48,Single,Ghaziabad,Uttar Pradesh,+917760505310,rohan.rao198@rediffmail.com,DEP006,Senior Analyst,PhD,10.5,2021-01-03,Active,,60000,3
EMP02463,Shreya Chaudhary,Female,1981-04-01,45,Married,Ghaziabad,Uttar Pradesh,+916510275800,shreya.chaudhary977@outlook.com,DEP002,Assistant Manager,M.Sc,19.3,2018-08-27,Active,,35000,2
EMP02464,Shreya Bose,Other,1971-12-22,55,Divorced,Coimbatore,Tamil Nadu,+918056839918,shreya.bose720@gmail.com,DEP005,Manager,PhD,8.5,2023-08-03,On Notice Period,,130000,2
EMP02465,Anil Singh,Male,1974-05-17,52,Divorced,Pune,Maharashtra,+916955047613,anil.singh75@outlook.com,DEP009,Manager,M.Com,24.5,2019-10-05,Terminated,2023-05-11,60000,2
EMP02466,Manish Menon,Male,1971-04-01,55,Divorced,Chandigarh,Chandigarh,+918267880183,manish.menon283@rediffmail.com,DEP011,Associate,B.Sc,18.6,2018-05-28,Active,,35000,5
EMP02467,Ramesh Pillai,Male,1976-09-04,50,Divorced,Lucknow,Uttar Pradesh,+919972234979,ramesh.pillai466@rediffmail.com,DEP008,Consultant,MBA,5.7,2024-06-23,On Notice Period,,80000,1
EMP02468,Sarika Desai,Other,1975-03-08,51,Married,Pune,Maharashtra,+916393766007,sarika.desai737@hotmail.com,DEP007,Senior Associate,B.Com,6.0,2025-09-01,Terminated,,25000,1
EMP02469,Ananya Joshi,Other,1999-12-27,27,Single,Pune,Maharashtra,+917113296423,ananya.joshi986@outlook.com,DEP010,Manager,B.Tech,16.0,2016-01-11,Active,,45000,5
EMP02470,Rekha Bansal,Female,1973-02-26,53,Married,Bengaluru,Karnataka,+918944239397,rekha.bansal295@hotmail.com,DEP012,General Manager,B.Sc,4.8,2017-01-12,Active,,250000,3
EMP02471,Anil Gupta,Other,1982-12-02,44,Divorced,Jaipur,Rajasthan,+917092689847,anil.gupta866@hotmail.com,DEP012,Vice President,Diploma,25.4,2015-11-21,Resigned,2021-07-06,35000,2
EMP02472,Gaurav Desai,Other,1997-07-28,29,Married,Chandigarh,Chandigarh,+919391885963,gaurav.desai401@yahoo.com,DEP010,Senior Analyst,B.Tech,3.9,2020-05-07,Terminated,2026-04-25,60000,
EMP02473,Anil Menon,Male,1966-02-27,60,Single,Delhi,Delhi,+918319935248,anil.menon36@outlook.com,DEP008,Associate,B.Com,15.1,2019-04-16,Resigned,2024-02-20,45000,2
EMP02474,ramesh yadav,Male,1979-11-03,47,Divorced,Ahmedabad,Gujarat,+919196305563,ramesh.yadav369@hotmail.com,DEP012,Team Lead,M.Com,4.2,2015-06-06,Active,,320000,5
EMP02475,Ishaan Verma,Male,1980-06-08,46,Married,Lucknow,Uttar Pradesh,+918773024774,ishaan.verma301@hotmail.com,DEP009,Senior Manager,Diploma,12.3,2018-10-09,Terminated,2019-02-27,160000,5
EMP02476,Rahul Chaudhary,Male,1970-03-03,56,Divorced,Bengaluru,Karnataka,+919633925093,rahul.chaudhary931@outlook.com,DEP006,Intern,B.Sc,5.9,2019-06-18,Resigned,2025-04-23,250000,2
EMP02477,Krishna Sharma,Other,1973-10-23,53,Single,Bengaluru,Karnataka,+917682153549,krishna.sharma439@yahoo.com,DEP004,Manager,M.Sc,15.1,2023-09-26,Resigned,2024-05-02,60000,3
EMP02478,Anjali Yadav,Other,1970-06-11,56,Divorced,Chennai,Tamil Nadu,+916123000299,anjali.yadav483@outlook.com,DEP003,Associate,M.Com,19.5,2023-06-27,Resigned,,80000,2
EMP02479,Aarav Sharma,Male,1995-06-13,31,Single,Nagpur,Maharashtra,,aarav.sharma134@hotmail.com,DEP009,Senior Associate,M.Com,10.5,2021-09-16,Active,,160000,5
EMP02480,POOJA PATEL,Other,1970-12-21,56,Single,Noida,Uttar Pradesh,+919984119548,pooja.patel282@rediffmail.com,DEP010,General Manager,B.Tech,7.0,2025-06-18,Terminated,2026-04-21,200000,1
EMP02481,Anil Shetty,Male,2002-08-19,24,Single,Mumbai,Maharashtra,+918611087376,anil.shetty563@outlook.com,DEP007,Senior Manager,B.A.,26.7,2023-07-08,On Notice Period,,200000,5
EMP02482,Ajay Patel,Male,1991-06-05,35,Married,Indore,Madhya Pradesh,+919482373927,ajay.patelyahoo.com,DEP001,Vice President,B.Com,7.6,2019-01-30,Active,,130000,2
EMP02483,Aman Singh,Other,1990-02-05,36,Divorced,Chennai,Tamil Nadu,+916968586608,aman.singh557@outlook.com,DEP010,Consultant,B.Sc,24.7,2017-06-14,Terminated,2017-09-24,160000,4
EMP02484,Priya Yadav,Female,2002-12-26,24,Single,Mumbai,Maharashtra,+917114064008,priya.yadav933@rediffmail.com,DEP005,Senior Analyst,B.Com,25.9,2023-05-31,Active,,45000,3
EMP02485,Divya Iyer,Female,1970-09-25,56,Divorced,Noida,Uttar Pradesh,+917858385729,divya.iyer399@outlook.com,DEP004,Vice President,PhD,7.5,2022-09-21,Active,,250000,4
EMP02486,Meera Patel,Female,2005-02-02,21,Married,Surat,Gujarat,+919572282960,meera.patel168@hotmail.com,DEP001,Executive,B.Tech,8.0,2017-06-14,Active,,25000,1
EMP02487,Vihaan Sharma,Other,1988-05-17,99,Married,Chandigarh,Chandigarh,1234568222,vihaan.sharma741@rediffmail.com,DEP012,Consultant,PhD,5.8,2017-08-03,On Notice Period,,250000,3
EMP02488,Nikhil Joshi,Male,1989-06-15,37,Married,Noida,Uttar Pradesh,+918502537602,nikhil.joshi840@outlook.com,DEP002,Executive,B.Sc,18.4,2024-01-20,On Notice Period,,25000,4
EMP02489,Sanjay Sharma,Other,1978-11-10,48,Single,Surat,Gujarat,+919134417819,sanjay.sharma587@yahoo.com,DEP012,Consultant,PhD,4.7,2017-09-28,Active,,130000,1
EMP02490,Anjali Agarwal,Female,1967-03-14,59,Married,Pune,Maharashtra,763560804151500,anjali.agarwal857@rediffmail.com,DEP008,Deputy General Manager,M.Sc,16.7,2020-03-05,Active,,250000,5
EMP02491,Shreya Patel,Other,1982-11-01,44,Married,Lucknow,Uttar Pradesh,+917986481199,shreya.patel497@yahoo.com,DEP007,Manager,B.Sc,16.6,2017-03-20,Active,,80000,4
EMP02492,Divya Mishra,Female,1999-07-19,27,Divorced,Pune,Maharashtra,+916863836634,divya.mishra219@yahoo.com,DEP012,Intern,B.Sc,0.6,2022-05-01,Active,,80000,3
EMP02493,Ishaan Mishra,Male,2003-10-04,23,Single,Noida,Uttar Pradesh,+916362974593,ishaan.mishra889@hotmail.com,DEP005,Deputy General Manager,M.Com,25.4,2018-07-30,On Notice Period,,80000,5
EMP02494,Ritu Menon,Female,1968-11-01,58,Married,Surat,Gujarat,+918956743405,ritu.menon746@hotmail.com,DEP003,Consultant,B.Sc,14.8,2025-09-28,Active,,25000,2
EMP02495,KRISHNA PILLAI,Male,1990-05-15,36,Single,Surat,Gujarat,+919427721992,krishna.pillai331@rediffmail.com,DEP005,Senior Analyst,B.Com,15.9,2016-03-15,Active,,100000,1
EMP02496,Anil Chaudhary,Male,1985-08-23,41,Married,Mumbai,Maharashtra,+917801402981,anil.chaudhary860@gmail.com,DEP006,Associate,PhD,17.1,2022-06-14,Active,,25000,4
EMP02497,Vivaan Shetty,Male,1979-06-23,47,Single,Mumbai,Maharashtra,+917696755690,vivaan.shetty911@hotmail.com,DEP001,Vice President,M.Sc,16.1,2016-08-04,Active,,130000,1
EMP02498,Vivaan Patel,Male,1988-11-07,38,Married,Lucknow,Uttar Pradesh,+917408072204,vivaan.patel477@hotmail.com,DEP007,Analyst,MBA,18.7,2021-07-13,Active,,130000,3
EMP02499,Anjali Agarwal,Female,1970-07-24,56,Married,Nagpur,Maharashtra,+919869304298,anjali.agarwal4@yahoo.com,DEP002,Senior Manager,M.Sc,26.2,2018-11-03,Active,,80000,5
EMP02500,Riya Menon,Female,2003-07-01,23,Single,Mumbai,Maharashtra,+919065087401,,DEP009,Manager,B.Com,19.2,2015-06-17,Active,,100000,3
EMP02501,Riya Ghosh,Female,1992-08-04,34,Divorced,Mumbai,Maharashtra,+919903340171,riya.ghosh735@gmail.com,DEP007,Senior Associate,B.Com,1.9,2015-03-25,Active,,60000,1
EMP02502,Reyansh Bose,Male,2002-12-22,24,Single,Coimbatore,Tamil Nadu,+919368728290,reyansh.boseyahoo.com,DEP005,Consultant,Diploma,15.2,2024-10-25,Active,,250000,3
EMP02503,Ajay Menon,Male,1968-07-27,58,Single,Bengaluru,Karnataka,+916013123301,ajay.menon65@gmail.com,DEP009,Consultant,M.Com,29.6,2022-12-20,On Notice Period,,200000,5
EMP02504,Suresh Singh,Male,1975-03-20,51,Married,Lucknow,Uttar Pradesh,+918988474042,suresh.singh199@outlook.com,DEP011,Senior Associate,B.Tech,24.3,2021-05-04,Active,,250000,2
EMP02505,Neha Reddy,Other,2002-10-08,24,Married,Jaipur,Rajasthan,+916824616704,neha.reddy623@hotmail.com,DEP006,Senior Manager,B.Tech,11.4,2021-07-17,On Notice Period,,200000,3
EMP02506,Neha Nair,Female,1990-03-26,36,Divorced,Surat,Gujarat,+918118775789,neha.nair793@rediffmail.com,DEP002,Intern,M.Com,26.5,2016-02-08,Active,,160000,5
EMP02507,Manish Iyer,Other,1975-02-16,51,Married,Ahmedabad,Gujarat,+919076365692,manish.iyer644@gmail.com,DEP009,Assistant Manager,B.Sc,11.2,2015-01-06,Active,,25000,3
EMP02508,Diya Agarwal,Other,1992-03-12,34,Married,Chandigarh,Chandigarh,+917695419920,diya.agarwal190@hotmail.com,DEP012,Deputy General Manager,M.Tech,25.6,2019-08-23,Active,,45000,1
EMP02509,sunita iyer,Female,1986-05-24,40,Married,Ghaziabad,Uttar Pradesh,+916712707851,sunita.iyer721@gmail.com,DEP005,Analyst,B.Tech,29.8,2018-03-03,Terminated,2019-04-15,250000,4
EMP02510,Sunita Kumar,Female,1979-05-05,47,Single,Nagpur,Maharashtra,+918740716111,sunita.kumar368@hotmail.com,DEP001,General Manager,B.Com,39.0,2021-04-13,Active,,250000,4
EMP02511,  Rekha Verma  ,Female,2001-03-02,25,Married,Pune,Maharashtra,+919949027735,rekha.verma393@hotmail.com,DEP007,Consultant,PhD,10.9,2020-07-12,Terminated,2022-02-18,45000,4
EMP02512,Kavita Chaudhary,Female,1985-10-24,41,Married,Hyderabad,Telangana,+919450198866,kavita.chaudhary217@outlook.com,DEP001,Consultant,B.A.,16.3,2019-12-13,Active,,100000,1
EMP02513,Aditya Joshi,Male,1987-05-04,39,Married,Nagpur,Maharashtra,+918717449215,aditya.joshi995@yahoo.com,DEP008,Manager,B.Sc,16.0,2016-04-11,Active,,25000,5
EMP02514,Saanvi Kumar,Female,1970-09-20,56,Divorced,Pune,Maharashtra,+917913838843,saanvi.kumarrediffmail.com,DEP001,Deputy General Manager,M.Tech,7.4,2019-07-15,On Notice Period,,200000,4
EMP02515,Shreya Sharma,Other,2000-08-12,26,Divorced,Lucknow,Uttar Pradesh,+916437756533,shreya.sharma851@yahoo.com,DEP003,Intern,Diploma,9.1,2022-04-10,Resigned,2026-02-26,100000,2
EMP02516,Nikhil Bose,Male,1998-09-13,28,Divorced,Pune,Maharashtra,+917534696882,nikhil.bose941@yahoo.com,DEP012,Vice President,M.Tech,25.2,2023-11-14,On Notice Period,,45000,3
EMP02517,Rekha Malhotra,Female,1969-03-11,57,Single,Hyderabad,Telangana,+919057750100,rekha.malhotra307@rediffmail.com,DEP004,Intern,B.Sc,5.5,2018-12-21,Active,,250000,3
EMP02518,nisha bansal,Other,2004-06-04,22,Married,Nagpur,Maharashtra,+916157709941,nisha.bansal956@yahoo.com,DEP009,Consultant,M.Tech,15.9,2022-01-25,Terminated,2022-05-05,60000,4
EMP02519,MEERA IYER,Other,1975-07-21,51,Divorced,Chandigarh,Chandigarh,+919791873465,,DEP011,Deputy General Manager,MBA,17.5,2018-05-28,Active,,35000,3
EMP02520,Ishaan Nair,Other,1995-09-11,31,Single,Kolkata,West Bengal,+916177281205,ishaan.nair870@yahoo.com,DEP008,Senior Analyst,MBA,14.5,2018-04-09,On Notice Period,,80000,5
EMP02521,Aditya Sharma,Male,1988-07-07,38,Single,Coimbatore,Tamil Nadu,+919669379509,aditya.sharma522@hotmail.com,DEP007,Senior Associate,B.Com,11.4,2025-11-23,On Notice Period,,100000,5
EMP02522,Ritu Menon,Female,1972-09-06,54,Single,Delhi,Delhi,+918948746512,ritu.menon454@rediffmail.com,DEP001,Analyst,MBA,6.1,2017-12-04,Active,,320000,3
EMP02523,Sunita Kumar,Female,1968-05-05,58,Divorced,Chennai,Tamil Nadu,+916422607379,sunita.kumar373@yahoo.com,DEP004,Assistant Manager,MBA,24.7,2015-05-20,Active,,35000,2
EMP02524,Aman Malhotra,Male,1986-04-15,40,Divorced,Noida,Uttar Pradesh,+918187425938,aman.malhotra355@yahoo.com,DEP009,Vice President,PhD,10.1,2017-12-10,Terminated,2020-03-07,25000,2
EMP02525,Ritu Agarwal,Other,1989-09-13,37,Single,Noida,Uttar Pradesh,+916470710422,ritu.agarwal182@outlook.com,DEP005,Senior Associate,B.Sc,18.7,2019-06-01,Active,,250000,5
EMP02526,Pooja Agarwal,Other,1981-02-03,45,Single,Indore,Madhya Pradesh,55532,pooja.agarwal404@rediffmail.com,DEP010,Senior Associate,M.Com,24.3,2022-01-03,Terminated,2025-10-03,100000,5
EMP02527,Ananya Shetty,Female,1975-12-13,51,Divorced,Jaipur,Rajasthan,+917395919329,,DEP006,General Manager,B.A.,5.5,2024-04-10,Active,,60000,4
EMP02528,Swati Agarwal,Other,1998-03-25,28,Divorced,Coimbatore,Tamil Nadu,+916284380262,swati.agarwal40@rediffmail.com,DEP005,Consultant,M.Tech,17.3,2015-07-11,Active,,160000,2
EMP02529,Ramesh Iyer,Male,1971-06-28,55,Married,Bengaluru,Karnataka,+918284188236,ramesh.iyer57@hotmail.com,DEP010,Senior Associate,B.Sc,30.0,2020-04-13,On Notice Period,,320000,2
EMP02530,Vivaan Rao,Other,1990-07-11,36,Single,Indore,Madhya Pradesh,+916187572435,vivaan.rao755@yahoo.com,DEP009,Assistant Manager,B.Com,28.0,2018-04-20,Resigned,2021-03-26,35000,1
EMP02531,Aarav Shetty,Male,1975-12-19,51,Single,Pune,Maharashtra,+917145990126,aarav.shetty369@hotmail.com,DEP004,Senior Associate,M.Com,2.6,2022-09-20,Active,,100000,5
EMP02532,Krishna Singh,Male,2001-07-15,25,Divorced,Noida,Uttar Pradesh,+917378137628,krishna.singh595@yahoo.com,DEP010,Vice President,M.Tech,1.9,2022-11-24,On Notice Period,,35000,3
EMP02533,Kavita Agarwal,Female,1967-12-12,59,Single,Delhi,Delhi,+918317640166,kavita.agarwal783@rediffmail.com,DEP012,Intern,M.Sc,18.9,2022-06-23,Active,,250000,4
EMP02534,Shreya Nair,Female,1976-12-28,50,Single,Coimbatore,Tamil Nadu,+919782957057,shreya.nair21@yahoo.com,DEP010,Associate,B.Com,29.2,2023-08-12,Active,,250000,4
EMP02535,Ritu Gupta,Female,2003-03-23,23,Married,Nagpur,Maharashtra,+917599416261,ritu.gupta960@yahoo.com,DEP004,Deputy General Manager,B.A.,19.0,2017-11-18,Terminated,2020-05-21,320000,2
EMP02536,Priya Mishra,Other,1977-06-04,49,Divorced,Chandigarh,Chandigarh,+917669577878,priya.mishra798@yahoo.com,DEP007,Vice President,M.Tech,8.1,2024-03-20,Active,,250000,2
EMP02537,Sneha Chopra,Female,1969-07-14,57,Divorced,Lucknow,Uttar Pradesh,1234563538,sneha.chopra119@rediffmail.com,DEP010,Team Lead,M.Tech,24.8,2015-08-19,Active,,200000,3
EMP02538,Sarika Reddy,Female,2001-06-21,25,Divorced,Hyderabad,Telangana,+919052781906,sarika.reddy744@rediffmail.com,DEP007,Associate,PhD,25.7,2023-07-18,Active,,100000,2
EMP02539,Myra Rao,Other,1991-02-27,35,Married,Lucknow,Uttar Pradesh,+918161504221,myra.rao151@yahoo.com,DEP006,Analyst,Diploma,14.0,2025-06-06,Active,,60000,3
EMP02540,Pooja Chopra,Female,1993-04-07,33,Single,Chandigarh,Chandigarh,+917892168489,pooja.chopra@@gmail.com,DEP012,Senior Manager,B.Tech,12.2,2019-02-01,Active,,130000,4
EMP02541,Sanjay Menon,Male,1966-07-19,60,Single,Hyderabad,Telangana,+916888310559,sanjay.menon806@outlook.com,DEP012,Executive,Diploma,26.7,2018-02-24,Resigned,2018-08-17,320000,1
EMP02542,Aarav Shetty,Other,1999-11-28,27,Divorced,Nagpur,Maharashtra,+916073835421,aarav.shetty854@gmail.com,DEP011,Deputy General Manager,B.Tech,23.4,2022-03-24,Terminated,2026-06-23,45000,2
EMP02543,Aman Bansal,Male,1987-09-02,39,Single,Ahmedabad,Gujarat,+917894095201,aman.bansal299@hotmail.com,DEP005,Analyst,M.Com,13.6,2024-10-13,Active,,60000,5
EMP02544,Rohan Chaudhary,Male,1994-01-16,32,Divorced,Coimbatore,Tamil Nadu,+918717053029,rohan.chaudhary235@gmail.com,DEP006,Senior Analyst,B.A.,21.1,2020-10-26,Active,,250000,4
EMP02545,Divya Chaudhary,Female,1967-11-04,59,Single,Bengaluru,Karnataka,+919652870296,divya.chaudhary114@rediffmail.com,DEP005,Associate,B.Tech,7.6,2025-04-13,Active,,60000,5
EMP02546,Vivaan Verma,Male,2004-04-09,22,Married,Chandigarh,Chandigarh,+918902858550,vivaan.verma570@rediffmail.com,DEP005,Executive,B.Com,6.0,2017-05-06,Active,,60000,2
EMP02547,riya rao,Other,1969-02-09,57,Divorced,Chandigarh,Chandigarh,+917375853798,riya.rao511@outlook.com,DEP008,Senior Manager,B.Tech,27.6,2017-09-09,On Notice Period,,25000,1
EMP02548,Saurabh Patel,Male,1975-08-06,51,Married,Chennai,Tamil Nadu,+919010678398,saurabh.patel56@gmail.com,DEP008,Executive,PhD,22.6,2024-09-24,Resigned,,200000,2
EMP02549,Saurabh Bansal,Male,1977-12-22,17,Married,Indore,Madhya Pradesh,+916911590558,saurabh.bansal@@yahoo.com,DEP002,Team Lead,PhD,12.6,2024-10-24,Active,,130000,4
EMP02550,Ajay Chaudhary,Male,1976-09-28,50,Divorced,Ghaziabad,Uttar Pradesh,+918873149994,ajay.chaudharyyahoo.com,DEP011,Consultant,Diploma,15.7,2021-12-22,Terminated,2023-09-13,60000,4
EMP02551,Vikram Pillai,Male,1972-05-06,54,Single,Mumbai,Maharashtra,+916393162545,vikram.pillai215@rediffmail.com,DEP010,Senior Associate,MBA,28.7,2025-12-06,On Notice Period,,35000,1
EMP02552,Priya Singh,Other,1972-06-05,54,Married,Mumbai,Maharashtra,+916411676518,priya.singh49@hotmail.com,DEP006,Executive,M.Com,14.9,2025-03-15,Active,,100000,3
EMP02553,Isha Joshi,Female,1992-03-11,34,Divorced,Noida,Uttar Pradesh,+918076840068,isha.joshi65@rediffmail.com,DEP012,Vice President,B.Tech,0.6,2024-12-10,Resigned,2025-03-19,25000,4
EMP02554,ritu chaudhary,Other,2003-08-23,23,Married,Chandigarh,Chandigarh,+917620612750,ritu.chaudhary331@outlook.com,DEP008,General Manager,MBA,19.7,2016-11-29,Active,,60000,2
EMP02555,Sneha Singh,Other,1966-10-24,60,Single,Mumbai,Maharashtra,+918307253557,sneha.singh220@hotmail.com,DEP012,Senior Manager,M.Tech,27.4,2015-06-29,Active,,60000,2
EMP02556,Priya Singh,Female,2003-08-12,23,Married,Coimbatore,Tamil Nadu,+917533229484,priya.singh443@hotmail.com,DEP010,Associate,B.A.,21.7,2020-08-07,Active,,250000,5
EMP02557,Myra Bansal,Other,1995-05-27,31,Single,Bengaluru,Karnataka,+919959966295,myra.bansal99@hotmail.com,DEP005,Senior Associate,B.Sc,20.1,2021-07-12,On Notice Period,,35000,1
EMP02558,Sanjay Shetty,Male,1981-05-16,45,Divorced,Kolkata,West Bengal,+916111100183,sanjay.shetty938@yahoo.com,DEP001,Executive,B.Com,19.9,2019-06-27,Resigned,2025-09-26,25000,2
EMP02559,Nikhil Iyer,Other,1988-09-02,38,Divorced,Mumbai,Maharashtra,+916336376180,nikhil.iyer449@rediffmail.com,DEP006,Vice President,MBA,11.6,2019-10-31,Terminated,2021-09-30,320000,1
EMP02560,Kavya Agarwal,Female,1998-01-24,28,Divorced,Hyderabad,Telangana,+919361093042,kavya.agarwal199@outlook.com,DEP008,Executive,M.Com,18.0,2022-04-21,Resigned,,35000,2
EMP02561,Vikram Iyer,Other,1976-08-03,50,Divorced,Chandigarh,Chandigarh,+917538447994,vikram.iyer649@gmail.com,DEP012,Deputy General Manager,M.Tech,22.4,2024-10-20,Active,,160000,2
EMP02562,Reyansh Sharma,Other,2005-06-21,21,Single,Jaipur,Rajasthan,+919798117023,reyansh.sharma844@outlook.com,DEP002,General Manager,M.Sc,7.2,2026-04-24,Resigned,,35000,5
EMP02563,Suresh Chopra,Other,1991-02-12,35,Divorced,Bengaluru,Karnataka,+919917697008,suresh.chopra425@rediffmail.com,DEP002,Deputy General Manager,B.Tech,2.2,2024-05-16,Active,,130000,5
EMP02564,Pooja Rao,Female,1999-09-11,27,Single,Bengaluru,Karnataka,+916764228013,pooja.rao207@gmail.com,DEP003,Analyst,B.Sc,3.5,2016-10-13,Terminated,2019-09-07,250000,1
EMP02565,Meera Malhotra,Female,1994-05-20,32,Single,Pune,Maharashtra,+918173084487,meera.malhotra414@rediffmail.com,DEP005,Intern,B.Tech,44.5,2025-11-09,Active,,80000,4
EMP02566,Isha Joshi,Female,2003-02-21,23,Divorced,Nagpur,Maharashtra,+918347929927,isha.joshi814@gmail.com,DEP006,Senior Manager,B.Sc,26.5,2017-09-25,Active,,80000,5
EMP02567,Priya Verma,Female,1968-06-08,58,Single,Chennai,Tamil Nadu,+919470278408,priya.verma650@hotmail.com,DEP004,Consultant,B.Sc,27.6,2015-07-06,Resigned,2019-11-05,25000,1
EMP02568,Ritu Ghosh,Other,1972-12-17,54,Married,Jaipur,Rajasthan,+919476616749,ritu.ghosh907@outlook.com,DEP002,Team Lead,M.Sc,16.0,2020-10-28,Active,,320000,1
EMP02569,Naveen Chaudhary,Other,1969-06-25,57,Divorced,Hyderabad,Telangana,+919948501371,naveen.chaudhary224@yahoo.com,DEP002,Executive,B.A.,14.1,2022-01-27,Active,,200000,4
EMP02570,Ramesh Bansal,Male,1987-08-17,39,Single,Surat,Gujarat,+917429845777,ramesh.bansal196@outlook.com,DEP012,Senior Manager,PhD,2.7,2022-07-13,Active,,60000,4
EMP02571,Diya Singh,Other,1988-08-16,38,Divorced,Noida,Uttar Pradesh,+919273306741,diya.singh159@gmail.com,DEP005,Team Lead,M.Sc,6.1,2021-11-07,Active,,250000,3
EMP02572,Kritika Agarwal,Female,1994-04-05,32,Divorced,Chandigarh,Chandigarh,+916512449896,kritika.agarwal909@hotmail.com,DEP006,Associate,B.Com,7.8,2022-06-19,Terminated,,45000,4
EMP02573,Ritu Joshi,Other,1998-05-20,28,Divorced,Jaipur,Rajasthan,+918781524978,ritu.joshi95@outlook.com,DEP004,Manager,B.A.,9.2,2023-05-15,Active,,60000,3
EMP02574,Riya Chaudhary,Female,1990-08-20,36,Divorced,Lucknow,Uttar Pradesh,+919650875319,riya.chaudhary463@yahoo.com,DEP009,Associate,B.Sc,14.0,2016-03-02,Active,,80000,3
EMP02575,Aman Malhotra,Male,1981-12-14,45,Divorced,Chennai,Tamil Nadu,+918566486277,aman.malhotra@@rediffmail.com,DEP002,Analyst,B.A.,20.7,2021-03-16,Active,,200000,4
EMP02576,Naveen Sharma,Male,1970-09-02,56,Married,Pune,Maharashtra,+91-787591,naveen.sharma855@outlook.com,DEP006,Intern,M.Tech,11.1,2023-11-19,Resigned,,100000,5
EMP02577,Krishna Shetty,Other,1996-11-06,30,Single,Bengaluru,Karnataka,+917122127724,krishna.shetty71@yahoo.com,DEP010,Assistant Manager,M.Com,17.1,2015-05-16,Active,,35000,1
EMP02578,Kritika Patel,Female,2004-01-22,22,Single,Nagpur,Maharashtra,+917516369546,kritika.patel263@gmail.com,DEP007,Consultant,MBA,6.1,2021-07-20,On Notice Period,,250000,
EMP02579,Naveen Shetty,Other,1969-08-21,57,Divorced,Jaipur,Rajasthan,+916690109921,naveen.shetty717@rediffmail.com,DEP007,Manager,M.Com,26.8,2018-09-06,Resigned,2022-10-30,80000,5
EMP02580,KRISHNA JOSHI,Male,2005-04-06,21,Divorced,Bengaluru,Karnataka,+916987292740,krishna.joshi101@gmail.com,DEP005,Senior Analyst,PhD,6.2,2021-03-18,Terminated,2026-01-20,160000,
EMP02581,RIYA REDDY,Female,1998-12-05,28,Married,Pune,Maharashtra,+916770009826,riya.reddy942@rediffmail.com,DEP003,Senior Associate,B.Com,18.6,2022-11-11,Active,,35000,
EMP02582,Arjun Malhotra,Other,2002-01-11,24,Single,Coimbatore,Tamil Nadu,+919796715656,arjun.malhotra49@rediffmail.com,DEP001,General Manager,Diploma,10.3,2017-07-11,On Notice Period,,160000,2
EMP02583,Sunita Chaudhary,Female,2000-01-15,26,Single,Lucknow,Uttar Pradesh,+917472259282,sunita.chaudhary285@outlook.com,DEP006,Senior Associate,PhD,17.2,2023-01-20,Active,,25000,
EMP02584,Nisha Patel,Other,2001-12-24,25,Married,Delhi,Delhi,+917610760427,nisha.patel948@rediffmail.com,DEP002,Senior Analyst,M.Tech,19.1,2025-12-31,Active,,35000,4
EMP02585,Anil Rao,Male,1966-03-24,60,Single,Hyderabad,Telangana,+919896004288,anil.rao495@rediffmail.com,DEP009,Intern,PhD,0.4,2018-02-08,Active,,130000,3
EMP02586,Sunita Sharma,Female,1966-05-14,60,Single,Delhi,Delhi,+918105857285,sunita.sharma744@outlook.com,DEP001,Executive,M.Com,2.8,2017-02-19,Active,,250000,3
EMP02587,Rahul Yadav,Other,1989-05-09,37,Single,Hyderabad,Telangana,+918979914804,rahul.yadav26@rediffmail.com,DEP002,Associate,B.Sc,1.0,2016-11-17,Active,,100000,1
EMP02588,Vikram Chaudhary,Male,1999-10-09,27,Married,Pune,Maharashtra,+919073422095,vikram.chaudhary196@gmail.com,DEP006,Senior Associate,MBA,16.0,2022-08-14,Active,,130000,5
EMP02589,Anjali Rao,Female,1970-07-17,56,Single,Chennai,Tamil Nadu,+917170286824,anjali.rao530@gmail.com,DEP012,Senior Associate,M.Com,45.8,2023-05-24,On Notice Period,,250000,4
EMP02590,Kritika Reddy,Female,1974-05-27,52,Divorced,Hyderabad,Telangana,+919727341681,kritika.reddy672@hotmail.com,DEP003,Analyst,M.Tech,0.5,2025-02-03,Active,,250000,
EMP02591,Diya Yadav,Female,1994-08-20,32,Married,Bengaluru,Karnataka,+918830361010,diya.yadav392@rediffmail.com,DEP002,Team Lead,B.Tech,12.7,2017-04-15,Active,,35000,3
EMP02592,Aarav Bose,Other,1974-08-19,52,Single,Surat,Gujarat,+918015402490,aarav.bose414@yahoo.com,DEP007,Team Lead,PhD,24.0,2015-10-31,Active,,45000,2
EMP02593,Meera Desai,Other,1984-12-05,42,Married,Coimbatore,Tamil Nadu,+919396702910,meera.desai656@rediffmail.com,DEP006,Deputy General Manager,M.Com,19.2,2019-10-05,Resigned,2021-05-13,160000,3
EMP02594,Deepak Patel,Male,1985-08-20,41,Married,Pune,Maharashtra,+916218719943,deepak.patel404@outlook.com,DEP008,Associate,M.Sc,14.1,2021-03-03,Active,,320000,2
EMP02595,Saanvi Kumar,Female,1976-10-14,50,Single,Delhi,Delhi,+918566506668,saanvi.kumar589@gmail.com,DEP006,Manager,B.Com,24.9,2024-08-14,Terminated,,160000,2
EMP02596,Nisha Bansal,Other,1966-04-06,60,Married,Nagpur,Maharashtra,+917959732935,nisha.bansal573@rediffmail.com,DEP011,Consultant,B.A.,5.5,2019-04-06,On Notice Period,,320000,1
EMP02597,Karan Kapoor,Male,1991-10-24,35,Single,Coimbatore,Tamil Nadu,+918864333812,karan.kapoor837@outlook.com,DEP008,Senior Associate,Diploma,27.4,2025-06-09,Active,,45000,5
EMP02598,Saurabh Kapoor,Male,1993-08-05,33,Single,Ghaziabad,Uttar Pradesh,+916965153903,saurabh.kapoor614@rediffmail.com,DEP010,Executive,M.Tech,20.3,2020-10-12,Active,,250000,5
EMP02599,Shreya Chopra,Female,1972-09-25,54,Divorced,Surat,Gujarat,+916415304941,shreya.chopra927@rediffmail.com,DEP007,Manager,MBA,26.3,2016-11-03,Resigned,2020-04-21,320000,5
EMP02600,Priya Patel,Female,1988-02-03,38,Divorced,Indore,Madhya Pradesh,+917362706431,priya.patel14@gmail.com,DEP001,Senior Associate,B.Tech,0.1,2020-09-25,Active,,60000,1
EMP02601,Divya Gupta,Female,1989-05-06,37,Divorced,Chennai,Tamil Nadu,+917083898725,divya.gupta603@hotmail.com,DEP003,Team Lead,M.Com,28.2,2023-03-03,Active,,80000,1
EMP02602,rekha kapoor,Female,1990-06-05,36,Divorced,Bengaluru,Karnataka,+917663961864,rekha.kapoor782@outlook.com,DEP002,Associate,B.Com,5.1,2025-06-16,Active,,200000,4
EMP02603,Rekha Reddy,Female,1972-04-08,54,Single,Lucknow,Uttar Pradesh,+917910682403,rekha.reddy539@hotmail.com,DEP012,Executive,B.Sc,10.4,2022-10-05,Active,,200000,5
EMP02604,Sarika Menon,Other,1984-06-27,42,Married,Jaipur,Rajasthan,+917596829973,sarika.menon847@hotmail.com,DEP006,Deputy General Manager,B.A.,18.6,2019-12-04,Terminated,2024-02-08,130000,2
EMP02605,rekha ghosh,Female,1991-06-20,35,Married,Surat,Gujarat,+918326882254,rekha.ghosh963@hotmail.com,DEP003,Deputy General Manager,M.Tech,42.3,2021-01-28,Resigned,2021-09-19,100000,
EMP02606,RIYA DESAI,Female,2000-04-11,26,Divorced,Chennai,Tamil Nadu,+919785628107,riya.desai736@outlook.com,DEP001,Senior Manager,B.Tech,25.0,2018-06-11,Active,,130000,1
EMP02607,Swati Mishra,Female,1994-03-16,32,Divorced,Coimbatore,Tamil Nadu,+919206947971,swati.mishra609@gmail.com,DEP012,Senior Analyst,B.Sc,8.0,2020-11-28,Active,,80000,5
EMP02608,Vikram Iyer,Other,1995-10-06,31,Single,Noida,Uttar Pradesh,1234565060,vikram.iyer616@gmail.com,DEP012,Team Lead,M.Sc,22.5,2016-04-08,Active,,45000,5
EMP02609,Pooja Shetty,Other,1976-11-09,50,Divorced,Indore,Madhya Pradesh,+919345548983,pooja.shetty548@yahoo.com,DEP011,Deputy General Manager,B.Tech,23.8,2022-09-16,Active,,35000,4
EMP02610,Neha Verma,Female,1969-11-20,57,Divorced,Lucknow,Uttar Pradesh,,neha.verma679@gmail.com,DEP011,Team Lead,M.Com,27.7,2016-05-12,Active,,160000,4
EMP02611,Pooja Nair,Other,1973-02-27,53,Married,Kolkata,West Bengal,+918659477720,pooja.nair966@gmail.com,DEP009,Consultant,B.Sc,29.1,2025-08-04,Resigned,,100000,4
EMP02612,Kavya Reddy,Female,1970-12-26,56,Single,Nagpur,Maharashtra,+917486990545,kavya.reddy94@outlook.com,DEP006,Vice President,MBA,27.2,2025-07-05,Active,,130000,3
EMP02613,Suresh Nair,Male,1967-02-21,59,Single,Indore,Madhya Pradesh,+916202036910,suresh.nair237@gmail.com,DEP010,Senior Analyst,MBA,26.8,2016-09-28,On Notice Period,,100000,5
EMP02614,Anil Iyer,Male,1970-11-06,56,Married,Chennai,Tamil Nadu,+919554567126,anil.iyer718@gmail.com,DEP003,Consultant,M.Sc,24.2,2021-10-21,Active,,35000,4
EMP02615,Swati Sharma,Female,1975-06-08,51,Divorced,Chandigarh,Chandigarh,+916755800356,swati.sharma520@yahoo.com,DEP006,Consultant,MBA,5.6,2024-12-01,On Notice Period,,45000,4
EMP02616,Anjali Malhotra,Female,1989-11-24,37,Divorced,Ahmedabad,Gujarat,+919923789287,anjali.malhotra112@hotmail.com,DEP007,Assistant Manager,M.Tech,13.3,2021-11-26,Terminated,2025-11-05,130000,5
EMP02617,Ritu Chopra,Other,1969-02-22,57,Divorced,Nagpur,Maharashtra,+918063681203,ritu.chopraoutlook.com,DEP012,Analyst,M.Sc,23.6,2016-02-25,Terminated,2016-08-23,100000,4
EMP02618,Deepak Iyer,Male,1991-02-10,35,Divorced,Pune,Maharashtra,+916253466048,deepak.iyer209@rediffmail.com,DEP001,Assistant Manager,B.Sc,6.8,2018-10-24,Active,,320000,4
EMP02619,Ajay Yadav,Male,1989-07-21,37,Married,Indore,Madhya Pradesh,+917223497068,ajay.yadav240@hotmail.com,DEP002,Executive,B.Com,14.3,2015-05-06,Active,,160000,2
EMP02620,isha menon,Female,1989-10-24,37,Married,Noida,Uttar Pradesh,+919750731587,isha.menon203@yahoo.com,DEP002,Senior Analyst,MBA,4.5,2018-11-28,Active,,35000,1
EMP02621,Ishaan Agarwal,Other,1992-01-03,34,Married,Ahmedabad,Gujarat,+919905097963,ishaan.agarwal596@hotmail.com,DEP010,Assistant Manager,PhD,18.2,2018-04-09,On Notice Period,,25000,3
EMP02622,Kritika Yadav,Female,1994-08-02,32,Divorced,Nagpur,Maharashtra,+919390725845,kritika.yadav560@hotmail.com,DEP012,Team Lead,Diploma,1.5,2021-06-21,Resigned,2025-07-25,25000,5
EMP02623,aditya kumar,Male,1991-11-20,35,Divorced,Ahmedabad,Gujarat,+919976480072,aditya.kumar384@gmail.com,DEP008,Executive,PhD,21.6,2026-02-16,Active,,80000,3
EMP02624,Neha Rao,Female,1988-04-11,38,Divorced,Nagpur,Maharashtra,+917896385904,neha.rao188@gmail.com,DEP007,Senior Analyst,M.Sc,4.4,2024-11-14,Active,,80000,1
EMP02625,  Arjun Mishra  ,Male,1997-04-20,29,Divorced,Lucknow,Uttar Pradesh,+919808189290,arjun.mishra518@gmail.com,DEP009,Senior Analyst,MBA,16.1,2024-12-18,On Notice Period,,160000,1
EMP02626,Deepak Sharma,Male,1991-10-14,35,Single,Ghaziabad,Uttar Pradesh,+917942475991,deepak.sharma863@hotmail.com,DEP005,Senior Analyst,B.Com,15.2,2018-11-29,On Notice Period,,200000,4
EMP02627,Vivaan Joshi,Male,1992-01-26,34,Divorced,Chennai,Tamil Nadu,+918389827538,vivaan.joshi114@rediffmail.com,DEP002,Consultant,M.Tech,5.3,2026-06-26,Active,,100000,4
EMP02628,Rohan Chopra,Male,1993-04-12,33,Single,Delhi,Delhi,+919907139696,rohan.chopra202@outlook.com,DEP012,Senior Analyst,B.Com,18.1,2025-09-27,Active,,200000,4
EMP02629,Suresh Singh,Male,1995-11-28,31,Divorced,Bengaluru,Karnataka,+917491968821,suresh.singh324@gmail.com,DEP008,Senior Manager,B.Tech,9.1,2025-05-06,Active,,320000,1
EMP02630,Reyansh Ghosh,Male,1987-09-28,39,Divorced,Mumbai,Maharashtra,+918964676801,reyansh.ghosh959@gmail.com,DEP004,Deputy General Manager,B.Sc,1.2,2023-06-17,Resigned,,25000,4
EMP02631,Naveen Desai,Male,1998-09-06,28,Divorced,Surat,Gujarat,+919709734258,naveen.desai@yahoo,DEP012,Vice President,B.A.,18.5,2019-03-31,Active,,100000,3
EMP02632,Sarika Reddy,Female,1977-04-15,49,Single,Coimbatore,Tamil Nadu,+918131756166,sarika.reddy947@hotmail.com,DEP002,Assistant Manager,B.Com,28.1,2016-01-12,Active,,320000,2
EMP02633,Vihaan Bansal,Male,2004-04-06,22,Single,Delhi,Delhi,+917920363195,vihaan.bansal503@hotmail.com,DEP012,Senior Manager,B.Sc,10.8,2025-05-04,Active,,160000,4
EMP02634,Saanvi Bansal,Other,1976-02-28,50,Single,Ahmedabad,Gujarat,+918002345634,saanvi.bansal481@hotmail.com,DEP009,Consultant,M.Com,12.4,2023-02-19,Active,,45000,2
EMP02635,Isha Bose,Other,2004-11-06,22,Divorced,Pune,Maharashtra,+918927090005,isha.bose641@hotmail.com,DEP008,General Manager,M.Tech,22.7,2021-08-22,Active,,160000,1
EMP02636,Sarika Desai,Other,1975-05-16,51,Divorced,Bengaluru,Karnataka,+916583643137,sarika.desai292@gmail.com,DEP005,Intern,M.Tech,10.5,2021-09-12,Active,,80000,3
EMP02637,Anjali Shetty,Female,1980-04-20,46,Divorced,Chandigarh,Chandigarh,,anjali.shetty892@gmail.com,DEP004,Intern,M.Sc,1.0,2016-05-18,Active,,130000,2
EMP02638,Reyansh Mishra,Other,1974-04-24,52,Single,Ahmedabad,Gujarat,+919409154794,reyansh.mishra668@rediffmail.com,DEP002,Executive,M.Tech,17.1,2017-03-24,Active,,45000,2
EMP02639,Sneha Mishra,Female,1995-08-03,31,Single,Lucknow,Uttar Pradesh,+917858854816,sneha.mishra628@yahoo.com,DEP002,Assistant Manager,M.Tech,24.0,2024-11-14,Active,,250000,4
EMP02640,Myra Pillai,Female,1982-07-19,44,Single,Mumbai,Maharashtra,+919455594852,myra.pillai106@outlook.com,DEP003,Deputy General Manager,M.Sc,27.3,2023-12-31,On Notice Period,,130000,3
EMP02641,Aditya Menon,Other,2003-06-08,23,Divorced,Ghaziabad,Uttar Pradesh,+917358053167,aditya.menon980@outlook.com,DEP005,Deputy General Manager,B.Com,25.0,2019-07-17,Active,,130000,2
EMP02642,Anil Kapoor,Male,1966-05-24,60,Single,Chennai,Tamil Nadu,+916361993066,anil.kapoor465@gmail.com,DEP010,Executive,M.Com,5.5,2024-09-03,Resigned,2025-05-08,100000,1
EMP02643,Kavya Pillai,Other,1988-09-09,38,Married,Hyderabad,Telangana,+917823351305,kavya.pillai879@yahoo.com,DEP004,Manager,PhD,24.0,2015-10-15,Resigned,2016-12-19,45000,2
EMP02644,Divya Pillai,Female,1968-06-12,58,Married,Pune,Maharashtra,+918730077783,,DEP010,Assistant Manager,PhD,23.8,2019-09-03,Active,,100000,2
EMP02645,Rahul Agarwal,Male,2002-10-11,24,Divorced,Surat,Gujarat,+916462727153,rahul.agarwal@@yahoo.com,DEP010,Senior Analyst,M.Sc,28.4,2017-12-10,Resigned,2023-09-20,35000,3
EMP02646,Aadhya Kapoor,Other,1991-08-21,35,Divorced,Chandigarh,Chandigarh,+916727931163,aadhya.kapoor443@hotmail.com,DEP011,Manager,MBA,14.5,2026-01-05,Active,,320000,2
EMP02647,Sanjay Malhotra,Male,1990-01-11,36,Single,Noida,Uttar Pradesh,032522469968996,sanjay.malhotra627@rediffmail.com,DEP012,Analyst,B.Sc,2.6,2024-07-12,Terminated,,45000,1
EMP02648,Anjali Gupta,Other,2001-11-02,25,Married,Coimbatore,Tamil Nadu,+919005100463,anjali.gupta192@gmail.com,DEP003,Analyst,MBA,29.4,2018-04-07,Active,,45000,1
EMP02649,Vivaan Mishra,Male,1986-06-17,40,Divorced,Mumbai,Maharashtra,+916089037291,vivaan.mishra682@gmail.com,DEP011,Deputy General Manager,M.Sc,1.6,2024-07-19,Terminated,,80000,1
EMP02650,Gaurav Yadav,Male,1984-04-05,42,Married,Ahmedabad,Gujarat,+919038689000,gaurav.yadav679@rediffmail.com,DEP011,Consultant,M.Sc,5.2,2015-06-19,Active,,100000,
EMP02651,Kavita Kumar,Female,1967-09-07,59,Married,Bengaluru,Karnataka,+916563393149,kavita.kumar249@yahoo.com,DEP011,Senior Associate,M.Com,13.3,2017-01-12,Active,,35000,3
EMP02652,Arjun Iyer,Other,1972-06-26,54,Divorced,Lucknow,Uttar Pradesh,+918530887318,arjun.iyer149@rediffmail.com,DEP009,Consultant,Diploma,24.1,2016-10-06,On Notice Period,,35000,4
EMP02653,Isha Shetty,Other,1995-07-25,31,Divorced,Coimbatore,Tamil Nadu,1234561546,isha.shetty503@gmail.com,DEP007,Executive,M.Sc,4.4,2017-08-13,Terminated,2017-12-14,200000,2
EMP02654,Sunita Iyer,Female,1997-03-01,29,Married,Ghaziabad,Uttar Pradesh,+919155281098,sunita.iyer428@hotmail.com,DEP005,Associate,Diploma,7.8,2021-01-27,Terminated,2022-09-24,60000,1
EMP02655,Divya Ghosh,Other,1978-04-16,48,Single,Jaipur,Rajasthan,+918679054638,divya.ghosh299@outlook.com,DEP010,Manager,B.A.,15.1,2019-06-15,Active,,100000,3
EMP02656,ananya pillai,Other,1980-05-07,46,Divorced,Mumbai,Maharashtra,+917925963924,ananya.pillai450@yahoo.com,DEP012,Executive,MBA,17.2,2021-07-24,Active,,100000,3
EMP02657,Krishna Malhotra,Other,1989-10-10,37,Married,Kolkata,West Bengal,8116803,krishna.malhotra13@yahoo.com,DEP003,Senior Manager,M.Tech,2.8,2018-03-28,Active,,250000,2
EMP02658,Sunita Verma,Female,1978-05-05,48,Married,Nagpur,Maharashtra,+917829018694,sunita.verma941@hotmail.com,DEP009,Intern,B.A.,17.0,2023-01-08,Active,,35000,3
EMP02659,Krishna Ghosh,Other,1968-12-20,58,Divorced,Pune,Maharashtra,+916170017810,krishna.ghosh683@yahoo.com,DEP012,Senior Analyst,M.Com,28.7,2020-12-26,On Notice Period,,200000,1
EMP02660,Krishna Ghosh,Male,2000-04-16,26,Married,Surat,Gujarat,+919865572599,krishna.ghosh361@hotmail.com,DEP001,Consultant,Diploma,2.5,2023-09-06,Resigned,2025-09-22,250000,3
EMP02661,Isha Malhotra,Female,1986-12-20,40,Married,Surat,Gujarat,+919062724569,isha.malhotra80@gmail.com,DEP007,Deputy General Manager,Diploma,26.9,2019-06-18,Active,,160000,1
EMP02662,Suresh Nair,Other,1985-10-06,41,Divorced,Nagpur,Maharashtra,+917668202971,suresh.nair992@rediffmail.com,DEP004,Associate,B.Sc,4.1,2022-07-17,Terminated,2025-05-10,200000,3
EMP02663,Kavita Mishra,Other,1995-06-03,31,Married,Ghaziabad,Uttar Pradesh,+919423242629,kavita.mishra85@rediffmail.com,DEP006,Senior Manager,M.Tech,14.2,2026-04-23,Active,,80000,4
EMP02664,Vikram Nair,Other,2001-07-01,25,Married,Jaipur,Rajasthan,+916240189155,vikram.nair738@hotmail.com,DEP010,Senior Associate,M.Com,28.6,2022-03-06,Terminated,2026-06-27,130000,1
EMP02665,Reyansh Joshi,Male,1985-07-01,41,Divorced,Nagpur,Maharashtra,+919861136829,reyansh.joshi684@outlook.com,DEP005,Executive,B.A.,17.6,2016-09-08,Active,,250000,1
EMP02666,Kavya Desai,Female,1982-02-09,44,Divorced,Chandigarh,Chandigarh,+917880370539,kavya.desai973@yahoo.com,DEP001,Intern,B.Sc,23.9,2020-01-09,On Notice Period,,60000,1
EMP02667,Diya Malhotra,Female,1998-09-16,28,Single,Kolkata,West Bengal,+917285299783,diya.malhotra898@rediffmail.com,DEP006,Team Lead,M.Sc,17.8,2017-08-12,Active,,200000,1
EMP02668,Myra Malhotra,Other,1990-01-03,36,Divorced,Ahmedabad,Gujarat,+919133213187,myra.malhotra501@yahoo.com,DEP005,Analyst,B.A.,9.7,2023-09-21,Active,,130000,2
EMP02669,Kavita Agarwal,Female,1985-12-23,41,Married,Hyderabad,Telangana,+919990365565,kavita.agarwal76@rediffmail.com,DEP001,Senior Analyst,B.Com,11.9,2017-09-30,Active,,250000,2
EMP02670,Vihaan Pillai,Other,1998-06-14,28,Single,Hyderabad,Telangana,+916612780838,,DEP007,Executive,M.Com,2.9,2019-11-02,Active,,130000,2
EMP02671,Karan Kumar,Other,1973-06-11,53,Married,Ahmedabad,Gujarat,+916190139486,karan.kumar524@rediffmail.com,DEP011,Senior Associate,MBA,3.4,2020-06-19,Terminated,2021-03-27,35000,5
EMP02672,SURESH NAIR,Other,2000-07-21,26,Divorced,Bengaluru,Karnataka,+916252030164,suresh.nair993@gmail.com,DEP012,Senior Manager,PhD,29.2,2018-10-31,Active,,200000,1
EMP02673,Kavya Desai,Other,1983-10-01,43,Married,Jaipur,Rajasthan,+918409311675,kavya.desai848@hotmail.com,DEP010,Analyst,B.Tech,42.4,2026-01-15,Resigned,,320000,3
EMP02674,Nikhil Kapoor,Male,1987-01-11,39,Divorced,Chandigarh,Chandigarh,+918865214719,,DEP002,Intern,M.Tech,6.3,2024-04-29,Active,,250000,2
EMP02675,Vikram Kapoor,Male,1994-02-13,32,Divorced,Surat,Gujarat,+919324170233,vikram.kapoor371@outlook.com,DEP004,Manager,B.A.,6.5,2021-01-30,Active,,160000,1
EMP02676,Myra Singh,Other,1984-05-24,42,Divorced,Jaipur,Rajasthan,+918582036452,,DEP009,Vice President,M.Com,12.5,2015-03-07,Active,,250000,2
EMP02677,Sneha Malhotra,Female,1995-05-02,31,Single,Coimbatore,Tamil Nadu,+916770730248,sneha.malhotra449@outlook.com,DEP003,Vice President,M.Tech,17.9,2025-01-26,Terminated,,160000,4
EMP02678,Rekha Yadav,Female,1971-11-13,55,Divorced,Coimbatore,Tamil Nadu,+916386694436,rekha.yadav138@outlook.com,DEP012,Consultant,B.A.,3.1,2025-05-29,Active,,25000,5
EMP02679,Ritu Chopra,Female,1991-11-13,35,Married,Indore,Madhya Pradesh,+919365053286,ritu.choprayahoo.com,DEP011,General Manager,M.Com,18.5,2018-10-01,Active,,250000,5
EMP02680,Sanjay Joshi,Male,1981-06-11,45,Married,Ahmedabad,Gujarat,+916662209457,sanjay.joshi@rediffmail,DEP004,Intern,M.Sc,6.8,2018-07-16,Active,,160000,4
EMP02681,Rahul Iyer,Male,1987-08-15,39,Single,Noida,Uttar Pradesh,+918961481572,rahul.iyer930@gmail.com,DEP010,Consultant,B.Tech,9.2,2016-11-20,Resigned,2019-07-29,35000,1
EMP02682,Sarika Chopra,Female,1992-08-19,34,Single,Indore,Madhya Pradesh,+916330438477,sarika.chopra29@hotmail.com,DEP012,Analyst,MBA,1.3,2026-06-13,Active,,100000,5
EMP02683,Aarav Agarwal,Male,1970-08-11,56,Single,Indore,Madhya Pradesh,+917103060658,aarav.agarwal523@outlook.com,DEP005,Deputy General Manager,M.Tech,27.9,2019-09-11,Resigned,2022-03-27,80000,2
EMP02684,Kavya Kumar,Female,2002-05-17,24,Divorced,Mumbai,Maharashtra,+917762279148,kavya.kumar238@rediffmail.com,DEP006,Assistant Manager,Diploma,1.9,2015-12-05,Active,,80000,1
EMP02685,Kritika Patel,Other,2000-07-21,26,Divorced,Mumbai,Maharashtra,+917540116988,kritika.patel444@outlook.com,DEP001,Senior Analyst,Diploma,23.6,2015-01-22,Active,,25000,
EMP02686,Arjun Gupta,Male,1976-02-12,50,Single,Chandigarh,Chandigarh,+918671794787,arjun.gupta354@gmail.com,DEP011,Team Lead,MBA,19.8,2026-05-01,Active,,250000,2
EMP02687,Deepak Singh,Male,1986-09-21,40,Married,Noida,Uttar Pradesh,+917139339248,deepak.singh794@rediffmail.com,DEP007,Vice President,B.Com,23.9,2023-07-26,Active,,45000,
EMP02688,Deepak Shetty,Male,1996-09-20,16,Divorced,Bengaluru,Karnataka,+919554431760,,DEP011,Assistant Manager,B.A.,23.3,2020-01-05,On Notice Period,,25000,3
EMP02689,Deepak Menon,Other,1986-01-09,40,Single,Indore,Madhya Pradesh,+917173263780,deepak.menon948@gmail.com,DEP012,Senior Associate,PhD,14.7,2022-04-27,On Notice Period,,100000,1
EMP02690,Ritu Nair,Female,1975-05-10,51,Married,Chennai,Tamil Nadu,+917161935087,ritu.nair778@yahoo.com,DEP011,Assistant Manager,M.Com,9.8,2019-01-29,Terminated,2020-05-06,60000,4
EMP02691,Naveen Nair,Male,1978-08-14,48,Single,Ghaziabad,Uttar Pradesh,+919624076462,naveen.nair634@outlook.com,DEP006,Vice President,B.Sc,5.6,2016-02-21,Resigned,2019-05-31,80000,3
EMP02692,rahul singh,Other,2002-06-14,24,Married,Ghaziabad,Uttar Pradesh,+918261259935,rahul.singh553@outlook.com,DEP003,General Manager,B.Com,20.0,2023-05-29,Resigned,,45000,4
EMP02693,Vivaan Desai,Other,1977-08-15,49,Divorced,Ghaziabad,Uttar Pradesh,+919826255464,vivaan.desai763@gmail.com,DEP004,Senior Associate,B.Sc,21.9,2018-03-20,Active,,160000,2
EMP02694,Sarika Chopra,Female,1990-04-14,36,Divorced,Ghaziabad,Uttar Pradesh,+918533250523,sarika.chopra189@gmail.com,DEP001,General Manager,M.Sc,9.8,2025-05-29,Active,,60000,3
EMP02695,Ritu Chopra,Female,1969-10-18,57,Divorced,Chandigarh,Chandigarh,+917911572396,ritu.chopra376@outlook.com,DEP001,Manager,M.Tech,7.0,2015-10-12,Active,,130000,
EMP02696,Anjali Menon,Other,1981-01-02,45,Divorced,Delhi,Delhi,+916509224439,anjali.menon662@outlook.com,DEP012,Senior Analyst,B.Sc,17.4,2015-06-23,Active,,100000,5
EMP02697,Priya Sharma,Other,1977-06-28,49,Divorced,Ahmedabad,Gujarat,+917169465142,priya.sharma237@yahoo.com,DEP001,Analyst,B.Tech,8.8,2023-04-20,Active,,35000,2
EMP02698,Ramesh Bose,Male,1990-03-28,36,Single,Bengaluru,Karnataka,+917389928115,ramesh.bose232@gmail.com,DEP005,Consultant,B.Tech,0.8,2020-07-22,On Notice Period,,45000,4
EMP02699,Riya Sharma,Other,1970-01-23,56,Divorced,Ahmedabad,Gujarat,+919061377741,riya.sharma228@yahoo.com,DEP007,Senior Associate,MBA,11.4,2022-03-11,Active,,320000,1
EMP02700,Krishna Bose,Male,1979-05-17,16,Married,Bengaluru,Karnataka,+917069603834,krishna.bose879@rediffmail.com,DEP002,Associate,M.Sc,24.3,2021-04-22,Active,,80000,3
EMP02701,Priya Desai,Female,1982-05-20,44,Divorced,Ahmedabad,Gujarat,+919648060867,priya.desai534@yahoo.com,DEP012,Senior Manager,B.A.,16.9,2022-04-14,Terminated,2023-09-22,200000,5
EMP02702,Saanvi Joshi,Female,1997-03-16,29,Single,Chennai,Tamil Nadu,+918717957223,,DEP009,Senior Analyst,PhD,22.0,2020-02-16,Active,,320000,5
EMP02703,Sneha Mishra,Other,1978-04-08,48,Divorced,Mumbai,Maharashtra,+919099231472,,DEP004,Intern,M.Sc,4.4,2024-02-26,Resigned,,130000,2
EMP02704,Diya Gupta,Other,1985-11-05,41,Divorced,Ghaziabad,Uttar Pradesh,+919241045116,diya.gupta498@gmail.com,DEP008,Manager,B.A.,6.2,2026-04-16,Terminated,,45000,1
EMP02705,Saurabh Kapoor,Male,1993-06-09,33,Divorced,Indore,Madhya Pradesh,+919731221284,saurabh.kapoor190@gmail.com,DEP002,Senior Associate,B.A.,5.2,2025-08-05,Resigned,,320000,3
EMP02706,Sanjay Patel,Other,1976-02-21,50,Married,Chennai,Tamil Nadu,+916419496902,sanjay.patel484@outlook.com,DEP003,General Manager,B.Tech,17.0,2024-12-02,Active,,130000,1
EMP02707,Vihaan Mishra,Other,1987-03-17,39,Married,Chennai,Tamil Nadu,+919914113741,vihaan.mishra757@outlook.com,DEP002,Analyst,M.Sc,9.4,2016-11-26,On Notice Period,,35000,3
EMP02708,Anjali Kumar,Female,2005-02-22,21,Single,Ahmedabad,Gujarat,+917552186131,anjali.kumar49@rediffmail.com,DEP006,Senior Analyst,PhD,49.6,2022-08-26,Active,,100000,4
EMP02709,Neha Bansal,Female,1981-05-17,45,Single,Kolkata,West Bengal,+918032684571,neha.bansal@@hotmail.com,DEP006,Team Lead,M.Sc,10.6,2015-07-01,Terminated,2017-04-20,130000,4
EMP02710,Kavita Ghosh,Female,1990-07-27,36,Single,Kolkata,West Bengal,+917303120899,kavita.ghosh450@rediffmail.com,DEP008,Executive,M.Sc,24.7,2016-08-11,Resigned,2020-01-15,100000,4
EMP02711,Krishna Ghosh,Other,1973-01-04,53,Married,Mumbai,Maharashtra,1234564867,krishna.ghosh942@yahoo.com,DEP008,Senior Associate,M.Com,2.8,2024-12-16,Terminated,,45000,5
EMP02712,Saanvi Menon,Other,2000-06-13,26,Single,Pune,Maharashtra,+916694885938,saanvi.menon954@hotmail.com,DEP009,Associate,B.Com,6.0,2025-06-26,Active,,320000,5
EMP02713,Neha Chaudhary,Female,1982-06-13,44,Single,Bengaluru,Karnataka,+916369472910,neha.chaudhary653@outlook.com,DEP006,Team Lead,B.Com,12.0,2025-01-15,Active,,130000,4
EMP02714,Divya Shetty,Female,1988-12-02,38,Divorced,Ahmedabad,Gujarat,+917346787533,divya.shetty974@hotmail.com,DEP001,Intern,B.A.,24.3,2016-02-25,Active,,250000,4
EMP02715,Vikram Malhotra,Male,1969-02-28,57,Single,Hyderabad,Telangana,+918324247529,vikram.malhotrahotmail.com,DEP010,Consultant,PhD,19.7,2021-08-07,Resigned,,35000,3
EMP02716,Arjun Rao,Male,1990-10-16,36,Single,Mumbai,Maharashtra,+917552884386,arjun.rao61@outlook.com,DEP012,Intern,B.A.,1.5,2023-05-14,Active,,250000,5
EMP02717,Saurabh Yadav,Other,1986-07-27,40,Single,Pune,Maharashtra,1234563621,saurabh.yadav620@outlook.com,DEP005,Manager,PhD,27.8,2021-02-26,Active,,35000,2
EMP02718,Nikhil Agarwal,Male,1966-01-11,60,Married,Mumbai,Maharashtra,+916392363513,nikhil.agarwal810@yahoo.com,DEP006,Assistant Manager,B.Sc,27.8,2022-06-08,Active,,200000,3
EMP02719,Gaurav Malhotra,Male,1984-09-25,42,Married,Ahmedabad,Gujarat,+917514607058,gaurav.malhotra182@hotmail.com,DEP010,Executive,B.Tech,26.1,2017-09-15,Terminated,2022-05-12,45000,4
EMP02720,Ishaan Mishra,Male,2002-12-03,24,Married,Delhi,Delhi,,ishaan.mishra@@rediffmail.com,DEP005,Team Lead,B.Com,18.8,2023-07-18,Active,,35000,3
EMP02721,Sneha Patel,Female,1993-10-06,33,Married,Chandigarh,Chandigarh,+916010765646,,DEP010,Intern,Diploma,26.5,2018-04-21,Active,,100000,1
EMP02722,Isha Yadav,Female,2003-09-11,23,Married,Ahmedabad,Gujarat,+919758579370,,DEP003,Senior Manager,B.Com,16.6,2015-07-07,Active,,80000,2
EMP02723,Suresh Chopra,Other,1982-08-21,44,Married,Chandigarh,Chandigarh,+918778091757,,DEP001,Deputy General Manager,PhD,6.9,2021-12-28,Active,,60000,4
EMP02724,Pooja Kumar,Female,1983-09-01,43,Divorced,Indore,Madhya Pradesh,+916817814452,pooja.kumar234@gmail.com,DEP006,Assistant Manager,MBA,4.2,2022-08-31,Resigned,2023-11-08,25000,1
EMP02725,Kavya Sharma,Female,1989-01-01,37,Married,Kolkata,West Bengal,,kavya.sharma@@gmail.com,DEP004,Manager,PhD,18.3,2025-10-27,Active,,160000,4
EMP02726,Swati Shetty,Other,1982-11-09,44,Married,Hyderabad,Telangana,+919935440614,swati.shetty338@gmail.com,DEP007,Vice President,M.Com,10.4,2019-01-05,Active,,60000,5
EMP02727,Aditya Ghosh,Male,1970-05-16,56,Married,Chennai,Tamil Nadu,+918625981214,aditya.ghosh174@hotmail.com,DEP001,Vice President,B.Tech,5.4,2025-02-23,Active,,160000,5
EMP02728,Rahul Bose,Other,2002-03-18,24,Single,Hyderabad,Telangana,+916458999479,rahul.bose848@outlook.com,DEP001,Senior Associate,B.Sc,4.3,2025-03-18,Active,,320000,1
EMP02729,Swati Singh,Other,1974-10-07,52,Divorced,Mumbai,Maharashtra,+918016261539,swati.singh977@hotmail.com,DEP003,Executive,MBA,9.6,2018-09-10,Active,,320000,3
EMP02730,Aditya Joshi,Male,1995-11-09,31,Married,Bengaluru,Karnataka,+916198928665,aditya.joshi820@gmail.com,DEP006,Associate,B.A.,5.3,2020-09-14,Active,,25000,
EMP02731,Ananya Mishra,Female,1968-07-14,58,Divorced,Lucknow,Uttar Pradesh,+918587374769,ananya.mishra886@gmail.com,DEP010,Associate,B.Com,5.2,2017-08-28,Active,,60000,4
EMP02732,Nikhil Chaudhary,Other,1981-02-01,45,Single,Lucknow,Uttar Pradesh,+916900375695,nikhil.chaudhary481@outlook.com,DEP008,General Manager,MBA,9.0,2021-01-25,On Notice Period,,200000,2
EMP02733,Kavya Yadav,Other,1992-11-23,34,Married,Surat,Gujarat,+916312296157,kavya.yadav520@outlook.com,DEP002,Senior Associate,M.Tech,28.3,2017-01-02,Active,,25000,3
EMP02734,Meera Yadav,Female,1979-02-13,47,Single,Nagpur,Maharashtra,+918501648510,meera.yadav138@outlook.com,DEP011,Assistant Manager,B.Tech,19.2,2021-12-08,On Notice Period,,25000,4
EMP02735,Karan Nair,Male,1977-10-10,49,Single,Hyderabad,Telangana,+916810854210,karan.nair284@hotmail.com,DEP012,Analyst,PhD,12.6,2018-03-07,Active,,160000,1
EMP02736,Aditya Pillai,Male,1981-01-01,45,Divorced,Lucknow,Uttar Pradesh,+919276303541,aditya.pillai486@gmail.com,DEP008,Intern,B.Com,17.5,2019-05-12,Active,,200000,1
EMP02737,Aadhya Malhotra,Other,1966-08-15,60,Single,Jaipur,Rajasthan,+919661861660,aadhya.malhotra973@gmail.com,DEP010,Analyst,M.Sc,28.8,2021-06-28,Terminated,,60000,2
EMP02738,Vihaan Ghosh,Male,2000-11-19,26,Married,Chandigarh,Chandigarh,+916905555831,vihaan.ghosh813@hotmail.com,DEP006,Senior Manager,M.Tech,12.8,2016-12-15,Active,,200000,1
EMP02739,Suresh Iyer,Male,1975-04-12,51,Married,Pune,Maharashtra,+918447282777,suresh.iyer444@gmail.com,DEP012,Team Lead,B.Sc,8.5,2020-06-27,On Notice Period,,45000,5
EMP02740,Sunita Nair,Female,1991-02-13,35,Single,Indore,Madhya Pradesh,+916866018760,sunita.nair933@hotmail.com,DEP003,Vice President,Diploma,29.7,2016-09-27,Resigned,2019-04-16,250000,1
EMP02741,Karan Malhotra,Male,1999-11-03,27,Single,Kolkata,West Bengal,+917512580071,karan.malhotra961@gmail.com,DEP001,Manager,MBA,13.5,2017-03-31,On Notice Period,,25000,2
EMP02742,Ramesh Agarwal,Male,1989-07-01,37,Divorced,Hyderabad,Telangana,+917322927748,ramesh.agarwal720@yahoo.com,DEP010,Senior Associate,B.A.,21.6,2020-05-20,Active,,25000,3
EMP02743,Suresh Yadav,Male,1986-09-07,40,Single,Hyderabad,Telangana,+917905719476,suresh.yadav41@outlook.com,DEP003,Team Lead,PhD,44.4,2025-08-15,Terminated,,35000,4
EMP02744,Meera Agarwal,Female,1998-05-19,28,Single,Nagpur,Maharashtra,+919494843033,meera.agarwal251@outlook.com,DEP004,Manager,M.Sc,15.7,2017-02-23,On Notice Period,,80000,4
EMP02745,Nikhil Joshi,Male,2004-02-10,22,Divorced,Lucknow,Uttar Pradesh,+916273927096,nikhil.joshi51@outlook.com,DEP008,Senior Manager,PhD,4.1,2015-10-28,On Notice Period,,320000,5
EMP02746,Meera Ghosh,Female,1998-07-11,28,Married,Bengaluru,Karnataka,+917790422871,meera.ghosh564@gmail.com,DEP004,Vice President,B.Com,2.0,2025-10-05,Active,,130000,3
EMP02747,Diya Shetty,Female,1988-08-12,38,Divorced,Ghaziabad,Uttar Pradesh,+917620370590,diya.shetty838@rediffmail.com,DEP001,Associate,MBA,26.8,2016-09-06,Resigned,2019-04-21,160000,5
EMP02748,Myra Rao,Female,1975-12-10,51,Divorced,Jaipur,Rajasthan,1234566887,myra.rao898@gmail.com,DEP003,Analyst,B.Tech,19.7,2016-05-15,Active,,25000,1
EMP02749,Reyansh Verma,Male,1996-04-13,30,Divorced,Kolkata,West Bengal,+916161839456,reyansh.verma597@gmail.com,DEP003,Assistant Manager,M.Tech,13.5,2016-07-15,Resigned,2019-01-29,25000,3
EMP02750,Sanjay Desai,Other,1993-05-13,33,Married,Chandigarh,Chandigarh,+917499745320,sanjay.desairediffmail.com,DEP009,Team Lead,M.Tech,12.5,2023-05-01,Resigned,,130000,1
EMP02751,Sanjay Desai,Other,2000-11-01,26,Single,Jaipur,Rajasthan,+919221376275,sanjay.desai461@hotmail.com,DEP005,Vice President,B.Tech,6.2,2020-03-03,Active,,60000,1
EMP02752,Rahul Iyer,Male,1978-04-09,48,Single,Hyderabad,Telangana,+91-292452,rahul.iyer428@rediffmail.com,DEP004,Consultant,MBA,7.7,2019-05-18,Terminated,2024-05-06,250000,1
EMP02753,Aadhya Ghosh,Female,1999-12-14,27,Married,Pune,Maharashtra,+918150700283,aadhya.ghosh626@gmail.com,DEP003,Manager,M.Sc,14.6,2015-11-08,Active,,25000,4
EMP02754,Aarav Bose,Male,1977-11-07,49,Divorced,Bengaluru,Karnataka,+919070224323,aarav.bose409@rediffmail.com,DEP005,Team Lead,MBA,29.0,2018-12-25,Terminated,2024-05-22,200000,2
EMP02755,Diya Patel,Other,1992-01-22,34,Married,Ahmedabad,Gujarat,+916140251385,diya.patel17@gmail.com,DEP010,Senior Associate,B.Com,8.4,2016-05-19,Active,,100000,4
EMP02756,Manish Kapoor,Male,1998-03-13,28,Married,Ahmedabad,Gujarat,+917574596066,manish.kapoor650@yahoo.com,DEP012,Senior Associate,B.Tech,19.2,2019-05-13,Resigned,2023-08-24,100000,3
EMP02757,  Vikram Patel  ,Male,2000-10-09,26,Married,Ghaziabad,Uttar Pradesh,+916640689956,vikram.patel139@outlook.com,DEP002,Manager,B.A.,22.9,2015-03-24,Terminated,2018-05-25,45000,3
EMP02758,Ishaan Kumar,Other,1973-06-19,53,Divorced,Jaipur,Rajasthan,+919588332476,ishaan.kumar355@outlook.com,DEP002,Associate,PhD,8.8,2020-03-02,Terminated,2024-07-11,160000,5
EMP02759,Sarika Pillai,Other,1984-07-24,42,Divorced,Coimbatore,Tamil Nadu,+917838549255,sarika.pillai33@outlook.com,DEP001,Vice President,B.Tech,19.4,2020-08-03,Active,,200000,4
EMP02760,Aarav Sharma,Male,1996-06-13,30,Divorced,Jaipur,Rajasthan,+919315114218,aarav.sharma60@hotmail.com,DEP012,Senior Analyst,M.Tech,6.0,2023-06-04,On Notice Period,,200000,4
EMP02761,Sneha Malhotra,Other,1966-06-27,60,Married,Noida,Uttar Pradesh,+917738675529,sneha.malhotra379@rediffmail.com,DEP005,Assistant Manager,Diploma,10.3,2017-04-30,Active,,320000,5
EMP02762,Riya Kumar,Female,1970-09-13,56,Divorced,Jaipur,Rajasthan,+917081182554,riya.kumar583@gmail.com,DEP010,General Manager,PhD,24.6,2017-06-26,Resigned,2022-06-17,320000,4
EMP02763,Vivaan Sharma,Male,1983-09-27,43,Divorced,Indore,Madhya Pradesh,+916043965522,,DEP003,Senior Associate,Diploma,13.2,2020-02-08,Active,,35000,3
EMP02764,Kavya Nair,Female,1984-01-03,42,Single,Noida,Uttar Pradesh,+916816212786,kavya.nair787@yahoo.com,DEP009,Vice President,M.Tech,15.1,2024-10-18,Active,,25000,4
EMP02765,Kavita Yadav,Female,1985-06-22,41,Divorced,Noida,Uttar Pradesh,+917407627590,kavita.yadav715@rediffmail.com,DEP003,Manager,PhD,15.0,2020-09-14,Active,,35000,3
EMP02766,Nisha Singh,Female,1978-03-19,48,Single,Jaipur,Rajasthan,+917367109004,nisha.singh252@hotmail.com,DEP001,Intern,M.Sc,15.1,2015-11-23,Active,,320000,2
EMP02767,Karan Sharma,Male,2002-02-08,24,Married,Noida,Uttar Pradesh,+916186637790,karan.sharma590@outlook.com,DEP007,Analyst,M.Tech,5.1,2020-02-20,Resigned,2026-06-08,80000,2
EMP02768,Kritika Patel,Female,1994-07-05,32,Single,Hyderabad,Telangana,+916447899453,kritika.patel19@rediffmail.com,DEP007,Team Lead,B.Com,6.6,2020-11-19,Active,,25000,5
EMP02769,Deepak Ghosh,Male,1986-10-03,40,Single,Chennai,Tamil Nadu,+91-284243,deepak.ghosh697@gmail.com,DEP005,Executive,B.Tech,19.9,2023-07-13,Active,,25000,1
EMP02770,Krishna Singh,Male,1999-04-16,27,Single,Lucknow,Uttar Pradesh,+918034904831,krishna.singh368@rediffmail.com,DEP005,Manager,B.A.,12.0,2018-03-22,Active,,160000,2
EMP02771,Meera Malhotra,Other,1982-04-21,44,Divorced,Hyderabad,Telangana,+918531395961,meera.malhotra471@rediffmail.com,DEP004,Deputy General Manager,B.Tech,16.9,2023-08-04,Terminated,,250000,5
EMP02772,Anil Iyer,Other,2000-12-05,26,Single,Coimbatore,Tamil Nadu,+916377432234,anil.iyer813@gmail.com,DEP005,Analyst,B.Tech,10.3,2016-06-02,Active,,160000,4
EMP02773,Diya Verma,Female,1993-05-01,33,Married,Ahmedabad,Gujarat,+918070475419,,DEP006,Senior Analyst,B.Sc,14.7,2024-03-18,Resigned,,320000,2
EMP02774,Kavya Sharma,Female,2003-11-14,23,Married,Kolkata,West Bengal,+919053328099,kavya.sharma807@outlook.com,DEP003,Analyst,B.A.,25.1,2015-01-13,Active,,100000,4
EMP02775,Aarav Ghosh,Male,1986-06-25,40,Divorced,Ahmedabad,Gujarat,+918031425289,aarav.ghosh932@hotmail.com,DEP006,General Manager,PhD,3.2,2015-10-25,Resigned,2018-06-17,80000,3
EMP02776,Neha Kumar,Female,1984-07-21,42,Divorced,Nagpur,Maharashtra,+916301688313,neha.kumar863@outlook.com,DEP011,Associate,M.Tech,6.3,2020-05-08,Resigned,2021-03-29,25000,5
EMP02777,Kavita Menon,Female,1978-09-28,48,Single,Nagpur,Maharashtra,+919577092868,kavita.menon965@hotmail.com,DEP011,Executive,B.Com,2.4,2021-06-28,On Notice Period,,25000,5
EMP02778,Sanjay Mishra,Male,1966-01-25,60,Single,Chennai,Tamil Nadu,+918762175580,sanjay.mishra560@outlook.com,DEP011,Senior Analyst,PhD,9.2,2024-07-23,Resigned,,320000,4
EMP02779,Kavita Gupta,Other,1982-11-23,44,Divorced,Ghaziabad,Uttar Pradesh,+917876217879,kavita.gupta864@yahoo.com,DEP009,Associate,B.Tech,1.9,2016-07-21,Active,,200000,4
EMP02780,Nisha Ghosh,Other,1967-11-15,59,Single,Chennai,Tamil Nadu,1234569484,nisha.ghosh244@hotmail.com,DEP008,Consultant,B.A.,28.4,2019-09-28,Active,,160000,3
EMP02781,  Kritika Kumar  ,Female,2002-02-27,24,Divorced,Chandigarh,Chandigarh,+916425443514,kritika.kumar372@yahoo.com,DEP008,Senior Manager,M.Tech,20.2,2024-06-12,Resigned,2025-12-28,25000,5
EMP02782,Aditya Menon,Other,1973-10-20,53,Single,Chennai,Tamil Nadu,+916426251317,aditya.menon392@hotmail.com,DEP003,Senior Analyst,B.A.,15.8,2017-09-18,Resigned,2023-10-18,250000,4
EMP02783,Shreya Pillai,Other,1988-05-18,38,Divorced,Delhi,Delhi,+918203677441,shreya.pillai607@outlook.com,DEP007,Associate,B.Com,19.1,2016-02-27,Terminated,2020-10-11,250000,4
EMP02784,Vikram Menon,Male,1996-04-02,30,Single,Jaipur,Rajasthan,+916920831422,vikram.menon688@gmail.com,DEP003,General Manager,B.Com,11.1,2020-10-07,Active,,80000,1
EMP02785,Rahul Bansal,Male,1966-02-11,60,Married,Lucknow,Uttar Pradesh,+918252776481,rahul.bansal245@gmail.com,DEP001,General Manager,PhD,23.6,2024-09-27,On Notice Period,,200000,4
EMP02786,Meera Singh,Other,1992-09-07,34,Married,Surat,Gujarat,+916583240011,meera.singh698@hotmail.com,DEP012,Team Lead,B.Sc,10.1,2020-07-21,On Notice Period,,45000,3
EMP02787,Pooja Verma,Other,1978-09-25,48,Married,Delhi,Delhi,+916570432637,,DEP012,Manager,B.Sc,7.4,2019-01-04,Active,,60000,3
EMP02788,Gaurav Ghosh,Other,1995-11-09,31,Divorced,Jaipur,Rajasthan,+916631774207,gaurav.ghosh984@yahoo.com,DEP006,Consultant,M.Com,9.0,2016-11-08,Active,,200000,3
EMP02789,Anil Iyer,Other,1984-02-08,42,Divorced,Hyderabad,Telangana,+919570917693,anil.iyer513@rediffmail.com,DEP008,Senior Associate,MBA,19.4,2016-06-25,Active,,80000,1
EMP02790,Neha Shetty,Female,1991-08-05,35,Divorced,Ghaziabad,Uttar Pradesh,+919650159504,neha.shetty830@gmail.com,DEP005,Team Lead,B.A.,11.4,2024-01-07,Resigned,2026-03-28,130000,4
EMP02791,Shreya Verma,Female,1988-08-05,38,Divorced,Kolkata,West Bengal,+917331632032,shreya.verma888@outlook.com,DEP005,Executive,PhD,19.5,2021-05-06,On Notice Period,,130000,5
EMP02792,Ishaan Iyer,Other,1968-12-21,58,Divorced,Mumbai,Maharashtra,+919725508803,ishaan.iyer747@outlook.com,DEP010,Executive,PhD,11.6,2015-06-03,Resigned,2016-10-29,130000,3
EMP02793,Anjali Sharma,Female,1998-11-01,28,Divorced,Noida,Uttar Pradesh,1234565878,anjali.sharma565@rediffmail.com,DEP008,Senior Manager,M.Tech,16.6,2026-05-12,On Notice Period,,35000,3
EMP02794,Sarika Agarwal,Female,1997-06-11,29,Married,Lucknow,Uttar Pradesh,+919688146598,sarika.agarwalrediffmail.com,DEP010,Senior Manager,B.Com,16.9,2017-02-18,On Notice Period,,80000,5
EMP02795,Shreya Malhotra,Other,1986-11-17,40,Divorced,Hyderabad,Telangana,+917362898501,shreya.malhotra614@rediffmail.com,DEP002,Vice President,B.Sc,21.2,2023-08-01,Active,,25000,1
EMP02796,Deepak Malhotra,Male,1991-04-15,35,Married,Ahmedabad,Gujarat,+919297926659,deepak.malhotra434@outlook.com,DEP007,Deputy General Manager,M.Sc,9.3,2024-01-02,On Notice Period,,130000,
EMP02797,Vihaan Yadav,Male,2004-12-07,22,Married,Kolkata,West Bengal,+918138623122,vihaan.yadav@outlook,DEP001,Executive,MBA,10.7,2024-02-24,Resigned,,35000,5
EMP02798,Sarika Sharma,Other,2004-12-25,22,Married,Ahmedabad,Gujarat,+919679567947,sarika.sharma655@yahoo.com,DEP008,Deputy General Manager,M.Com,21.0,2024-09-14,Active,,100000,3
EMP02799,Meera Sharma,Other,1996-05-11,30,Divorced,Kolkata,West Bengal,+916266279361,meera.sharma153@rediffmail.com,DEP006,General Manager,Diploma,21.4,2020-09-06,Active,,35000,2
EMP02800,Deepak Malhotra,Male,1987-12-23,39,Married,Indore,Madhya Pradesh,+919983625551,deepak.malhotra250@yahoo.com,DEP005,Deputy General Manager,Diploma,27.4,2017-07-13,Resigned,2021-02-02,60000,5
EMP02801,Vihaan Gupta,Male,1994-12-20,32,Married,Chennai,Tamil Nadu,1234563417,vihaan.gupta293@rediffmail.com,DEP009,Analyst,Diploma,4.2,2024-09-01,Active,,130000,2
EMP02802,Pooja Bansal,Female,2004-05-13,22,Married,Indore,Madhya Pradesh,+919456305814,pooja.bansal947@yahoo.com,DEP005,Senior Analyst,B.Com,1.4,2017-09-24,Active,,25000,
EMP02803,Aarav Kumar,Male,1975-06-20,51,Single,Chennai,Tamil Nadu,+919309450019,aarav.kumar97@rediffmail.com,DEP009,Consultant,B.Tech,6.3,2025-07-20,Terminated,,250000,1
EMP02804,Ishaan Joshi,Male,1975-06-03,51,Married,Ahmedabad,Gujarat,+916094571682,ishaan.joshi206@rediffmail.com,DEP011,Senior Analyst,B.Tech,6.5,2017-03-30,Active,,100000,5
EMP02805,Ananya Desai,Other,1967-01-25,59,Married,Kolkata,West Bengal,+919037236014,ananya.desai141@gmail.com,DEP006,General Manager,PhD,23.1,2020-11-30,Active,,35000,1
EMP02806,Isha Sharma,Female,1977-12-24,49,Married,Coimbatore,Tamil Nadu,+919489861291,isha.sharma756@yahoo.com,DEP002,Consultant,B.Sc,5.4,2025-10-20,Active,,200000,2
EMP02807,Naveen Pillai,Male,2001-10-21,25,Single,Kolkata,West Bengal,+916077826395,naveen.pillai69@yahoo.com,DEP004,Assistant Manager,M.Tech,11.3,2019-10-03,On Notice Period,,200000,2
EMP02808,Rahul Kapoor,Male,1998-11-21,28,Married,Ghaziabad,Uttar Pradesh,+918755255585,rahul.kapoor290@yahoo.com,DEP011,Senior Manager,B.A.,2.1,2015-06-15,Active,,35000,4
EMP02809,Suresh Desai,Male,1982-10-03,44,Married,Lucknow,Uttar Pradesh,+916856199083,suresh.desai484@rediffmail.com,DEP010,Senior Manager,B.A.,11.9,2019-11-29,Resigned,2023-07-02,80000,
EMP02810,Aadhya Joshi,Female,1975-06-07,51,Divorced,Chennai,Tamil Nadu,+917619399014,aadhya.joshi357@outlook.com,DEP003,Analyst,MBA,2.0,2023-12-24,On Notice Period,,80000,1
EMP02811,Krishna Agarwal,Other,1985-07-26,41,Single,Nagpur,Maharashtra,+919995385285,krishna.agarwal675@gmail.com,DEP011,Senior Associate,PhD,25.8,2016-03-12,Terminated,2019-03-06,45000,5
EMP02812,Myra Kumar,Other,1984-04-14,42,Married,Kolkata,West Bengal,+918097534853,myra.kumar801@rediffmail.com,DEP007,Team Lead,MBA,6.7,2020-07-22,Active,,25000,1
EMP02813,  Naveen Gupta  ,Male,1980-11-04,46,Divorced,Nagpur,Maharashtra,+917163340434,naveen.gupta859@rediffmail.com,DEP005,Vice President,M.Sc,24.6,2018-05-26,Active,,200000,3
EMP02814,Kavita Nair,Other,1990-11-25,36,Married,Jaipur,Rajasthan,+916174580527,kavita.nair620@gmail.com,DEP002,Intern,M.Tech,15.9,2019-07-24,Active,,80000,3
EMP02815,Sarika Joshi,Female,1968-06-01,58,Divorced,Coimbatore,Tamil Nadu,+919922384382,sarika.joshi311@yahoo.com,DEP003,Vice President,Diploma,18.9,2020-03-12,Active,,25000,5
EMP02816,Shreya Iyer,Other,1998-04-19,28,Single,Jaipur,Rajasthan,+916177158029,shreya.iyer506@outlook.com,DEP004,Manager,M.Com,5.0,2018-07-27,Resigned,2020-01-07,60000,4
EMP02817,ISHA PATEL,Other,1967-01-16,59,Divorced,Pune,Maharashtra,+917358629827,isha.patel881@outlook.com,DEP003,Senior Associate,B.Com,1.3,2018-12-09,Active,,60000,2
EMP02818,Vihaan Bansal,Male,1982-02-24,44,Divorced,Coimbatore,Tamil Nadu,+916588245137,vihaan.bansal363@outlook.com,DEP008,Vice President,M.Tech,4.1,2020-10-05,On Notice Period,,160000,4
EMP02819,Vikram Iyer,Other,1993-02-11,33,Married,Noida,Uttar Pradesh,+918899056622,vikram.iyer598@rediffmail.com,DEP011,Senior Manager,B.Com,0.9,2017-04-21,Terminated,2020-06-28,45000,2
EMP02820,Krishna Menon,Male,1976-08-06,50,Married,Coimbatore,Tamil Nadu,+918550094096,krishna.menon925@outlook.com,DEP003,Manager,MBA,4.4,2026-01-17,Active,,45000,4
EMP02821,Reyansh Kumar,Other,1980-02-21,46,Single,Ghaziabad,Uttar Pradesh,+918945370341,,DEP009,Manager,M.Sc,27.9,2018-09-01,Active,,60000,3
EMP02822,Shreya Kapoor,Other,1972-08-13,54,Divorced,Kolkata,West Bengal,+916935826651,shreya.kapoor218@hotmail.com,DEP003,Senior Manager,B.A.,28.2,2015-10-01,Active,,60000,4
EMP02823,Sanjay Agarwal,Other,1967-05-09,59,Divorced,Kolkata,West Bengal,+918331660163,sanjay.agarwal157@hotmail.com,DEP011,Senior Associate,Diploma,0.6,2021-03-03,Terminated,2025-01-23,320000,3
EMP02824,Aarav Pillai,Male,1984-04-19,42,Divorced,Bengaluru,Karnataka,+916519335657,aarav.pillai892@hotmail.com,DEP001,General Manager,B.Sc,8.5,2022-09-09,Active,,130000,4
EMP02825,Karan Pillai,Male,1969-06-04,57,Married,Nagpur,Maharashtra,+917227676052,karan.pillai419@hotmail.com,DEP010,Deputy General Manager,M.Com,17.0,2016-09-17,On Notice Period,,45000,1
EMP02826,Isha Singh,Female,1987-08-18,39,Single,Lucknow,Uttar Pradesh,+918402613045,isha.singh880@gmail.com,DEP005,Consultant,M.Tech,12.9,2021-07-30,On Notice Period,,100000,3
EMP02827,Aadhya Kumar,Female,1979-03-28,47,Married,Ahmedabad,Gujarat,+918599626523,aadhya.kumar282@rediffmail.com,DEP011,Senior Analyst,Diploma,27.8,2025-11-30,Active,,200000,3
EMP02828,Sarika Yadav,Female,1981-06-14,45,Single,Coimbatore,Tamil Nadu,+917025420977,sarika.yadav876@gmail.com,DEP002,Team Lead,B.A.,12.3,2017-11-27,Terminated,2024-04-03,100000,3
EMP02829,Nikhil Shetty,Male,1984-11-21,42,Divorced,Hyderabad,Telangana,+918812253132,nikhil.shetty931@yahoo.com,DEP002,Analyst,M.Sc,7.4,2025-12-04,Active,,250000,5
EMP02830,Kavya Rao,Other,1967-03-07,59,Married,Nagpur,Maharashtra,+918307134199,kavya.rao827@hotmail.com,DEP010,Deputy General Manager,B.Com,23.7,2015-02-03,Resigned,2021-11-11,200000,5
EMP02831,Aman Joshi,Male,1984-05-19,42,Married,Mumbai,Maharashtra,+916620061646,aman.joshi709@gmail.com,DEP010,Senior Associate,B.Sc,11.7,2019-10-26,On Notice Period,,45000,4
EMP02832,Nisha Verma,Female,1998-05-06,28,Single,Mumbai,Maharashtra,,,DEP011,Consultant,B.A.,10.9,2023-03-08,Resigned,2025-12-10,100000,1
EMP02833,Priya Nair,Other,1984-12-15,42,Single,Coimbatore,Tamil Nadu,+917637184175,priya.nair636@yahoo.com,DEP005,Consultant,MBA,13.4,2018-08-24,Terminated,2021-01-17,320000,3
EMP02834,Aditya Joshi,Male,2004-12-21,22,Married,Lucknow,Uttar Pradesh,+918222603916,aditya.joshi978@outlook.com,DEP007,Manager,B.Sc,25.5,2015-12-10,Terminated,2016-05-16,130000,4
EMP02835,Aarav Mishra,Male,1986-01-23,40,Single,Coimbatore,Tamil Nadu,+919273360361,aarav.mishra665@yahoo.com,DEP011,Executive,PhD,1.8,2018-11-18,Active,,45000,3
EMP02836,Nisha Singh,Other,2002-04-24,24,Single,Coimbatore,Tamil Nadu,+917660809208,nisha.singh132@gmail.com,DEP009,Senior Analyst,MBA,9.5,2016-12-01,Active,,160000,2
EMP02837,Swati Kumar,Female,1981-11-26,45,Divorced,Pune,Maharashtra,+918233326073,swati.kumar643@hotmail.com,DEP001,Deputy General Manager,M.Sc,8.0,2018-12-24,Active,,160000,1
EMP02838,Myra Singh,Other,1993-05-14,33,Married,Delhi,Delhi,+918542461089,,DEP007,Senior Manager,M.Com,19.7,2020-06-01,Terminated,2026-01-15,160000,3
EMP02839,Karan Reddy,Other,1996-03-05,30,Married,Bengaluru,Karnataka,+917606776731,,DEP012,Intern,B.Sc,30.0,2024-07-11,Terminated,,45000,3
EMP02840,Manish Singh,Male,1978-09-10,48,Divorced,Pune,Maharashtra,+919298384834,manish.singh125@hotmail.com,DEP002,Senior Manager,B.Com,4.7,2021-11-11,Active,,320000,4
EMP02841,Ritu Reddy,Other,2002-08-27,85,Divorced,Indore,Madhya Pradesh,+916409189970,ritu.reddy593@outlook.com,DEP009,Senior Manager,B.Sc,27.6,2025-06-16,Terminated,,45000,5
EMP02842,Diya Kapoor,Female,1986-12-12,40,Married,Chandigarh,Chandigarh,+917141902063,diya.kapoor199@outlook.com,DEP008,Deputy General Manager,PhD,22.7,2017-05-20,Resigned,2023-03-09,45000,1
EMP02843,Priya Joshi,Female,1994-01-07,32,Divorced,Noida,Uttar Pradesh,+918493601307,priya.joshi430@yahoo.com,DEP011,Senior Associate,M.Tech,23.4,2018-10-26,Active,,160000,2
EMP02844,Aditya Mishra,Other,1978-01-16,48,Single,Chandigarh,Chandigarh,+916978176682,aditya.mishra46@gmail.com,DEP005,Intern,MBA,16.4,2021-11-19,Active,,100000,2
EMP02845,Rahul Chopra,Male,1968-06-11,58,Single,Delhi,Delhi,+916336577697,rahul.chopra722@gmail.com,DEP011,Analyst,MBA,28.9,2025-10-11,Active,,45000,2
EMP02846,Rekha Kumar,Female,1984-05-24,42,Married,Ghaziabad,Uttar Pradesh,,rekha.kumar719@outlook.com,DEP012,Associate,B.Com,11.2,2016-10-30,Active,,200000,5
EMP02847,Aadhya Malhotra,Female,1998-03-11,28,Single,Nagpur,Maharashtra,+916744982036,aadhya.malhotra435@yahoo.com,DEP011,Senior Analyst,M.Sc,2.9,2026-06-04,Resigned,,100000,2
EMP02848,Rohan Iyer,Other,2005-04-08,21,Divorced,Mumbai,Maharashtra,+916641763554,rohan.iyer131@rediffmail.com,DEP004,Executive,PhD,14.5,2018-02-09,Active,,160000,3
EMP02849,Sneha Rao,Female,2001-06-03,25,Single,Indore,Madhya Pradesh,+918782258955,sneha.rao376@outlook.com,DEP008,Manager,B.Com,16.7,2020-11-07,Active,,60000,3
EMP02850,Aarav Verma,Male,1980-09-22,46,Divorced,Indore,Madhya Pradesh,+916179235619,aarav.verma511@outlook.com,DEP010,Deputy General Manager,Diploma,8.9,2024-06-17,Active,,130000,4
EMP02851,Saurabh Kapoor,Male,1972-02-27,16,Married,Indore,Madhya Pradesh,+917467598654,saurabh.kapoor652@yahoo.com,DEP005,Vice President,M.Tech,16.7,2019-11-13,Active,,80000,1
EMP02852,Gaurav Kumar,Male,1968-05-18,58,Divorced,Delhi,Delhi,+919150673030,gaurav.kumar252@rediffmail.com,DEP007,Senior Manager,B.Com,45.3,2022-11-27,Active,,250000,4
EMP02853,Kritika Sharma,Female,1972-05-16,54,Divorced,Nagpur,Maharashtra,+916300164249,kritika.sharma504@outlook.com,DEP011,Senior Associate,B.Tech,4.3,2022-02-01,Active,,60000,5
EMP02854,Sarika Shetty,Other,1971-06-16,55,Divorced,Kolkata,West Bengal,+917837051216,sarika.shetty818@hotmail.com,DEP010,General Manager,M.Sc,25.9,2020-10-18,On Notice Period,,160000,1
EMP02855,Rohan Joshi,Other,1979-11-10,47,Single,Kolkata,West Bengal,+919159852276,rohan.joshi318@hotmail.com,DEP004,Deputy General Manager,M.Com,21.4,2018-05-14,On Notice Period,,160000,2
EMP02856,Manish Agarwal,Male,1994-02-15,32,Married,Chandigarh,Chandigarh,+916814070340,manish.agarwal668@hotmail.com,DEP004,Vice President,MBA,5.3,2025-12-14,Active,,320000,1
EMP02857,Shreya Joshi,Other,1991-05-17,35,Single,Delhi,Delhi,+916553238944,shreya.joshi956@gmail.com,DEP012,Consultant,B.Tech,18.1,2016-01-22,Resigned,2020-07-29,45000,5
EMP02858,Divya Chaudhary,Other,1976-12-16,50,Single,Surat,Gujarat,+916653409339,divya.chaudhary755@gmail.com,DEP008,Assistant Manager,B.Sc,5.8,2025-10-06,Resigned,,130000,3
EMP02859,Isha Chaudhary,Female,1991-12-18,35,Married,Mumbai,Maharashtra,+917303517906,isha.chaudhary925@rediffmail.com,DEP012,Analyst,Diploma,11.9,2020-05-26,Active,,160000,3
EMP02860,Meera Pillai,Female,1987-11-23,39,Married,Nagpur,Maharashtra,+918640630214,meera.pillai700@yahoo.com,DEP011,Senior Manager,B.A.,22.3,2024-07-07,Active,,250000,4
EMP02861,Rahul Sharma,Male,1976-09-17,50,Married,Jaipur,Rajasthan,+919073723475,rahul.sharma99@hotmail.com,DEP003,Analyst,M.Tech,11.4,2015-10-28,Active,,25000,1
EMP02862,Aditya Kumar,Male,1971-08-16,55,Divorced,Ghaziabad,Uttar Pradesh,+916650316583,aditya.kumar60@yahoo.com,DEP008,General Manager,B.Tech,17.4,2015-03-12,Resigned,2019-12-25,80000,2
EMP02863,Nikhil Rao,Other,1994-06-10,32,Single,Ghaziabad,Uttar Pradesh,,nikhil.rao997@hotmail.com,DEP010,Analyst,M.Com,16.8,2019-08-05,Active,,35000,1
EMP02864,Kavita Yadav,Female,1999-07-11,27,Divorced,Bengaluru,Karnataka,+917289533197,,DEP012,Consultant,M.Sc,22.0,2022-09-28,On Notice Period,,200000,4
EMP02865,Vivaan Rao,Male,1975-04-19,51,Divorced,Lucknow,Uttar Pradesh,+917208610490,vivaan.rao609@gmail.com,DEP007,Intern,M.Com,12.8,2025-09-09,Active,,35000,2
EMP02866,Karan Shetty,Other,2002-07-03,24,Single,Noida,Uttar Pradesh,+918042744095,karan.shetty598@hotmail.com,DEP001,Team Lead,M.Tech,16.2,2020-11-20,On Notice Period,,130000,5
EMP02867,Rahul Yadav,Male,2000-12-14,26,Divorced,Delhi,Delhi,+918717197132,rahul.yadav36@gmail.com,DEP001,Intern,MBA,5.8,2018-10-15,Terminated,2022-02-09,130000,5
EMP02868,Deepak Patel,Male,2002-01-10,24,Single,Bengaluru,Karnataka,+919679315809,deepak.patel148@hotmail.com,DEP008,Senior Analyst,PhD,9.1,2019-10-17,Resigned,2023-08-03,100000,4
EMP02869,Ananya Desai,Other,1967-04-02,59,Single,Lucknow,Uttar Pradesh,+918317308649,ananya.desai208@outlook.com,DEP012,Associate,B.Com,38.0,2025-07-05,Terminated,,130000,1
EMP02870,Divya Kapoor,Female,1966-10-16,60,Married,Mumbai,Maharashtra,+918442451175,divya.kapoor732@outlook.com,DEP011,Deputy General Manager,M.Com,7.2,2018-02-14,Active,,100000,1
EMP02871,Sarika Sharma,Female,1986-10-07,40,Single,Jaipur,Rajasthan,+919564226850,sarika.sharma812@rediffmail.com,DEP004,General Manager,B.Tech,10.1,2021-05-25,Terminated,2025-08-08,45000,3
EMP02872,Ananya Verma,Female,1982-05-24,44,Married,Surat,Gujarat,+916335742675,ananya.verma849@gmail.com,DEP012,Analyst,B.A.,25.6,2023-09-25,Active,,250000,5
EMP02873,Gaurav Sharma,Male,1972-06-12,54,Single,Kolkata,West Bengal,+919010181210,gaurav.sharma593@rediffmail.com,DEP007,Team Lead,B.Com,2.1,2018-12-02,Active,,60000,4
EMP02874,Rekha Verma,Female,1980-01-12,46,Single,Lucknow,Uttar Pradesh,+919890017288,rekha.verma306@rediffmail.com,DEP008,Executive,B.A.,18.5,2022-08-06,Resigned,2023-05-14,130000,4
EMP02875,Ananya Bansal,Female,2005-05-05,21,Divorced,Surat,Gujarat,+916376769357,ananya.bansal903@rediffmail.com,DEP001,Assistant Manager,PhD,10.7,2025-11-28,On Notice Period,,200000,2
EMP02876,Reyansh Ghosh,Other,1967-04-27,59,Married,Hyderabad,Telangana,+919568582404,reyansh.ghosh457@gmail.com,DEP005,Senior Associate,B.Sc,6.2,2019-04-02,Terminated,2026-02-03,320000,3
EMP02877,Ishaan Patel,Male,2003-03-10,23,Divorced,Bengaluru,Karnataka,1234568325,ishaan.patel631@outlook.com,DEP007,Analyst,B.Tech,9.0,2024-06-13,On Notice Period,,45000,2
EMP02878,Ananya Menon,Other,1990-09-07,16,Single,Indore,Madhya Pradesh,+916022834199,ananya.menon858@rediffmail.com,DEP007,Deputy General Manager,M.Com,12.5,2026-06-04,Active,,100000,3
EMP02879,Aarav Pillai,Male,1969-11-28,57,Single,Hyderabad,Telangana,+919862075052,aarav.pillai401@yahoo.com,DEP010,Intern,B.Com,21.0,2022-11-01,Active,,200000,3
EMP02880,Manish Malhotra,Male,1999-09-14,27,Divorced,Pune,Maharashtra,+917394366880,manish.malhotra994@yahoo.com,DEP005,Manager,B.Tech,11.8,2018-12-13,Active,,80000,3
EMP02881,Gaurav Rao,Male,1981-01-28,45,Married,Bengaluru,Karnataka,+919156729197,gaurav.rao979@hotmail.com,DEP009,Senior Analyst,M.Tech,16.8,2015-04-18,On Notice Period,,160000,
EMP02882,Myra Ghosh,Female,1997-11-19,29,Divorced,Chennai,Tamil Nadu,+916076615487,myra.ghosh877@rediffmail.com,DEP003,Vice President,MBA,22.0,2025-06-14,Active,,45000,3
EMP02883,Naveen Verma,Other,1980-06-27,46,Married,Mumbai,Maharashtra,+916166245678,naveen.vermagmail.com,DEP005,Consultant,PhD,16.9,2023-02-02,Active,,80000,1
EMP02884,Karan Mishra,Other,1993-04-23,33,Divorced,Surat,Gujarat,+917187555469,karan.mishra771@gmail.com,DEP005,Vice President,B.Sc,2.4,2018-09-05,Terminated,2023-10-09,130000,5
EMP02885,Manish Sharma,Male,1967-08-02,59,Married,Lucknow,Uttar Pradesh,+917901324915,manish.sharma30@yahoo.com,DEP005,Senior Analyst,MBA,17.5,2023-12-26,Active,,160000,1
EMP02886,diya joshi,Female,1997-09-01,29,Single,Delhi,Delhi,+918564460624,diya.joshi334@rediffmail.com,DEP009,Associate,B.A.,4.1,2024-06-27,Terminated,2026-04-12,100000,1
EMP02887,Gaurav Bansal,Male,1967-09-18,59,Married,Jaipur,Rajasthan,+918045017261,gaurav.bansal334@hotmail.com,DEP008,Executive,B.A.,17.3,2015-03-01,Terminated,2018-11-14,80000,
EMP02888,Ramesh Agarwal,Male,1979-05-23,47,Divorced,Noida,Uttar Pradesh,+919900807030,ramesh.agarwal414@outlook.com,DEP008,Intern,M.Com,11.9,2025-12-02,Active,,45000,5
EMP02889,Sneha Rao,Other,1985-05-08,41,Married,Ahmedabad,Gujarat,+917601826234,sneha.rao218@rediffmail.com,DEP002,Senior Analyst,M.Sc,6.8,2019-06-17,Active,,25000,
EMP02890,ROHAN KAPOOR,Male,1973-08-02,53,Divorced,Delhi,Delhi,+916922389065,rohan.kapoor700@rediffmail.com,DEP011,Senior Manager,B.Tech,9.7,2025-01-25,Active,,250000,4
EMP02891,Nikhil Chaudhary,Male,1976-03-06,50,Married,Nagpur,Maharashtra,+916713192094,nikhil.chaudhary849@yahoo.com,DEP001,Associate,B.Com,19.8,2018-04-28,Terminated,2024-04-12,25000,5
EMP02892,Shreya Bose,Female,1999-01-06,27,Married,Chennai,Tamil Nadu,+917987279905,shreya.bose90@gmail.com,DEP001,Deputy General Manager,PhD,27.7,2020-06-13,Active,,250000,3
EMP02893,Naveen Desai,Male,1983-12-11,43,Married,Mumbai,Maharashtra,+917780212422,naveen.desaiyahoo.com,DEP007,Senior Manager,PhD,12.5,2023-02-01,Terminated,,250000,4
EMP02894,Saanvi Iyer,Female,1997-11-19,29,Married,Kolkata,West Bengal,+916618906742,saanvi.iyer175@outlook.com,DEP004,Senior Analyst,B.Com,8.9,2017-04-11,Active,,100000,4
EMP02895,Myra Yadav,Other,2000-11-23,26,Single,Coimbatore,Tamil Nadu,+918768691002,myra.yadav280@yahoo.com,DEP006,Team Lead,M.Com,25.5,2025-01-27,On Notice Period,,35000,4
EMP02896,Divya Malhotra,Female,1973-06-01,53,Single,Ghaziabad,Uttar Pradesh,+918349307104,divya.malhotra948@gmail.com,DEP001,Assistant Manager,B.Com,25.7,2026-03-29,Terminated,,130000,3
EMP02897,Shreya Nair,Female,1983-06-03,43,Single,Coimbatore,Tamil Nadu,+916673130718,shreya.nair957@hotmail.com,DEP004,Associate,B.Com,10.0,2017-04-21,Active,,250000,4
EMP02898,Aman Kumar,Male,1984-05-05,42,Divorced,Mumbai,Maharashtra,+918206589446,aman.kumar128@hotmail.com,DEP001,Analyst,B.Com,8.9,2023-10-20,Active,,45000,1
EMP02899,Riya Yadav,Other,1966-01-04,60,Single,Jaipur,Rajasthan,+919296688171,riya.yadav262@outlook.com,DEP011,Senior Associate,M.Tech,0.1,2020-09-25,Terminated,2023-01-29,250000,4
EMP02900,Isha Gupta,Other,2001-11-20,25,Divorced,Ahmedabad,Gujarat,+919508940377,isha.gupta182@gmail.com,DEP008,Senior Analyst,PhD,6.2,2022-05-11,On Notice Period,,35000,
EMP02901,Kavya Desai,Female,2000-03-18,26,Married,Coimbatore,Tamil Nadu,+918337765532,kavya.desai172@outlook.com,DEP012,Consultant,M.Com,0.1,2025-03-20,Terminated,,200000,5
EMP02902,Swati Joshi,Other,2001-11-14,25,Married,Kolkata,West Bengal,+918566810709,swati.joshi33@gmail.com,DEP008,Analyst,M.Tech,4.4,2017-08-22,Resigned,2019-10-17,35000,1
EMP02903,Meera Menon,Other,1998-10-19,28,Divorced,Indore,Madhya Pradesh,+916486410654,meera.menon501@rediffmail.com,DEP011,Assistant Manager,B.Com,20.8,2021-06-22,Terminated,2023-05-06,35000,4
EMP02904,Krishna Kumar,Other,1973-01-28,53,Married,Surat,Gujarat,+918211071071,krishna.kumar821@hotmail.com,DEP002,Deputy General Manager,Diploma,10.0,2015-09-04,Active,,200000,5
EMP02905,Vihaan Yadav,Male,2002-08-14,24,Single,Chennai,Tamil Nadu,+916927760385,vihaan.yadav796@yahoo.com,DEP011,Team Lead,Diploma,0.5,2016-05-28,Active,,100000,4
EMP02906,Vihaan Chopra,Male,1999-02-07,27,Married,Coimbatore,Tamil Nadu,+917043548166,vihaan.chopra715@outlook.com,DEP009,General Manager,Diploma,17.4,2017-01-16,Terminated,2019-03-23,35000,
EMP02907,Nikhil Iyer,Male,1999-12-28,27,Divorced,Nagpur,Maharashtra,+917962322902,nikhil.iyer33@rediffmail.com,DEP003,Executive,B.Sc,2.7,2024-12-08,Active,,25000,4
EMP02908,Kavita Menon,Female,1997-05-25,29,Divorced,Mumbai,Maharashtra,+916368627805,kavita.menon716@gmail.com,DEP003,Vice President,B.Tech,14.3,2020-11-09,On Notice Period,,60000,5
EMP02909,Aadhya Pillai,Female,1987-06-09,39,Married,Lucknow,Uttar Pradesh,+919760591925,aadhya.pillaioutlook.com,DEP004,Deputy General Manager,B.Tech,9.1,2016-05-29,Active,,25000,1
EMP02910,Aadhya Pillai,Other,2001-06-17,25,Divorced,Noida,Uttar Pradesh,+918124699217,aadhya.pillai410@yahoo.com,DEP008,Intern,M.Com,3.8,2017-10-30,Active,,35000,1
EMP02911,Reyansh Yadav,Male,1999-06-11,27,Divorced,Bengaluru,Karnataka,+918096465638,reyansh.yadav18@rediffmail.com,DEP007,Associate,M.Tech,2.1,2016-09-27,On Notice Period,,130000,5
EMP02912,Aadhya Bansal,Female,1968-09-28,58,Divorced,Nagpur,Maharashtra,+919090831659,aadhya.bansal238@hotmail.com,DEP007,Team Lead,MBA,17.0,2019-11-23,Resigned,2022-02-11,60000,1
EMP02913,Diya Singh,Female,2001-03-06,25,Single,Coimbatore,Tamil Nadu,+918929020449,diya.singh309@yahoo.com,DEP009,Senior Associate,Diploma,1.0,2021-12-07,Active,,130000,1
EMP02914,Isha Menon,Female,1977-07-13,49,Single,Pune,Maharashtra,+91-893104,isha.menon251@rediffmail.com,DEP004,Associate,B.Com,28.6,2020-04-30,Active,,130000,1
EMP02915,Deepak Menon,Male,1986-04-12,40,Divorced,Ghaziabad,Uttar Pradesh,+919549018846,deepak.menon808@outlook.com,DEP009,Deputy General Manager,Diploma,1.3,2019-02-22,Terminated,2021-02-19,60000,1
EMP02916,Karan Chopra,Other,1996-05-24,30,Single,Delhi,Delhi,1234566161,karan.chopra409@rediffmail.com,DEP012,Intern,PhD,26.9,2021-04-23,Active,,200000,4
EMP02917,Nikhil Verma,Other,1969-07-27,57,Married,Pune,Maharashtra,+917256495446,nikhil.verma563@gmail.com,DEP007,Assistant Manager,PhD,3.9,2019-07-09,Terminated,2020-01-29,60000,5
EMP02918,Pooja Gupta,Female,1992-05-18,34,Single,Surat,Gujarat,+918280072905,pooja.gupta143@yahoo.com,DEP002,Senior Manager,PhD,24.5,2020-12-06,Active,,45000,1
EMP02919,Anil Menon,Male,1986-04-06,40,Divorced,Hyderabad,Telangana,+916353552589,anil.menon434@gmail.com,DEP002,Team Lead,B.Sc,13.7,2021-06-01,Resigned,,320000,4
EMP02920,Ishaan Menon,Male,1997-06-11,29,Married,Surat,Gujarat,+919347364115,ishaan.menon54@gmail.com,DEP004,General Manager,B.Sc,23.1,2024-01-26,Terminated,2024-06-26,320000,3
EMP02921,Aditya Mishra,Other,1985-03-09,41,Single,Hyderabad,Telangana,+917117013292,aditya.mishra121@outlook.com,DEP008,Analyst,M.Sc,42.1,2020-10-13,Terminated,2025-07-10,200000,4
EMP02922,Sarika Mishra,Female,1973-06-02,53,Divorced,Lucknow,Uttar Pradesh,+916355323274,sarika.mishra706@hotmail.com,DEP011,Analyst,MBA,24.3,2022-10-29,Active,,80000,4
EMP02923,Aadhya Yadav,Female,1969-08-08,57,Married,Ahmedabad,Gujarat,+917758442006,aadhya.yadav143@yahoo.com,DEP001,Senior Manager,MBA,19.9,2026-06-30,Resigned,,35000,1
EMP02924,Neha Verma,Female,1997-10-11,29,Married,Bengaluru,Karnataka,+919138016141,,DEP008,Vice President,B.Com,18.3,2016-04-20,Active,,130000,5
EMP02925,Vihaan Bose,Male,1967-03-19,59,Divorced,Lucknow,Uttar Pradesh,+917004661572,vihaan.bose385@yahoo.com,DEP011,Consultant,Diploma,9.0,2017-03-03,Active,,250000,2
EMP02926,Anjali Mishra,Female,2001-01-10,25,Divorced,Mumbai,Maharashtra,+918948075341,anjali.mishra72@gmail.com,DEP010,Senior Analyst,B.Com,13.1,2020-02-06,Active,,60000,5
EMP02927,Krishna Reddy,Male,1973-11-28,53,Divorced,Indore,Madhya Pradesh,+917060390576,krishna.reddy750@hotmail.com,DEP012,Team Lead,M.Tech,26.3,2018-06-27,Active,,130000,1
EMP02928,Myra Menon,Female,1981-06-01,45,Married,Noida,Uttar Pradesh,+917901659556,myra.menon879@rediffmail.com,DEP010,Manager,M.Sc,12.6,2022-12-10,On Notice Period,,60000,2
EMP02929,Suresh Mishra,Male,2001-03-06,25,Single,Hyderabad,Telangana,+919935490944,suresh.mishra348@hotmail.com,DEP002,Consultant,B.Com,15.5,2018-09-30,Active,,130000,2
EMP02930,Vihaan Bose,Male,2002-10-20,24,Married,Kolkata,West Bengal,+918500012829,vihaan.bose245@hotmail.com,DEP002,Analyst,B.Com,14.3,2018-02-17,Terminated,2018-11-21,25000,4
EMP02931,Shreya Verma,Female,1976-04-03,50,Married,Coimbatore,Tamil Nadu,+916528508397,shreya.verma902@rediffmail.com,DEP008,Assistant Manager,B.Sc,16.1,2024-08-31,On Notice Period,,100000,2
EMP02932,Suresh Ghosh,Male,2002-12-11,24,Divorced,Kolkata,West Bengal,+916131700737,suresh.ghosh488@gmail.com,DEP003,Senior Manager,B.A.,27.0,2019-04-06,Resigned,2024-09-16,200000,4
EMP02933,Myra Iyer,Female,1974-04-12,52,Single,Hyderabad,Telangana,+919676706228,myra.iyer103@outlook.com,DEP007,Consultant,B.Com,0.5,2023-05-22,Terminated,2025-10-19,60000,3
EMP02934,Sneha Nair,Other,1972-04-10,54,Divorced,Chennai,Tamil Nadu,,sneha.nair411@gmail.com,DEP010,Intern,M.Sc,17.7,2020-02-27,Active,,250000,4
EMP02935,Krishna Verma,Male,1967-08-21,59,Married,Lucknow,Uttar Pradesh,+919800491550,krishna.verma828@gmail.com,DEP002,Assistant Manager,PhD,8.9,2016-02-07,On Notice Period,,25000,5
EMP02936,Anil Ghosh,Other,1983-02-13,43,Divorced,Indore,Madhya Pradesh,+918761440062,anil.ghosh666@yahoo.com,DEP008,Deputy General Manager,B.Sc,17.9,2015-01-24,Active,,45000,3
EMP02937,Krishna Sharma,Other,1992-10-05,34,Divorced,Lucknow,Uttar Pradesh,+919395242585,krishna.sharma435@yahoo.com,DEP008,Analyst,M.Tech,13.1,2019-03-09,Resigned,2020-11-17,25000,5
EMP02938,Vivaan Agarwal,Other,1995-08-26,31,Single,Chennai,Tamil Nadu,+916985360158,vivaan.agarwal549@outlook.com,DEP007,Vice President,Diploma,22.9,2019-10-28,Resigned,2025-10-31,80000,4
EMP02939,Aditya Kapoor,Other,1987-09-08,39,Single,Coimbatore,Tamil Nadu,+919944670142,aditya.kapoor948@yahoo.com,DEP008,General Manager,M.Com,27.6,2019-04-25,Active,,80000,3
EMP02940,Anjali Kapoor,Female,1982-10-15,44,Married,Bengaluru,Karnataka,+918522927284,anjali.kapoor288@yahoo.com,DEP009,Senior Associate,M.Com,5.0,2022-03-16,On Notice Period,,320000,5
EMP02941,Ishaan Sharma,Male,2001-05-26,25,Divorced,Noida,Uttar Pradesh,+918208950277,ishaan.sharma764@yahoo.com,DEP001,Assistant Manager,B.Sc,12.3,2015-07-27,Active,,160000,4
EMP02942,Priya Bose,Female,2004-12-11,22,Divorced,Noida,Uttar Pradesh,+916676215908,priya.bose590@hotmail.com,DEP009,Executive,M.Sc,25.5,2020-02-07,On Notice Period,,80000,3
EMP02943,Saanvi Joshi,Female,1988-07-23,38,Divorced,Mumbai,Maharashtra,+916264103424,saanvi.joshi336@hotmail.com,DEP011,Manager,Diploma,19.6,2025-03-23,Resigned,,60000,4
EMP02944,Kavya Agarwal,Female,1984-09-27,42,Single,Bengaluru,Karnataka,+918047165195,kavya.agarwal634@hotmail.com,DEP011,Vice President,MBA,3.5,2018-03-30,On Notice Period,,25000,3
EMP02945,Gaurav Iyer,Other,1980-04-10,46,Married,Ahmedabad,Gujarat,+919068407710,gaurav.iyer494@outlook.com,DEP007,Vice President,B.Com,12.3,2021-06-26,Active,,130000,3
EMP02946,Ramesh Rao,Male,1994-01-16,32,Single,Hyderabad,Telangana,+918315072545,ramesh.rao922@yahoo.com,DEP005,Deputy General Manager,PhD,19.8,2021-04-25,Active,,160000,
EMP02947,Ishaan Nair,Male,1975-06-17,51,Single,Surat,Gujarat,+919886727860,ishaan.nair2@hotmail.com,DEP003,Manager,B.Tech,24.4,2018-11-18,Active,,200000,5
EMP02948,Kavita Yadav,Other,2001-10-15,25,Single,Chandigarh,Chandigarh,+917544034584,kavita.yadav619@outlook.com,DEP009,Team Lead,M.Com,4.9,2025-07-01,Active,,320000,4
EMP02949,Aarav Gupta,Other,1991-06-03,35,Divorced,Delhi,Delhi,+919663215106,aarav.gupta170@rediffmail.com,DEP003,Senior Associate,MBA,0.5,2018-03-16,Terminated,2018-09-19,320000,5
EMP02950,Aarav Yadav,Other,1981-01-22,45,Divorced,Pune,Maharashtra,+917407825118,aarav.yadavgmail.com,DEP001,Senior Associate,PhD,6.9,2015-05-08,Terminated,2020-11-29,200000,5
EMP02951,Ritu Kumar,Female,1974-08-17,52,Divorced,Jaipur,Rajasthan,+917862665633,ritu.kumar420@rediffmail.com,DEP002,Intern,M.Tech,30.0,2018-09-02,Terminated,2023-10-28,25000,1
EMP02952,Reyansh Singh,Other,1979-10-07,47,Divorced,Indore,Madhya Pradesh,+918316355548,reyansh.singh253@rediffmail.com,DEP004,Consultant,Diploma,29.0,2017-06-23,Terminated,2020-07-27,200000,2
EMP02953,Sunita Kumar,Other,1991-02-28,35,Divorced,Lucknow,Uttar Pradesh,+919242555542,sunita.kumar161@hotmail.com,DEP002,Analyst,B.A.,9.1,2023-05-27,Active,,320000,5
EMP02954,Arjun Menon,Other,1982-11-12,44,Married,Bengaluru,Karnataka,+917200738627,arjun.menon394@rediffmail.com,DEP011,Deputy General Manager,M.Tech,8.1,2019-04-14,Resigned,2023-12-02,45000,5
EMP02955,Ajay Iyer,Male,1995-11-26,31,Single,Surat,Gujarat,+916140358418,ajay.iyer149@gmail.com,DEP011,Team Lead,Diploma,9.7,2023-11-29,Resigned,2025-08-30,100000,5
EMP02956,Kavita Singh,Other,1982-10-02,44,Single,Jaipur,Rajasthan,+919274251429,kavita.singh54@hotmail.com,DEP002,Senior Analyst,M.Tech,10.8,2019-07-27,Active,,80000,3
EMP02957,Aadhya Nair,Female,1989-09-21,37,Single,Jaipur,Rajasthan,+919640125145,aadhya.nair252@hotmail.com,DEP010,Vice President,M.Com,6.6,2016-07-13,Active,,320000,1
EMP02958,Suresh Chaudhary,Male,1974-08-06,52,Single,Surat,Gujarat,+918401803890,suresh.chaudhary598@yahoo.com,DEP008,Deputy General Manager,MBA,9.1,2016-06-03,Terminated,2019-01-20,45000,3
EMP02959,Ramesh Patel,Male,1986-12-24,40,Divorced,Noida,Uttar Pradesh,+917499424868,ramesh.patel633@hotmail.com,DEP002,Team Lead,M.Tech,13.4,2024-07-16,Active,,200000,5
EMP02960,Krishna Patel,Male,1975-09-12,51,Single,Surat,Gujarat,+919910152993,krishna.patel428@rediffmail.com,DEP006,Analyst,B.Sc,23.0,2018-04-14,Active,,25000,2
EMP02961,Deepak Agarwal,Male,1992-12-26,34,Single,Coimbatore,Tamil Nadu,+916864883323,deepak.agarwal203@rediffmail.com,DEP010,Analyst,B.A.,27.3,2021-09-27,Resigned,2026-03-25,25000,5
EMP02962,Kritika Iyer,Female,1988-08-21,38,Divorced,Coimbatore,Tamil Nadu,+917207767774,kritika.iyer878@yahoo.com,DEP010,Intern,M.Tech,13.2,2015-03-04,Active,,130000,5
EMP02963,Aarav Iyer,Male,1969-06-06,57,Single,Indore,Madhya Pradesh,+917384391877,aarav.iyer475@outlook.com,DEP001,General Manager,PhD,16.6,2020-11-11,Active,,100000,2
EMP02964,Ishaan Gupta,Male,1974-12-13,52,Married,Chennai,Tamil Nadu,386199194226386,ishaan.gupta588@outlook.com,DEP001,Team Lead,M.Com,37.3,2026-04-29,Active,,200000,5
EMP02965,GAURAV RAO,Other,1996-09-10,30,Divorced,Lucknow,Uttar Pradesh,+917324259387,gaurav.rao716@gmail.com,DEP002,Associate,M.Sc,14.0,2020-06-14,Active,,60000,1
EMP02966,Vikram Sharma,Male,1990-02-22,36,Divorced,Surat,Gujarat,+916840202312,vikram.sharma76@outlook.com,DEP003,Manager,Diploma,9.2,2015-10-09,Active,,320000,3
EMP02967,Anil Patel,Other,2001-12-11,25,Married,Surat,Gujarat,+918301994718,anil.patel687@hotmail.com,DEP010,Senior Manager,M.Com,25.6,2016-02-18,Terminated,2020-09-10,60000,3
EMP02968,Suresh Mishra,Male,1974-10-28,17,Married,Surat,Gujarat,+917657318759,suresh.mishra586@rediffmail.com,DEP002,Vice President,B.Tech,14.4,2024-12-11,Active,,160000,2
EMP02969,Arjun Reddy,Male,1972-12-02,54,Single,Chandigarh,Chandigarh,+918557240422,arjun.reddy894@yahoo.com,DEP010,Senior Manager,PhD,28.2,2021-08-23,Active,,250000,3
EMP02970,Gaurav Sharma,Other,1984-06-20,42,Single,Lucknow,Uttar Pradesh,+918183404001,gaurav.sharma952@rediffmail.com,DEP010,Deputy General Manager,B.Com,2.4,2019-07-31,Resigned,2021-10-02,80000,4
EMP02971,Ananya Pillai,Female,2001-01-28,25,Divorced,Hyderabad,Telangana,+919823724584,ananya.pillai131@rediffmail.com,DEP001,Senior Manager,Diploma,16.3,2016-02-27,Active,,80000,5
EMP02972,Nikhil Bose,Other,1971-07-04,55,Married,Kolkata,West Bengal,+916597531116,nikhil.bose956@outlook.com,DEP002,Associate,MBA,0.2,2024-06-28,Active,,320000,2
EMP02973,Ajay Sharma,Male,1999-06-26,27,Divorced,Ahmedabad,Gujarat,+917056529972,ajay.sharma441@yahoo.com,DEP012,Executive,PhD,26.3,2020-08-22,On Notice Period,,45000,2
EMP02974,Saanvi Bansal,Other,1999-03-14,17,Divorced,Chennai,Tamil Nadu,+917145674808,saanvi.bansal757@yahoo.com,DEP006,Assistant Manager,MBA,6.6,2026-05-25,Active,,320000,4
EMP02975,Suresh Menon,Male,1966-08-04,60,Single,Coimbatore,Tamil Nadu,+917703788929,suresh.menon929@gmail.com,DEP006,Senior Manager,M.Com,8.1,2021-08-11,Active,,35000,5
EMP02976,Rekha Rao,Female,1979-03-24,47,Married,Chandigarh,Chandigarh,+917014613902,rekha.rao422@gmail.com,DEP011,Associate,M.Com,23.5,2022-03-12,Resigned,,45000,1
EMP02977,Aman Singh,Male,1983-01-02,43,Single,Coimbatore,Tamil Nadu,1234565292,aman.singh405@outlook.com,DEP004,Senior Manager,M.Com,5.5,2018-10-27,Active,,60000,1
EMP02978,Anil Desai,Male,1999-07-10,27,Married,Ahmedabad,Gujarat,+916077581172,anil.desai931@hotmail.com,DEP009,Associate,B.Sc,15.6,2021-04-15,Active,,25000,4
EMP02979,Aman Joshi,Male,1988-09-05,38,Divorced,Coimbatore,Tamil Nadu,+919221881080,aman.joshi70@yahoo.com,DEP011,Senior Manager,B.Com,5.7,2026-06-21,Terminated,,320000,3
EMP02980,Aarav Shetty,Male,1970-11-21,56,Single,Ghaziabad,Uttar Pradesh,+919504884914,aarav.shetty874@hotmail.com,DEP006,Team Lead,B.Com,12.4,2015-03-19,Active,,200000,4
EMP02981,Divya Chopra,Female,1986-09-07,40,Divorced,Lucknow,Uttar Pradesh,+919497652401,divya.chopra975@hotmail.com,DEP002,Senior Analyst,B.A.,0.4,2024-03-07,On Notice Period,,130000,5
EMP02982,Kavya Nair,Other,1986-07-17,40,Divorced,Indore,Madhya Pradesh,+918324794121,kavya.nair496@yahoo.com,DEP001,Executive,PhD,17.5,2017-09-09,Active,,45000,4
EMP02983,Kavita Patel,Female,2002-07-03,24,Divorced,Jaipur,Rajasthan,+919365787598,kavita.patel477@rediffmail.com,DEP004,Deputy General Manager,B.Com,18.5,2019-08-11,Active,,60000,4
EMP02984,Deepak Desai,Male,1978-11-26,48,Married,Chennai,Tamil Nadu,+918921943803,deepak.desai428@gmail.com,DEP012,Deputy General Manager,MBA,1.3,2018-11-04,Active,,200000,3
EMP02985,Deepak Gupta,Male,1987-08-19,39,Divorced,Jaipur,Rajasthan,+919150220102,deepak.gupta870@hotmail.com,DEP008,Team Lead,M.Com,25.8,2024-09-20,On Notice Period,,25000,3
EMP02986,Ajay Mishra,Male,1969-01-18,57,Single,Bengaluru,Karnataka,+916782550896,ajay.mishra732@hotmail.com,DEP010,Team Lead,M.Com,23.6,2026-02-10,Active,,130000,4
EMP02987,Aarav Desai,Male,1996-04-10,30,Single,Hyderabad,Telangana,+918433066193,aarav.desai216@yahoo.com,DEP001,Consultant,M.Tech,20.8,2015-11-01,Active,,80000,2
EMP02988,Ananya Desai,Female,2001-11-11,25,Single,Pune,Maharashtra,+919409793133,ananya.desai659@yahoo.com,DEP003,Executive,PhD,19.2,2018-07-20,Terminated,2020-05-09,200000,4
EMP02989,Ishaan Ghosh,Male,1999-01-07,27,Married,Ghaziabad,Uttar Pradesh,+919179561519,ishaan.ghosh69@yahoo.com,DEP009,Deputy General Manager,M.Sc,5.5,2017-01-29,Active,,160000,1
EMP02990,Deepak Chopra,Male,2000-11-07,26,Single,Chandigarh,Chandigarh,+917921913870,deepak.chopra958@rediffmail.com,DEP006,Manager,PhD,28.2,2020-03-24,Resigned,2023-04-04,160000,3
EMP02991,Saurabh Ghosh,Male,1966-11-16,60,Single,Noida,Uttar Pradesh,1234566776,saurabh.ghosh804@gmail.com,DEP004,Senior Analyst,Diploma,10.6,2017-05-09,Active,,100000,2
EMP02992,Nisha Kapoor,Other,2003-05-03,23,Married,Pune,Maharashtra,+916645909222,nisha.kapoor54@outlook.com,DEP007,Associate,B.Tech,12.7,2018-04-18,Terminated,2021-05-17,45000,3
EMP02993,Manish Kumar,Other,1968-04-22,58,Single,Chandigarh,Chandigarh,+916615824831,manish.kumar915@rediffmail.com,DEP005,Senior Manager,Diploma,16.6,2015-01-30,Resigned,2016-09-18,320000,1
EMP02994,Anjali Rao,Female,1985-04-19,41,Married,Hyderabad,Telangana,+916538930180,anjali.rao132@gmail.com,DEP003,Manager,M.Com,17.6,2021-07-06,Active,,200000,3
EMP02995,Ananya Chaudhary,Other,1992-06-21,34,Divorced,Lucknow,Uttar Pradesh,+916557844825,ananya.chaudhary572@gmail.com,DEP001,Senior Analyst,MBA,20.6,2015-12-09,Resigned,2017-02-15,130000,2
EMP02996,Myra Desai,Other,1988-12-11,38,Married,Indore,Madhya Pradesh,+917781361908,myra.desai975@hotmail.com,DEP008,Manager,B.A.,12.4,2024-02-24,Active,,320000,5
EMP02997,Pooja Singh,Other,1990-02-05,36,Divorced,Bengaluru,Karnataka,+918599551101,pooja.singh88@yahoo.com,DEP002,Consultant,M.Tech,24.8,2025-03-07,Terminated,,100000,1
EMP02998,Manish Iyer,Male,2004-07-19,22,Divorced,Noida,Uttar Pradesh,+917030600852,manish.iyer493@rediffmail.com,DEP002,Deputy General Manager,B.A.,24.3,2016-07-21,Terminated,2021-08-20,45000,4
EMP02999,Rohan Verma,Male,1993-11-27,33,Married,Delhi,Delhi,+916389629456,rohan.verma453@outlook.com,DEP010,Senior Manager,M.Sc,2.9,2020-06-18,Active,,160000,3
EMP03000,Aarav Patel,Male,1996-11-10,30,Single,Ahmedabad,Gujarat,+916193339737,aarav.patel510@outlook.com,DEP005,Senior Analyst,B.Com,28.0,2020-06-23,Active,,35000,3
EMP03001,Sneha Agarwal,Female,1974-10-24,52,Married,Ghaziabad,Uttar Pradesh,+919126813688,sneha.agarwal696@outlook.com,DEP011,Assistant Manager,B.Com,22.8,2018-04-07,Active,,320000,4
EMP03002,RAHUL KUMAR,Male,2001-12-25,25,Divorced,Pune,Maharashtra,+916047308210,rahul.kumar194@gmail.com,DEP006,Senior Analyst,B.A.,18.3,2015-09-08,Terminated,2019-12-31,130000,4
EMP03003,nikhil bose,Male,1989-12-06,37,Married,Kolkata,West Bengal,+917766203012,nikhil.bose405@yahoo.com,DEP010,Consultant,M.Com,22.0,2015-02-22,Active,,250000,2
EMP03004,Priya Iyer,Female,1998-08-21,28,Divorced,Coimbatore,Tamil Nadu,+919436524977,priya.iyer89@rediffmail.com,DEP004,General Manager,M.Tech,24.1,2015-02-28,Terminated,2016-03-08,130000,1
EMP03005,Diya Iyer,Female,1996-01-16,30,Married,Kolkata,West Bengal,+918836087292,diya.iyer746@gmail.com,DEP005,Associate,M.Sc,0.1,2017-11-10,Active,,200000,1
EMP03006,Arjun Agarwal,Male,2003-10-02,23,Married,Chandigarh,Chandigarh,+917623379041,arjun.agarwal586@rediffmail.com,DEP002,Executive,PhD,8.9,2018-12-07,Active,,45000,
EMP03007,Saanvi Reddy,Female,1967-09-05,59,Single,Noida,Uttar Pradesh,+916216779371,saanvi.reddy709@outlook.com,DEP005,Senior Analyst,B.Tech,1.6,2022-10-17,Resigned,,320000,1
EMP03008,Karan Agarwal,Male,1996-01-10,30,Divorced,Lucknow,Uttar Pradesh,+916022018225,karan.agarwal992@hotmail.com,DEP003,Senior Analyst,B.Com,12.2,2025-09-11,Active,,25000,
EMP03009,Sneha Singh,Female,1979-02-09,47,Married,Nagpur,Maharashtra,+919174616924,sneha.singh493@rediffmail.com,DEP003,Associate,B.Com,8.0,2025-04-23,Active,,35000,3
EMP03010,Divya Patel,Other,1968-10-27,58,Divorced,Hyderabad,Telangana,+917359287570,divya.patel518@gmail.com,DEP012,Executive,PhD,24.5,2024-01-12,Active,,35000,2
EMP03011,Vivaan Pillai,Male,1997-06-26,29,Married,Delhi,Delhi,+918594213032,vivaan.pillai509@rediffmail.com,DEP002,Team Lead,M.Tech,29.9,2024-07-08,Resigned,2025-02-09,200000,1
EMP03012,Krishna Iyer,Male,1993-01-28,33,Divorced,Pune,Maharashtra,+917102657302,krishna.iyer290@hotmail.com,DEP011,Deputy General Manager,B.A.,14.5,2017-04-21,Active,,60000,2
EMP03013,Riya Reddy,Female,1982-12-18,44,Single,Lucknow,Uttar Pradesh,+918254469193,riya.reddy884@yahoo.com,DEP003,Analyst,B.Com,18.3,2023-03-24,Active,,60000,3
EMP03014,Aarav Joshi,Male,1998-06-11,28,Divorced,Ahmedabad,Gujarat,+916464688385,aarav.joshi995@rediffmail.com,DEP006,Vice President,MBA,9.5,2022-05-15,Active,,250000,1
EMP03015,Isha Menon,Other,1991-07-10,35,Married,Bengaluru,Karnataka,+919508028574,isha.menon164@hotmail.com,DEP005,Intern,B.Com,18.7,2017-10-14,Active,,250000,4
EMP03016,Gaurav Chopra,Other,1979-05-21,47,Married,Delhi,Delhi,+919707822362,,DEP012,General Manager,M.Sc,0.6,2022-07-18,Resigned,2025-12-01,100000,1
EMP03017,Vivaan Iyer,Male,1974-07-13,52,Married,Chennai,Tamil Nadu,+916722030608,vivaan.iyer458@outlook.com,DEP010,Senior Analyst,PhD,24.8,2020-08-28,Active,,25000,4
EMP03018,Rekha Bansal,Other,1971-07-07,55,Single,Chennai,Tamil Nadu,+917424795238,rekha.bansal845@rediffmail.com,DEP001,Vice President,M.Tech,0.0,2022-08-05,On Notice Period,,80000,5
EMP03019,Diya Rao,Other,1981-03-14,45,Married,Jaipur,Rajasthan,+919010218289,diya.rao314@hotmail.com,DEP001,General Manager,B.Com,0.9,2021-06-29,Active,,25000,1
EMP03020,Kritika Patel,Other,1973-04-04,53,Single,Ghaziabad,Uttar Pradesh,+918453152784,kritika.patel940@yahoo.com,DEP012,Senior Manager,B.Sc,11.4,2023-12-26,Terminated,2025-02-16,35000,1
EMP03021,Priya Singh,Female,1980-04-11,46,Divorced,Delhi,Delhi,+919167676902,priya.singh866@outlook.com,DEP006,Executive,M.Com,25.1,2016-11-25,Active,,320000,5
EMP03022,Ritu Agarwal,Female,1999-09-23,27,Single,Chennai,Tamil Nadu,+916621778194,ritu.agarwal943@rediffmail.com,DEP002,Deputy General Manager,M.Com,1.0,2025-05-12,Terminated,,45000,1
EMP03023,Kavya Menon,Female,1983-01-21,43,Divorced,Chandigarh,Chandigarh,+919052978192,kavya.menon212@hotmail.com,DEP008,Senior Manager,M.Tech,19.3,2016-07-23,Active,,100000,4
EMP03024,Vikram Kapoor,Male,2005-05-21,21,Married,Indore,Madhya Pradesh,+918435802351,vikram.kapoor568@outlook.com,DEP009,General Manager,M.Tech,15.6,2025-11-16,Resigned,,100000,4
EMP03025,Aadhya Gupta,Other,2004-01-23,22,Divorced,Chandigarh,Chandigarh,+919759701064,aadhya.gupta560@outlook.com,DEP010,Senior Associate,B.Com,12.3,2018-09-09,On Notice Period,,80000,4
EMP03026,Aadhya Menon,Female,1995-02-06,31,Married,Bengaluru,Karnataka,+917218842808,aadhya.menon452@rediffmail.com,DEP007,Associate,PhD,4.1,2020-09-13,Active,,80000,2
EMP03027,Anjali Verma,Other,1997-09-25,29,Single,Lucknow,Uttar Pradesh,+916482841200,anjali.verma69@yahoo.com,DEP011,Intern,M.Sc,18.5,2024-04-28,Active,,130000,5
EMP03028,Krishna Menon,Male,1982-05-19,44,Married,Nagpur,Maharashtra,+917798171273,krishna.menon@outlook,DEP003,Manager,M.Sc,18.5,2018-09-12,Active,,80000,2
EMP03029,Sneha Agarwal,Other,1985-10-14,41,Divorced,Chennai,Tamil Nadu,+918145640616,sneha.agarwal932@gmail.com,DEP012,General Manager,B.Com,22.6,2020-03-05,Resigned,2020-07-17,250000,4
EMP03030,Anjali Chopra,Other,1985-07-05,41,Single,Delhi,Delhi,+916730324054,anjali.chopra151@rediffmail.com,DEP009,Vice President,MBA,22.0,2022-10-16,Resigned,,60000,4
EMP03031,Divya Yadav,Other,1973-01-27,53,Divorced,Kolkata,West Bengal,+918118010290,divya.yadav922@outlook.com,DEP004,General Manager,M.Sc,39.6,2024-01-22,Active,,130000,5
EMP03032,Aman Nair,Male,1972-12-21,54,Married,Lucknow,Uttar Pradesh,+916614989870,aman.nairhotmail.com,DEP009,Associate,M.Tech,6.6,2025-02-22,Active,,35000,3
EMP03033,Pooja Yadav,Female,1967-09-17,59,Married,Coimbatore,Tamil Nadu,+919297997259,pooja.yadav301@hotmail.com,DEP011,Consultant,Diploma,28.6,2019-11-10,Active,,60000,4
EMP03034,Divya Kumar,Other,1979-08-09,47,Married,Ghaziabad,Uttar Pradesh,+918328025611,divya.kumar628@yahoo.com,DEP011,Associate,B.Com,14.1,2017-09-15,Active,,130000,1
EMP03035,Ritu Desai,Female,1999-06-06,27,Divorced,Lucknow,Uttar Pradesh,+919936348597,ritu.desai517@outlook.com,DEP003,Deputy General Manager,M.Tech,9.2,2015-03-23,Active,,100000,2
EMP03036,Gaurav Sharma,Other,1987-07-26,39,Single,Surat,Gujarat,+918393041887,gaurav.sharma805@outlook.com,DEP007,Associate,B.Com,14.1,2021-08-30,Active,,45000,2
EMP03037,Arjun Nair,Male,1973-06-26,53,Divorced,Jaipur,Rajasthan,+917148535531,arjun.nair479@rediffmail.com,DEP006,Deputy General Manager,B.Com,23.6,2018-10-26,Active,,130000,2
EMP03038,Rahul Yadav,Male,1993-08-18,33,Married,Nagpur,Maharashtra,+918877220087,rahul.yadav259@outlook.com,DEP011,Vice President,Diploma,10.5,2021-12-23,Active,,250000,4
EMP03039,Rekha Iyer,Other,1972-02-20,54,Single,Coimbatore,Tamil Nadu,+916523394576,rekha.iyer704@gmail.com,DEP001,General Manager,PhD,10.6,2018-11-06,On Notice Period,,250000,2
EMP03040,Suresh Verma,Male,1971-01-05,55,Divorced,Bengaluru,Karnataka,1234564523,suresh.verma326@hotmail.com,DEP009,Senior Associate,Diploma,25.5,2017-03-04,Active,,200000,3
EMP03041,KAVYA MENON,Female,2000-10-09,26,Married,Nagpur,Maharashtra,+917715237848,kavya.menon462@rediffmail.com,DEP008,Vice President,M.Tech,18.5,2019-02-26,Active,,200000,4
EMP03042,Manish Pillai,Male,1987-09-02,39,Single,Bengaluru,Karnataka,+916497976480,manish.pillai27@rediffmail.com,DEP004,Senior Analyst,B.Sc,7.6,2019-06-16,Active,,250000,3
EMP03043,Divya Pillai,Other,1993-12-09,33,Married,Surat,Gujarat,+919970936559,divya.pillai557@hotmail.com,DEP006,Team Lead,MBA,26.3,2018-01-03,Active,,35000,
EMP03044,Sarika Chaudhary,Female,2003-07-27,23,Married,Coimbatore,Tamil Nadu,+917422795704,sarika.chaudhary781@rediffmail.com,DEP008,General Manager,M.Sc,15.9,2023-05-02,On Notice Period,,25000,2
EMP03045,Sarika Desai,Female,1978-05-04,48,Single,Jaipur,Rajasthan,+918492109697,sarika.desai35@rediffmail.com,DEP010,Vice President,M.Com,15.1,2020-04-18,Resigned,2022-06-06,25000,2
EMP03046,Swati Ghosh,Female,1977-07-02,49,Married,Pune,Maharashtra,+918091671924,swati.ghosh727@hotmail.com,DEP012,Intern,B.A.,13.3,2024-11-23,Active,,45000,5
EMP03047,Sarika Kumar,Female,1967-01-16,59,Divorced,Chennai,Tamil Nadu,+917078699027,sarika.kumar860@gmail.com,DEP005,Analyst,M.Com,7.3,2020-10-15,Active,,25000,3
EMP03048,Sneha Mishra,Female,1985-12-25,16,Divorced,Jaipur,Rajasthan,+916615588178,sneha.mishra134@yahoo.com,DEP006,Deputy General Manager,B.Sc,20.9,2023-06-01,Resigned,,45000,2
EMP03049,Reyansh Gupta,Male,2000-01-09,26,Married,Nagpur,Maharashtra,+917135581433,reyansh.gupta651@outlook.com,DEP003,General Manager,M.Sc,11.3,2020-07-15,On Notice Period,,250000,3
EMP03050,AJAY VERMA,Other,1983-01-04,43,Married,Ahmedabad,Gujarat,+917835355406,ajay.verma585@yahoo.com,DEP011,Analyst,B.A.,10.5,2023-09-14,Active,,200000,3
EMP03051,Reyansh Shetty,Male,2003-11-28,23,Single,Hyderabad,Telangana,+916268030275,reyansh.shetty226@rediffmail.com,DEP011,Assistant Manager,B.Tech,18.1,2019-04-07,Resigned,2020-12-01,320000,2
EMP03052,Saanvi Iyer,Female,1991-11-17,35,Divorced,Jaipur,Rajasthan,+919272873898,saanvi.iyer923@yahoo.com,DEP008,Deputy General Manager,B.Tech,19.2,2020-05-28,Active,,25000,2
EMP03053,Rohan Desai,Male,1979-03-26,47,Single,Chandigarh,Chandigarh,+917355456137,rohan.desai732@yahoo.com,DEP004,Assistant Manager,B.Sc,11.3,2023-05-13,Terminated,,25000,4
EMP03054,Priya Bansal,Female,1996-03-21,30,Divorced,Pune,Maharashtra,+918140445178,priya.bansal783@rediffmail.com,DEP010,Manager,M.Sc,7.7,2019-08-08,Active,,130000,1
EMP03055,Sunita Agarwal,Female,1995-12-17,31,Divorced,Indore,Madhya Pradesh,+919477518786,sunita.agarwal31@gmail.com,DEP011,Consultant,PhD,2.0,2017-12-27,On Notice Period,,35000,2
EMP03056,Ritu Reddy,Female,1978-09-08,48,Married,Noida,Uttar Pradesh,+916806330009,ritu.reddy892@rediffmail.com,DEP010,Executive,MBA,11.9,2019-07-23,Resigned,2021-06-05,130000,4
EMP03057,Aarav Yadav,Other,1974-01-06,52,Single,Bengaluru,Karnataka,+917169714268,aarav.yadav405@yahoo.com,DEP003,Assistant Manager,B.A.,12.2,2019-09-25,Active,,25000,3
EMP03058,Krishna Menon,Male,1983-06-27,43,Single,Nagpur,Maharashtra,+918696748733,krishna.menon761@outlook.com,DEP010,Consultant,M.Tech,10.9,2019-07-04,Active,,80000,3
EMP03059,Ritu Ghosh,Female,1990-05-09,36,Married,Delhi,Delhi,+918615125571,ritu.ghosh831@hotmail.com,DEP002,Team Lead,PhD,13.3,2018-06-02,Active,,60000,2
EMP03060,Isha Mishra,Female,1989-05-08,37,Single,Ahmedabad,Gujarat,+918439211427,isha.mishrayahoo.com,DEP012,General Manager,B.Com,23.3,2020-07-26,Active,,100000,3
EMP03061,Ajay Rao,Other,1989-03-01,37,Single,Jaipur,Rajasthan,+916166985874,ajay.rao788@yahoo.com,DEP004,Deputy General Manager,M.Com,11.9,2023-12-13,Active,,45000,1
EMP03062,Aditya Chopra,Male,1972-12-01,54,Married,Noida,Uttar Pradesh,+916353893716,aditya.chopra15@rediffmail.com,DEP011,Team Lead,MBA,16.6,2015-10-13,Active,,45000,1
EMP03063,Naveen Pillai,Male,1981-03-03,45,Divorced,Indore,Madhya Pradesh,+917957307657,,DEP003,Consultant,M.Sc,17.9,2018-02-01,Active,,25000,1
EMP03064,Rahul Patel,Male,2000-09-22,26,Married,Mumbai,Maharashtra,+919059491501,rahul.patel297@gmail.com,DEP005,Manager,MBA,26.1,2021-09-13,Active,,200000,1
EMP03065,Naveen Desai,Male,1985-08-01,41,Divorced,Chandigarh,Chandigarh,+919418633205,naveen.desai883@yahoo.com,DEP006,Senior Analyst,B.Com,14.6,2021-05-04,Active,,160000,2
EMP03066,Rekha Mishra,Female,1997-04-17,29,Divorced,Coimbatore,Tamil Nadu,+919931047921,rekha.mishra705@gmail.com,DEP002,General Manager,Diploma,3.3,2019-12-29,On Notice Period,,35000,4
EMP03067,Aditya Malhotra,Other,2002-08-23,24,Married,Bengaluru,Karnataka,+918680608620,aditya.malhotra820@hotmail.com,DEP007,Consultant,B.Sc,26.8,2023-05-12,Active,,35000,
EMP03068,Nisha Yadav,Female,1982-10-17,44,Married,Jaipur,Rajasthan,+919033257505,nisha.yadav871@outlook.com,DEP004,Analyst,B.Tech,0.4,2019-04-05,Resigned,2020-06-25,130000,4
EMP03069,Reyansh Rao,Male,1985-12-10,41,Married,Hyderabad,Telangana,+916772810489,reyansh.rao762@gmail.com,DEP001,Executive,M.Com,28.9,2022-09-05,Active,,160000,2
EMP03070,Naveen Nair,Other,1999-05-25,27,Single,Pune,Maharashtra,+916277444854,naveen.nair708@rediffmail.com,DEP007,General Manager,MBA,4.0,2017-06-28,Active,,25000,5
EMP03071,Rahul Iyer,Male,1981-06-28,45,Married,Delhi,Delhi,+918942738738,rahul.iyerhotmail.com,DEP005,Executive,PhD,16.8,2019-01-06,Active,,200000,
EMP03072,Priya Yadav,Female,1999-08-16,27,Single,Hyderabad,Telangana,+916515330961,priya.yadav200@yahoo.com,DEP009,Senior Associate,PhD,4.5,2021-04-10,Active,,60000,2
EMP03073,Kavya Reddy,Female,1998-02-07,28,Married,Noida,Uttar Pradesh,+917756235219,kavya.reddy179@hotmail.com,DEP008,Deputy General Manager,B.Com,4.9,2015-09-17,Active,,35000,2
EMP03074,Nikhil Yadav,Male,1974-01-22,52,Single,Hyderabad,Telangana,+917485440222,nikhil.yadav84@gmail.com,DEP009,Associate,B.Sc,19.7,2024-08-11,Active,,100000,2
EMP03075,Suresh Joshi,Male,1996-11-12,30,Divorced,Chandigarh,Chandigarh,+919480603410,suresh.joshi178@yahoo.com,DEP006,Consultant,B.Com,17.8,2025-01-22,Terminated,,60000,5
EMP03076,Nikhil Chaudhary,Male,1980-02-08,46,Divorced,Bengaluru,Karnataka,+917070883109,nikhil.chaudhary919@gmail.com,DEP012,Senior Manager,B.Tech,8.5,2026-04-14,Active,,160000,2
EMP03077,Aadhya Verma,Female,1977-05-03,49,Single,Indore,Madhya Pradesh,+919179103085,aadhya.verma475@rediffmail.com,DEP012,Assistant Manager,B.A.,12.9,2018-08-15,Terminated,2022-02-21,60000,4
EMP03078,Anjali Malhotra,Female,2004-02-05,22,Divorced,Mumbai,Maharashtra,+917475266957,anjali.malhotra997@outlook.com,DEP001,Consultant,B.Com,2.2,2024-12-08,Active,,35000,5
EMP03079,Sarika Chopra,Other,1972-07-12,54,Divorced,Bengaluru,Karnataka,+917893672886,sarika.chopra653@rediffmail.com,DEP009,Consultant,B.Com,22.1,2024-04-04,Terminated,,160000,2
EMP03080,Ananya Kumar,Female,1971-10-15,55,Single,Ghaziabad,Uttar Pradesh,+917010225198,ananya.kumar401@yahoo.com,DEP009,Assistant Manager,M.Sc,20.2,2026-05-03,Active,,250000,5
EMP03081,Sunita Chopra,Other,1978-06-06,48,Divorced,Indore,Madhya Pradesh,+918059745458,sunita.chopra107@outlook.com,DEP007,Associate,MBA,1.1,2016-09-19,Resigned,2023-07-16,80000,4
EMP03082,Karan Shetty,Male,1980-06-06,46,Divorced,Pune,Maharashtra,+91-024127,karan.shetty465@yahoo.com,DEP001,Deputy General Manager,MBA,2.7,2016-02-25,Resigned,2021-08-15,35000,4
EMP03083,Aarav Iyer,Male,1993-10-17,33,Single,Ghaziabad,Uttar Pradesh,+918853108572,aarav.iyer952@rediffmail.com,DEP011,Consultant,B.A.,13.6,2016-05-27,Resigned,2020-02-22,80000,3
EMP03084,Priya Shetty,Female,1977-05-16,49,Married,Surat,Gujarat,+918848784752,priya.shetty287@rediffmail.com,DEP007,Analyst,B.Tech,18.8,2017-06-25,Terminated,2023-01-16,130000,2
EMP03085,Naveen Patel,Male,1994-11-28,32,Married,Delhi,Delhi,+919370053719,naveen.patel671@gmail.com,DEP009,General Manager,B.A.,28.3,2023-12-23,Terminated,2025-08-04,160000,3
EMP03086,Vikram Kumar,Male,1974-05-13,52,Married,Ghaziabad,Uttar Pradesh,+917577640502,vikram.kumar991@rediffmail.com,DEP010,Consultant,B.A.,9.8,2022-08-17,Active,,130000,3
EMP03087,Vikram Reddy,Male,2004-09-12,22,Divorced,Nagpur,Maharashtra,+918228953907,vikram.reddy553@rediffmail.com,DEP002,Senior Associate,M.Com,10.4,2024-01-30,Active,,80000,2
EMP03088,Swati Rao,Female,1992-04-21,34,Single,Surat,Gujarat,+916946714639,swati.rao885@hotmail.com,DEP012,Consultant,B.Tech,16.5,2022-07-08,Active,,25000,2
EMP03089,Ananya Malhotra,Other,1971-08-19,55,Married,Kolkata,West Bengal,+917743742740,ananya.malhotra388@hotmail.com,DEP012,Vice President,PhD,1.9,2026-03-11,On Notice Period,,200000,5
EMP03090,Anil Agarwal,Other,1970-01-14,56,Divorced,Mumbai,Maharashtra,+916363000215,anil.agarwal740@gmail.com,DEP009,Intern,B.A.,10.8,2020-08-23,Active,,320000,3
EMP03091,  Aarav Rao  ,Other,1978-05-23,48,Divorced,Jaipur,Rajasthan,+918176103127,aarav.rao710@rediffmail.com,DEP006,General Manager,M.Tech,24.6,2023-09-13,Terminated,2024-02-14,200000,4
EMP03092,Sneha Singh,Female,1994-03-24,32,Single,Mumbai,Maharashtra,+918563028324,sneha.singh836@hotmail.com,DEP005,Senior Analyst,Diploma,5.0,2015-12-31,Active,,60000,1
EMP03093,Nikhil Shetty,Male,1982-02-25,44,Divorced,Delhi,Delhi,+918046556684,nikhil.shettyyahoo.com,DEP001,Vice President,M.Sc,23.7,2023-10-16,Active,,100000,4
EMP03094,Karan Reddy,Male,1987-11-28,39,Divorced,Kolkata,West Bengal,+916728779693,karan.reddy288@hotmail.com,DEP003,Associate,MBA,7.0,2023-02-27,Active,,100000,3
EMP03095,Suresh Nair,Male,1988-11-17,38,Single,Lucknow,Uttar Pradesh,300417398883637,suresh.nair997@yahoo.com,DEP001,Consultant,B.A.,24.1,2015-09-07,Active,,60000,2
EMP03096,Neha Bose,Other,1980-09-28,46,Single,Kolkata,West Bengal,+919242517686,neha.bose550@yahoo.com,DEP010,Deputy General Manager,M.Tech,21.6,2024-08-05,On Notice Period,,45000,4
EMP03097,Sarika Patel,Female,1997-04-27,29,Married,Delhi,Delhi,+919079169545,sarika.patel373@rediffmail.com,DEP008,Analyst,PhD,7.2,2025-10-16,Terminated,,320000,3
EMP03098,Naveen Chaudhary,Male,1997-05-01,29,Married,Coimbatore,Tamil Nadu,+918077088043,naveen.chaudhary609@outlook.com,DEP004,Executive,M.Sc,0.0,2019-05-24,On Notice Period,,35000,3
EMP03099,Sanjay Mishra,Male,1974-11-16,52,Married,Bengaluru,Karnataka,+919083236814,sanjay.mishra667@gmail.com,DEP006,Senior Associate,M.Sc,21.7,2025-03-09,Active,,130000,3
EMP03100,Myra Sharma,Female,1977-03-08,49,Divorced,Indore,Madhya Pradesh,+917893529820,myra.sharma99@outlook.com,DEP006,Analyst,B.A.,23.6,2017-11-05,On Notice Period,,160000,3
EMP03101,Manish Agarwal,Other,1979-06-20,47,Single,Hyderabad,Telangana,+917274810815,manish.agarwal444@outlook.com,DEP005,Senior Analyst,PhD,8.7,2024-02-24,Active,,35000,4
EMP03102,Ishaan Agarwal,Other,1994-08-11,32,Divorced,Jaipur,Rajasthan,+916625642791,ishaan.agarwal514@outlook.com,DEP010,Executive,M.Tech,15.2,2017-07-21,Active,,100000,3
EMP03103,Sunita Joshi,Other,1978-08-09,48,Married,Ahmedabad,Gujarat,+916169857737,sunita.joshi894@rediffmail.com,DEP004,Senior Manager,M.Tech,28.7,2015-12-06,Active,,160000,2
EMP03104,kavita yadav,Other,1989-12-02,37,Married,Nagpur,Maharashtra,+919044527758,kavita.yadavgmail.com,DEP004,Team Lead,B.Sc,6.9,2019-07-09,Active,,100000,2
EMP03105,Sarika Shetty,Female,1990-03-02,36,Divorced,Ahmedabad,Gujarat,+917775318136,sarika.shetty10@outlook.com,DEP007,Manager,B.Tech,13.4,2022-11-09,Active,,25000,2
EMP03106,Ramesh Pillai,Male,2004-10-12,22,Divorced,Delhi,Delhi,+917261126700,ramesh.pillai70@rediffmail.com,DEP004,Vice President,M.Tech,28.6,2019-09-11,Resigned,2022-06-25,250000,4
EMP03107,Ajay Joshi,Other,2004-08-06,22,Single,Mumbai,Maharashtra,+919972667035,ajay.joshi927@outlook.com,DEP005,Senior Associate,M.Tech,10.3,2016-08-30,Active,,60000,2
EMP03108,Saurabh Agarwal,Male,1992-04-15,34,Single,Noida,Uttar Pradesh,+918463505500,saurabh.agarwal837@yahoo.com,DEP011,Consultant,B.Tech,22.5,2020-11-10,Active,,320000,2
EMP03109,Rohan Singh,Male,1996-08-02,30,Divorced,Jaipur,Rajasthan,+916957122261,rohan.singh313@rediffmail.com,DEP004,Senior Associate,B.Tech,8.1,2022-07-08,Active,,60000,1
EMP03110,Sanjay Bansal,Male,1988-06-13,38,Single,Jaipur,Rajasthan,+916833703661,sanjay.bansal617@hotmail.com,DEP003,Analyst,Diploma,26.4,2018-06-13,Active,,160000,4
EMP03111,Ajay Nair,Other,1979-05-26,47,Married,Lucknow,Uttar Pradesh,+916294599986,ajay.nair910@gmail.com,DEP003,Senior Analyst,M.Com,2.5,2016-11-16,On Notice Period,,35000,
EMP03112,Manish Agarwal,Male,1972-02-25,54,Divorced,Ahmedabad,Gujarat,+918447965303,manish.agarwal410@yahoo.com,DEP002,Consultant,B.Com,5.0,2021-10-26,Active,,80000,2
EMP03113,Isha Mishra,Other,1997-02-09,29,Divorced,Ahmedabad,Gujarat,+919574298362,isha.mishra740@gmail.com,DEP011,Executive,PhD,20.8,2024-02-11,Active,,45000,3
EMP03114,Aman Chaudhary,Male,1974-01-08,52,Divorced,Coimbatore,Tamil Nadu,+916139387403,aman.chaudhary327@hotmail.com,DEP007,Team Lead,B.Sc,7.8,2021-02-11,On Notice Period,,100000,5
EMP03115,Suresh Iyer,Male,1981-01-11,45,Divorced,Kolkata,West Bengal,+917613745268,suresh.iyeroutlook.com,DEP012,Analyst,B.Com,2.1,2019-11-03,On Notice Period,,160000,3
EMP03116,Neha Ghosh,Female,1999-04-08,27,Divorced,Ahmedabad,Gujarat,+918845085219,neha.ghosh66@hotmail.com,DEP008,Consultant,M.Com,29.5,2020-10-11,Resigned,2021-12-18,200000,1
EMP03117,Sarika Joshi,Female,1988-05-14,38,Married,Hyderabad,Telangana,+918511460947,sarika.joshi44@gmail.com,DEP009,Manager,M.Com,19.1,2023-09-20,Active,,160000,4
EMP03118,Priya Rao,Other,1994-01-08,32,Married,Ghaziabad,Uttar Pradesh,+916038970844,priya.rao965@gmail.com,DEP011,Assistant Manager,MBA,16.6,2023-11-23,Resigned,2024-10-30,45000,2
EMP03119,Priya Sharma,Other,1975-03-10,51,Married,Kolkata,West Bengal,+916994540595,priya.sharma897@rediffmail.com,DEP005,Senior Analyst,B.Sc,13.0,2021-01-20,Active,,60000,5
EMP03120,Aditya Mishra,Male,2001-01-23,25,Married,Noida,Uttar Pradesh,+918582356713,aditya.mishra382@rediffmail.com,DEP003,Executive,MBA,29.6,2016-01-10,Resigned,2016-09-04,200000,1
EMP03121,Kavita Ghosh,Female,1968-08-13,58,Married,Pune,Maharashtra,16902,kavita.ghosh231@outlook.com,DEP004,Executive,B.Sc,24.9,2020-02-29,Active,,35000,4
EMP03122,Ajay Iyer,Other,1989-12-07,37,Divorced,Noida,Uttar Pradesh,+919696115772,ajay.iyer351@outlook.com,DEP008,Consultant,M.Com,14.6,2017-10-02,Active,,60000,1
EMP03123,Ananya Kumar,Other,1997-01-18,29,Married,Hyderabad,Telangana,+918881069368,ananya.kumar@@yahoo.com,DEP011,Manager,M.Sc,15.0,2025-04-17,Active,,130000,2
EMP03124,Priya Shetty,Female,1971-05-28,55,Married,Jaipur,Rajasthan,,priya.shetty6@yahoo.com,DEP002,Assistant Manager,M.Sc,17.9,2021-11-24,Resigned,2025-02-22,200000,5
EMP03125,Ishaan Joshi,Male,1968-05-14,58,Single,Indore,Madhya Pradesh,+918126181348,ishaan.joshi103@gmail.com,DEP012,General Manager,Diploma,0.8,2023-12-25,Active,,60000,3
EMP03126,Myra Menon,Other,1991-04-09,35,Divorced,Ahmedabad,Gujarat,+919574089490,myra.menon218@gmail.com,DEP007,Senior Manager,B.Sc,24.8,2018-07-22,On Notice Period,,100000,4
EMP03127,Saanvi Mishra,Female,1982-03-26,44,Divorced,Jaipur,Rajasthan,+918457696720,saanvi.mishra316@gmail.com,DEP005,Deputy General Manager,B.A.,24.2,2015-04-16,On Notice Period,,320000,1
EMP03128,Swati Verma,Other,1977-05-12,49,Divorced,Lucknow,Uttar Pradesh,+916565746059,swati.verma895@outlook.com,DEP009,Senior Manager,B.Tech,23.8,2021-05-16,On Notice Period,,25000,
EMP03129,Diya Menon,Female,2000-11-06,26,Single,Pune,Maharashtra,+917032809956,diya.menon680@outlook.com,DEP009,Vice President,B.A.,18.4,2025-01-10,On Notice Period,,250000,3
EMP03130,Neha Chaudhary,Female,1968-08-05,58,Married,Chandigarh,Chandigarh,+916486143149,neha.chaudhary678@yahoo.com,DEP008,Analyst,B.A.,11.6,2025-10-08,Active,,45000,2
EMP03131,Meera Rao,Female,1988-01-14,38,Divorced,Mumbai,Maharashtra,+916811175507,meera.rao263@gmail.com,DEP012,Manager,M.Com,28.1,2022-01-26,Active,,80000,2
EMP03132,Shreya Shetty,Other,1989-02-08,37,Married,Indore,Madhya Pradesh,+919025923034,shreya.shetty@yahoo,DEP009,Consultant,Diploma,12.9,2021-11-07,Terminated,2026-01-18,320000,5
EMP03133,Gaurav Joshi,Male,1978-04-27,48,Divorced,Ghaziabad,Uttar Pradesh,+918390641884,gaurav.joshi363@yahoo.com,DEP003,Senior Analyst,M.Tech,26.1,2017-08-25,Active,,45000,2
EMP03134,Krishna Kapoor,Other,1971-02-23,55,Divorced,Indore,Madhya Pradesh,+919354250550,krishna.kapoor639@rediffmail.com,DEP007,Team Lead,B.Sc,19.8,2015-07-10,Terminated,2019-08-25,250000,4
EMP03135,Pooja Kapoor,Female,1983-04-07,43,Divorced,Coimbatore,Tamil Nadu,+917820137246,pooja.kapoor227@yahoo.com,DEP001,Associate,Diploma,27.3,2016-04-30,Active,,250000,4
EMP03136,  Krishna Kumar  ,Male,1976-06-17,50,Single,Indore,Madhya Pradesh,+918233242271,krishna.kumar@@rediffmail.com,DEP008,Analyst,MBA,24.3,2025-12-29,Active,,100000,5
EMP03137,Sanjay Chopra,Male,1998-03-03,28,Married,Lucknow,Uttar Pradesh,+917880513119,sanjay.chopra926@rediffmail.com,DEP001,Intern,B.A.,16.6,2015-06-14,On Notice Period,,250000,2
EMP03138,Rahul Verma,Male,1994-06-20,32,Married,Jaipur,Rajasthan,+919947381450,rahul.verma137@hotmail.com,DEP011,Team Lead,B.Com,3.3,2016-07-14,On Notice Period,,160000,2
EMP03139,Ajay Yadav,Male,1999-05-02,27,Divorced,Mumbai,Maharashtra,+919814030228,ajay.yadav613@hotmail.com,DEP004,Intern,MBA,15.2,2026-03-29,Terminated,,250000,1
EMP03140,Isha Iyer,Other,1973-07-28,53,Single,Pune,Maharashtra,+919191818413,isha.iyer885@yahoo.com,DEP006,Analyst,B.A.,28.7,2015-01-01,Terminated,2016-09-24,60000,4
EMP03141,Vihaan Desai,Other,1987-05-20,39,Single,Coimbatore,Tamil Nadu,+916268558254,vihaan.desai278@gmail.com,DEP008,Intern,PhD,13.3,2025-01-28,Active,,25000,1
EMP03142,Ramesh Chaudhary,Male,1979-05-04,47,Single,Coimbatore,Tamil Nadu,+917259886583,ramesh.chaudhary437@yahoo.com,DEP012,Senior Analyst,MBA,13.9,2019-06-08,Active,,25000,2
EMP03143,Shreya Chaudhary,Other,2001-11-24,25,Divorced,Jaipur,Rajasthan,+919117538572,shreya.chaudhary539@hotmail.com,DEP002,Assistant Manager,M.Com,10.0,2016-06-05,Active,,25000,
EMP03144,Sneha Reddy,Other,1983-07-23,43,Divorced,Jaipur,Rajasthan,+916722298102,sneha.reddy786@outlook.com,DEP011,Analyst,B.A.,24.3,2026-03-14,Active,,45000,1
EMP03145,Nikhil Chopra,Male,1986-05-13,40,Divorced,Chennai,Tamil Nadu,+916781702727,nikhil.chopra143@hotmail.com,DEP011,Associate,Diploma,11.1,2015-02-15,Resigned,2015-06-06,45000,1
EMP03146,Kritika Bansal,Female,1988-10-15,38,Married,Pune,Maharashtra,+919631379301,kritika.bansal142@rediffmail.com,DEP006,Manager,Diploma,23.4,2017-01-21,Terminated,2020-07-01,80000,1
EMP03147,Pooja Yadav,Other,1975-07-02,51,Single,Chennai,Tamil Nadu,+917568643296,pooja.yadav760@gmail.com,DEP002,Analyst,B.Sc,9.3,2015-02-14,Active,,60000,
EMP03148,Pooja Shetty,Other,1996-10-17,30,Divorced,Mumbai,Maharashtra,+916021291784,pooja.shetty819@gmail.com,DEP001,Analyst,B.Sc,29.9,2025-12-29,Active,,250000,2
EMP03149,Ritu Yadav,Female,1969-01-13,57,Married,Jaipur,Rajasthan,+916629679429,ritu.yadav784@gmail.com,DEP002,Executive,M.Com,15.0,2022-12-02,Resigned,2024-09-27,250000,1
EMP03150,Reyansh Kapoor,Male,1982-01-13,44,Divorced,Chandigarh,Chandigarh,+918026991267,reyansh.kapoor188@yahoo.com,DEP009,Team Lead,PhD,1.4,2024-09-01,On Notice Period,,60000,3
EMP03151,Arjun Agarwal,Male,2004-01-28,22,Divorced,Kolkata,West Bengal,+917240708657,arjun.agarwal415@yahoo.com,DEP004,Executive,M.Tech,6.3,2018-01-14,Active,,320000,1
EMP03152,Saurabh Mishra,Male,1970-04-08,56,Married,Coimbatore,Tamil Nadu,+917070267696,saurabh.mishra809@yahoo.com,DEP011,General Manager,M.Com,3.6,2020-09-30,Active,,80000,4
EMP03153,nisha agarwal,Other,1997-01-16,29,Single,Surat,Gujarat,+916519730071,nisha.agarwal665@gmail.com,DEP004,Intern,PhD,18.1,2015-01-26,Terminated,2020-11-12,320000,4
EMP03154,Swati Desai,Female,1977-09-26,49,Married,Coimbatore,Tamil Nadu,+919696871536,swati.desai542@outlook.com,DEP005,Intern,M.Tech,5.6,2015-07-27,Active,,25000,3
EMP03155,Manish Mishra,Male,1980-10-19,46,Single,Nagpur,Maharashtra,+918603394769,manish.mishra984@rediffmail.com,DEP004,Senior Manager,B.Tech,7.5,2023-02-09,On Notice Period,,130000,3
EMP03156,Ramesh Kapoor,Other,1967-01-10,59,Married,Chennai,Tamil Nadu,,ramesh.kapoor465@hotmail.com,DEP008,Vice President,M.Tech,28.5,2022-04-17,Active,,100000,1
EMP03157,Rahul Gupta,Other,1976-09-02,50,Single,Bengaluru,Karnataka,+919612480385,rahul.gupta408@outlook.com,DEP007,Senior Analyst,B.Tech,21.0,2015-05-24,On Notice Period,,35000,3
EMP03158,Rohan Sharma,Male,1978-04-28,48,Married,Indore,Madhya Pradesh,+917545336422,rohan.sharma667@gmail.com,DEP004,Associate,B.A.,18.6,2025-10-20,Active,,60000,1
EMP03159,Arjun Malhotra,Male,1982-02-17,44,Married,Lucknow,Uttar Pradesh,+917721665239,arjun.malhotra438@yahoo.com,DEP011,Analyst,PhD,11.0,2022-07-31,Resigned,,25000,4
EMP03160,Reyansh Iyer,Male,1972-01-05,54,Divorced,Chandigarh,Chandigarh,+916445618516,reyansh.iyer996@gmail.com,DEP010,Vice President,M.Sc,27.3,2025-02-12,On Notice Period,,25000,5
EMP03161,Myra Iyer,Female,1972-03-09,54,Single,Indore,Madhya Pradesh,057478317966079,myra.iyer524@gmail.com,DEP009,Consultant,M.Tech,11.5,2025-07-19,Active,,160000,2
EMP03162,Aadhya Desai,Female,1992-01-01,34,Divorced,Mumbai,Maharashtra,+917166808317,aadhya.desai982@rediffmail.com,DEP002,Assistant Manager,MBA,21.9,2018-04-24,Active,,80000,4
EMP03163,Arjun Rao,Male,1970-08-25,56,Single,Surat,Gujarat,+918697806994,arjun.rao773@yahoo.com,DEP008,Team Lead,M.Tech,0.2,2026-06-01,Active,,320000,5
EMP03164,Ananya Pillai,Female,1982-04-05,44,Married,Ghaziabad,Uttar Pradesh,+918176923998,ananya.pillai365@rediffmail.com,DEP002,Manager,M.Sc,19.7,2024-06-08,Terminated,,320000,5
EMP03165,Aman Malhotra,Male,1989-06-08,37,Single,Mumbai,Maharashtra,+916062589941,aman.malhotra725@hotmail.com,DEP011,Manager,B.Tech,14.0,2023-06-12,Active,,130000,2
EMP03166,Sunita Singh,Other,1985-04-07,41,Married,Coimbatore,Tamil Nadu,+917717532943,sunita.singh917@outlook.com,DEP011,Assistant Manager,Diploma,12.7,2022-09-11,Active,,100000,2
EMP03167,Myra Reddy,Female,1969-09-04,57,Married,Delhi,Delhi,+917670054349,myra.reddy110@yahoo.com,DEP006,Senior Manager,M.Tech,1.7,2020-03-24,On Notice Period,,130000,3
EMP03168,Swati Nair,Female,1986-04-03,40,Divorced,Jaipur,Rajasthan,+919872581360,swati.nair900@rediffmail.com,DEP011,Senior Manager,B.A.,21.6,2020-06-15,Resigned,2025-10-03,130000,5
EMP03169,Ajay Sharma,Male,1999-11-12,27,Single,Noida,Uttar Pradesh,+919511828093,ajay.sharma112@gmail.com,DEP003,Vice President,M.Com,27.3,2018-12-20,Active,,45000,4
EMP03170,Kritika Agarwal,Other,2005-01-27,21,Married,Indore,Madhya Pradesh,+919507475129,kritika.agarwal801@hotmail.com,DEP002,Associate,MBA,6.1,2015-11-01,Active,,45000,4
EMP03171,Sunita Joshi,Other,1973-07-27,53,Divorced,Ghaziabad,Uttar Pradesh,+916519375332,sunita.joshi227@gmail.com,DEP012,Senior Manager,B.A.,11.9,2018-05-25,Active,,80000,2
EMP03172,Sneha Gupta,Female,1990-07-01,36,Divorced,Hyderabad,Telangana,+917116806370,sneha.gupta961@outlook.com,DEP003,Assistant Manager,MBA,9.2,2022-03-06,On Notice Period,,60000,3
EMP03173,Reyansh Singh,Male,1993-07-04,33,Divorced,Hyderabad,Telangana,+917114679814,reyansh.singh212@hotmail.com,DEP006,Manager,B.Tech,13.5,2017-02-07,Resigned,2023-11-26,25000,5
EMP03174,Rekha Mishra,Female,2002-08-21,24,Divorced,Noida,Uttar Pradesh,+919699174962,rekha.mishra154@yahoo.com,DEP001,Vice President,B.Sc,20.9,2019-12-02,Active,,130000,1
EMP03175,Diya Pillai,Female,1971-02-09,55,Single,Chandigarh,Chandigarh,+918757419935,diya.pillai12@gmail.com,DEP006,Consultant,M.Com,4.4,2021-11-10,Resigned,,200000,3
EMP03176,Naveen Desai,Male,1985-06-27,41,Married,Surat,Gujarat,+919368413110,naveen.desai36@outlook.com,DEP010,General Manager,MBA,16.8,2019-01-12,On Notice Period,,320000,5
EMP03177,Isha Ghosh,Other,1977-05-23,49,Single,Nagpur,Maharashtra,+918927065513,isha.ghosh94@hotmail.com,DEP002,Deputy General Manager,M.Sc,3.9,2017-04-04,On Notice Period,,45000,1
EMP03178,Aman Pillai,Male,1982-02-15,44,Married,Mumbai,Maharashtra,+919329354667,aman.pillai659@yahoo.com,DEP009,Senior Associate,Diploma,21.9,2016-03-29,Active,,80000,2
EMP03179,Meera Patel,Other,1993-10-24,33,Single,Noida,Uttar Pradesh,+916681695119,meera.patel149@gmail.com,DEP003,Deputy General Manager,Diploma,29.9,2022-06-13,Active,,45000,2
EMP03180,Pooja Agarwal,Female,1970-05-08,56,Single,Lucknow,Uttar Pradesh,+918968364599,pooja.agarwal126@rediffmail.com,DEP003,Assistant Manager,M.Com,0.1,2024-01-10,On Notice Period,,35000,1
EMP03181,Swati Rao,Female,1969-09-24,57,Divorced,Ghaziabad,Uttar Pradesh,+91-467301,swati.rao429@yahoo.com,DEP003,Executive,MBA,26.0,2023-11-09,Active,,60000,5
EMP03182,Vivaan Ghosh,Male,1966-11-09,60,Married,Pune,Maharashtra,+916152775985,vivaan.ghosh202@yahoo.com,DEP003,Intern,B.Tech,18.7,2021-05-08,On Notice Period,,25000,1
EMP03183,Neha Patel,Other,1975-03-16,51,Married,Pune,Maharashtra,+916373443256,neha.patel50@gmail.com,DEP012,Assistant Manager,B.Sc,1.6,2019-06-21,Active,,80000,2
EMP03184,Vikram Agarwal,Male,1999-11-27,27,Married,Hyderabad,Telangana,+917758213124,vikram.agarwal69@gmail.com,DEP001,Analyst,B.Sc,21.0,2015-03-13,Active,,60000,3
EMP03185,Divya Joshi,Other,1993-08-10,33,Divorced,Nagpur,Maharashtra,+918381016751,divya.joshi357@hotmail.com,DEP006,Senior Manager,M.Tech,10.9,2018-07-20,Resigned,2018-11-16,200000,3
EMP03186,Ramesh Mishra,Male,1971-09-07,55,Single,Chennai,Tamil Nadu,+917112137470,ramesh.mishra@hotmail,DEP004,Manager,M.Sc,23.2,2021-11-01,Resigned,,45000,1
EMP03187,Anjali Malhotra,Female,1996-11-20,30,Married,Delhi,Delhi,+917580401799,anjali.malhotra575@outlook.com,DEP007,Senior Associate,M.Tech,6.3,2018-11-03,Resigned,2024-03-25,160000,3
EMP03188,Vikram Nair,Other,1967-05-18,59,Divorced,Chandigarh,Chandigarh,+919690094872,vikram.nair430@rediffmail.com,DEP012,Executive,M.Tech,22.1,2022-01-25,On Notice Period,,320000,1
EMP03189,Sarika Bansal,Female,1986-09-02,40,Divorced,Lucknow,Uttar Pradesh,+918320042471,sarika.bansal264@rediffmail.com,DEP001,Consultant,M.Tech,8.3,2019-05-17,Resigned,2025-10-27,25000,2
EMP03190,Gaurav Iyer,Other,1967-11-01,59,Married,Chandigarh,Chandigarh,+916618107441,gaurav.iyer646@yahoo.com,DEP007,General Manager,B.Com,28.9,2018-10-24,Active,,60000,1
EMP03191,Gaurav Sharma,Other,1988-04-01,38,Single,Ahmedabad,Gujarat,+919689388543,gaurav.sharma422@rediffmail.com,DEP010,General Manager,PhD,22.3,2017-10-03,Active,,200000,2
EMP03192,Kavya Patel,Female,1975-02-17,51,Single,Hyderabad,Telangana,+917929407852,kavya.patel508@outlook.com,DEP011,Intern,B.Tech,3.8,2024-12-24,Active,,60000,1
EMP03193,Vihaan Chaudhary,Male,1975-03-02,51,Married,Chandigarh,Chandigarh,+919454189880,vihaan.chaudhary637@outlook.com,DEP012,Deputy General Manager,M.Com,4.2,2024-05-30,Active,,250000,4
EMP03194,Karan Nair,Male,1982-01-22,44,Married,Jaipur,Rajasthan,+918964321245,karan.nair539@outlook.com,DEP011,Manager,M.Tech,10.6,2021-07-03,Active,,35000,5
EMP03195,RIYA PILLAI,Other,1992-04-05,34,Married,Hyderabad,Telangana,+918863513795,riya.pillai681@gmail.com,DEP002,Manager,PhD,5.5,2024-06-06,Terminated,,320000,1
EMP03196,Kritika Iyer,Other,1992-01-23,34,Divorced,Hyderabad,Telangana,+917467562525,kritika.iyer@@hotmail.com,DEP011,Senior Analyst,PhD,14.7,2017-12-19,Terminated,2022-11-15,25000,4
EMP03197,Priya Patel,Female,1972-09-18,54,Single,Surat,Gujarat,+918348655048,priya.patel20@outlook.com,DEP006,Senior Associate,Diploma,21.3,2024-03-29,Active,,35000,2
EMP03198,Rahul Gupta,Male,2000-10-27,26,Married,Chandigarh,Chandigarh,+917871952233,,DEP010,Manager,M.Com,20.7,2019-05-05,On Notice Period,,45000,4
EMP03199,Rohan Iyer,Other,1999-09-03,27,Divorced,Kolkata,West Bengal,+918118299749,rohan.iyer953@yahoo.com,DEP010,General Manager,M.Sc,10.6,2021-09-11,Resigned,2022-10-14,130000,5
EMP03200,Rohan Verma,Male,1982-10-11,44,Married,Noida,Uttar Pradesh,+918507478521,,DEP011,General Manager,Diploma,6.4,2020-03-13,Resigned,2021-07-31,100000,5
EMP01956,  Reyansh Chopra  ,Male,1976-02-12,50,Single,Ahmedabad,Gujarat,+919266099558,reyansh.chopra677@yahoo.com,DEP004,Executive,M.Com,28.3,2023-03-24,On Notice Period,,80000,1
EMP00722,Kritika Patel,Other,1991-11-23,35,Married,Lucknow,Uttar Pradesh,+918733655687,kritika.patel921@rediffmail.com,DEP008,Deputy General Manager,PhD,14.5,2022-05-28,Active,,35000,
EMP00576,Rekha Chopra,Female,1967-11-25,59,Single,Mumbai,Maharashtra,+919656791924,rekha.chopra686@outlook.com,DEP005,Senior Associate,Diploma,28.2,2021-04-24,On Notice Period,,250000,4
EMP02505,Neha Reddy,Other,2002-10-08,24,Married,Jaipur,Rajasthan,+916824616704,neha.reddy623@hotmail.com,DEP006,Senior Manager,B.Tech,11.4,2021-07-17,On Notice Period,,200000,3
EMP01837,Sarika Kapoor,Other,2002-01-21,24,Single,Noida,Uttar Pradesh,+918603532806,sarika.kapoor576@gmail.com,DEP010,Vice President,B.Tech,21.5,2017-09-15,On Notice Period,,60000,2
EMP03106,Ramesh Pillai,Male,2004-10-12,22,Divorced,Delhi,Delhi,+917261126700,ramesh.pillai70@rediffmail.com,DEP004,Vice President,M.Tech,28.6,2019-09-11,Resigned,2022-06-25,250000,4
EMP02921,Aditya Mishra,Other,1985-03-09,41,Single,Hyderabad,Telangana,+917117013292,aditya.mishra121@outlook.com,DEP008,Analyst,M.Sc,42.1,2020-10-13,Terminated,2025-07-10,200000,4
EMP02647,Sanjay Malhotra,Male,1990-01-11,36,Single,Noida,Uttar Pradesh,032522469968996,sanjay.malhotra627@rediffmail.com,DEP012,Analyst,B.Sc,2.6,2024-07-12,Terminated,,45000,1
EMP00102,Naveen Sharma,Other,1985-02-04,41,Single,Mumbai,Maharashtra,+917659589098,naveen.sharma749@yahoo.com,DEP002,Executive,B.A.,29.1,2017-09-13,Active,,200000,1
EMP01359,Aarav Mishra,Other,1985-10-04,41,Divorced,Noida,Uttar Pradesh,1234567276,aarav.mishra240@hotmail.com,DEP005,Deputy General Manager,B.Tech,13.7,2021-12-11,Active,,80000,4
EMP01263,Priya Ghosh,Female,2004-05-07,22,Divorced,Kolkata,West Bengal,+919277118231,priya.ghoshgmail.com,DEP001,Associate,B.Sc,1.6,2019-03-05,Resigned,2024-05-22,80000,3
EMP00320,Sanjay Menon,Male,1996-11-27,30,Married,Mumbai,Maharashtra,+916392459387,sanjay.menon905@outlook.com,DEP004,Vice President,Diploma,15.9,2021-03-27,Active,,320000,
EMP00801,Rohan Iyer,Male,1979-11-04,47,Married,Bengaluru,Karnataka,+917672872145,rohan.iyer913@hotmail.com,DEP004,Assistant Manager,PhD,21.7,2020-11-19,Active,,130000,4
EMP03067,Aditya Malhotra,Other,2002-08-23,24,Married,Bengaluru,Karnataka,+918680608620,aditya.malhotra820@hotmail.com,DEP007,Consultant,B.Sc,26.8,2023-05-12,Active,,35000,
EMP02442,Kavita Singh,Other,2001-07-15,25,Married,Pune,Maharashtra,,kavita.singh106@outlook.com,DEP001,Associate,M.Sc,22.2,2021-05-31,Active,,320000,4
EMP01346,Reyansh Desai,Male,1978-05-25,48,Single,Nagpur,Maharashtra,+918042422321,reyansh.desai@@outlook.com,DEP008,General Manager,Diploma,29.4,2021-07-14,Active,,25000,2
EMP00652,Ritu Chaudhary,Female,1993-05-25,33,Married,Hyderabad,Telangana,+918613958910,ritu.chaudhary322@yahoo.com,DEP008,Intern,M.Sc,5.6,2024-10-22,Active,,60000,2
EMP01146,Kavita Nair,Other,1976-12-27,50,Single,Coimbatore,Tamil Nadu,+919864934332,kavita.nairgmail.com,DEP005,Deputy General Manager,MBA,2.8,2021-05-23,Resigned,2021-12-02,320000,1
EMP01724,Arjun Yadav,Male,1969-09-28,57,Divorced,Jaipur,Rajasthan,+918162386821,arjun.yadav561@gmail.com,DEP009,Deputy General Manager,B.Tech,24.3,2015-01-04,Active,,250000,5
EMP00157,Aman Sharma,Male,1991-06-03,35,Divorced,Delhi,Delhi,+919936848738,aman.sharma615@gmail.com,DEP010,Consultant,Diploma,22.2,2016-07-08,Active,,60000,1
EMP02968,Suresh Mishra,Male,1974-10-28,17,Married,Surat,Gujarat,+917657318759,suresh.mishra586@rediffmail.com,DEP002,Vice President,B.Tech,14.4,2024-12-11,Active,,160000,2
EMP01532,Saurabh Patel,Male,1984-02-27,42,Divorced,Ghaziabad,Uttar Pradesh,+919800419418,saurabh.patel374@gmail.com,DEP011,Assistant Manager,B.Com,29.8,2023-11-26,On Notice Period,,45000,5
EMP00366,Aditya Mishra,Male,1984-10-01,42,Divorced,Ghaziabad,Uttar Pradesh,+919227503922,aditya.mishra395@hotmail.com,DEP005,General Manager,Diploma,3.7,2018-04-30,Active,,160000,1
EMP00675,Sarika Kumar,Other,1982-05-04,44,Married,Surat,Gujarat,+916029442985,sarika.kumar@@rediffmail.com,DEP009,Senior Analyst,B.Tech,13.5,2025-04-08,Active,,80000,2
EMP01094,Ritu Nair,Other,1976-06-13,50,Single,Hyderabad,Telangana,+916983232342,ritu.nair200@rediffmail.com,DEP006,Associate,Diploma,4.5,2019-03-12,Terminated,2021-01-07,130000,2
EMP01194,Nikhil Bansal,Male,1998-12-18,28,Single,Lucknow,Uttar Pradesh,+916241278558,nikhil.bansal507@yahoo.com,DEP011,Associate,Diploma,10.3,2025-04-20,Active,,130000,4
EMP01955,  Aarav Iyer  ,Other,1981-03-21,45,Married,Bengaluru,Karnataka,+919734333542,aarav.iyer250@hotmail.com,DEP010,Consultant,MBA,21.1,2018-07-11,Active,,45000,5
EMP00635,Vikram Chaudhary,Other,1985-05-12,41,Married,Delhi,Delhi,+919139290999,vikram.chaudhary810@rediffmail.com,DEP009,Analyst,Diploma,13.2,2024-07-03,Active,,35000,3
EMP00457,Deepak Nair,Male,1975-06-02,51,Married,Coimbatore,Tamil Nadu,+919130070249,deepak.nair143@gmail.com,DEP012,Team Lead,B.Com,0.5,2025-02-01,Active,,160000,2
EMP00719,Swati Agarwal,Female,1986-06-08,40,Single,Kolkata,West Bengal,+917871082749,swati.agarwal314@yahoo.com,DEP012,Analyst,M.Sc,29.8,2020-11-08,Active,,130000,5
EMP00950,Ajay Verma,Male,2001-10-23,25,Married,Kolkata,West Bengal,+919607025882,ajay.verma229@gmail.com,DEP008,Team Lead,B.Com,0.6,2019-03-29,Resigned,2022-04-23,35000,4
EMP01220,Shreya Mishra,Female,1988-01-02,38,Single,Delhi,Delhi,+916845176960,shreya.mishra438@hotmail.com,DEP006,General Manager,B.Tech,27.9,2018-10-30,Resigned,2022-12-11,25000,
EMP01015,Divya Pillai,Female,1968-12-03,58,Single,Mumbai,Maharashtra,+916118179137,divya.pillai580@gmail.com,DEP004,Assistant Manager,Diploma,5.0,2024-12-13,Active,,250000,2
EMP01310,Rahul Rao,Male,1987-10-10,39,Married,Kolkata,West Bengal,+918857722105,rahul.rao588@gmail.com,DEP011,Intern,B.Tech,18.0,2024-04-22,Resigned,,250000,4
EMP01202,Suresh Agarwal,Other,1997-09-08,29,Married,Indore,Madhya Pradesh,+916760444866,suresh.agarwal126@hotmail.com,DEP006,Manager,B.Com,11.4,2015-05-26,Active,,160000,3
EMP00705,  Kritika Agarwal  ,Female,2001-06-03,25,Single,Nagpur,Maharashtra,1234564272,kritika.agarwal828@rediffmail.com,DEP003,Associate,MBA,9.0,2018-06-24,Active,,35000,1
EMP01591,Aman Shetty,Male,1992-06-03,34,Married,Surat,Gujarat,+918945791742,aman.shetty86@hotmail.com,DEP009,Deputy General Manager,PhD,13.2,2020-02-06,On Notice Period,,250000,5
EMP01841,Naveen Nair,Male,1971-08-25,55,Married,Bengaluru,Karnataka,,naveen.nair195@outlook.com,DEP010,Vice President,B.Tech,0.9,2021-01-17,Active,,130000,4
EMP02388,Ramesh Bansal,Other,1968-06-01,58,Divorced,Kolkata,West Bengal,+918265237566,ramesh.bansal977@hotmail.com,DEP006,Intern,MBA,1.2,2018-12-18,Active,,80000,5
EMP01716,Riya Rao,Other,1978-08-07,48,Single,Ahmedabad,Gujarat,+918252395329,riya.rao609@gmail.com,DEP002,Senior Associate,B.Tech,2.4,2021-02-10,Active,,250000,1
EMP00629,Ishaan Agarwal,Other,1991-03-28,35,Married,Lucknow,Uttar Pradesh,+919401512605,ishaan.agarwal395@hotmail.com,DEP008,Senior Manager,B.Sc,21.7,2020-10-16,Terminated,2023-04-05,200000,1
EMP01541,Rohan Ghosh,Male,1970-07-04,56,Divorced,Ghaziabad,Uttar Pradesh,+919583212119,rohan.ghosh777@gmail.com,DEP003,Executive,M.Tech,25.3,2016-02-06,Active,,25000,4
EMP02485,Divya Iyer,Female,1970-09-25,56,Divorced,Noida,Uttar Pradesh,+917858385729,divya.iyer399@outlook.com,DEP004,Vice President,PhD,7.5,2022-09-21,Active,,250000,4
EMP01454,SANJAY BANSAL,Other,1984-11-18,42,Single,Chandigarh,Chandigarh,1234562840,sanjay.bansal107@yahoo.com,DEP007,Senior Manager,B.Sc,27.7,2016-01-06,Active,,45000,5
EMP02071,Aarav Mishra,Male,1989-01-11,37,Divorced,Noida,Uttar Pradesh,+91-055744,aarav.mishra984@hotmail.com,DEP006,Team Lead,M.Sc,13.1,2024-11-30,Resigned,2026-03-30,200000,3
EMP02929,Suresh Mishra,Male,2001-03-06,25,Single,Hyderabad,Telangana,+919935490944,suresh.mishra348@hotmail.com,DEP002,Consultant,B.Com,15.5,2018-09-30,Active,,130000,2
EMP00812,Vivaan Mishra,Male,1975-04-04,51,Divorced,Surat,Gujarat,+919284973787,vivaan.mishra887@hotmail.com,DEP005,Executive,B.Sc,3.0,2024-05-11,On Notice Period,,320000,2
EMP01740,Gaurav Kumar,Male,1994-10-01,32,Divorced,Coimbatore,Tamil Nadu,+917174951033,gaurav.kumar95@hotmail.com,DEP010,Team Lead,PhD,25.8,2022-11-17,Terminated,,100000,3
EMP01641,Vikram Iyer,Other,1972-10-06,54,Married,Lucknow,Uttar Pradesh,+919471723470,vikram.iyer612@gmail.com,DEP011,Senior Analyst,M.Tech,24.0,2016-03-14,Active,,60000,3
EMP01764,Saanvi Yadav,Female,1971-05-20,55,Married,Noida,Uttar Pradesh,+916221740353,saanvi.yadav328@rediffmail.com,DEP002,Senior Manager,M.Tech,19.4,2018-01-10,On Notice Period,,200000,2
EMP00286,Vikram Singh,Other,1996-11-10,30,Divorced,Indore,Madhya Pradesh,+917087554752,vikram.singh469@yahoo.com,DEP001,Assistant Manager,Diploma,12.0,2025-11-13,Active,,60000,2
EMP02507,Manish Iyer,Other,1975-02-16,51,Married,Ahmedabad,Gujarat,+919076365692,manish.iyer644@gmail.com,DEP009,Assistant Manager,B.Sc,11.2,2015-01-06,Active,,25000,3
EMP02865,Vivaan Rao,Male,1975-04-19,51,Divorced,Lucknow,Uttar Pradesh,+917208610490,vivaan.rao609@gmail.com,DEP007,Intern,M.Com,12.8,2025-09-09,Active,,35000,2
EMP00908,Ananya Singh,Female,1998-07-17,28,Single,Delhi,Delhi,+919354340535,ananya.singh453@outlook.com,DEP002,Senior Manager,M.Com,11.8,2018-02-09,On Notice Period,,320000,3
EMP00262,Isha Chopra,Other,1994-06-05,32,Single,Ghaziabad,Uttar Pradesh,+916753393978,isha.chopra505@yahoo.com,DEP009,Team Lead,M.Tech,26.9,2025-05-27,Terminated,2026-03-02,320000,3
EMP02157,Rahul Patel,Male,1985-03-24,41,Divorced,Jaipur,Rajasthan,+916872472352,rahul.patel645@gmail.com,DEP010,Associate,B.Tech,0.9,2022-02-26,Active,,35000,3
EMP00647,Neha Ghosh,Female,2003-11-04,23,Single,Hyderabad,Telangana,+919772674731,neha.ghosh876@rediffmail.com,DEP005,Analyst,B.Tech,1.1,2017-08-20,Resigned,2021-01-19,60000,2
EMP02930,Vihaan Bose,Male,2002-10-20,24,Married,Kolkata,West Bengal,+918500012829,vihaan.bose245@hotmail.com,DEP002,Analyst,B.Com,14.3,2018-02-17,Terminated,2018-11-21,25000,4
EMP01120,Aman Gupta,Male,1981-05-10,45,Married,Ahmedabad,Gujarat,+919383804242,aman.guptahotmail.com,DEP005,Senior Manager,B.Com,25.2,2025-01-27,Active,,25000,4
EMP02122,Meera Ghosh,Female,1990-03-08,36,Married,Indore,Madhya Pradesh,+919613478064,meera.ghosh745@yahoo.com,DEP011,Intern,B.Tech,29.5,2017-11-25,Active,,25000,1
EMP01062,Arjun Shetty,Male,1996-02-21,30,Divorced,Coimbatore,Tamil Nadu,+91-617687,arjun.shetty251@yahoo.com,DEP008,Analyst,M.Sc,0.8,2023-07-07,Active,,25000,4
EMP00814,Myra Reddy,Other,1968-09-09,58,Single,Ahmedabad,Gujarat,+919497915633,myra.reddy404@yahoo.com,DEP006,Senior Associate,M.Com,24.8,2016-08-26,Resigned,2022-05-27,25000,1
EMP02495,KRISHNA PILLAI,Male,1990-05-15,36,Single,Surat,Gujarat,+919427721992,krishna.pillai331@rediffmail.com,DEP005,Senior Analyst,B.Com,15.9,2016-03-15,Active,,100000,1
EMP01554,Krishna Sharma,Other,1998-11-15,28,Single,Kolkata,West Bengal,+919084578701,krishna.sharma767@outlook.com,DEP010,Associate,B.Sc,21.3,2019-10-27,Active,,200000,3
