review_id,employee_id,review_period,performance_rating,productivity_score,promotion_recommended,manager_comments_flag
PRF00001,EMP01873,2025-H2,2,69.9,No,Yes
PRF00002,EMP02127,2026-H1,,80.9,No,Yes
PRF00003,EMP02652,2026-H1,5,41.0,Yes,No
PRF00004,EMP00110,2025-H2,3,83.7,Yes,Yes
PRF00005,EMP00647,2024-H1,3,79.2,No,Yes
PRF00006,EMP00746,2025-H1,3,75.6,No,No
PRF00007,EMP00501,2025-H2,3,79.2,No,No
PRF00008,EMP00650,2025-H2,1,41.3,No,No
PRF00009,EMP01269,2025-H1,5,81.8,No,Yes
PRF00010,EMP02240,2026-H1,3,97.8,No,Yes
PRF00011,EMP01412,2026-H1,3,82.7,No,No
PRF00012,EMP01669,2025-H1,4,77.5,Yes,No
PRF00013,EMP00986,2024-H2,4,74.7,No,Yes
PRF00014,EMP02347,2024-H2,4,46.5,Yes,No
PRF00015,EMP00583,2025-H1,3,48.4,No,No
PRF00016,EMP00221,2024-H2,3,83.0,No,Yes
PRF00017,EMP00935,2024-H2,3,95.8,No,No
PRF00018,EMP00758,2026-H1,2,97.2,No,No
PRF00019,EMP01822,2024-H2,5,56.1,No,No
PRF00020,EMP02417,2025-H1,4,84.4,No,Yes
PRF00021,EMP01405,2026-H1,5,44.1,No,No
PRF00022,EMP01116,2024-H2,4,54.8,No,No
PRF00023,EMP01505,2024-H1,2,69.8,No,No
PRF00024,EMP02208,2025-H1,4,97.7,Yes,No
PRF00025,EMP01414,2024-H1,5,90.9,No,No
PRF00026,EMP00307,2024-H1,3,45.7,No,Yes
PRF00027,EMP00652,2024-H2,4,97.6,No,Yes
PRF00028,EMP01758,2024-H1,1,41.6,Yes,Yes
PRF00029,EMP00960,2026-H1,3,67.7,No,No
PRF00030,EMP01217,2024-H2,4,50.9,No,No
PRF00031,EMP00649,2026-H1,2,47.9,Yes,No
PRF00032,EMP02719,2024-H1,,73.8,No,Yes
PRF00033,EMP01671,2024-H1,4,58.8,Yes,Yes
PRF00034,EMP00325,2024-H2,4,92.5,No,No
PRF00035,EMP02168,2025-H1,3,67.5,No,Yes
PRF00036,EMP01294,2024-H2,4,76.9,No,Yes
PRF00037,EMP00025,2024-H2,3,62.5,No,No
PRF00038,EMP02332,2024-H2,4,52.7,Yes,No
PRF00039,EMP02523,2026-H1,3,94.3,No,Yes
PRF00040,EMP01461,2024-H1,3,77.7,Yes,Yes
PRF00041,EMP01621,2026-H1,3,47.1,No,No
PRF00042,EMP01353,2024-H2,5,61.6,No,Yes
PRF00043,EMP00590,2024-H1,4,61.5,No,Yes
PRF00044,EMP02212,2025-H2,3,41.2,No,No
PRF00045,EMP01411,2024-H2,1,77.0,No,No
PRF00046,EMP03059,2024-H1,1,56.7,No,No
PRF00047,EMP02824,2024-H1,3,64.0,Yes,Yes
PRF00048,EMP01774,2025-H2,2,49.5,No,Yes
PRF00049,EMP02360,2024-H1,2,63.4,No,Yes
PRF00050,EMP02927,2025-H1,2,64.2,No,Yes
PRF00051,EMP02053,2024-H1,4,44.6,No,No
PRF00052,EMP02394,2024-H1,4,65.0,Yes,Yes
PRF00053,EMP02198,2025-H1,4,62.6,No,No
PRF00054,EMP03134,2025-H2,1,69.9,Yes,No
PRF00055,EMP00537,2026-H1,4,52.7,Yes,No
PRF00056,EMP01615,2025-H1,4,76.8,No,Yes
PRF00057,EMP02190,2025-H2,5,80.7,No,Yes
PRF00058,EMP01346,2025-H2,5,67.2,No,Yes
PRF00059,EMP00664,2024-H1,5,88.6,No,Yes
PRF00060,EMP01219,2024-H1,5,67.8,No,Yes
PRF00061,EMP00148,2026-H1,4,85.5,No,No
PRF00062,EMP01117,2024-H2,1,66.1,No,Yes
PRF00063,EMP01837,2025-H2,4,94.3,No,Yes
PRF00064,EMP00227,2025-H2,4,76.0,No,No
PRF00065,EMP01253,2026-H1,4,70.9,No,Yes
PRF00066,EMP00698,2026-H1,4,45.1,No,No
PRF00067,EMP00093,2026-H1,4,40.7,No,No
PRF00068,EMP93641,2025-H2,3,94.6,No,Yes
PRF00069,EMP02923,2025-H1,,42.5,No,Yes
PRF00070,EMP00063,2024-H2,2,40.3,No,No
PRF00071,EMP00775,2024-H1,3,70.6,No,Yes
PRF00072,EMP00690,2024-H1,5,71.5,No,Yes
PRF00073,EMP97754,2025-H2,3,47.9,No,No
PRF00074,EMP02067,2024-H1,4,78.0,No,Yes
PRF00075,EMP00235,2025-H1,5,74.8,No,Yes
PRF00076,EMP02838,2024-H1,5,47.6,No,No
PRF00077,EMP00043,2026-H1,4,54.9,No,Yes
PRF00078,EMP00658,2024-H1,3,49.5,No,No
PRF00079,EMP00055,2025-H2,4,51.1,No,Yes
PRF00080,EMP01891,2024-H1,5,67.2,No,Yes
PRF00081,EMP01047,2025-H1,4,65.0,No,No
PRF00082,EMP02231,2025-H2,2,44.0,Yes,Yes
PRF00083,EMP02463,2024-H2,4,59.4,No,No
PRF00084,EMP00303,2024-H2,3,43.1,No,No
PRF00085,EMP02083,2024-H1,4,65.3,No,No
PRF00086,EMP02740,2024-H2,4,87.4,No,No
PRF00087,EMP02984,2026-H1,4,88.8,No,Yes
PRF00088,EMP02927,2025-H2,3,86.2,No,Yes
PRF00089,EMP03100,2024-H2,4,76.9,No,No
PRF00090,EMP01781,2024-H1,3,76.6,Yes,Yes
PRF00091,EMP01146,2024-H2,3,59.2,No,Yes
PRF00092,EMP02476,2024-H2,3,97.4,No,No
PRF00093,EMP03081,2025-H1,4,43.0,No,Yes
PRF00094,EMP02385,2024-H2,2,80.3,No,No
PRF00095,EMP00507,2025-H1,4,83.9,No,Yes
PRF00096,EMP02264,2024-H2,1,89.0,No,Yes
PRF00097,EMP03110,2024-H2,4,76.6,No,Yes
PRF00098,EMP00064,2025-H2,3,80.5,No,No
PRF00099,EMP00939,2024-H1,3,40.1,Yes,Yes
PRF00100,EMP01589,2025-H2,4,85.9,No,Yes
PRF00101,EMP01616,2025-H2,3,69.5,No,No
PRF00102,EMP01114,2024-H2,4,78.5,No,Yes
PRF00103,EMP00687,2024-H1,4,51.4,No,Yes
PRF00104,EMP00503,2025-H2,2,96.6,No,Yes
PRF00105,EMP01861,2026-H1,4,8.4,No,Yes
PRF00106,EMP02290,2025-H2,3,96.0,No,Yes
PRF00107,EMP00128,2024-H1,3,69.7,No,No
PRF00108,EMP02009,2024-H1,1,88.3,No,No
PRF00109,EMP00691,2025-H1,3,94.2,Yes,No
PRF00110,EMP00193,2026-H1,5,54.3,Yes,Yes
PRF00111,EMP00042,2025-H2,4,49.8,No,No
PRF00112,EMP02307,2025-H1,4,95.9,No,Yes
PRF00113,EMP00713,2025-H1,3,71.5,No,No
PRF00114,EMP00631,2026-H1,3,41.6,Yes,Yes
PRF00115,EMP01180,2024-H2,3,63.1,No,No
PRF00116,EMP00097,2025-H2,4,62.4,No,Yes
PRF00117,EMP00779,2025-H2,5,56.3,No,Yes
PRF00118,EMP00514,2026-H1,5,63.3,No,No
PRF00119,EMP01109,2026-H1,5,91.8,No,No
PRF00120,EMP02032,2026-H1,5,45.6,Yes,Yes
PRF00121,EMP00741,2025-H1,1,84.7,No,No
PRF00122,EMP02104,2024-H2,4,53.7,Yes,Yes
PRF00123,EMP01094,2026-H1,5,95.3,No,No
PRF00124,EMP02653,2024-H1,4,72.9,No,Yes
PRF00125,EMP00913,2024-H1,3,69.3,Yes,No
PRF00126,EMP01525,2024-H2,5,65.1,No,Yes
PRF00127,EMP02388,2024-H1,5,44.8,No,Yes
PRF00128,EMP01800,2024-H2,,61.4,No,No
PRF00129,EMP01166,2026-H1,1,53.0,No,Yes
PRF00130,EMP01427,2025-H1,3,84.8,No,Yes
PRF00131,EMP03185,2024-H1,4,54.3,No,No
PRF00132,EMP02815,2024-H1,4,43.5,No,No
PRF00133,EMP02404,2025-H1,3,94.7,No,No
PRF00134,EMP01328,2025-H1,3,97.1,No,Yes
PRF00135,EMP03038,2024-H1,4,43.9,No,Yes
PRF00136,EMP01948,2025-H1,,62.6,No,No
PRF00137,EMP00987,2026-H1,4,84.6,Yes,No
PRF00138,EMP02649,2025-H1,5,47.1,No,Yes
PRF00139,EMP02322,2024-H2,3,83.3,Yes,Yes
PRF00140,EMP01990,2026-H1,4,53.1,No,No
PRF00141,EMP02679,2024-H2,3,58.9,No,No
PRF00142,EMP01036,2024-H2,4,40.1,No,Yes
PRF00143,EMP01594,2024-H2,3,80.1,No,Yes
PRF00144,EMP00508,2024-H2,5,65.6,No,Yes
PRF00145,EMP02900,2024-H2,3,55.1,No,No
PRF00146,EMP02272,2026-H1,3,41.0,No,Yes
PRF00147,EMP01882,2025-H1,4,43.2,No,Yes
PRF00148,EMP00679,2024-H1,2,69.8,No,Yes
PRF00149,EMP01621,2025-H2,4,63.6,No,Yes
PRF00150,EMP02397,2025-H1,3,99.1,Yes,Yes
PRF00151,EMP00860,2024-H2,3,72.1,No,Yes
PRF00152,EMP00719,2026-H1,,95.0,No,Yes
PRF00153,EMP00676,2025-H1,3,65.6,No,No
PRF00154,EMP01030,2025-H2,4,78.8,No,No
PRF00155,EMP01289,2026-H1,3,41.5,No,Yes
PRF00156,EMP01220,2025-H2,3,61.6,No,Yes
PRF00157,EMP01831,2024-H2,3,57.5,No,Yes
PRF00158,EMP00584,2026-H1,3,42.3,No,Yes
PRF00159,EMP03163,2024-H2,4,59.7,Yes,No
PRF00160,EMP01385,2025-H1,4,62.1,No,Yes
PRF00161,EMP00303,2024-H1,3,43.8,Yes,No
PRF00162,EMP00836,2024-H1,5,96.7,No,Yes
PRF00163,EMP00881,2024-H2,3,75.6,No,No
PRF00164,EMP01389,2024-H2,5,81.8,No,Yes
PRF00165,EMP00216,2024-H1,4,78.0,Yes,Yes
PRF00166,EMP01495,2025-H1,2,90.1,No,No
PRF00167,EMP97709,2025-H2,4,55.7,Yes,Yes
PRF00168,EMP00753,2025-H1,5,72.8,No,Yes
PRF00169,EMP01483,2025-H2,3,78.0,No,Yes
PRF00170,EMP00562,2024-H2,4,96.6,No,No
PRF00171,EMP02340,2025-H1,5,50.5,Yes,Yes
PRF00172,EMP01838,2024-H1,4,84.1,No,No
PRF00173,EMP03050,2025-H1,1,84.8,Yes,Yes
PRF00174,EMP02113,2025-H1,5,73.9,No,No
PRF00175,EMP01458,2024-H2,3,93.5,No,Yes
PRF00176,EMP02789,2024-H2,3,57.4,Yes,No
PRF00177,EMP01350,2025-H2,4,68.3,Yes,No
PRF00178,EMP00444,2024-H1,3,75.1,No,No
PRF00179,EMP00089,2026-H1,4,41.4,No,Yes
PRF00180,EMP02720,2024-H1,4,53.2,No,No
PRF00181,EMP02110,2024-H1,4,80.7,No,Yes
PRF00182,EMP00418,2025-H1,1,79.1,Yes,No
PRF00183,EMP02878,2024-H1,5,83.3,No,No
PRF00184,EMP02387,2024-H1,5,90.1,Yes,No
PRF00185,EMP00122,2024-H1,3,79.0,No,Yes
PRF00186,EMP01287,2024-H2,2,80.7,No,Yes
PRF00187,EMP02186,2026-H1,2,97.6,Yes,No
PRF00188,EMP01487,2026-H1,4,76.6,No,Yes
PRF00189,EMP02575,2025-H1,3,52.4,No,Yes
PRF00190,EMP00292,2024-H2,3,59.8,No,No
PRF00191,EMP99719,2026-H1,4,65.6,No,Yes
PRF00192,EMP02759,2025-H2,4,82.5,No,No
PRF00193,EMP01619,2025-H2,3,72.9,No,Yes
PRF00194,EMP02310,2025-H1,5,64.3,No,No
PRF00195,EMP02848,2026-H1,2,78.8,No,Yes
PRF00196,EMP00933,2025-H1,4,75.7,Yes,Yes
PRF00197,EMP01517,2024-H1,4,54.1,No,Yes
PRF00198,EMP01360,2025-H1,3,48.2,Yes,Yes
PRF00199,EMP02070,2024-H1,5,53.1,Yes,No
PRF00200,EMP01110,2024-H2,5,86.5,Yes,No
PRF00201,EMP01736,2025-H1,4,48.9,Yes,Yes
PRF00202,EMP01565,2024-H2,3,72.9,Yes,Yes
PRF00203,EMP01215,2025-H1,4,84.9,No,Yes
PRF00204,EMP03030,2024-H1,3,91.7,No,Yes
PRF00205,EMP01642,2025-H2,3,61.8,No,No
PRF00206,EMP02108,2025-H1,5,57.0,No,No
PRF00207,EMP02347,2026-H1,5,77.6,No,Yes
PRF00208,EMP01455,2026-H1,5,58.1,No,No
PRF00209,EMP01269,2024-H1,4,88.0,No,Yes
PRF00210,EMP03069,2026-H1,,72.2,No,No
PRF00211,EMP01609,2024-H2,5,74.8,No,Yes
PRF00212,EMP02633,2025-H2,4,57.4,No,Yes
PRF00213,EMP02270,2024-H2,5,80.5,No,No
PRF00214,EMP03084,2025-H1,5,56.8,Yes,No
PRF00215,EMP90484,2024-H1,1,91.4,No,No
PRF00216,EMP00552,2024-H1,5,40.5,No,Yes
PRF00217,EMP02986,2024-H1,5,73.8,Yes,No
PRF00218,EMP02853,2026-H1,1,55.6,No,Yes
PRF00219,EMP03080,2025-H1,4,53.3,No,Yes
PRF00220,EMP00916,2025-H2,2,96.1,No,Yes
PRF00221,EMP01785,2025-H1,4,47.3,No,Yes
PRF00222,EMP01317,2026-H1,3,77.6,Yes,Yes
PRF00223,EMP00280,2025-H1,3,69.1,No,Yes
PRF00224,EMP00917,2024-H1,3,47.0,No,No
PRF00225,EMP02799,2024-H1,5,82.7,No,No
PRF00226,EMP00367,2026-H1,4,51.0,No,No
PRF00227,EMP02703,2025-H2,3,51.0,No,No
PRF00228,EMP02372,2026-H1,3,70.8,No,No
PRF00229,EMP02650,2024-H1,2,96.9,No,No
PRF00230,EMP01794,2026-H1,3,83.5,No,Yes
PRF00231,EMP00846,2025-H2,4,81.6,Yes,Yes
PRF00232,EMP00655,2025-H1,3,72.8,No,Yes
PRF00233,EMP00004,2025-H1,4,87.5,Yes,No
PRF00234,EMP03145,2026-H1,3,64.8,No,No
PRF00235,EMP02071,2025-H1,2,64.2,No,No
PRF00236,EMP00177,2025-H2,4,99.0,No,No
PRF00237,EMP02073,2024-H2,4,98.7,Yes,No
PRF00238,EMP01947,2024-H1,,56.5,No,No
PRF00239,EMP02968,2025-H2,4,73.8,No,No
PRF00240,EMP00583,2025-H1,2,44.2,No,Yes
PRF00241,EMP02963,2024-H2,5,81.0,Yes,No
PRF00242,EMP02338,2024-H2,4,43.0,No,Yes
PRF00243,EMP00721,2024-H2,4,43.5,No,Yes
PRF00244,EMP03180,2025-H2,2,80.4,No,No
PRF00245,EMP01475,2025-H2,3,73.3,No,Yes
PRF00246,EMP00366,2024-H2,4,85.4,No,No
PRF00247,EMP01931,2024-H1,4,76.6,Yes,Yes
PRF00248,EMP01125,2025-H1,4,61.1,No,No
PRF00249,EMP00697,2024-H1,4,69.0,No,No
PRF00250,EMP00496,2025-H2,3,56.7,No,Yes
PRF00251,EMP00800,2025-H1,4,82.9,No,Yes
PRF00252,EMP02168,2024-H2,4,66.8,Yes,Yes
PRF00253,EMP02228,2025-H2,3,65.3,No,Yes
PRF00254,EMP02553,2024-H2,3,71.8,Yes,Yes
PRF00255,EMP02420,2026-H1,2,69.1,No,Yes
PRF00256,EMP00236,2025-H2,4,91.5,No,No
PRF00257,EMP01062,2024-H1,4,55.5,No,No
PRF00258,EMP00323,2026-H1,,58.9,No,Yes
PRF00259,EMP02706,2024-H2,3,58.3,Yes,Yes
PRF00260,EMP02797,2024-H1,5,91.7,No,No
PRF00261,EMP02944,2024-H2,5,43.5,No,Yes
PRF00262,EMP00608,2025-H1,3,52.5,No,No
PRF00263,EMP01172,2024-H2,4,78.1,Yes,No
PRF00264,EMP02355,2024-H1,1,42.5,No,No
PRF00265,EMP02386,2024-H1,4,84.5,No,Yes
PRF00266,EMP02857,2025-H1,3,66.2,No,No
PRF00267,EMP02311,2024-H2,2,44.6,No,Yes
PRF00268,EMP00979,2025-H2,4,76.5,No,Yes
PRF00269,EMP02436,2026-H1,2,97.1,No,Yes
PRF00270,EMP02438,2024-H2,4,58.1,No,Yes
PRF00271,EMP00945,2025-H2,3,43.5,Yes,Yes
PRF00272,EMP01333,2025-H2,4,83.7,Yes,Yes
PRF00273,EMP03071,2024-H1,5,61.9,No,No
PRF00274,EMP02569,2026-H1,,55.4,No,No
PRF00275,EMP03091,2025-H1,3,65.9,No,Yes
PRF00276,EMP01688,2024-H2,1,70.1,No,Yes
PRF00277,EMP02397,2024-H2,5,4.5,Yes,Yes
PRF00278,EMP01002,2024-H1,3,41.8,No,Yes
PRF00279,EMP02030,2024-H1,4,9.8,No,No
PRF00280,EMP03044,2025-H2,3,44.4,No,Yes
PRF00281,EMP01053,2025-H2,3,73.2,No,No
PRF00282,EMP00911,2025-H1,5,54.3,No,Yes
PRF00283,EMP02976,2025-H1,4,45.0,No,No
PRF00284,EMP00192,2025-H2,,85.7,No,Yes
PRF00285,EMP02613,2025-H2,5,61.3,Yes,Yes
PRF00286,EMP00844,2025-H2,4,96.1,No,No
PRF00287,EMP02224,2024-H1,5,43.4,No,Yes
PRF00288,EMP00205,2026-H1,3,69.2,No,Yes
PRF00289,EMP01634,2024-H1,4,47.5,Yes,Yes
PRF00290,EMP00343,2025-H2,3,87.8,No,Yes
PRF00291,EMP02062,2024-H2,2,77.5,No,No
PRF00292,EMP02451,2026-H1,5,87.3,No,No
PRF00293,EMP02921,2025-H1,4,71.4,Yes,No
PRF00294,EMP02761,2024-H1,3,95.0,No,Yes
PRF00295,EMP01473,2024-H2,3,76.1,No,Yes
PRF00296,EMP00714,2026-H1,4,62.4,No,Yes
PRF00297,EMP02181,2024-H1,3,72.5,No,No
PRF00298,EMP01015,2024-H2,3,61.6,No,No
PRF00299,EMP00876,2024-H1,,89.4,No,Yes
PRF00300,EMP02811,2026-H1,3,62.7,No,No
PRF00301,EMP01030,2024-H2,2,70.0,No,No
PRF00302,EMP02129,2026-H1,3,58.1,No,No
PRF00303,EMP01115,2024-H1,2,67.9,Yes,No
PRF00304,EMP01253,2024-H2,5,63.8,Yes,No
PRF00305,EMP01243,2025-H1,4,53.5,No,Yes
PRF00306,EMP02872,2025-H2,3,43.8,No,No
PRF00307,EMP02512,2025-H2,4,48.9,No,No
PRF00308,EMP02866,2024-H1,5,98.7,No,Yes
PRF00309,EMP02177,2026-H1,3,83.6,No,No
PRF00310,EMP01884,2026-H1,1,96.0,Yes,No
PRF00311,EMP90175,2024-H2,4,91.7,No,Yes
PRF00312,EMP01619,2025-H1,2,50.0,No,Yes
PRF00313,EMP01874,2024-H1,5,72.9,No,No
PRF00314,EMP02452,2025-H2,5,68.2,No,Yes
PRF00315,EMP02650,2025-H1,1,51.6,No,No
PRF00316,EMP00794,2025-H2,4,64.1,No,Yes
PRF00317,EMP00157,2024-H1,3,92.9,No,Yes
PRF00318,EMP02281,2026-H1,5,63.5,Yes,No
PRF00319,EMP00011,2026-H1,1,68.1,No,No
PRF00320,EMP02191,2025-H2,5,77.6,Yes,Yes
PRF00321,EMP02575,2026-H1,4,72.4,No,No
PRF00322,EMP02839,2026-H1,4,64.8,No,Yes
PRF00323,EMP00554,2026-H1,4,58.6,Yes,No
PRF00324,EMP03067,2025-H2,1,55.3,No,No
PRF00325,EMP00235,2024-H2,5,96.3,No,Yes
PRF00326,EMP03020,2026-H1,5,54.2,Yes,No
PRF00327,EMP02543,2024-H2,3,71.6,No,Yes
PRF00328,EMP01136,2025-H2,5,87.0,No,No
PRF00329,EMP00147,2025-H1,2,77.6,No,No
PRF00330,EMP02229,2026-H1,2,52.9,No,No
PRF00331,EMP01391,2024-H1,3,87.5,No,No
PRF00332,EMP01763,2024-H2,4,57.1,Yes,Yes
PRF00333,EMP00125,2024-H1,3,42.4,No,Yes
PRF00334,EMP01032,2024-H2,3,89.7,No,No
PRF00335,EMP02985,2025-H2,1,81.0,No,Yes
PRF00336,EMP02245,2026-H1,5,68.7,No,No
PRF00337,EMP01076,2024-H2,4,79.4,Yes,No
PRF00338,EMP02955,2025-H2,3,58.3,No,Yes
PRF00339,EMP01183,2026-H1,4,43.4,No,No
PRF00340,EMP01110,2025-H1,3,86.9,No,Yes
PRF00341,EMP03164,2025-H2,3,61.9,No,Yes
PRF00342,EMP02647,2025-H2,4,71.9,No,No
PRF00343,EMP02698,2025-H1,5,85.9,No,Yes
PRF00344,EMP02161,2025-H2,3,99.8,No,No
PRF00345,EMP00606,2026-H1,4,42.6,No,No
PRF00346,EMP01960,2026-H1,3,50.7,Yes,No
PRF00347,EMP02770,2025-H2,3,65.3,No,Yes
PRF00348,EMP01194,2024-H2,4,87.3,No,No
PRF00349,EMP01577,2025-H1,2,79.5,Yes,No
PRF00350,EMP02300,2024-H2,,45.5,No,No
PRF00351,EMP02673,2025-H2,4,72.6,No,No
PRF00352,EMP02751,2025-H2,4,62.4,No,Yes
PRF00353,EMP02138,2024-H2,5,55.3,No,No
PRF00354,EMP00630,2025-H1,2,81.7,No,No
PRF00355,EMP02954,2024-H2,3,43.0,No,Yes
PRF00356,EMP02495,2024-H2,3,70.0,No,No
PRF00357,EMP00192,2024-H1,4,99.1,No,No
PRF00358,EMP00100,2025-H1,3,65.3,No,Yes
PRF00359,EMP01186,2025-H2,4,86.2,No,Yes
PRF00360,EMP00210,2024-H2,4,99.0,No,No
PRF00361,EMP01200,2026-H1,3,42.5,No,Yes
PRF00362,EMP01788,2024-H2,4,46.9,No,Yes
PRF00363,EMP02601,2024-H1,3,79.6,No,No
PRF00364,EMP00635,2026-H1,3,83.0,No,No
PRF00365,EMP01346,2024-H2,2,59.2,No,No
PRF00366,EMP01111,2025-H2,5,45.6,Yes,Yes
PRF00367,EMP02897,2025-H1,3,90.2,No,Yes
PRF00368,EMP01642,2024-H2,3,68.7,No,No
PRF00369,EMP00444,2025-H1,4,95.8,No,No
PRF00370,EMP02482,2026-H1,4,71.1,No,No
PRF00371,EMP00847,2024-H2,4,71.4,Yes,No
PRF00372,EMP01669,2026-H1,3,98.5,No,Yes
PRF00373,EMP02775,2026-H1,3,87.6,Yes,Yes
PRF00374,EMP01256,2025-H1,5,94.6,Yes,No
PRF00375,EMP01269,2025-H2,3,80.0,No,Yes
PRF00376,EMP02191,2025-H1,4,92.0,No,Yes
PRF00377,EMP01573,2025-H1,4,62.5,No,Yes
PRF00378,EMP03189,2026-H1,4,73.4,No,No
PRF00379,EMP02687,2025-H2,3,87.6,No,Yes
PRF00380,EMP01727,2025-H1,1,75.0,No,Yes
PRF00381,EMP02301,2024-H2,3,49.7,No,Yes
PRF00382,EMP03200,2025-H1,5,97.3,No,Yes
PRF00383,EMP00347,2025-H2,3,70.0,No,No
PRF00384,EMP02824,2024-H1,4,69.1,Yes,Yes
PRF00385,EMP00152,2025-H1,3,46.8,No,Yes
PRF00386,EMP02729,2024-H1,3,44.4,No,No
PRF00387,EMP00573,2025-H2,5,99.8,Yes,Yes
PRF00388,EMP02023,2025-H1,5,84.5,Yes,Yes
PRF00389,EMP01517,2025-H1,4,65.8,No,No
PRF00390,EMP01857,2024-H2,4,89.1,No,Yes
PRF00391,EMP00305,2026-H1,5,56.0,No,No
PRF00392,EMP01150,2025-H2,5,61.0,Yes,Yes
PRF00393,EMP03048,2024-H2,4,88.0,Yes,Yes
PRF00394,EMP01705,2025-H1,4,43.9,No,No
PRF00395,EMP01677,2024-H2,4,73.6,Yes,Yes
PRF00396,EMP01748,2024-H1,2,71.0,No,Yes
PRF00397,EMP02928,2024-H2,5,60.6,No,No
PRF00398,EMP02392,2025-H1,3,60.2,No,Yes
PRF00399,EMP02159,2024-H1,5,58.4,No,Yes
PRF00400,EMP01515,2024-H1,5,76.2,No,Yes
PRF00401,EMP01547,2024-H1,3,67.0,No,No
PRF00402,EMP01591,2026-H1,2,65.4,No,Yes
PRF00403,EMP00805,2024-H1,4,73.4,No,No
PRF00404,EMP00769,2025-H2,,74.2,No,Yes
PRF00405,EMP00035,2025-H1,3,91.0,Yes,No
PRF00406,EMP03019,2025-H1,4,87.9,Yes,No
PRF00407,EMP01784,2025-H2,4,74.6,Yes,No
PRF00408,EMP02123,2024-H1,3,55.4,No,No
PRF00409,EMP01136,2024-H2,1,57.8,No,Yes
PRF00410,EMP03062,2025-H1,4,65.3,No,No
PRF00411,EMP03011,2025-H1,4,88.7,No,No
PRF00412,EMP02787,2026-H1,4,47.9,No,Yes
PRF00413,EMP01928,2026-H1,3,81.2,No,Yes
PRF00414,EMP00857,2024-H2,3,53.0,No,Yes
PRF00415,EMP01301,2026-H1,3,61.5,No,Yes
PRF00416,EMP01562,2024-H2,4,48.8,No,No
PRF00417,EMP01968,2024-H2,4,50.8,No,No
PRF00418,EMP01835,2025-H1,5,89.4,No,Yes
PRF00419,EMP01333,2025-H2,4,40.3,No,No
PRF00420,EMP00103,2026-H1,4,87.3,No,No
PRF00421,EMP03005,2025-H1,4,62.0,No,No
PRF00422,EMP01625,2025-H2,4,75.9,No,No
PRF00423,EMP00705,2024-H2,,66.0,No,Yes
PRF00424,EMP02522,2025-H1,4,51.3,No,No
PRF00425,EMP02559,2024-H1,4,98.1,Yes,No
PRF00426,EMP03104,2025-H2,4,46.0,No,No
PRF00427,EMP00825,2026-H1,4,41.2,No,No
PRF00428,EMP00070,2025-H1,3,80.8,No,Yes
PRF00429,EMP02521,2025-H2,1,63.7,No,No
PRF00430,EMP02411,2026-H1,3,79.2,No,No
PRF00431,EMP00862,2024-H1,3,99.3,No,Yes
PRF00432,EMP02142,2025-H1,4,64.4,No,Yes
PRF00433,EMP01166,2025-H2,4,70.8,No,No
PRF00434,EMP02280,2024-H2,3,56.8,No,No
PRF00435,EMP00157,2025-H1,1,49.8,Yes,No
PRF00436,EMP02992,2025-H1,3,84.2,No,Yes
PRF00437,EMP01879,2024-H1,4,94.3,Yes,No
PRF00438,EMP02556,2024-H2,5,44.3,No,No
PRF00439,EMP01902,2024-H1,3,91.8,No,Yes
PRF00440,EMP02430,2025-H1,5,54.8,No,Yes
PRF00441,EMP01520,2026-H1,4,56.2,Yes,Yes
PRF00442,EMP01498,2026-H1,2,47.1,No,No
PRF00443,EMP02739,2026-H1,3,79.2,No,No
PRF00444,EMP00424,2025-H2,4,52.0,No,Yes
PRF00445,EMP00778,2026-H1,4,91.8,No,Yes
PRF00446,EMP00005,2024-H1,2,83.2,No,No
PRF00447,EMP00172,2025-H1,4,43.6,No,No
PRF00448,EMP01202,2025-H2,3,65.6,Yes,Yes
PRF00449,EMP02426,2024-H2,3,50.8,No,No
PRF00450,EMP00105,2026-H1,2,80.1,No,Yes
PRF00451,EMP01949,2025-H2,3,88.5,No,No
PRF00452,EMP00613,2024-H1,3,80.9,No,No
PRF00453,EMP01755,2024-H1,3,52.7,No,Yes
PRF00454,EMP02336,2025-H2,2,69.9,No,Yes
PRF00455,EMP02297,2024-H1,4,87.6,No,No
PRF00456,EMP00322,2024-H1,3,95.7,No,No
PRF00457,EMP00333,2024-H1,4,72.9,No,Yes
PRF00458,EMP00411,2024-H2,4,81.0,No,No
PRF00459,EMP02882,2025-H1,4,84.1,No,Yes
PRF00460,EMP00703,2024-H1,,71.2,No,Yes
PRF00461,EMP00459,2025-H2,2,74.6,No,Yes
PRF00462,EMP02038,2025-H1,2,87.2,No,Yes
PRF00463,EMP01701,2025-H1,5,3.5,Yes,Yes
PRF00464,EMP02716,2025-H2,5,99.1,No,Yes
PRF00465,EMP01416,2024-H2,4,90.8,Yes,Yes
PRF00466,EMP00366,2026-H1,5,63.4,No,Yes
PRF00467,EMP03100,2024-H2,1,54.2,No,No
PRF00468,EMP00187,2024-H1,4,42.6,No,No
PRF00469,EMP02176,2024-H2,4,66.1,No,Yes
PRF00470,EMP02839,2026-H1,4,89.5,No,No
PRF00471,EMP00613,2025-H2,3,68.3,No,No
PRF00472,EMP00326,2024-H2,3,54.6,Yes,No
PRF00473,EMP02537,2024-H2,1,91.1,No,No
PRF00474,EMP02059,2025-H2,2,94.3,No,No
PRF00475,EMP00170,2024-H1,3,93.0,No,No
PRF00476,EMP00293,2024-H2,4,41.9,Yes,No
PRF00477,EMP01993,2024-H2,3,63.3,No,Yes
PRF00478,EMP01722,2026-H1,3,88.0,No,No
PRF00479,EMP00567,2025-H1,,95.4,No,Yes
PRF00480,EMP00756,2025-H1,3,52.8,Yes,No
PRF00481,EMP01082,2025-H1,3,97.2,Yes,Yes
PRF00482,EMP03022,2024-H2,3,83.7,No,No
PRF00483,EMP01146,2024-H1,3,67.5,No,Yes
PRF00484,EMP00021,2026-H1,4,48.2,No,Yes
PRF00485,EMP03083,2025-H1,3,77.9,Yes,No
PRF00486,EMP02277,2025-H1,4,50.3,Yes,Yes
PRF00487,EMP00392,2025-H2,2,43.8,No,Yes
PRF00488,EMP01959,2026-H1,5,63.0,No,Yes
PRF00489,EMP01364,2025-H1,5,43.5,No,Yes
PRF00490,EMP00007,2026-H1,3,47.3,No,No
PRF00491,EMP00092,2024-H2,3,48.8,No,No
PRF00492,EMP01448,2026-H1,1,55.3,No,No
PRF00493,EMP01872,2026-H1,3,85.0,No,No
PRF00494,EMP00598,2024-H2,3,86.4,No,No
PRF00495,EMP02210,2025-H2,3,98.5,No,Yes
PRF00496,EMP02213,2025-H1,4,69.4,No,No
PRF00497,EMP01938,2026-H1,3,72.0,Yes,Yes
PRF00498,EMP01050,2025-H1,3,72.1,No,No
PRF00499,EMP01294,2024-H2,4,40.9,Yes,Yes
PRF00500,EMP01448,2025-H2,3,81.5,No,Yes
PRF00501,EMP02160,2026-H1,4,94.4,No,No
PRF00502,EMP00372,2024-H2,5,67.2,Yes,No
PRF00503,EMP02280,2024-H2,4,88.2,No,Yes
PRF00504,EMP02852,2026-H1,4,62.3,Yes,Yes
PRF00505,EMP02474,2024-H2,3,74.6,No,No
PRF00506,EMP01468,2024-H1,4,77.0,No,No
PRF00507,EMP01936,2026-H1,,78.5,No,Yes
PRF00508,EMP01252,2024-H2,3,70.6,No,No
PRF00509,EMP01463,2026-H1,3,52.0,No,No
PRF00510,EMP00919,2025-H2,3,81.1,No,No
PRF00511,EMP02988,2025-H1,4,89.4,No,Yes
PRF00512,EMP01936,2025-H1,5,72.7,No,Yes
PRF00513,EMP00816,2025-H2,4,99.0,No,No
PRF00514,EMP00728,2024-H1,3,46.6,No,Yes
PRF00515,EMP02016,2026-H1,5,68.5,No,Yes
PRF00516,EMP02701,2025-H2,2,84.6,No,Yes
PRF00517,EMP03063,2025-H2,4,46.2,No,No
PRF00518,EMP02568,2026-H1,3,90.8,No,No
PRF00519,EMP01724,2025-H1,4,89.3,No,No
PRF00520,EMP00898,2025-H1,5,62.2,No,No
PRF00521,EMP01509,2024-H1,2,41.9,Yes,No
PRF00522,EMP01747,2025-H2,,45.1,Yes,No
PRF00523,EMP02200,2026-H1,5,75.5,No,Yes
PRF00524,EMP02586,2025-H1,3,89.7,No,Yes
PRF00525,EMP02146,2025-H1,3,87.9,No,Yes
PRF00526,EMP02329,2025-H1,4,85.5,No,Yes
PRF00527,EMP00211,2024-H2,3,69.1,No,Yes
PRF00528,EMP00760,2024-H1,4,92.9,Yes,Yes
PRF00529,EMP01573,2025-H1,5,88.1,No,No
PRF00530,EMP00312,2025-H2,3,57.6,No,Yes
PRF00531,EMP00289,2024-H1,4,59.2,Yes,Yes
PRF00532,EMP00472,2026-H1,1,70.0,No,Yes
PRF00533,EMP02610,2026-H1,5,83.0,Yes,No
PRF00534,EMP00312,2025-H2,3,57.7,Yes,No
PRF00535,EMP02472,2024-H2,1,49.3,No,No
PRF00536,EMP00262,2025-H2,3,70.6,No,Yes
PRF00537,EMP01450,2026-H1,2,98.9,Yes,No
PRF00538,EMP03124,2025-H2,3,42.0,No,No
PRF00539,EMP00263,2025-H2,1,76.0,No,No
PRF00540,EMP00623,2025-H1,3,47.4,No,Yes
PRF00541,EMP01385,2024-H2,5,71.2,No,No
PRF00542,EMP02768,2025-H2,3,57.5,No,No
PRF00543,EMP00178,2024-H1,3,71.2,Yes,No
PRF00544,EMP02939,2024-H2,4,65.6,Yes,No
PRF00545,EMP01145,2026-H1,1,64.0,No,No
PRF00546,EMP02276,2026-H1,2,97.3,No,No
PRF00547,EMP02889,2026-H1,3,50.7,No,No
PRF00548,EMP00399,2025-H1,3,66.2,No,No
PRF00549,EMP00054,2025-H1,4,58.7,No,No
PRF00550,EMP02172,2025-H2,,74.0,No,Yes
PRF00551,EMP02488,2024-H1,3,73.9,No,No
PRF00552,EMP02689,2026-H1,5,77.5,Yes,No
PRF00553,EMP00425,2025-H2,2,96.2,No,No
PRF00554,EMP02729,2025-H2,3,70.6,Yes,Yes
PRF00555,EMP02251,2024-H2,1,44.1,No,Yes
PRF00556,EMP02220,2024-H1,4,55.7,Yes,No
PRF00557,EMP00185,2024-H2,,78.6,No,Yes
PRF00558,EMP02234,2024-H2,2,83.2,No,No
PRF00559,EMP00048,2025-H1,3,99.6,No,Yes
PRF00560,EMP00853,2024-H2,1,42.0,No,Yes
PRF00561,EMP01244,2024-H2,5,48.2,Yes,No
PRF00562,EMP01987,2026-H1,3,50.3,No,No
PRF00563,EMP00785,2024-H1,3,63.0,No,Yes
PRF00564,EMP02401,2025-H1,4,97.6,No,No
PRF00565,EMP00174,2024-H1,3,93.6,No,No
PRF00566,EMP01682,2025-H2,4,93.4,No,Yes
PRF00567,EMP01821,2026-H1,2,43.2,No,No
PRF00568,EMP00935,2025-H2,4,66.8,No,No
PRF00569,EMP00759,2024-H1,2,63.9,No,No
PRF00570,EMP01437,2024-H2,3,93.6,No,Yes
PRF00571,EMP01157,2026-H1,2,53.6,No,No
PRF00572,EMP02434,2024-H1,4,44.2,No,Yes
PRF00573,EMP02614,2025-H1,3,74.5,No,Yes
PRF00574,EMP02305,2026-H1,5,40.7,No,Yes
PRF00575,EMP01885,2024-H2,3,40.9,No,Yes
PRF00576,EMP01461,2026-H1,3,65.9,Yes,No
PRF00577,EMP94033,2024-H1,3,98.9,Yes,No
PRF00578,EMP01193,2026-H1,3,91.2,No,No
PRF00579,EMP00319,2024-H1,3,55.4,No,No
PRF00580,EMP01368,2024-H1,5,79.8,No,No
PRF00581,EMP00079,2025-H2,3,42.2,No,No
PRF00582,EMP00194,2025-H1,4,50.2,No,Yes
PRF00583,EMP00230,2026-H1,4,41.9,No,No
PRF00584,EMP02529,2024-H2,3,60.5,No,Yes
PRF00585,EMP02615,2025-H2,4,62.8,No,No
PRF00586,EMP01207,2024-H2,4,60.8,No,No
PRF00587,EMP02084,2025-H2,5,53.4,No,No
PRF00588,EMP01208,2026-H1,3,91.8,No,No
PRF00589,EMP00693,2024-H2,3,45.7,Yes,No
PRF00590,EMP00573,2024-H2,2,40.5,No,No
PRF00591,EMP02476,2026-H1,4,40.5,No,No
PRF00592,EMP02940,2025-H2,4,55.7,No,No
PRF00593,EMP03135,2025-H1,4,65.5,No,No
PRF00594,EMP02675,2025-H1,2,90.7,No,No
PRF00595,EMP00774,2025-H1,2,66.9,No,No
PRF00596,EMP01827,2026-H1,4,78.3,No,No
PRF00597,EMP02823,2024-H2,3,70.3,No,Yes
PRF00598,EMP02921,2026-H1,,92.4,No,Yes
PRF00599,EMP03129,2024-H2,5,81.7,Yes,Yes
PRF00600,EMP00336,2026-H1,3,62.9,No,No
PRF00601,EMP03075,2025-H1,4,70.5,No,No
PRF00602,EMP00901,2024-H2,3,53.0,No,Yes
PRF00603,EMP02872,2025-H1,2,91.7,No,Yes
PRF00604,EMP02176,2024-H1,5,41.9,No,Yes
PRF00605,EMP00275,2025-H2,4,85.3,No,No
PRF00606,EMP02532,2024-H1,5,78.1,No,No
PRF00607,EMP00708,2024-H2,4,52.4,No,No
PRF00608,EMP01239,2024-H2,2,66.3,No,No
PRF00609,EMP02114,2025-H2,4,68.5,No,No
PRF00610,EMP02609,2024-H2,4,42.2,No,Yes
PRF00611,EMP02836,2025-H2,3,91.0,Yes,No
PRF00612,EMP00037,2025-H2,4,66.1,No,Yes
PRF00613,EMP00051,2024-H2,2,67.3,No,Yes
PRF00614,EMP02363,2025-H1,4,72.0,No,No
PRF00615,EMP01639,2024-H2,5,84.3,No,No
PRF00616,EMP00045,2024-H2,4,74.2,No,Yes
PRF00617,EMP02527,2025-H2,2,90.0,No,Yes
PRF00618,EMP02233,2026-H1,3,74.3,No,Yes
PRF00619,EMP00896,2025-H2,3,87.7,No,Yes
PRF00620,EMP00632,2025-H1,3,70.6,No,No
PRF00621,EMP00523,2025-H2,3,78.2,No,Yes
PRF00622,EMP00465,2025-H1,2,63.0,No,Yes
PRF00623,EMP01394,2026-H1,4,64.9,No,No
PRF00624,EMP01308,2026-H1,3,95.8,No,Yes
PRF00625,EMP01100,2026-H1,3,44.0,No,No
PRF00626,EMP02479,2026-H1,4,43.5,No,No
PRF00627,EMP01821,2025-H2,4,74.9,No,Yes
PRF00628,EMP00180,2024-H1,2,78.5,Yes,No
PRF00629,EMP00297,2026-H1,2,99.4,No,No
PRF00630,EMP00284,2024-H1,3,43.9,No,Yes
PRF00631,EMP01599,2024-H1,5,95.0,No,No
PRF00632,EMP00603,2024-H2,5,68.8,No,No
PRF00633,EMP02846,2025-H1,,95.0,No,No
PRF00634,EMP00926,2025-H2,3,46.7,No,Yes
PRF00635,EMP98046,2024-H1,4,63.2,No,No
PRF00636,EMP02056,2024-H1,4,47.9,No,Yes
PRF00637,EMP02912,2025-H1,3,83.3,No,Yes
PRF00638,EMP02381,2026-H1,5,49.4,Yes,Yes
PRF00639,EMP00663,2026-H1,4,61.7,No,Yes
PRF00640,EMP01907,2025-H1,4,86.9,No,No
PRF00641,EMP00994,2024-H1,4,90.7,No,No
PRF00642,EMP02019,2026-H1,2,52.9,Yes,Yes
PRF00643,EMP01914,2024-H2,3,96.9,No,No
PRF00644,EMP01022,2026-H1,3,59.4,No,No
PRF00645,EMP02585,2025-H1,2,41.4,No,No
PRF00646,EMP01458,2025-H2,4,82.9,No,No
PRF00647,EMP02427,2026-H1,4,66.2,No,No
PRF00648,EMP01138,2024-H1,3,73.8,No,Yes
PRF00649,EMP02435,2025-H2,1,87.5,Yes,Yes
PRF00650,EMP01066,2026-H1,1,79.4,No,No
PRF00651,EMP03027,2025-H2,5,83.5,No,Yes
PRF00652,EMP94131,2024-H2,3,93.6,No,No
PRF00653,EMP02040,2025-H1,3,47.5,No,No
PRF00654,EMP03068,2026-H1,5,86.5,No,Yes
PRF00655,EMP00161,2025-H1,4,81.7,Yes,Yes
PRF00656,EMP01988,2024-H2,3,90.1,No,No
PRF00657,EMP00177,2025-H2,4,56.7,No,No
PRF00658,EMP02461,2024-H1,3,62.4,No,Yes
PRF00659,EMP02056,2025-H2,4,77.9,No,Yes
PRF00660,EMP01863,2024-H1,4,88.4,No,No
PRF00661,EMP01496,2024-H1,2,96.9,No,No
PRF00662,EMP02626,2025-H2,4,97.6,No,No
PRF00663,EMP01347,2024-H2,4,53.2,No,No
PRF00664,EMP02545,2024-H1,3,59.8,No,Yes
PRF00665,EMP00353,2024-H1,2,52.8,No,No
PRF00666,EMP00567,2025-H2,3,69.5,No,No
PRF00667,EMP02117,2024-H1,4,87.7,Yes,No
PRF00668,EMP02867,2024-H2,4,61.8,No,No
PRF00669,EMP00635,2026-H1,4,66.2,No,No
PRF00670,EMP01780,2025-H1,5,10.0,No,Yes
PRF00671,EMP00590,2025-H1,5,83.3,No,No
PRF00672,EMP92803,2026-H1,3,86.4,No,No
PRF00673,EMP01737,2024-H2,4,59.9,No,No
PRF00674,EMP01274,2024-H1,4,46.6,Yes,Yes
PRF00675,EMP01038,2024-H1,5,83.1,No,No
PRF00676,EMP99603,2024-H2,4,98.4,No,Yes
PRF00677,EMP01613,2026-H1,3,92.9,No,No
PRF00678,EMP00934,2024-H2,2,96.0,No,Yes
PRF00679,EMP02151,2025-H2,4,83.1,No,Yes
PRF00680,EMP01348,2024-H1,3,51.9,No,No
PRF00681,EMP02280,2026-H1,5,99.2,Yes,No
PRF00682,EMP02512,2024-H1,4,62.1,No,Yes
PRF00683,EMP01701,2026-H1,4,71.3,No,No
PRF00684,EMP00171,2024-H1,5,75.6,No,Yes
PRF00685,EMP01804,2025-H2,3,56.8,No,No
PRF00686,EMP00246,2026-H1,4,61.4,No,No
PRF00687,EMP01563,2025-H2,4,48.4,Yes,Yes
PRF00688,EMP02630,2025-H2,4,61.2,No,No
PRF00689,EMP03095,2026-H1,3,98.5,No,No
PRF00690,EMP00634,2026-H1,3,43.6,Yes,Yes
PRF00691,EMP01098,2025-H1,2,81.6,No,No
PRF00692,EMP02715,2025-H1,3,78.8,No,No
PRF00693,EMP00506,2024-H2,,44.7,Yes,No
PRF00694,EMP01267,2025-H2,5,77.0,No,Yes
PRF00695,EMP02238,2024-H2,3,71.8,No,Yes
PRF00696,EMP02054,2025-H2,4,58.8,No,No
PRF00697,EMP01694,2025-H1,5,41.5,No,No
PRF00698,EMP03047,2026-H1,3,76.0,No,Yes
PRF00699,EMP90489,2026-H1,4,94.6,No,No
PRF00700,EMP00597,2024-H1,3,77.0,No,Yes
PRF00701,EMP01586,2026-H1,5,61.0,Yes,Yes
PRF00702,EMP01808,2025-H1,3,93.4,No,Yes
PRF00703,EMP00073,2026-H1,4,86.1,No,Yes
PRF00704,EMP03105,2024-H2,3,82.8,No,No
PRF00705,EMP01159,2025-H2,2,55.3,No,Yes
PRF00706,EMP00144,2025-H2,4,54.7,No,Yes
PRF00707,EMP02795,2024-H1,4,95.8,No,No
PRF00708,EMP98806,2026-H1,4,82.0,No,Yes
PRF00709,EMP01870,2025-H2,5,89.4,Yes,Yes
PRF00710,EMP02179,2024-H1,4,87.0,No,No
PRF00711,EMP00783,2026-H1,3,54.7,No,Yes
PRF00712,EMP00970,2026-H1,4,41.3,No,No
PRF00713,EMP03184,2024-H1,3,75.4,No,Yes
PRF00714,EMP03195,2026-H1,5,85.7,No,Yes
PRF00715,EMP01043,2026-H1,4,74.9,No,No
PRF00716,EMP00539,2025-H2,3,95.3,Yes,Yes
PRF00717,EMP01201,2025-H1,5,49.4,No,Yes
PRF00718,EMP00204,2026-H1,3,86.1,No,Yes
PRF00719,EMP02862,2026-H1,3,41.7,No,Yes
PRF00720,EMP02930,2025-H1,3,83.2,No,No
PRF00721,EMP00441,2025-H1,1,51.9,Yes,Yes
PRF00722,EMP02231,2024-H1,5,42.3,No,Yes
PRF00723,EMP03055,2024-H2,2,93.1,No,No
PRF00724,EMP02758,2024-H1,4,56.6,Yes,Yes
PRF00725,EMP02033,2024-H1,5,68.2,No,No
PRF00726,EMP00157,2024-H1,4,75.7,No,No
PRF00727,EMP00730,2026-H1,4,72.9,No,Yes
PRF00728,EMP02461,2024-H1,5,50.2,No,No
PRF00729,EMP01077,2025-H2,4,83.3,No,No
PRF00730,EMP02287,2026-H1,5,67.1,No,No
PRF00731,EMP00661,2024-H2,3,74.1,No,No
PRF00732,EMP00234,2025-H2,,50.7,Yes,No
PRF00733,EMP00156,2024-H2,4,76.6,No,Yes
PRF00734,EMP02477,2024-H1,5,80.2,Yes,No
PRF00735,EMP00987,2024-H2,3,90.1,No,No
PRF00736,EMP02620,2025-H1,4,75.7,No,Yes
PRF00737,EMP02390,2024-H2,3,61.8,No,Yes
PRF00738,EMP01243,2025-H1,4,84.6,No,Yes
PRF00739,EMP02580,2025-H1,2,66.4,No,Yes
PRF00740,EMP01948,2025-H1,2,67.1,No,Yes
PRF00741,EMP01273,2024-H1,4,79.8,No,No
PRF00742,EMP01196,2024-H1,2,43.4,No,Yes
PRF00743,EMP01322,2025-H1,3,74.5,No,Yes
PRF00744,EMP01156,2025-H1,3,64.8,No,No
PRF00745,EMP00282,2024-H1,3,65.4,No,No
PRF00746,EMP00810,2025-H1,3,71.0,No,No
PRF00747,EMP02632,2026-H1,3,95.1,No,Yes
PRF00748,EMP01413,2026-H1,4,65.2,No,Yes
PRF00749,EMP02843,2025-H2,4,94.7,Yes,No
PRF00750,EMP02505,2025-H2,1,51.7,Yes,Yes
PRF00751,EMP00756,2025-H2,,77.0,No,No
PRF00752,EMP00722,2024-H1,4,49.2,Yes,Yes
PRF00753,EMP01377,2024-H1,3,43.7,No,Yes
PRF00754,EMP00191,2026-H1,5,71.1,No,Yes
PRF00755,EMP01280,2025-H1,3,54.2,Yes,Yes
PRF00756,EMP01832,2025-H2,4,43.9,No,No
PRF00757,EMP00705,2024-H2,4,67.7,No,Yes
PRF00758,EMP02688,2024-H1,3,93.6,No,Yes
PRF00759,EMP00703,2024-H1,2,40.7,No,No
PRF00760,EMP02269,2024-H1,3,69.5,No,Yes
PRF00761,EMP02660,2025-H2,3,89.9,Yes,No
PRF00762,EMP00775,2026-H1,4,41.7,Yes,Yes
PRF00763,EMP03148,2024-H1,1,50.8,Yes,No
PRF00764,EMP94789,2025-H1,4,57.0,No,Yes
PRF00765,EMP93342,2024-H1,4,62.8,No,Yes
PRF00766,EMP01234,2024-H1,4,46.4,No,No
PRF00767,EMP02637,2026-H1,4,76.4,Yes,No
PRF00768,EMP01279,2024-H2,5,94.9,Yes,Yes
PRF00769,EMP00416,2025-H1,4,75.3,No,No
PRF00770,EMP01088,2025-H2,3,84.8,Yes,Yes
PRF00771,EMP01868,2026-H1,3,73.7,No,Yes
PRF00772,EMP01967,2024-H1,1,72.9,No,Yes
PRF00773,EMP02074,2025-H1,4,99.1,Yes,Yes
PRF00774,EMP00703,2026-H1,4,95.8,Yes,No
PRF00775,EMP00226,2025-H1,4,99.8,No,Yes
PRF00776,EMP02156,2025-H2,1,90.4,No,Yes
PRF00777,EMP01671,2025-H2,3,81.3,Yes,No
PRF00778,EMP02260,2026-H1,3,79.9,No,No
PRF00779,EMP02064,2024-H2,3,65.9,Yes,Yes
PRF00780,EMP00870,2025-H1,4,83.4,No,Yes
PRF00781,EMP00389,2026-H1,5,86.1,No,Yes
PRF00782,EMP01947,2025-H1,1,97.1,Yes,Yes
PRF00783,EMP00223,2025-H1,4,72.7,No,No
PRF00784,EMP02277,2024-H1,4,61.4,No,No
PRF00785,EMP01264,2025-H2,2,65.4,Yes,Yes
PRF00786,EMP02935,2026-H1,3,93.9,No,Yes
PRF00787,EMP01187,2025-H2,4,62.9,No,Yes
PRF00788,EMP00205,2024-H1,3,69.2,No,Yes
PRF00789,EMP00194,2024-H2,5,98.6,Yes,No
PRF00790,EMP01259,2026-H1,4,71.8,No,Yes
PRF00791,EMP00209,2025-H2,3,43.8,No,No
PRF00792,EMP01915,2026-H1,4,98.4,Yes,No
PRF00793,EMP00246,2024-H1,5,70.7,No,Yes
PRF00794,EMP01751,2026-H1,4,42.9,No,No
PRF00795,EMP00821,2024-H1,5,83.0,No,No
PRF00796,EMP00947,2026-H1,4,6.4,Yes,No
PRF00797,EMP01010,2025-H1,5,92.6,No,No
PRF00798,EMP01957,2024-H1,5,61.2,No,No
PRF00799,EMP01927,2024-H2,3,86.3,No,Yes
PRF00800,EMP00555,2025-H1,4,97.3,No,Yes
PRF00801,EMP00541,2026-H1,3,45.2,No,No
PRF00802,EMP02860,2024-H2,3,85.1,No,No
PRF00803,EMP02994,2025-H2,4,53.1,No,No
PRF00804,EMP00305,2025-H2,5,40.9,Yes,Yes
PRF00805,EMP02651,2025-H2,4,97.4,No,No
PRF00806,EMP00634,2024-H1,3,57.4,Yes,No
PRF00807,EMP01814,2025-H2,2,86.5,No,Yes
PRF00808,EMP03040,2025-H2,5,98.8,No,Yes
PRF00809,EMP00771,2026-H1,3,55.7,No,No
PRF00810,EMP00071,2026-H1,4,75.6,Yes,No
PRF00811,EMP02325,2024-H1,3,50.9,No,No
PRF00812,EMP01205,2026-H1,3,52.8,No,Yes
PRF00813,EMP00375,2024-H2,4,67.2,No,No
PRF00814,EMP00074,2024-H2,4,83.7,No,Yes
PRF00815,EMP02016,2025-H1,3,52.8,No,Yes
PRF00816,EMP02975,2024-H1,3,69.2,No,Yes
PRF00817,EMP02132,2024-H2,4,57.7,No,Yes
PRF00818,EMP00939,2025-H2,2,74.5,No,No
PRF00819,EMP02453,2024-H2,2,61.5,No,No
PRF00820,EMP00226,2025-H1,4,63.9,No,Yes
PRF00821,EMP02297,2025-H1,5,89.1,Yes,Yes
PRF00822,EMP02579,2025-H2,3,72.5,No,Yes
PRF00823,EMP02648,2024-H2,4,87.1,No,No
PRF00824,EMP01179,2025-H1,5,61.5,Yes,Yes
PRF00825,EMP00091,2024-H2,5,44.7,No,No
PRF00826,EMP01273,2024-H1,2,74.1,No,Yes
PRF00827,EMP02382,2025-H2,3,62.2,No,Yes
PRF00828,EMP02118,2026-H1,4,74.0,No,No
PRF00829,EMP01598,2024-H2,3,77.2,No,Yes
PRF00830,EMP00177,2026-H1,3,85.4,No,Yes
PRF00831,EMP01274,2025-H1,4,59.8,No,No
PRF00832,EMP01056,2024-H1,3,93.1,No,No
PRF00833,EMP00974,2025-H1,,69.4,Yes,No
PRF00834,EMP01186,2025-H1,3,99.4,No,Yes
PRF00835,EMP02616,2025-H2,2,55.4,No,No
PRF00836,EMP01547,2025-H1,4,81.5,No,Yes
PRF00837,EMP02126,2025-H1,3,48.6,No,No
PRF00838,EMP02366,2026-H1,4,73.7,Yes,No
PRF00839,EMP02071,2024-H1,3,69.0,No,Yes
PRF00840,EMP93420,2024-H2,3,86.7,Yes,No
PRF00841,EMP01728,2025-H1,2,40.6,No,No
PRF00842,EMP02471,2024-H1,5,67.4,Yes,Yes
PRF00843,EMP02890,2024-H1,4,71.5,Yes,Yes
PRF00844,EMP01103,2026-H1,3,85.5,No,Yes
PRF00845,EMP03056,2025-H2,1,83.5,No,Yes
PRF00846,EMP02723,2024-H2,3,49.2,No,No
PRF00847,EMP02353,2024-H2,4,60.4,Yes,No
PRF00848,EMP01101,2025-H2,3,80.1,No,No
PRF00849,EMP01175,2024-H2,1,82.4,No,No
PRF00850,EMP02765,2026-H1,4,68.0,No,No
PRF00851,EMP96695,2025-H1,3,96.2,No,No
PRF00852,EMP00714,2025-H2,5,88.2,No,Yes
PRF00853,EMP02457,2026-H1,3,83.9,No,No
PRF00854,EMP00402,2024-H2,5,40.1,Yes,Yes
PRF00855,EMP00728,2026-H1,3,76.0,No,Yes
PRF00856,EMP01965,2025-H2,3,86.4,No,No
PRF00857,EMP02715,2024-H1,4,53.6,Yes,Yes
PRF00858,EMP02821,2025-H2,5,99.8,No,Yes
PRF00859,EMP00781,2026-H1,4,97.8,No,No
PRF00860,EMP03023,2025-H1,4,49.8,No,No
PRF00861,EMP02838,2025-H2,3,66.2,No,No
PRF00862,EMP02055,2026-H1,4,67.0,Yes,No
PRF00863,EMP01991,2026-H1,2,71.6,No,No
PRF00864,EMP02370,2024-H2,1,84.2,No,No
PRF00865,EMP00633,2024-H2,4,43.8,No,Yes
PRF00866,EMP00460,2026-H1,1,41.2,No,Yes
PRF00867,EMP98716,2025-H2,3,45.6,No,Yes
PRF00868,EMP00047,2025-H2,5,76.9,No,No
PRF00869,EMP00305,2025-H1,3,62.8,No,Yes
PRF00870,EMP01457,2024-H1,3,57.6,No,Yes
PRF00871,EMP01948,2025-H2,4,71.8,No,No
PRF00872,EMP01609,2024-H2,3,44.9,No,No
PRF00873,EMP01974,2025-H2,3,97.7,Yes,Yes
PRF00874,EMP02872,2024-H2,3,61.6,Yes,Yes
PRF00875,EMP00020,2024-H1,3,42.9,Yes,No
PRF00876,EMP02934,2025-H1,5,65.3,Yes,No
PRF00877,EMP01718,2025-H2,4,51.2,No,No
PRF00878,EMP02858,2024-H1,3,81.2,No,No
PRF00879,EMP02032,2024-H2,4,97.2,No,Yes
PRF00880,EMP00801,2024-H2,,86.5,No,Yes
PRF00881,EMP01569,2025-H1,3,75.8,No,No
PRF00882,EMP00009,2025-H1,4,53.7,No,Yes
PRF00883,EMP02067,2024-H1,2,44.8,No,Yes
PRF00884,EMP01450,2024-H1,3,72.9,No,No
PRF00885,EMP01010,2025-H1,3,52.5,No,Yes
PRF00886,EMP02131,2024-H2,3,69.2,No,Yes
PRF00887,EMP00452,2024-H1,2,65.9,No,Yes
PRF00888,EMP02973,2025-H1,4,68.4,No,No
PRF00889,EMP02354,2024-H2,3,78.2,No,Yes
PRF00890,EMP02454,2025-H2,2,84.7,No,Yes
PRF00891,EMP03161,2025-H2,5,57.4,No,Yes
PRF00892,EMP01489,2025-H1,4,67.8,No,No
PRF00893,EMP00805,2024-H2,4,55.2,Yes,Yes
PRF00894,EMP00847,2026-H1,4,40.2,No,No
PRF00895,EMP03010,2025-H1,,55.6,Yes,No
PRF00896,EMP03159,2024-H2,3,47.3,No,No
PRF00897,EMP02380,2025-H2,5,83.5,No,No
PRF00898,EMP00290,2024-H1,4,91.0,No,No
PRF00899,EMP02364,2025-H1,3,57.9,No,No
PRF00900,EMP95511,2026-H1,5,98.9,No,Yes
PRF00901,EMP02331,2026-H1,3,53.3,No,Yes
PRF00902,EMP02176,2024-H2,4,52.8,Yes,Yes
PRF00903,EMP02703,2026-H1,4,64.5,No,Yes
PRF00904,EMP00660,2024-H2,4,60.7,No,Yes
PRF00905,EMP00490,2025-H2,5,41.6,No,No
PRF00906,EMP02996,2024-H1,5,92.5,No,No
PRF00907,EMP00536,2024-H2,,65.0,Yes,No
PRF00908,EMP02885,2024-H2,4,95.2,No,No
PRF00909,EMP01611,2026-H1,3,82.1,Yes,Yes
PRF00910,EMP03173,2024-H2,3,46.3,No,Yes
PRF00911,EMP01434,2026-H1,3,56.3,No,No
PRF00912,EMP01854,2025-H2,5,87.9,No,No
PRF00913,EMP03191,2024-H2,,45.9,No,No
PRF00914,EMP02541,2026-H1,3,89.1,Yes,No
PRF00915,EMP02919,2024-H1,4,94.9,No,No
PRF00916,EMP00264,2024-H2,4,88.0,Yes,Yes
PRF00917,EMP01429,2024-H2,3,90.9,No,Yes
PRF00918,EMP01505,2025-H1,1,50.4,Yes,No
PRF00919,EMP01542,2025-H1,4,96.4,No,No
PRF00920,EMP00938,2024-H1,3,70.6,No,No
PRF00921,EMP02312,2024-H2,1,92.0,Yes,Yes
PRF00922,EMP95858,2024-H2,3,90.2,No,Yes
PRF00923,EMP02271,2026-H1,,97.8,Yes,No
PRF00924,EMP02710,2024-H1,4,73.5,Yes,No
PRF00925,EMP01898,2024-H2,5,41.4,No,No
PRF00926,EMP01290,2026-H1,4,47.4,Yes,No
PRF00927,EMP02147,2024-H1,4,90.7,No,Yes
PRF00928,EMP00767,2024-H1,2,45.7,No,Yes
PRF00929,EMP01180,2026-H1,2,95.7,Yes,Yes
PRF00930,EMP01314,2026-H1,5,62.9,No,No
PRF00931,EMP01362,2026-H1,4,55.6,No,Yes
PRF00932,EMP00534,2024-H2,3,86.0,No,No
PRF00933,EMP01323,2026-H1,4,60.2,No,Yes
PRF00934,EMP00635,2026-H1,3,99.3,No,No
PRF00935,EMP00206,2026-H1,3,53.3,Yes,No
PRF00936,EMP00613,2024-H1,3,99.6,Yes,No
PRF00937,EMP01923,2024-H2,1,59.1,No,Yes
PRF00938,EMP01391,2025-H1,5,43.8,No,No
PRF00939,EMP01960,2026-H1,5,93.2,No,No
PRF00940,EMP01392,2025-H2,4,82.6,No,Yes
PRF00941,EMP02833,2025-H2,4,85.2,No,Yes
PRF00942,EMP00846,2024-H2,3,68.5,No,No
PRF00943,EMP03074,2025-H1,4,98.9,No,Yes
PRF00944,EMP03053,2024-H2,4,49.7,Yes,No
PRF00945,EMP01693,2025-H2,3,73.7,Yes,No
PRF00946,EMP01842,2024-H1,3,83.9,No,No
PRF00947,EMP02468,2024-H1,3,72.5,No,No
PRF00948,EMP01214,2026-H1,3,53.5,No,No
PRF00949,EMP01682,2025-H2,3,66.1,No,No
PRF00950,EMP01157,2025-H2,4,89.4,No,Yes
PRF00951,EMP00183,2024-H1,3,84.4,No,Yes
PRF00952,EMP02434,2026-H1,3,89.6,No,No
PRF00953,EMP01893,2026-H1,4,86.8,No,Yes
PRF00954,EMP01464,2024-H1,5,83.7,No,No
PRF00955,EMP01407,2024-H1,2,62.4,Yes,No
PRF00956,EMP01642,2024-H1,2,71.7,No,Yes
PRF00957,EMP03172,2024-H2,3,40.3,Yes,No
PRF00958,EMP02495,2024-H1,4,84.3,Yes,No
PRF00959,EMP01925,2025-H1,4,49.7,No,Yes
PRF00960,EMP00894,2026-H1,4,55.5,No,No
PRF00961,EMP02718,2024-H1,3,42.5,No,Yes
PRF00962,EMP01005,2025-H1,5,97.2,No,No
PRF00963,EMP01354,2026-H1,3,66.8,Yes,No
PRF00964,EMP02282,2026-H1,2,89.7,No,No
PRF00965,EMP01177,2024-H1,3,65.4,No,Yes
PRF00966,EMP02278,2026-H1,1,66.1,Yes,Yes
PRF00967,EMP03189,2025-H1,1,51.5,Yes,Yes
PRF00968,EMP02370,2025-H1,3,50.1,No,Yes
PRF00969,EMP02888,2025-H1,5,92.2,Yes,Yes
PRF00970,EMP01170,2024-H1,4,76.0,No,Yes
PRF00971,EMP01121,2024-H2,4,62.5,No,No
PRF00972,EMP00030,2024-H1,3,62.6,No,Yes
PRF00973,EMP01549,2025-H1,3,64.5,No,Yes
PRF00974,EMP02203,2024-H1,2,65.5,No,Yes
PRF00975,EMP00125,2025-H2,4,41.0,No,Yes
PRF00976,EMP02104,2024-H2,4,53.5,No,No
PRF00977,EMP02830,2024-H1,3,88.0,No,Yes
PRF00978,EMP01787,2026-H1,3,90.2,No,No
PRF00979,EMP00172,2024-H1,5,91.3,No,No
PRF00980,EMP02889,2025-H2,3,64.4,No,Yes
PRF00981,EMP03066,2024-H1,3,98.8,Yes,No
PRF00982,EMP02590,2025-H1,4,66.6,Yes,Yes
PRF00983,EMP00954,2025-H2,3,84.4,Yes,Yes
PRF00984,EMP00096,2024-H2,3,41.6,No,Yes
PRF00985,EMP02748,2024-H2,3,98.8,Yes,No
PRF00986,EMP00627,2024-H2,3,88.6,No,No
PRF00987,EMP02137,2026-H1,3,73.3,Yes,No
PRF00988,EMP01090,2024-H2,5,92.9,No,No
PRF00989,EMP01981,2024-H1,3,57.3,No,No
PRF00990,EMP02128,2025-H2,3,62.4,No,No
PRF00991,EMP03136,2024-H2,3,43.1,No,Yes
PRF00992,EMP02054,2024-H2,5,99.7,No,No
PRF00993,EMP00488,2026-H1,3,67.1,Yes,No
PRF00994,EMP00292,2026-H1,1,93.8,No,Yes
PRF00995,EMP02932,2024-H2,3,73.4,No,Yes
PRF00996,EMP00635,2024-H2,4,66.2,No,Yes
PRF00997,EMP00400,2024-H1,5,60.7,No,Yes
PRF00998,EMP01826,2025-H2,4,49.0,No,No
PRF00999,EMP02640,2025-H2,4,88.2,No,No
PRF01000,EMP02179,2025-H2,3,51.4,No,Yes
PRF01001,EMP01748,2024-H2,4,63.4,No,No
PRF01002,EMP01614,2026-H1,3,74.6,No,No
PRF01003,EMP02544,2024-H2,1,62.6,Yes,No
PRF01004,EMP01486,2026-H1,2,75.5,No,No
PRF01005,EMP00849,2026-H1,5,63.4,No,Yes
PRF01006,EMP01129,2024-H2,4,48.5,Yes,No
PRF01007,EMP02314,2025-H1,3,65.6,Yes,Yes
PRF01008,EMP01253,2025-H2,4,63.1,Yes,Yes
PRF01009,EMP00471,2024-H2,4,65.4,Yes,No
PRF01010,EMP01450,2024-H1,5,89.2,No,Yes
PRF01011,EMP01245,2025-H2,4,86.8,No,Yes
PRF01012,EMP01878,2026-H1,1,75.3,No,Yes
PRF01013,EMP01009,2025-H1,4,99.0,No,Yes
PRF01014,EMP02022,2024-H2,5,89.5,No,No
PRF01015,EMP01834,2024-H1,3,61.1,Yes,No
PRF01016,EMP96170,2026-H1,4,86.0,No,No
PRF01017,EMP03111,2025-H2,3,44.1,No,Yes
PRF01018,EMP02196,2024-H2,4,97.8,Yes,No
PRF01019,EMP03081,2024-H1,3,95.9,No,Yes
PRF01020,EMP01705,2025-H2,4,83.4,No,No
PRF01021,EMP01894,2024-H2,4,41.3,No,Yes
PRF01022,EMP02800,2025-H2,3,53.9,Yes,Yes
PRF01023,EMP02557,2024-H1,2,79.2,No,No
PRF01024,EMP01938,2024-H2,3,88.0,No,No
PRF01025,EMP00417,2024-H1,4,92.0,No,Yes
PRF01026,EMP02345,2025-H2,3,73.1,No,No
PRF01027,EMP01596,2024-H1,4,97.3,No,Yes
PRF01028,EMP02041,2026-H1,3,61.1,Yes,No
PRF01029,EMP01834,2024-H1,4,74.4,No,No
PRF01030,EMP01249,2024-H1,3,95.9,No,Yes
PRF01031,EMP02924,2024-H1,2,75.4,No,No
PRF01032,EMP00845,2024-H1,3,52.7,No,Yes
PRF01033,EMP00793,2025-H1,2,80.4,No,No
PRF01034,EMP01059,2025-H1,2,59.3,Yes,Yes
PRF01035,EMP01764,2024-H1,4,84.8,Yes,No
PRF01036,EMP00239,2025-H1,3,77.8,No,Yes
PRF01037,EMP01161,2025-H2,4,94.9,No,No
PRF01038,EMP02492,2024-H1,4,52.7,No,Yes
PRF01039,EMP01243,2025-H1,3,60.8,Yes,Yes
PRF01040,EMP01275,2025-H1,3,83.9,No,Yes
PRF01041,EMP00639,2024-H2,5,95.7,No,No
PRF01042,EMP01866,2024-H1,3,82.4,No,Yes
PRF01043,EMP02544,2025-H1,5,85.2,No,Yes
PRF01044,EMP03136,2024-H2,3,54.5,No,No
PRF01045,EMP00162,2025-H1,2,90.9,No,Yes
PRF01046,EMP02493,2024-H1,1,67.0,No,No
PRF01047,EMP00727,2024-H2,4,59.8,No,Yes
PRF01048,EMP00901,2024-H1,,44.9,No,Yes
PRF01049,EMP02094,2024-H1,2,56.4,No,Yes
PRF01050,EMP02188,2024-H1,4,42.0,No,Yes
PRF01051,EMP02110,2026-H1,4,96.6,No,No
PRF01052,EMP00462,2025-H1,2,56.0,No,No
PRF01053,EMP00836,2025-H1,3,72.5,No,Yes
PRF01054,EMP00474,2025-H1,3,97.7,No,Yes
PRF01055,EMP02393,2026-H1,1,80.9,No,Yes
PRF01056,EMP02660,2025-H2,4,92.3,Yes,Yes
PRF01057,EMP02609,2025-H2,2,46.4,No,Yes
PRF01058,EMP00705,2026-H1,5,50.3,No,Yes
PRF01059,EMP02244,2024-H2,4,61.0,No,No
PRF01060,EMP02704,2025-H2,3,94.5,No,No
PRF01061,EMP01701,2025-H1,3,1.8,No,No
PRF01062,EMP02709,2025-H1,3,73.2,Yes,No
PRF01063,EMP00703,2025-H2,3,67.7,No,No
PRF01064,EMP00055,2024-H1,3,99.7,No,Yes
PRF01065,EMP03067,2025-H1,2,69.4,No,Yes
PRF01066,EMP01593,2024-H2,2,55.5,No,Yes
PRF01067,EMP02221,2025-H1,4,46.1,No,Yes
PRF01068,EMP00935,2025-H2,4,57.0,No,No
PRF01069,EMP01902,2024-H2,4,54.1,No,No
PRF01070,EMP02987,2024-H1,5,60.8,No,Yes
PRF01071,EMP02072,2024-H2,3,88.2,No,No
PRF01072,EMP00262,2025-H2,4,70.7,Yes,No
PRF01073,EMP02979,2025-H1,4,95.5,No,No
PRF01074,EMP02328,2024-H1,2,99.0,No,Yes
PRF01075,EMP01374,2025-H1,4,82.2,No,No
PRF01076,EMP00513,2025-H2,2,47.9,No,No
PRF01077,EMP00146,2026-H1,5,81.3,No,Yes
PRF01078,EMP01200,2026-H1,3,79.2,No,Yes
PRF01079,EMP02506,2026-H1,4,71.1,Yes,No
PRF01080,EMP01977,2025-H1,3,46.4,No,Yes
PRF01081,EMP00687,2026-H1,4,51.2,No,No
PRF01082,EMP00842,2025-H2,4,1.7,No,No
PRF01083,EMP02601,2025-H1,4,77.9,Yes,No
PRF01084,EMP01147,2024-H2,5,50.1,No,No
PRF01085,EMP00414,2026-H1,3,71.7,No,Yes
PRF01086,EMP01504,2024-H2,,80.4,No,Yes
PRF01087,EMP02471,2025-H1,3,75.5,No,No
PRF01088,EMP02288,2024-H1,5,61.2,Yes,No
PRF01089,EMP00688,2024-H1,3,45.8,No,No
PRF01090,EMP01124,2025-H2,3,71.7,No,Yes
PRF01091,EMP02918,2024-H2,4,55.9,No,Yes
PRF01092,EMP01915,2025-H1,3,77.0,No,Yes
PRF01093,EMP00663,2024-H2,2,93.7,No,No
PRF01094,EMP00934,2024-H1,,81.3,No,No
PRF01095,EMP00163,2026-H1,3,97.7,No,No
PRF01096,EMP02931,2024-H2,2,48.9,Yes,Yes
PRF01097,EMP01919,2024-H2,2,45.0,Yes,No
PRF01098,EMP00126,2025-H2,3,91.2,No,Yes
PRF01099,EMP00709,2026-H1,3,78.5,No,No
PRF01100,EMP01278,2026-H1,3,69.9,No,Yes
PRF01101,EMP01793,2024-H2,4,90.4,Yes,No
PRF01102,EMP01666,2024-H2,3,45.0,No,Yes
PRF01103,EMP03192,2024-H1,4,50.2,No,Yes
PRF01104,EMP02455,2024-H1,3,87.2,No,No
PRF01105,EMP00178,2026-H1,,59.7,Yes,No
PRF01106,EMP01434,2024-H2,5,69.6,No,Yes
PRF01107,EMP00676,2024-H1,4,50.8,No,Yes
PRF01108,EMP91825,2024-H2,5,85.9,Yes,No
PRF01109,EMP00617,2024-H2,4,63.6,No,Yes
PRF01110,EMP02224,2025-H2,3,55.2,No,No
PRF01111,EMP02169,2024-H2,3,88.7,Yes,No
PRF01112,EMP01124,2024-H1,3,60.5,No,Yes
PRF01113,EMP02574,2025-H2,4,67.7,Yes,Yes
PRF01114,EMP00017,2025-H2,,87.7,No,No
PRF01115,EMP01512,2026-H1,2,82.5,No,Yes
PRF01116,EMP01550,2025-H1,5,44.0,No,No
PRF01117,EMP00939,2024-H2,4,86.9,Yes,Yes
PRF01118,EMP02911,2025-H2,3,91.6,No,No
PRF01119,EMP01032,2026-H1,4,42.5,No,Yes
PRF01120,EMP00228,2025-H1,3,53.0,No,No
PRF01121,EMP01982,2026-H1,3,84.0,No,Yes
PRF01122,EMP00447,2025-H2,4,84.8,No,Yes
PRF01123,EMP01205,2024-H2,3,88.9,No,No
PRF01124,EMP00745,2026-H1,4,93.3,No,Yes
PRF01125,EMP00388,2026-H1,4,75.5,No,No
PRF01126,EMP00222,2024-H2,4,88.5,No,No
PRF01127,EMP01444,2025-H1,5,75.1,No,Yes
PRF01128,EMP01146,2025-H1,3,73.9,Yes,Yes
PRF01129,EMP01271,2025-H2,3,85.5,No,Yes
PRF01130,EMP00014,2024-H2,5,55.7,No,No
PRF01131,EMP02309,2024-H2,2,49.5,No,Yes
PRF01132,EMP02549,2024-H1,3,72.1,No,No
PRF01133,EMP02387,2025-H1,2,44.3,No,Yes
PRF01134,EMP00635,2024-H2,5,93.8,No,No
PRF01135,EMP00157,2024-H2,2,81.2,No,No
PRF01136,EMP02344,2025-H2,3,61.0,No,No
PRF01137,EMP02242,2024-H2,3,58.1,Yes,Yes
PRF01138,EMP01576,2025-H2,4,79.7,No,No
PRF01139,EMP01542,2026-H1,4,97.2,No,Yes
PRF01140,EMP02775,2025-H1,4,46.3,No,No
PRF01141,EMP00378,2025-H1,2,50.2,No,No
PRF01142,EMP01718,2026-H1,4,86.5,No,No
PRF01143,EMP01860,2025-H2,4,49.1,No,Yes
PRF01144,EMP01323,2025-H2,5,53.1,No,Yes
PRF01145,EMP01837,2025-H2,3,61.7,No,Yes
PRF01146,EMP02558,2025-H1,4,82.4,No,Yes
PRF01147,EMP01531,2024-H2,5,65.3,No,No
PRF01148,EMP03056,2025-H1,1,57.5,No,Yes
PRF01149,EMP01136,2024-H1,1,77.3,No,Yes
PRF01150,EMP00460,2024-H2,3,52.7,No,Yes
PRF01151,EMP03003,2024-H1,2,64.0,No,No
PRF01152,EMP03159,2024-H1,5,54.0,No,No
PRF01153,EMP00983,2025-H2,3,47.3,No,No
PRF01154,EMP00097,2024-H2,2,88.1,No,Yes
PRF01155,EMP02008,2024-H2,3,72.7,Yes,Yes
PRF01156,EMP01082,2025-H2,3,77.2,No,Yes
PRF01157,EMP01428,2024-H1,2,87.6,Yes,No
PRF01158,EMP00810,2025-H1,3,72.4,No,Yes
PRF01159,EMP00126,2024-H1,4,84.9,No,Yes
PRF01160,EMP02245,2024-H1,3,46.8,No,No
PRF01161,EMP02887,2025-H2,4,50.1,Yes,No
PRF01162,EMP02210,2025-H1,4,62.1,Yes,No
PRF01163,EMP02393,2026-H1,4,60.3,No,Yes
PRF01164,EMP02269,2025-H2,5,71.2,No,Yes
PRF01165,EMP00728,2026-H1,3,87.9,No,No
PRF01166,EMP01441,2026-H1,,96.3,No,No
PRF01167,EMP02321,2024-H2,1,73.8,No,Yes
PRF01168,EMP01893,2025-H1,4,64.3,No,No
PRF01169,EMP02407,2025-H1,3,59.2,No,No
PRF01170,EMP00239,2025-H1,5,45.8,No,Yes
PRF01171,EMP00343,2025-H1,5,89.9,No,No
PRF01172,EMP02595,2025-H1,5,49.8,No,No
PRF01173,EMP02622,2024-H2,4,97.1,No,No
PRF01174,EMP01914,2024-H1,3,98.2,No,Yes
PRF01175,EMP01872,2026-H1,2,45.4,No,Yes
PRF01176,EMP02736,2026-H1,4,43.9,No,No
PRF01177,EMP02774,2026-H1,3,68.6,No,No
PRF01178,EMP00353,2026-H1,4,94.5,No,No
PRF01179,EMP03012,2024-H1,5,60.3,No,Yes
PRF01180,EMP01023,2025-H1,5,70.0,Yes,Yes
PRF01181,EMP02170,2024-H2,4,41.7,No,No
PRF01182,EMP01127,2026-H1,3,99.3,Yes,Yes
PRF01183,EMP01341,2025-H1,4,58.6,Yes,Yes
PRF01184,EMP01070,2024-H2,5,49.8,No,Yes
PRF01185,EMP01904,2025-H2,3,46.1,Yes,No
PRF01186,EMP02207,2024-H2,3,42.4,No,No
PRF01187,EMP02851,2024-H2,3,60.2,No,No
PRF01188,EMP00673,2025-H2,5,93.3,No,No
PRF01189,EMP01943,2026-H1,4,92.1,No,No
PRF01190,EMP02528,2025-H2,3,61.8,No,Yes
PRF01191,EMP02595,2025-H1,3,53.2,No,Yes
PRF01192,EMP02893,2024-H2,1,77.4,No,No
PRF01193,EMP00273,2025-H1,4,50.6,No,Yes
PRF01194,EMP00337,2024-H1,2,51.0,Yes,Yes
PRF01195,EMP02013,2025-H1,2,51.0,No,Yes
PRF01196,EMP02975,2025-H2,4,77.0,No,No
PRF01197,EMP02100,2024-H2,,83.6,No,No
PRF01198,EMP00422,2024-H2,3,79.3,No,Yes
PRF01199,EMP01124,2024-H2,4,54.9,Yes,Yes
PRF01200,EMP01843,2024-H2,4,76.5,Yes,Yes
PRF01201,EMP02475,2024-H1,4,72.1,No,No
PRF01202,EMP01230,2024-H2,4,58.8,No,Yes
PRF01203,EMP02097,2026-H1,3,65.7,No,No
PRF01204,EMP01372,2026-H1,5,89.8,Yes,No
PRF01205,EMP00893,2025-H1,4,90.4,No,No
PRF01206,EMP01066,2025-H1,5,41.4,No,Yes
PRF01207,EMP01228,2026-H1,3,74.6,No,No
PRF01208,EMP02313,2025-H1,2,58.4,Yes,No
PRF01209,EMP01321,2025-H1,4,44.3,Yes,Yes
PRF01210,EMP01955,2026-H1,4,66.8,No,No
PRF01211,EMP00497,2024-H1,5,55.0,No,Yes
PRF01212,EMP00028,2024-H1,4,55.2,No,No
PRF01213,EMP02095,2026-H1,4,43.3,No,No
PRF01214,EMP02103,2025-H1,2,51.0,No,Yes
PRF01215,EMP00394,2026-H1,2,50.4,No,No
PRF01216,EMP00540,2025-H2,2,70.2,No,Yes
PRF01217,EMP01641,2024-H2,5,66.6,No,No
PRF01218,EMP02048,2024-H1,4,65.8,No,No
PRF01219,EMP02799,2024-H1,3,46.8,No,No
PRF01220,EMP01971,2025-H1,3,82.7,No,Yes
PRF01221,EMP01927,2025-H2,4,59.4,No,No
PRF01222,EMP00150,2026-H1,4,98.6,No,Yes
PRF01223,EMP01145,2025-H1,4,67.1,No,No
PRF01224,EMP02857,2025-H2,4,50.3,No,Yes
PRF01225,EMP01657,2024-H2,5,61.4,No,No
PRF01226,EMP01966,2025-H2,3,77.3,No,Yes
PRF01227,EMP00864,2024-H2,4,89.2,No,No
PRF01228,EMP00540,2024-H1,1,63.9,Yes,Yes
PRF01229,EMP01845,2024-H1,4,72.6,No,No
PRF01230,EMP00249,2024-H2,5,61.7,No,No
PRF01231,EMP00897,2025-H1,,90.6,No,Yes
PRF01232,EMP01641,2025-H2,3,56.9,No,No
PRF01233,EMP01014,2024-H1,3,69.2,No,Yes
PRF01234,EMP02891,2026-H1,4,46.1,No,No
PRF01235,EMP03097,2024-H2,4,41.5,No,No
PRF01236,EMP00273,2024-H2,3,81.5,No,Yes
PRF01237,EMP02941,2024-H2,3,67.1,No,No
PRF01238,EMP00537,2026-H1,4,69.4,No,No
PRF01239,EMP00761,2026-H1,3,47.6,Yes,No
PRF01240,EMP00083,2026-H1,4,97.1,Yes,Yes
PRF01241,EMP00082,2025-H2,3,61.9,No,No
PRF01242,EMP01460,2025-H1,3,63.4,No,No
PRF01243,EMP01769,2025-H2,2,40.9,No,Yes
PRF01244,EMP01624,2024-H2,3,75.7,No,No
PRF01245,EMP03175,2024-H2,4,41.7,No,No
PRF01246,EMP01591,2026-H1,4,41.3,Yes,Yes
PRF01247,EMP03042,2026-H1,4,93.9,No,Yes
PRF01248,EMP00347,2024-H1,5,70.9,No,No
PRF01249,EMP00221,2026-H1,4,42.7,No,Yes
PRF01250,EMP00614,2025-H2,4,57.1,No,No
PRF01251,EMP01345,2026-H1,3,75.5,No,Yes
PRF01252,EMP00324,2024-H1,3,68.7,Yes,Yes
PRF01253,EMP03025,2025-H2,3,88.2,No,No
PRF01254,EMP02051,2026-H1,5,42.5,No,No
PRF01255,EMP00691,2026-H1,3,77.1,No,Yes
PRF01256,EMP02910,2025-H2,4,96.2,No,No
PRF01257,EMP02979,2025-H1,3,99.1,Yes,No
PRF01258,EMP01452,2025-H2,5,87.8,No,No
PRF01259,EMP03100,2025-H2,4,64.5,No,No
PRF01260,EMP02964,2024-H2,4,40.4,No,No
PRF01261,EMP00684,2025-H2,4,86.0,No,Yes
PRF01262,EMP01681,2025-H1,4,59.3,No,Yes
PRF01263,EMP02496,2026-H1,4,97.4,No,Yes
PRF01264,EMP01120,2026-H1,1,50.2,No,Yes
PRF01265,EMP00680,2024-H2,4,69.3,No,Yes
PRF01266,EMP02423,2024-H2,4,69.6,No,No
PRF01267,EMP02101,2024-H2,4,87.9,Yes,Yes
PRF01268,EMP00635,2025-H2,3,43.5,No,No
PRF01269,EMP02557,2024-H1,4,81.7,No,Yes
PRF01270,EMP00302,2024-H2,4,87.4,No,Yes
PRF01271,EMP02284,2025-H2,4,90.2,Yes,No
PRF01272,EMP01658,2024-H1,3,70.6,No,Yes
PRF01273,EMP00681,2024-H2,3,68.2,No,Yes
PRF01274,EMP02243,2025-H1,1,51.1,No,Yes
PRF01275,EMP00665,2024-H1,3,62.8,Yes,No
PRF01276,EMP02844,2026-H1,2,54.0,No,Yes
PRF01277,EMP02096,2025-H2,2,60.7,No,Yes
PRF01278,EMP02091,2025-H1,2,56.9,No,No
PRF01279,EMP00440,2024-H2,1,61.2,No,Yes
PRF01280,EMP02315,2024-H1,4,58.2,No,No
PRF01281,EMP00084,2025-H1,4,89.0,No,No
PRF01282,EMP01423,2026-H1,4,60.3,Yes,No
PRF01283,EMP01769,2025-H1,4,62.0,No,No
PRF01284,EMP00011,2025-H2,3,45.9,No,Yes
PRF01285,EMP01832,2024-H1,5,97.0,No,Yes
PRF01286,EMP00394,2024-H2,1,57.4,No,Yes
PRF01287,EMP02817,2025-H2,1,92.8,No,Yes
PRF01288,EMP02560,2024-H1,4,63.7,No,No
PRF01289,EMP01073,2026-H1,1,67.0,No,Yes
PRF01290,EMP01543,2025-H2,4,44.2,No,Yes
PRF01291,EMP00670,2025-H1,2,90.3,No,Yes
PRF01292,EMP01036,2024-H1,4,53.3,No,No
PRF01293,EMP02135,2024-H1,3,46.0,No,Yes
PRF01294,EMP03032,2026-H1,4,9.8,No,Yes
PRF01295,EMP01946,2024-H2,3,79.6,No,No
PRF01296,EMP00546,2025-H2,3,94.3,No,No
PRF01297,EMP02783,2025-H1,3,75.1,No,No
PRF01298,EMP02025,2024-H2,4,59.7,No,No
PRF01299,EMP01096,2024-H1,3,94.5,No,Yes
PRF01300,EMP03066,2025-H1,5,97.4,No,No
PRF01301,EMP01464,2026-H1,4,82.7,Yes,Yes
PRF01302,EMP00890,2025-H2,4,82.8,Yes,Yes
PRF01303,EMP03023,2025-H1,1,91.4,No,Yes
PRF01304,EMP01118,2024-H1,2,94.7,No,Yes
PRF01305,EMP02021,2025-H2,4,69.7,No,Yes
PRF01306,EMP02713,2025-H2,3,64.3,No,No
PRF01307,EMP01779,2026-H1,3,63.2,No,No
PRF01308,EMP00267,2025-H2,3,98.1,Yes,Yes
PRF01309,EMP01086,2026-H1,1,72.3,No,No
PRF01310,EMP99296,2024-H1,5,97.9,No,Yes
PRF01311,EMP02174,2026-H1,3,51.3,No,No
PRF01312,EMP00810,2026-H1,2,62.7,No,No
PRF01313,EMP02893,2024-H2,,62.1,Yes,No
PRF01314,EMP00589,2024-H2,1,68.9,No,No
PRF01315,EMP00121,2025-H2,3,46.3,No,No
PRF01316,EMP01636,2024-H2,2,99.2,Yes,No
PRF01317,EMP02455,2024-H1,5,65.1,No,Yes
PRF01318,EMP02498,2024-H2,3,86.9,No,Yes
PRF01319,EMP03198,2025-H1,4,96.0,No,Yes
PRF01320,EMP01361,2025-H1,2,68.2,No,No
PRF01321,EMP03149,2024-H2,3,87.8,No,No
PRF01322,EMP00116,2024-H1,2,40.9,No,No
PRF01323,EMP01480,2026-H1,5,88.1,No,Yes
PRF01324,EMP02919,2026-H1,1,44.6,No,Yes
PRF01325,EMP01362,2026-H1,3,92.6,No,No
PRF01326,EMP00311,2024-H1,3,7.7,No,No
PRF01327,EMP00007,2024-H2,4,41.8,No,Yes
PRF01328,EMP01732,2025-H2,4,76.6,No,Yes
PRF01329,EMP01920,2024-H1,5,50.7,No,No
PRF01330,EMP01943,2025-H2,3,97.8,No,No
PRF01331,EMP00703,2024-H2,4,56.8,No,No
PRF01332,EMP00177,2024-H1,3,86.9,No,Yes
PRF01333,EMP00699,2025-H2,3,93.0,No,No
PRF01334,EMP02755,2024-H1,1,75.6,Yes,Yes
PRF01335,EMP01001,2024-H2,3,94.6,No,Yes
PRF01336,EMP01821,2025-H1,3,82.5,No,No
PRF01337,EMP01080,2025-H1,5,41.0,No,Yes
PRF01338,EMP00745,2024-H1,4,86.5,Yes,Yes
PRF01339,EMP00070,2024-H2,3,54.0,Yes,Yes
PRF01340,EMP02228,2026-H1,4,0.5,No,No
PRF01341,EMP02380,2024-H2,3,40.7,Yes,Yes
PRF01342,EMP01402,2026-H1,3,58.7,Yes,No
PRF01343,EMP02165,2024-H2,3,47.2,No,No
PRF01344,EMP01168,2025-H1,3,81.1,No,Yes
PRF01345,EMP00817,2025-H1,3,40.5,No,No
PRF01346,EMP01160,2024-H1,5,97.8,No,Yes
PRF01347,EMP00635,2026-H1,4,98.5,No,Yes
PRF01348,EMP02705,2025-H2,4,93.0,No,Yes
PRF01349,EMP00657,2025-H2,4,46.7,No,Yes
PRF01350,EMP02031,2024-H1,,75.9,Yes,Yes
PRF01351,EMP93319,2024-H2,3,61.8,Yes,Yes
PRF01352,EMP01845,2025-H1,3,99.8,No,Yes
PRF01353,EMP01648,2024-H2,4,75.2,Yes,Yes
PRF01354,EMP03045,2024-H2,5,88.3,No,Yes
PRF01355,EMP01214,2026-H1,3,52.3,No,No
PRF01356,EMP00887,2026-H1,3,94.2,No,Yes
PRF01357,EMP01617,2024-H1,5,78.0,No,Yes
PRF01358,EMP02040,2025-H2,,48.7,No,Yes
PRF01359,EMP01588,2025-H2,3,90.2,No,No
PRF01360,EMP00663,2026-H1,2,44.1,Yes,Yes
PRF01361,EMP02046,2024-H1,4,53.1,No,No
PRF01362,EMP00969,2024-H2,,58.0,No,Yes
PRF01363,EMP02570,2025-H2,3,66.0,No,No
PRF01364,EMP00247,2025-H2,4,55.6,No,No
PRF01365,EMP00324,2025-H2,3,7.8,No,Yes
PRF01366,EMP00907,2024-H2,4,70.3,Yes,Yes
PRF01367,EMP00447,2024-H2,3,62.8,No,Yes
PRF01368,EMP01609,2024-H1,4,92.8,No,No
PRF01369,EMP00654,2025-H2,2,47.7,No,No
PRF01370,EMP00141,2026-H1,5,98.6,No,Yes
PRF01371,EMP00464,2025-H1,4,87.3,No,No
PRF01372,EMP02691,2025-H2,2,70.1,Yes,No
PRF01373,EMP02251,2025-H2,3,47.0,No,Yes
PRF01374,EMP01542,2024-H1,3,67.4,Yes,No
PRF01375,EMP00914,2024-H2,,51.0,No,Yes
PRF01376,EMP02862,2026-H1,5,72.2,No,No
PRF01377,EMP03075,2024-H1,4,76.2,No,No
PRF01378,EMP02466,2025-H1,3,56.2,No,No
PRF01379,EMP00787,2024-H2,4,86.4,No,No
PRF01380,EMP01141,2024-H1,3,96.3,No,Yes
PRF01381,EMP02494,2025-H2,5,59.7,No,Yes
PRF01382,EMP01141,2024-H1,4,71.4,Yes,No
PRF01383,EMP01122,2026-H1,3,41.9,No,No
PRF01384,EMP01740,2025-H1,3,56.6,No,No
PRF01385,EMP00697,2026-H1,3,54.6,No,Yes
PRF01386,EMP00403,2025-H1,3,69.9,No,No
PRF01387,EMP02279,2025-H2,3,58.7,No,No
PRF01388,EMP00648,2025-H2,1,51.1,No,Yes
PRF01389,EMP01545,2026-H1,4,44.1,Yes,Yes
PRF01390,EMP02268,2024-H1,3,58.3,No,Yes
PRF01391,EMP02647,2024-H1,1,42.2,No,Yes
PRF01392,EMP01175,2025-H2,3,56.6,No,No
PRF01393,EMP00130,2025-H1,4,73.4,No,No
PRF01394,EMP00117,2026-H1,1,67.4,No,Yes
PRF01395,EMP00642,2025-H2,3,45.6,No,Yes
PRF01396,EMP02395,2024-H2,1,89.2,No,Yes
PRF01397,EMP02902,2026-H1,3,49.6,Yes,No
PRF01398,EMP02465,2024-H2,1,49.6,No,No
PRF01399,EMP02985,2024-H1,5,88.3,Yes,Yes
PRF01400,EMP02291,2025-H2,4,66.7,No,No
PRF01401,EMP02955,2026-H1,2,67.6,Yes,Yes
PRF01402,EMP02288,2024-H1,1,44.1,No,No
PRF01403,EMP02534,2024-H1,3,52.7,No,Yes
PRF01404,EMP03075,2026-H1,4,85.3,No,No
PRF01405,EMP02318,2024-H2,3,97.1,No,Yes
PRF01406,EMP01002,2025-H1,1,63.6,Yes,Yes
PRF01407,EMP00936,2024-H2,3,79.4,No,No
PRF01408,EMP01310,2025-H2,3,73.8,No,No
PRF01409,EMP02994,2024-H1,3,40.1,No,Yes
PRF01410,EMP95701,2025-H1,3,82.0,No,No
PRF01411,EMP02774,2024-H2,3,82.3,Yes,No
PRF01412,EMP02249,2024-H2,3,54.5,No,Yes
PRF01413,EMP02687,2026-H1,3,46.8,Yes,Yes
PRF01414,EMP92382,2025-H2,4,72.3,No,No
PRF01415,EMP00768,2026-H1,3,95.5,No,No
PRF01416,EMP01752,2026-H1,4,79.3,No,Yes
PRF01417,EMP03068,2026-H1,4,81.3,No,No
PRF01418,EMP01492,2025-H1,1,50.4,Yes,No
PRF01419,EMP00327,2025-H2,4,65.5,No,No
PRF01420,EMP00027,2026-H1,3,87.3,No,Yes
PRF01421,EMP01966,2025-H2,4,61.5,Yes,Yes
PRF01422,EMP00206,2025-H1,4,66.3,Yes,Yes
PRF01423,EMP00955,2024-H2,4,91.8,No,No
PRF01424,EMP01930,2025-H1,3,68.7,Yes,Yes
PRF01425,EMP02408,2025-H1,4,52.6,Yes,No
PRF01426,EMP00100,2026-H1,4,88.0,No,No
PRF01427,EMP99802,2024-H2,3,96.9,Yes,No
PRF01428,EMP00619,2025-H2,4,58.2,No,Yes
PRF01429,EMP02071,2025-H1,4,41.8,No,Yes
PRF01430,EMP00069,2024-H1,3,45.5,No,Yes
PRF01431,EMP01203,2026-H1,3,46.7,No,Yes
PRF01432,EMP01628,2026-H1,4,96.0,No,No
PRF01433,EMP00323,2024-H1,1,47.6,No,No
PRF01434,EMP02317,2025-H1,2,76.9,Yes,Yes
PRF01435,EMP00453,2024-H1,4,74.7,No,No
PRF01436,EMP02288,2024-H2,4,92.5,Yes,No
PRF01437,EMP00706,2024-H1,3,77.8,No,Yes
PRF01438,EMP00077,2026-H1,3,54.2,No,No
PRF01439,EMP01411,2024-H1,4,55.8,No,Yes
PRF01440,EMP02428,2025-H2,4,97.7,No,No
PRF01441,EMP00530,2025-H2,2,57.9,No,Yes
PRF01442,EMP03166,2025-H2,3,60.7,No,Yes
PRF01443,EMP01456,2024-H2,3,55.5,No,Yes
PRF01444,EMP00336,2025-H1,5,56.2,No,Yes
PRF01445,EMP02858,2026-H1,4,75.3,No,No
PRF01446,EMP02446,2024-H1,4,88.3,No,No
PRF01447,EMP00212,2026-H1,5,82.1,Yes,No
PRF01448,EMP01304,2026-H1,3,88.5,No,No
PRF01449,EMP01350,2024-H1,4,71.0,Yes,Yes
PRF01450,EMP01762,2024-H1,5,53.8,No,Yes
PRF01451,EMP01115,2025-H2,4,44.5,No,No
PRF01452,EMP01968,2024-H2,2,60.9,No,Yes
PRF01453,EMP00906,2025-H1,4,95.9,Yes,No
PRF01454,EMP00439,2025-H2,4,46.7,No,No
PRF01455,EMP00006,2026-H1,4,97.1,No,Yes
PRF01456,EMP02476,2025-H2,2,55.2,Yes,No
PRF01457,EMP00785,2024-H2,1,41.1,No,No
PRF01458,EMP01028,2024-H1,5,64.9,No,No
PRF01459,EMP02388,2024-H1,3,71.6,No,No
PRF01460,EMP00413,2025-H1,2,67.7,No,Yes
PRF01461,EMP91096,2024-H2,4,67.5,No,Yes
PRF01462,EMP03079,2025-H1,3,82.4,Yes,No
PRF01463,EMP00279,2026-H1,,55.0,No,No
PRF01464,EMP01454,2025-H2,3,40.1,No,Yes
PRF01465,EMP00830,2026-H1,2,58.0,No,Yes
PRF01466,EMP01174,2025-H1,3,53.1,No,No
PRF01467,EMP00357,2024-H2,4,71.4,No,No
PRF01468,EMP01133,2024-H2,3,56.3,No,Yes
PRF01469,EMP02243,2024-H1,5,51.1,No,No
PRF01470,EMP96966,2024-H1,1,59.6,No,No
PRF01471,EMP02575,2025-H1,3,54.1,No,No
PRF01472,EMP00991,2026-H1,4,45.9,No,No
PRF01473,EMP01333,2025-H1,4,70.8,No,Yes
PRF01474,EMP00434,2024-H2,4,97.1,No,Yes
PRF01475,EMP00187,2025-H2,4,78.5,Yes,No
PRF01476,EMP00022,2024-H1,4,63.1,Yes,No
PRF01477,EMP01500,2024-H2,3,51.9,No,Yes
PRF01478,EMP03154,2025-H1,4,63.9,No,No
PRF01479,EMP02250,2025-H2,3,51.7,Yes,No
PRF01480,EMP02139,2025-H1,3,84.8,No,No
PRF01481,EMP95854,2026-H1,,68.9,No,Yes
PRF01482,EMP01359,2026-H1,4,80.9,No,No
PRF01483,EMP00307,2026-H1,4,84.4,No,Yes
PRF01484,EMP01396,2025-H2,4,89.7,No,Yes
PRF01485,EMP02731,2025-H2,5,51.4,Yes,No
PRF01486,EMP00665,2024-H2,,74.3,Yes,No
PRF01487,EMP01964,2025-H2,5,86.9,Yes,No
PRF01488,EMP01058,2024-H2,5,99.2,Yes,Yes
PRF01489,EMP00460,2025-H2,2,72.4,No,No
PRF01490,EMP02699,2026-H1,4,55.5,No,Yes
PRF01491,EMP02081,2024-H1,3,75.7,Yes,No
PRF01492,EMP02280,2024-H1,,42.2,Yes,No
PRF01493,EMP01659,2024-H1,3,47.5,No,No
PRF01494,EMP00283,2024-H1,4,89.3,No,No
PRF01495,EMP01358,2025-H2,3,76.8,No,Yes
PRF01496,EMP00026,2026-H1,5,95.7,No,No
PRF01497,EMP00619,2024-H1,5,41.3,No,No
PRF01498,EMP00719,2025-H1,4,83.7,No,Yes
PRF01499,EMP03000,2024-H1,3,83.6,No,No
PRF01500,EMP02226,2024-H2,4,61.4,No,No
PRF01501,EMP00796,2024-H2,4,61.2,No,No
PRF01502,EMP01463,2024-H1,2,81.4,No,No
PRF01503,EMP00434,2025-H1,5,41.6,No,No
PRF01504,EMP01540,2025-H1,5,83.6,No,Yes
PRF01505,EMP00286,2024-H2,4,95.1,No,Yes
PRF01506,EMP02482,2025-H2,4,61.0,No,No
PRF01507,EMP02332,2025-H1,5,53.3,Yes,Yes
PRF01508,EMP00635,2024-H2,3,88.3,No,No
PRF01509,EMP01381,2024-H2,4,41.7,No,No
PRF01510,EMP02073,2026-H1,4,83.0,No,Yes
PRF01511,EMP01906,2024-H2,4,83.3,Yes,No
PRF01512,EMP01290,2025-H1,3,65.2,No,No
PRF01513,EMP02074,2024-H1,5,60.5,Yes,Yes
PRF01514,EMP00778,2025-H2,5,71.6,No,No
PRF01515,EMP00250,2025-H2,4,83.0,No,Yes
PRF01516,EMP02481,2025-H1,4,49.2,No,Yes
PRF01517,EMP01092,2026-H1,3,66.1,Yes,No
PRF01518,EMP02744,2024-H1,1,90.7,No,No
PRF01519,EMP00153,2024-H2,2,96.7,No,No
PRF01520,EMP00504,2025-H2,,59.5,No,No
PRF01521,EMP00203,2024-H1,3,71.8,No,No
PRF01522,EMP00164,2026-H1,2,51.0,No,Yes
PRF01523,EMP01156,2025-H2,2,96.9,No,Yes
PRF01524,EMP02089,2024-H2,4,96.3,No,Yes
PRF01525,EMP01218,2024-H2,3,61.9,Yes,Yes
PRF01526,EMP02149,2025-H1,2,98.0,Yes,Yes
PRF01527,EMP01970,2026-H1,4,63.8,No,No
PRF01528,EMP02605,2026-H1,3,74.2,No,No
PRF01529,EMP01732,2025-H2,3,94.2,No,Yes
PRF01530,EMP02671,2025-H2,4,70.8,No,Yes
PRF01531,EMP00332,2026-H1,3,81.6,Yes,No
PRF01532,EMP01506,2024-H1,3,79.4,No,No
PRF01533,EMP02727,2025-H2,5,67.5,No,Yes
PRF01534,EMP00624,2024-H2,5,47.1,Yes,No
PRF01535,EMP01065,2025-H2,5,57.2,No,Yes
PRF01536,EMP02512,2025-H2,5,58.5,No,Yes
PRF01537,EMP00399,2025-H1,4,53.1,No,No
PRF01538,EMP02475,2025-H1,3,97.4,No,No
PRF01539,EMP92523,2026-H1,2,80.8,No,No
PRF01540,EMP03100,2024-H1,3,57.4,Yes,Yes
PRF01541,EMP01867,2025-H2,1,61.2,No,No
PRF01542,EMP00408,2024-H1,2,76.8,Yes,Yes
PRF01543,EMP00691,2025-H2,5,80.0,No,No
PRF01544,EMP03077,2025-H2,3,69.6,No,Yes
PRF01545,EMP00520,2025-H2,3,62.8,No,Yes
PRF01546,EMP02516,2025-H1,4,42.6,No,No
PRF01547,EMP01462,2025-H1,2,44.3,No,No
PRF01548,EMP02137,2026-H1,2,45.1,Yes,No
PRF01549,EMP01471,2026-H1,2,64.2,Yes,No
PRF01550,EMP01022,2026-H1,3,54.3,No,No
PRF01551,EMP00685,2024-H1,3,74.6,No,No
PRF01552,EMP02644,2024-H2,3,50.4,No,Yes
PRF01553,EMP01072,2024-H1,3,42.1,Yes,No
PRF01554,EMP00786,2025-H1,1,45.3,No,No
PRF01555,EMP01770,2024-H2,5,68.8,No,No
PRF01556,EMP02285,2025-H2,3,62.0,No,Yes
PRF01557,EMP02448,2026-H1,4,54.9,No,Yes
PRF01558,EMP00788,2026-H1,4,47.9,No,No
PRF01559,EMP00051,2025-H1,5,40.7,No,No
PRF01560,EMP01699,2024-H2,3,78.7,No,Yes
PRF01561,EMP02295,2025-H1,5,90.6,No,Yes
PRF01562,EMP01764,2024-H2,5,51.6,Yes,Yes
PRF01563,EMP02525,2024-H2,4,55.3,No,No
PRF01564,EMP01078,2024-H2,3,73.9,No,No
PRF01565,EMP02580,2025-H2,4,46.2,Yes,Yes
PRF01566,EMP02383,2026-H1,4,54.1,No,Yes
PRF01567,EMP02226,2025-H2,2,48.4,Yes,Yes
PRF01568,EMP03106,2025-H1,,82.6,No,No
PRF01569,EMP03101,2024-H1,3,55.6,No,No
PRF01570,EMP01137,2024-H2,3,82.7,No,Yes
PRF01571,EMP00469,2026-H1,3,58.6,No,Yes
PRF01572,EMP01442,2025-H1,3,46.3,No,No
PRF01573,EMP02767,2024-H2,3,94.5,No,No
PRF01574,EMP01652,2024-H1,2,47.8,No,No
PRF01575,EMP00741,2026-H1,4,86.9,No,No
PRF01576,EMP00531,2024-H1,4,48.7,No,Yes
PRF01577,EMP02491,2024-H1,5,47.8,No,No
PRF01578,EMP01170,2024-H1,4,86.3,No,Yes
PRF01579,EMP02907,2024-H1,3,83.4,No,Yes
PRF01580,EMP01005,2024-H2,3,91.9,No,Yes
PRF01581,EMP02660,2024-H1,5,72.7,No,Yes
PRF01582,EMP00905,2024-H1,3,90.6,Yes,No
PRF01583,EMP00543,2024-H2,5,69.7,No,Yes
PRF01584,EMP01818,2024-H1,3,42.0,Yes,Yes
PRF01585,EMP02705,2025-H2,5,58.7,No,No
PRF01586,EMP01138,2025-H1,3,86.0,No,Yes
PRF01587,EMP00661,2024-H2,4,69.8,No,No
PRF01588,EMP00808,2024-H2,5,42.1,No,Yes
PRF01589,EMP02992,2024-H2,4,71.2,No,No
PRF01590,EMP00913,2024-H1,1,87.7,No,Yes
PRF01591,EMP01077,2025-H2,4,61.1,No,No
PRF01592,EMP00915,2025-H2,4,79.0,Yes,Yes
PRF01593,EMP00020,2024-H1,5,46.5,No,Yes
PRF01594,EMP01303,2026-H1,3,62.2,Yes,Yes
PRF01595,EMP03055,2024-H1,3,85.3,Yes,No
PRF01596,EMP00942,2024-H1,4,58.1,No,No
PRF01597,EMP01523,2026-H1,,69.7,No,No
PRF01598,EMP00551,2025-H1,3,79.2,No,No
PRF01599,EMP00081,2024-H1,1,51.4,No,Yes
PRF01600,EMP01999,2024-H2,4,49.9,No,No
PRF01601,EMP00495,2026-H1,4,43.3,No,Yes
PRF01602,EMP01759,2026-H1,,81.5,Yes,No
PRF01603,EMP00340,2026-H1,4,79.9,Yes,Yes
PRF01604,EMP00680,2026-H1,2,69.0,No,No
PRF01605,EMP01007,2025-H1,1,50.8,No,Yes
PRF01606,EMP00217,2026-H1,4,93.8,No,Yes
PRF01607,EMP01290,2024-H2,5,70.6,No,Yes
PRF01608,EMP01907,2026-H1,3,90.1,No,Yes
PRF01609,EMP00036,2026-H1,3,61.8,No,No
PRF01610,EMP01602,2026-H1,2,44.1,Yes,No
PRF01611,EMP00920,2025-H1,4,92.0,No,No
PRF01612,EMP01510,2025-H1,3,51.2,No,Yes
PRF01613,EMP03067,2025-H2,3,73.4,No,Yes
PRF01614,EMP01548,2025-H1,4,78.2,No,No
PRF01615,EMP01724,2024-H2,5,71.9,No,No
PRF01616,EMP03169,2025-H2,2,56.0,No,Yes
PRF01617,EMP00569,2024-H1,1,87.1,No,Yes
PRF01618,EMP00991,2024-H2,3,44.0,Yes,Yes
PRF01619,EMP00516,2025-H1,4,94.7,Yes,No
PRF01620,EMP00671,2026-H1,3,55.3,Yes,Yes
PRF01621,EMP01618,2024-H2,5,74.0,Yes,No
PRF01622,EMP01834,2025-H2,4,85.7,No,Yes
PRF01623,EMP02054,2026-H1,3,71.1,No,No
PRF01624,EMP00435,2025-H2,,40.2,No,Yes
PRF01625,EMP01167,2026-H1,3,82.3,No,No
PRF01626,EMP00052,2025-H2,4,87.5,Yes,No
PRF01627,EMP02479,2025-H1,4,96.4,No,No
PRF01628,EMP01065,2024-H2,4,99.6,No,Yes
PRF01629,EMP00321,2024-H2,3,77.4,Yes,No
PRF01630,EMP00156,2024-H1,4,49.5,No,No
PRF01631,EMP02367,2025-H2,4,65.5,No,No
PRF01632,EMP01476,2025-H1,2,90.6,Yes,No
PRF01633,EMP02510,2024-H2,4,85.9,No,Yes
PRF01634,EMP01846,2026-H1,3,48.5,No,No
PRF01635,EMP02888,2025-H1,3,71.7,Yes,No
PRF01636,EMP01272,2025-H2,2,82.7,No,Yes
PRF01637,EMP02341,2024-H1,3,88.3,Yes,Yes
PRF01638,EMP00364,2024-H1,1,46.7,Yes,Yes
PRF01639,EMP00464,2024-H2,4,82.1,Yes,Yes
PRF01640,EMP02607,2024-H2,4,68.0,No,Yes
PRF01641,EMP02421,2026-H1,4,48.4,No,No
PRF01642,EMP02208,2024-H2,3,73.0,No,Yes
PRF01643,EMP01153,2025-H1,5,80.2,No,Yes
PRF01644,EMP01123,2025-H1,3,90.8,No,Yes
PRF01645,EMP01676,2025-H2,5,95.0,No,No
PRF01646,EMP00201,2025-H1,4,50.2,No,No
PRF01647,EMP01223,2025-H2,4,96.8,No,Yes
PRF01648,EMP00343,2025-H1,5,94.0,No,No
PRF01649,EMP01708,2026-H1,4,69.5,No,No
PRF01650,EMP00211,2024-H1,1,45.5,No,No
PRF01651,EMP00370,2024-H1,4,66.2,No,No
PRF01652,EMP00180,2025-H1,3,75.0,No,No
PRF01653,EMP01110,2025-H2,1,49.8,No,No
PRF01654,EMP01564,2025-H1,4,93.1,No,Yes
PRF01655,EMP01927,2025-H1,5,80.3,No,Yes
PRF01656,EMP00745,2025-H1,4,79.1,No,Yes
PRF01657,EMP02498,2026-H1,4,40.4,No,No
PRF01658,EMP00143,2025-H2,2,46.4,No,No
PRF01659,EMP00106,2026-H1,3,47.1,Yes,No
PRF01660,EMP00382,2024-H2,3,52.0,Yes,No
PRF01661,EMP00867,2025-H2,4,74.6,No,No
PRF01662,EMP01654,2024-H1,2,47.0,Yes,No
PRF01663,EMP00312,2025-H2,3,52.1,No,No
PRF01664,EMP00134,2026-H1,4,90.0,No,Yes
PRF01665,EMP01273,2026-H1,3,65.3,No,Yes
PRF01666,EMP01745,2025-H2,4,50.2,No,No
PRF01667,EMP00642,2025-H1,3,88.8,Yes,Yes
PRF01668,EMP00581,2026-H1,3,58.7,No,No
PRF01669,EMP01697,2024-H2,4,9.2,No,No
PRF01670,EMP02448,2024-H1,4,58.8,No,No
PRF01671,EMP00716,2026-H1,3,93.6,No,Yes
PRF01672,EMP00667,2026-H1,3,54.5,No,No
PRF01673,EMP00160,2024-H1,2,99.5,No,No
PRF01674,EMP01863,2025-H2,4,72.9,Yes,No
PRF01675,EMP02764,2024-H1,3,65.9,No,No
PRF01676,EMP02921,2024-H1,3,66.4,No,Yes
PRF01677,EMP00904,2024-H2,4,41.9,No,Yes
PRF01678,EMP01966,2024-H1,4,72.6,Yes,Yes
PRF01679,EMP01085,2025-H2,5,96.8,No,No
PRF01680,EMP01270,2026-H1,3,48.8,No,Yes
PRF01681,EMP02762,2024-H1,5,78.9,Yes,No
PRF01682,EMP02790,2024-H2,2,76.0,No,No
PRF01683,EMP00708,2025-H2,4,89.5,No,No
PRF01684,EMP02809,2025-H2,3,65.4,No,No
PRF01685,EMP01353,2024-H1,3,68.9,No,No
PRF01686,EMP00807,2026-H1,3,66.3,No,No
PRF01687,EMP02563,2024-H2,5,65.2,Yes,Yes
PRF01688,EMP01219,2025-H1,4,71.7,No,No
PRF01689,EMP02711,2024-H2,5,96.0,Yes,Yes
PRF01690,EMP01431,2024-H1,2,75.5,No,No
PRF01691,EMP02541,2024-H1,1,78.7,No,Yes
PRF01692,EMP02266,2024-H1,3,75.6,No,No
PRF01693,EMP02781,2025-H2,2,55.0,No,Yes
PRF01694,EMP01654,2025-H2,1,78.8,No,Yes
PRF01695,EMP00605,2025-H2,3,62.2,No,Yes
PRF01696,EMP00559,2025-H1,3,42.9,No,No
PRF01697,EMP02008,2025-H2,4,7.0,Yes,No
PRF01698,EMP96847,2024-H1,3,49.7,No,No
PRF01699,EMP01112,2024-H2,3,58.5,No,No
PRF01700,EMP03172,2025-H1,4,73.5,No,No
PRF01701,EMP00073,2026-H1,3,81.6,No,Yes
PRF01702,EMP00780,2026-H1,3,4.3,No,No
PRF01703,EMP00316,2025-H2,2,74.9,No,Yes
PRF01704,EMP00760,2025-H2,1,96.1,No,Yes
PRF01705,EMP02996,2024-H2,4,65.4,No,Yes
PRF01706,EMP01756,2024-H2,4,74.6,No,Yes
PRF01707,EMP02056,2026-H1,3,88.1,No,No
PRF01708,EMP00854,2024-H2,4,94.7,Yes,Yes
PRF01709,EMP02542,2025-H2,4,58.8,No,No
PRF01710,EMP00735,2025-H1,3,92.6,No,Yes
PRF01711,EMP02588,2026-H1,3,66.5,No,No
PRF01712,EMP02721,2026-H1,2,61.8,No,Yes
PRF01713,EMP00719,2026-H1,5,55.6,Yes,Yes
PRF01714,EMP01423,2024-H1,4,97.8,No,Yes
PRF01715,EMP02980,2024-H2,2,71.6,Yes,Yes
PRF01716,EMP02407,2026-H1,3,45.8,No,Yes
PRF01717,EMP02438,2025-H1,3,80.2,Yes,Yes
PRF01718,EMP01677,2026-H1,1,86.1,No,No
PRF01719,EMP01601,2025-H2,3,69.8,No,Yes
PRF01720,EMP02988,2024-H1,4,57.1,No,Yes
PRF01721,EMP02982,2024-H1,4,93.7,Yes,No
PRF01722,EMP02364,2024-H1,4,73.2,No,No
PRF01723,EMP01260,2025-H1,5,46.0,No,No
PRF01724,EMP00256,2025-H1,2,66.1,No,Yes
PRF01725,EMP01249,2024-H1,4,95.9,No,Yes
PRF01726,EMP00812,2025-H2,3,82.5,No,No
PRF01727,EMP02043,2025-H2,3,68.2,No,No
PRF01728,EMP02329,2024-H2,4,88.0,Yes,No
PRF01729,EMP90054,2024-H2,5,74.8,No,No
PRF01730,EMP01118,2026-H1,3,44.8,No,Yes
PRF01731,EMP01453,2024-H1,1,85.3,No,Yes
PRF01732,EMP00450,2026-H1,4,62.1,No,No
PRF01733,EMP00090,2024-H2,3,57.0,No,Yes
PRF01734,EMP03126,2026-H1,4,87.4,No,No
PRF01735,EMP00961,2024-H2,3,83.7,No,Yes
PRF01736,EMP01220,2024-H2,5,55.4,No,Yes
PRF01737,EMP00760,2024-H1,4,88.0,Yes,No
PRF01738,EMP00199,2024-H2,3,70.2,Yes,No
PRF01739,EMP03179,2025-H1,4,65.9,No,No
PRF01740,EMP02246,2024-H1,3,94.0,No,No
PRF01741,EMP01133,2024-H2,4,82.0,No,No
PRF01742,EMP03066,2024-H1,3,67.6,No,Yes
PRF01743,EMP00305,2025-H1,4,71.5,Yes,Yes
PRF01744,EMP01616,2025-H2,4,50.5,No,No
PRF01745,EMP00274,2026-H1,3,48.5,No,No
PRF01746,EMP01877,2025-H2,2,79.3,No,No
PRF01747,EMP03198,2025-H1,3,95.0,No,Yes
PRF01748,EMP03105,2024-H2,3,51.9,No,Yes
PRF01749,EMP01907,2025-H1,4,59.8,No,No
PRF01750,EMP01182,2025-H2,3,73.1,No,Yes
PRF01751,EMP01301,2024-H1,3,60.8,Yes,No
PRF01752,EMP02567,2024-H1,3,68.3,No,Yes
PRF01753,EMP00717,2024-H1,4,79.4,No,Yes
PRF01754,EMP02126,2024-H1,5,64.4,No,Yes
PRF01755,EMP01952,2025-H2,2,77.6,No,No
PRF01756,EMP02725,2026-H1,5,71.0,Yes,Yes
PRF01757,EMP02363,2024-H1,3,78.1,No,Yes
PRF01758,EMP02140,2026-H1,5,54.5,Yes,No
PRF01759,EMP00772,2024-H2,3,62.7,No,No
PRF01760,EMP02805,2025-H1,3,54.4,No,Yes
PRF01761,EMP01984,2025-H2,2,93.7,Yes,Yes
PRF01762,EMP02472,2024-H1,3,80.9,No,No
PRF01763,EMP02719,2024-H2,3,96.0,No,No
PRF01764,EMP98604,2025-H2,5,85.5,No,Yes
PRF01765,EMP00488,2025-H1,4,97.3,No,No
PRF01766,EMP01393,2024-H1,4,92.8,No,No
PRF01767,EMP03159,2024-H2,5,77.5,Yes,No
PRF01768,EMP02132,2025-H2,5,84.7,No,No
PRF01769,EMP02645,2025-H1,3,57.8,No,Yes
PRF01770,EMP02539,2025-H1,3,78.9,Yes,No
PRF01771,EMP02553,2025-H2,4,66.2,No,Yes
PRF01772,EMP03090,2024-H1,5,72.5,No,Yes
PRF01773,EMP00729,2026-H1,3,91.9,Yes,No
PRF01774,EMP02772,2025-H2,5,85.4,Yes,No
PRF01775,EMP03000,2024-H2,1,63.0,No,No
PRF01776,EMP02703,2026-H1,3,87.5,No,No
PRF01777,EMP00681,2025-H2,4,61.6,No,Yes
PRF01778,EMP00884,2024-H1,5,57.2,No,No
PRF01779,EMP01968,2024-H1,4,54.9,No,Yes
PRF01780,EMP02142,2026-H1,4,93.6,No,Yes
PRF01781,EMP01044,2024-H2,4,58.3,Yes,Yes
PRF01782,EMP03186,2025-H2,4,61.1,Yes,Yes
PRF01783,EMP00545,2026-H1,1,45.9,No,No
PRF01784,EMP01148,2024-H1,5,69.3,No,Yes
PRF01785,EMP99466,2026-H1,3,87.6,No,Yes
PRF01786,EMP90025,2026-H1,5,67.5,No,Yes
PRF01787,EMP02996,2024-H2,5,68.5,No,No
PRF01788,EMP00872,2026-H1,4,58.7,Yes,Yes
PRF01789,EMP01095,2026-H1,4,65.3,Yes,Yes
PRF01790,EMP02405,2024-H2,1,66.6,No,No
PRF01791,EMP01316,2025-H1,3,93.2,Yes,No
PRF01792,EMP00837,2025-H2,3,63.3,No,No
PRF01793,EMP01528,2024-H2,4,92.8,No,No
PRF01794,EMP02112,2024-H1,4,95.2,No,Yes
PRF01795,EMP01169,2024-H2,3,47.9,No,Yes
PRF01796,EMP00180,2025-H2,5,48.5,No,Yes
PRF01797,EMP02305,2025-H1,2,52.7,No,Yes
PRF01798,EMP00464,2024-H1,,68.0,Yes,No
PRF01799,EMP00232,2024-H2,5,52.1,No,No
PRF01800,EMP01245,2024-H1,5,94.5,Yes,Yes
PRF01801,EMP00960,2024-H2,4,58.7,Yes,Yes
PRF01802,EMP03150,2024-H1,3,94.8,No,Yes
PRF01803,EMP00637,2024-H1,3,62.4,Yes,No
PRF01804,EMP01754,2025-H2,3,89.5,No,No
PRF01805,EMP01642,2025-H1,4,42.9,No,No
PRF01806,EMP00299,2025-H2,5,52.8,No,No
PRF01807,EMP03150,2025-H1,4,96.6,No,Yes
PRF01808,EMP02429,2024-H2,3,64.0,No,Yes
PRF01809,EMP00578,2025-H1,3,55.2,No,Yes
PRF01810,EMP02494,2024-H2,2,70.3,No,Yes
PRF01811,EMP00528,2025-H1,4,96.8,No,No
PRF01812,EMP02554,2024-H1,3,42.5,Yes,No
PRF01813,EMP02248,2025-H1,4,70.2,No,No
PRF01814,EMP02621,2025-H2,5,70.6,Yes,No
PRF01815,EMP00446,2025-H1,1,43.0,Yes,No
PRF01816,EMP00962,2024-H1,4,67.1,No,Yes
PRF01817,EMP00647,2024-H1,1,88.6,No,Yes
PRF01818,EMP01352,2024-H1,3,77.7,No,No
PRF01819,EMP01085,2025-H2,4,66.5,Yes,No
PRF01820,EMP01238,2026-H1,4,52.4,No,Yes
PRF01821,EMP02551,2025-H1,2,66.2,Yes,No
PRF01822,EMP01172,2026-H1,3,88.2,No,No
PRF01823,EMP01764,2024-H2,4,89.6,No,Yes
PRF01824,EMP01986,2024-H2,3,79.4,No,No
PRF01825,EMP02855,2026-H1,4,96.9,No,Yes
PRF01826,EMP02058,2024-H1,5,61.0,No,No
PRF01827,EMP00343,2025-H1,4,75.5,No,Yes
PRF01828,EMP02736,2024-H1,3,99.4,No,Yes
PRF01829,EMP02509,2024-H1,5,72.8,No,No
PRF01830,EMP00032,2026-H1,4,52.3,No,No
PRF01831,EMP02582,2025-H1,4,48.2,Yes,No
PRF01832,EMP00876,2025-H2,4,94.0,No,No
PRF01833,EMP00896,2024-H2,3,96.1,No,No
PRF01834,EMP03175,2024-H1,4,84.9,Yes,No
PRF01835,EMP01038,2026-H1,5,97.3,No,Yes
PRF01836,EMP00478,2026-H1,,57.0,Yes,Yes
PRF01837,EMP03182,2024-H1,3,92.2,Yes,No
PRF01838,EMP02974,2024-H2,3,69.4,Yes,Yes
PRF01839,EMP02739,2025-H1,3,68.7,No,No
PRF01840,EMP01678,2024-H2,4,47.9,Yes,Yes
PRF01841,EMP01508,2026-H1,4,56.0,No,Yes
PRF01842,EMP00713,2024-H2,4,52.0,No,No
PRF01843,EMP02507,2025-H2,4,81.2,No,Yes
PRF01844,EMP02152,2024-H1,4,1.3,No,No
PRF01845,EMP01532,2024-H2,3,69.3,No,Yes
PRF01846,EMP00986,2024-H1,5,64.4,No,Yes
PRF01847,EMP02900,2024-H1,4,76.9,Yes,Yes
PRF01848,EMP01295,2025-H1,4,44.0,No,No
PRF01849,EMP00657,2024-H2,,58.1,No,No
PRF01850,EMP00494,2024-H2,4,47.3,No,No
PRF01851,EMP00678,2024-H1,3,57.6,No,No
PRF01852,EMP01180,2025-H2,4,83.1,No,No
PRF01853,EMP01902,2025-H2,3,41.4,Yes,Yes
PRF01854,EMP02806,2025-H1,5,70.1,No,Yes
PRF01855,EMP00177,2024-H2,5,52.0,Yes,Yes
PRF01856,EMP01836,2024-H1,4,65.9,No,Yes
PRF01857,EMP02874,2024-H1,4,59.6,No,Yes
PRF01858,EMP01515,2025-H1,4,93.3,No,No
PRF01859,EMP00559,2026-H1,5,50.9,No,Yes
PRF01860,EMP02857,2024-H2,4,77.0,No,Yes
PRF01861,EMP00246,2025-H1,3,66.8,No,Yes
PRF01862,EMP00613,2025-H2,3,65.1,No,No
PRF01863,EMP02781,2025-H1,3,69.9,No,No
PRF01864,EMP01165,2024-H1,4,57.4,Yes,Yes
PRF01865,EMP02272,2024-H1,4,0.7,No,No
PRF01866,EMP00192,2026-H1,4,68.1,No,Yes
PRF01867,EMP01843,2025-H1,2,85.9,No,No
PRF01868,EMP01208,2025-H1,2,56.3,No,Yes
PRF01869,EMP02921,2024-H1,5,73.8,No,No
PRF01870,EMP02081,2025-H1,5,44.9,Yes,Yes
PRF01871,EMP01396,2026-H1,3,84.2,No,Yes
PRF01872,EMP01161,2025-H1,3,65.7,No,No
PRF01873,EMP91815,2024-H2,4,78.3,No,No
PRF01874,EMP02350,2025-H1,5,73.4,No,Yes
PRF01875,EMP00442,2025-H1,3,78.0,No,Yes
PRF01876,EMP00083,2026-H1,3,77.4,No,No
PRF01877,EMP02271,2024-H2,3,41.2,Yes,Yes
PRF01878,EMP00450,2024-H1,3,66.0,No,No
PRF01879,EMP00860,2026-H1,4,87.8,No,No
PRF01880,EMP01033,2025-H1,3,73.5,Yes,No
PRF01881,EMP01067,2025-H1,4,59.6,No,No
PRF01882,EMP00739,2024-H2,4,88.1,Yes,Yes
PRF01883,EMP01716,2025-H1,3,57.8,No,Yes
PRF01884,EMP01369,2025-H1,4,42.4,No,Yes
PRF01885,EMP02880,2025-H1,4,82.6,No,Yes
PRF01886,EMP02763,2025-H1,3,85.7,Yes,Yes
PRF01887,EMP00302,2024-H2,3,55.2,No,No
PRF01888,EMP02874,2024-H2,2,66.4,Yes,Yes
PRF01889,EMP00925,2025-H2,3,58.3,No,Yes
PRF01890,EMP00246,2026-H1,4,2.1,No,Yes
PRF01891,EMP01249,2024-H1,5,76.0,Yes,Yes
PRF01892,EMP01344,2026-H1,3,67.7,No,Yes
PRF01893,EMP02512,2026-H1,2,72.7,No,No
PRF01894,EMP03168,2024-H2,2,93.6,No,No
PRF01895,EMP02680,2024-H1,3,49.3,No,Yes
PRF01896,EMP01487,2025-H2,4,92.3,Yes,No
PRF01897,EMP02647,2024-H1,3,55.4,No,Yes
PRF01898,EMP02311,2024-H1,4,80.7,No,Yes
PRF01899,EMP01784,2025-H1,3,46.0,No,Yes
PRF01900,EMP00958,2025-H2,3,44.7,No,No
PRF01901,EMP01089,2024-H2,4,95.0,Yes,No
PRF01902,EMP00913,2026-H1,4,50.8,Yes,Yes
PRF01903,EMP00075,2025-H1,3,89.0,No,Yes
PRF01904,EMP01732,2024-H2,5,57.8,No,Yes
PRF01905,EMP01540,2024-H1,3,92.0,No,No
PRF01906,EMP02547,2024-H1,5,62.4,No,Yes
PRF01907,EMP00699,2024-H2,3,51.8,No,Yes
PRF01908,EMP01205,2026-H1,3,48.7,No,No
PRF01909,EMP02716,2024-H1,1,65.2,Yes,Yes
PRF01910,EMP03134,2025-H1,5,85.5,No,Yes
PRF01911,EMP02744,2024-H1,5,87.1,Yes,No
PRF01912,EMP01645,2024-H1,3,73.5,No,No
PRF01913,EMP03103,2025-H1,3,69.9,No,Yes
PRF01914,EMP00098,2026-H1,5,73.8,No,No
PRF01915,EMP01928,2026-H1,4,82.1,No,No
PRF01916,EMP00069,2025-H2,3,89.0,No,Yes
PRF01917,EMP03182,2024-H1,2,67.7,Yes,No
PRF01918,EMP01705,2026-H1,4,79.2,No,Yes
PRF01919,EMP00903,2024-H1,4,99.1,Yes,No
PRF01920,EMP00295,2024-H2,5,74.7,No,Yes
PRF01921,EMP01236,2025-H2,3,77.6,No,Yes
PRF01922,EMP01510,2026-H1,2,95.0,No,No
PRF01923,EMP00366,2025-H1,4,65.1,No,No
PRF01924,EMP02483,2025-H2,3,42.6,No,No
PRF01925,EMP02515,2026-H1,4,69.8,No,No
PRF01926,EMP00084,2025-H2,5,81.1,No,Yes
PRF01927,EMP02982,2024-H1,3,55.6,No,Yes
PRF01928,EMP02096,2025-H2,5,46.7,No,Yes
PRF01929,EMP02625,2024-H2,4,62.0,Yes,No
PRF01930,EMP00096,2024-H1,5,42.4,No,Yes
PRF01931,EMP02327,2026-H1,3,78.9,No,Yes
PRF01932,EMP02531,2026-H1,2,48.8,Yes,Yes
PRF01933,EMP00846,2025-H2,3,87.5,No,No
PRF01934,EMP02143,2026-H1,,73.8,No,No
PRF01935,EMP00157,2025-H1,4,98.1,No,No
PRF01936,EMP01207,2026-H1,3,89.7,No,No
PRF01937,EMP00454,2024-H2,3,77.7,No,No
PRF01938,EMP02695,2025-H1,3,45.7,No,Yes
PRF01939,EMP00825,2024-H1,1,94.2,No,No
PRF01940,EMP02259,2024-H2,3,82.0,No,Yes
PRF01941,EMP00970,2024-H2,5,57.4,Yes,Yes
PRF01942,EMP00109,2024-H1,,79.6,No,Yes
PRF01943,EMP01291,2024-H1,4,57.1,No,Yes
PRF01944,EMP00700,2025-H1,1,97.9,No,Yes
PRF01945,EMP00235,2025-H1,4,95.8,No,No
PRF01946,EMP02304,2024-H1,3,92.2,No,No
PRF01947,EMP02820,2026-H1,3,71.0,Yes,No
PRF01948,EMP02723,2024-H1,4,85.7,No,No
PRF01949,EMP00491,2024-H1,3,69.0,No,Yes
PRF01950,EMP00139,2026-H1,3,74.6,Yes,No
PRF01951,EMP02282,2024-H1,4,74.4,Yes,Yes
PRF01952,EMP01850,2025-H1,5,96.1,No,No
PRF01953,EMP01201,2025-H2,3,88.2,No,Yes
PRF01954,EMP00647,2025-H1,3,73.2,No,No
PRF01955,EMP01962,2024-H2,3,85.4,Yes,No
PRF01956,EMP02035,2024-H1,,89.3,No,No
PRF01957,EMP00692,2024-H2,2,63.1,No,No
PRF01958,EMP02793,2025-H1,4,82.5,No,Yes
PRF01959,EMP01030,2024-H1,4,87.5,No,No
PRF01960,EMP02850,2025-H1,3,75.0,No,Yes
PRF01961,EMP02485,2024-H2,2,71.9,No,Yes
PRF01962,EMP01864,2024-H2,4,55.4,No,Yes
PRF01963,EMP01077,2026-H1,3,57.4,No,No
PRF01964,EMP02910,2024-H1,3,67.8,No,Yes
PRF01965,EMP02731,2025-H1,3,70.5,No,No
PRF01966,EMP01114,2026-H1,5,83.9,No,Yes
PRF01967,EMP01761,2025-H2,3,96.6,No,No
PRF01968,EMP01702,2025-H1,5,94.5,No,Yes
PRF01969,EMP02116,2026-H1,3,52.0,No,No
PRF01970,EMP00083,2024-H1,5,79.8,No,Yes
PRF01971,EMP00659,2025-H2,4,87.4,No,No
PRF01972,EMP02701,2026-H1,4,43.6,Yes,No
PRF01973,EMP01034,2025-H1,4,44.9,No,Yes
PRF01974,EMP01546,2025-H1,4,81.5,No,Yes
PRF01975,EMP03150,2026-H1,5,97.8,No,No
PRF01976,EMP02937,2024-H1,3,75.2,No,Yes
PRF01977,EMP00753,2024-H1,5,50.1,No,No
PRF01978,EMP01748,2024-H2,3,80.9,No,No
PRF01979,EMP02915,2026-H1,3,51.1,No,Yes
PRF01980,EMP01624,2025-H2,4,91.9,No,Yes
PRF01981,EMP00348,2026-H1,3,78.8,No,Yes
PRF01982,EMP02177,2025-H2,4,42.3,No,No
PRF01983,EMP02511,2025-H2,5,89.4,No,No
PRF01984,EMP00296,2025-H2,3,87.7,No,No
PRF01985,EMP01119,2026-H1,3,93.5,No,No
PRF01986,EMP03042,2025-H2,4,97.3,Yes,No
PRF01987,EMP01653,2025-H1,3,42.0,No,Yes
PRF01988,EMP01153,2025-H2,3,47.2,Yes,No
PRF01989,EMP00030,2025-H2,3,63.7,Yes,No
PRF01990,EMP02056,2025-H1,4,66.8,Yes,No
PRF01991,EMP00471,2025-H1,3,79.3,No,Yes
PRF01992,EMP02207,2024-H2,5,75.7,No,No
PRF01993,EMP01958,2024-H2,3,99.5,Yes,Yes
PRF01994,EMP00291,2026-H1,4,59.2,No,No
PRF01995,EMP02546,2026-H1,4,72.6,No,No
PRF01996,EMP02296,2026-H1,3,89.2,No,Yes
PRF01997,EMP00922,2024-H1,5,75.9,No,Yes
PRF01998,EMP00453,2025-H2,5,91.8,No,Yes
PRF01999,EMP01902,2025-H1,1,53.9,No,Yes
PRF02000,EMP02684,2026-H1,3,76.8,Yes,Yes
PRF02001,EMP00009,2024-H2,3,76.8,No,Yes
PRF02002,EMP01045,2025-H2,4,43.9,Yes,No
PRF02003,EMP00150,2025-H1,4,44.2,No,Yes
PRF02004,EMP00117,2025-H2,3,46.5,No,No
PRF02005,EMP02206,2026-H1,4,85.2,No,Yes
PRF02006,EMP00942,2024-H1,1,70.9,No,Yes
PRF02007,EMP01535,2025-H1,4,60.2,Yes,Yes
PRF02008,EMP03140,2025-H1,4,69.7,Yes,No
PRF02009,EMP02527,2024-H2,4,78.8,Yes,No
PRF02010,EMP02244,2026-H1,4,95.8,No,Yes
PRF02011,EMP01847,2024-H2,4,64.1,Yes,Yes
PRF02012,EMP02320,2024-H1,5,46.3,No,No
PRF02013,EMP00765,2026-H1,4,71.3,No,No
PRF02014,EMP01558,2025-H1,3,89.8,No,No
PRF02015,EMP00670,2025-H1,3,89.7,Yes,No
PRF02016,EMP01720,2025-H1,3,95.5,No,No
PRF02017,EMP02388,2026-H1,4,89.2,No,No
PRF02018,EMP00440,2024-H2,3,90.5,No,Yes
PRF02019,EMP03036,2024-H1,4,62.5,No,Yes
PRF02020,EMP00302,2025-H2,4,56.7,No,No
PRF02021,EMP00558,2024-H2,3,59.1,No,Yes
PRF02022,EMP00779,2025-H1,3,96.1,No,No
PRF02023,EMP02628,2026-H1,1,91.8,No,No
PRF02024,EMP02107,2025-H2,4,57.3,No,No
PRF02025,EMP00496,2024-H1,3,82.1,No,Yes
PRF02026,EMP00094,2024-H2,3,82.7,No,Yes
PRF02027,EMP00733,2024-H1,3,60.3,No,Yes
PRF02028,EMP00160,2025-H1,4,47.6,Yes,No
PRF02029,EMP02635,2024-H2,2,79.4,Yes,No
PRF02030,EMP00764,2026-H1,3,57.0,No,No
PRF02031,EMP00683,2026-H1,3,99.6,Yes,No
PRF02032,EMP02112,2024-H1,1,62.1,No,Yes
PRF02033,EMP02040,2025-H2,4,89.9,No,Yes
PRF02034,EMP01589,2024-H2,4,42.4,Yes,Yes
PRF02035,EMP02404,2025-H1,3,56.2,No,No
PRF02036,EMP01172,2025-H1,2,50.8,No,No
PRF02037,EMP02547,2024-H2,3,76.6,No,No
PRF02038,EMP02721,2024-H1,3,48.5,Yes,No
PRF02039,EMP02773,2026-H1,4,41.0,Yes,Yes
PRF02040,EMP99062,2024-H2,3,53.1,No,Yes
PRF02041,EMP02453,2026-H1,4,78.1,Yes,Yes
PRF02042,EMP00371,2025-H2,3,69.8,Yes,Yes
PRF02043,EMP01859,2024-H2,4,92.4,No,No
PRF02044,EMP02982,2024-H1,5,71.0,No,No
PRF02045,EMP00976,2024-H2,5,59.8,No,Yes
PRF02046,EMP02627,2025-H2,3,97.9,Yes,No
PRF02047,EMP01013,2025-H1,3,67.1,No,No
PRF02048,EMP02686,2024-H1,3,77.2,No,Yes
PRF02049,EMP02926,2026-H1,3,48.4,No,No
PRF02050,EMP02539,2025-H1,2,71.7,No,No
PRF02051,EMP00152,2025-H1,4,91.6,No,No
PRF02052,EMP02965,2025-H1,4,60.2,No,Yes
PRF02053,EMP00084,2025-H1,2,52.8,No,Yes
PRF02054,EMP02534,2025-H2,2,60.8,No,Yes
PRF02055,EMP02590,2025-H1,3,80.9,No,Yes
PRF02056,EMP01855,2025-H1,5,47.8,No,Yes
PRF02057,EMP01150,2025-H2,4,51.0,No,Yes
PRF02058,EMP00133,2024-H1,3,54.0,No,No
PRF02059,EMP01284,2025-H1,5,81.5,Yes,Yes
PRF02060,EMP00766,2025-H2,3,86.0,No,No
PRF02061,EMP00947,2026-H1,3,80.2,No,Yes
PRF02062,EMP02682,2025-H2,3,84.2,No,No
PRF02063,EMP00766,2025-H1,4,82.4,No,Yes
PRF02064,EMP00185,2024-H1,3,97.4,No,Yes
PRF02065,EMP02943,2024-H2,4,79.0,No,Yes
PRF02066,EMP94818,2025-H2,3,58.6,Yes,No
PRF02067,EMP02049,2025-H2,3,70.8,No,Yes
PRF02068,EMP01498,2024-H1,3,90.0,No,No
PRF02069,EMP03153,2024-H2,3,49.6,Yes,Yes
PRF02070,EMP01015,2026-H1,3,64.1,No,Yes
PRF02071,EMP02926,2024-H1,3,56.4,Yes,No
PRF02072,EMP01484,2025-H2,3,95.1,No,No
PRF02073,EMP01856,2024-H2,5,42.3,No,No
PRF02074,EMP01457,2025-H2,4,84.9,No,Yes
PRF02075,EMP01792,2025-H2,4,99.6,No,Yes
PRF02076,EMP03130,2024-H1,,83.0,No,Yes
PRF02077,EMP01162,2024-H1,4,48.7,No,Yes
PRF02078,EMP02681,2026-H1,,60.9,No,Yes
PRF02079,EMP00426,2026-H1,4,87.9,No,Yes
PRF02080,EMP02242,2025-H1,4,73.9,No,Yes
PRF02081,EMP00671,2024-H1,5,63.9,No,Yes
PRF02082,EMP01931,2024-H2,4,72.3,No,No
PRF02083,EMP00309,2024-H2,1,42.9,No,No
PRF02084,EMP01934,2026-H1,3,50.5,No,Yes
PRF02085,EMP00088,2025-H1,3,84.6,No,Yes
PRF02086,EMP00559,2026-H1,4,73.2,Yes,No
PRF02087,EMP00627,2025-H2,3,66.3,No,No
PRF02088,EMP00785,2025-H1,3,99.3,No,Yes
PRF02089,EMP00048,2025-H1,3,97.0,No,No
PRF02090,EMP00210,2024-H2,4,58.8,No,Yes
PRF02091,EMP02322,2024-H1,,86.9,Yes,No
PRF02092,EMP92272,2024-H2,2,66.9,No,No
PRF02093,EMP03048,2025-H1,4,78.8,No,Yes
PRF02094,EMP01664,2025-H2,3,69.9,No,No
PRF02095,EMP02653,2026-H1,1,41.8,Yes,No
PRF02096,EMP00891,2025-H2,2,66.3,No,No
PRF02097,EMP01037,2025-H2,4,50.2,Yes,No
PRF02098,EMP02540,2024-H1,3,60.3,No,No
PRF02099,EMP01784,2026-H1,4,75.6,No,No
PRF02100,EMP02112,2024-H1,5,47.9,No,Yes
PRF02101,EMP00448,2024-H2,3,71.5,No,No
PRF02102,EMP01371,2026-H1,4,51.9,No,Yes
PRF02103,EMP02389,2024-H1,3,47.3,No,Yes
PRF02104,EMP00448,2025-H2,5,52.1,No,Yes
PRF02105,EMP01732,2025-H2,4,67.1,No,No
PRF02106,EMP02081,2024-H2,5,71.8,No,No
PRF02107,EMP02951,2024-H2,1,99.9,Yes,No
PRF02108,EMP01837,2024-H1,,87.5,No,Yes
PRF02109,EMP02813,2024-H2,4,98.2,Yes,Yes
PRF02110,EMP01996,2024-H1,5,86.1,No,Yes
PRF02111,EMP02084,2024-H1,4,41.9,No,No
PRF02112,EMP00183,2026-H1,4,97.7,No,Yes
PRF02113,EMP00705,2025-H1,4,67.8,No,No
PRF02114,EMP01838,2025-H1,4,53.3,No,Yes
PRF02115,EMP00996,2026-H1,5,67.7,No,No
PRF02116,EMP01335,2025-H1,3,70.0,Yes,Yes
PRF02117,EMP01545,2026-H1,5,64.1,No,Yes
PRF02118,EMP02240,2026-H1,,87.8,Yes,Yes
PRF02119,EMP02240,2026-H1,1,45.4,No,No
PRF02120,EMP00908,2025-H1,2,94.6,No,Yes
PRF02121,EMP02485,2026-H1,2,90.1,No,Yes
PRF02122,EMP02549,2025-H1,3,44.3,No,No
PRF02123,EMP01528,2025-H1,4,99.1,No,No
PRF02124,EMP01362,2025-H1,4,76.7,No,Yes
PRF02125,EMP00830,2024-H1,4,45.8,No,Yes
PRF02126,EMP01177,2024-H1,3,60.3,No,Yes
PRF02127,EMP02451,2026-H1,3,51.3,Yes,No
PRF02128,EMP02381,2024-H2,3,54.4,Yes,No
PRF02129,EMP02686,2024-H1,4,67.5,Yes,No
PRF02130,EMP00217,2025-H2,3,55.2,No,Yes
PRF02131,EMP00582,2025-H1,3,97.1,No,Yes
PRF02132,EMP02979,2024-H1,4,81.2,No,Yes
PRF02133,EMP02983,2024-H2,4,99.3,No,Yes
PRF02134,EMP03056,2024-H1,4,65.4,No,No
PRF02135,EMP02206,2024-H2,4,86.3,No,No
PRF02136,EMP02865,2025-H2,5,75.6,No,Yes
PRF02137,EMP02990,2024-H1,,99.9,No,No
PRF02138,EMP00451,2026-H1,4,96.1,Yes,No
PRF02139,EMP02736,2025-H1,4,56.1,No,No
PRF02140,EMP00700,2024-H1,4,48.1,No,No
PRF02141,EMP01231,2025-H1,3,44.4,No,Yes
PRF02142,EMP00145,2025-H2,5,43.5,Yes,Yes
PRF02143,EMP01362,2026-H1,4,40.2,No,Yes
PRF02144,EMP02652,2024-H2,,48.2,No,No
PRF02145,EMP02724,2024-H2,4,94.1,Yes,No
PRF02146,EMP02652,2025-H2,4,99.8,No,No
PRF02147,EMP01867,2026-H1,4,50.5,No,No
PRF02148,EMP93588,2024-H1,3,47.7,No,No
PRF02149,EMP02043,2024-H1,4,7.4,No,Yes
PRF02150,EMP00968,2025-H2,3,53.3,No,No
PRF02151,EMP01640,2026-H1,,48.7,No,No
PRF02152,EMP00219,2026-H1,3,60.6,No,Yes
PRF02153,EMP00415,2025-H1,4,87.5,Yes,No
PRF02154,EMP02516,2024-H1,3,70.5,No,No
PRF02155,EMP01669,2024-H1,3,60.9,No,No
PRF02156,EMP01942,2026-H1,2,43.6,No,No
PRF02157,EMP03100,2026-H1,4,44.9,No,No
PRF02158,EMP00746,2024-H1,4,41.2,No,Yes
PRF02159,EMP01847,2024-H2,4,92.6,No,No
PRF02160,EMP00377,2025-H2,4,68.8,No,Yes
PRF02161,EMP01622,2024-H1,3,86.5,No,Yes
PRF02162,EMP01816,2025-H2,4,67.9,No,No
PRF02163,EMP01190,2025-H1,3,58.4,Yes,Yes
PRF02164,EMP00908,2025-H2,4,46.1,No,Yes
PRF02165,EMP00473,2025-H2,4,50.7,No,No
PRF02166,EMP00240,2025-H2,5,44.3,Yes,No
PRF02167,EMP02133,2024-H1,3,84.9,No,Yes
PRF02168,EMP01416,2026-H1,3,40.6,Yes,No
PRF02169,EMP02667,2024-H2,4,49.0,No,No
PRF02170,EMP01015,2024-H1,4,92.7,No,No
PRF02171,EMP02710,2025-H2,1,79.6,No,No
PRF02172,EMP02559,2025-H2,3,45.5,No,No
PRF02173,EMP02111,2026-H1,1,75.5,Yes,Yes
PRF02174,EMP01410,2025-H2,3,86.8,No,No
PRF02175,EMP01870,2025-H1,5,62.2,No,Yes
PRF02176,EMP02342,2025-H2,5,50.4,No,No
PRF02177,EMP01680,2026-H1,4,71.2,No,No
PRF02178,EMP02534,2024-H1,4,47.1,No,No
PRF02179,EMP01754,2024-H1,5,68.9,No,No
PRF02180,EMP02262,2025-H2,3,86.0,No,No
PRF02181,EMP02652,2024-H2,3,88.7,No,No
PRF02182,EMP01805,2025-H1,4,70.3,No,No
PRF02183,EMP01203,2024-H1,3,92.6,No,No
PRF02184,EMP01899,2024-H2,4,87.8,Yes,Yes
PRF02185,EMP00279,2026-H1,5,42.2,No,Yes
PRF02186,EMP01252,2024-H1,3,88.7,No,Yes
PRF02187,EMP02183,2025-H2,3,53.3,Yes,No
PRF02188,EMP03098,2026-H1,4,44.5,Yes,Yes
PRF02189,EMP00934,2024-H1,3,43.1,No,No
PRF02190,EMP03154,2026-H1,4,53.8,No,Yes
PRF02191,EMP02926,2024-H2,,77.3,Yes,Yes
PRF02192,EMP01073,2024-H2,3,40.2,No,Yes
PRF02193,EMP02952,2024-H1,5,98.0,No,Yes
PRF02194,EMP02574,2025-H2,4,51.4,No,No
PRF02195,EMP02952,2024-H2,5,48.7,No,Yes
PRF02196,EMP03063,2024-H1,4,89.5,No,Yes
PRF02197,EMP00053,2024-H1,3,68.3,No,Yes
PRF02198,EMP01871,2024-H1,5,55.0,No,Yes
PRF02199,EMP01978,2024-H2,4,64.8,No,No
PRF02200,EMP02919,2026-H1,3,71.3,Yes,Yes
PRF02201,EMP01447,2025-H2,3,61.6,No,Yes
PRF02202,EMP02205,2024-H2,3,59.1,No,No
PRF02203,EMP01858,2026-H1,1,65.3,No,No
PRF02204,EMP02520,2024-H1,5,69.0,No,No
PRF02205,EMP01637,2024-H1,3,50.2,Yes,No
PRF02206,EMP00677,2025-H2,3,45.5,No,Yes
PRF02207,EMP00084,2024-H1,,82.8,Yes,No
PRF02208,EMP01323,2024-H2,4,58.1,No,No
PRF02209,EMP02152,2024-H1,4,50.6,No,Yes
PRF02210,EMP00809,2026-H1,4,54.4,Yes,No
PRF02211,EMP01358,2024-H2,3,93.8,No,No
PRF02212,EMP01393,2024-H1,4,54.5,No,Yes
PRF02213,EMP02156,2025-H2,3,66.2,No,No
PRF02214,EMP01538,2025-H2,3,41.5,No,No
PRF02215,EMP01482,2025-H1,4,70.3,Yes,No
PRF02216,EMP00433,2025-H1,4,91.8,No,No
PRF02217,EMP01344,2026-H1,3,46.0,No,No
PRF02218,EMP03062,2025-H1,3,99.7,Yes,Yes
PRF02219,EMP00344,2025-H2,2,96.8,Yes,No
PRF02220,EMP02876,2024-H2,3,77.4,No,Yes
PRF02221,EMP03051,2026-H1,4,91.2,No,Yes
PRF02222,EMP00917,2025-H1,4,73.6,No,No
PRF02223,EMP01721,2025-H2,5,87.0,No,Yes
PRF02224,EMP00016,2024-H1,3,97.4,No,Yes
PRF02225,EMP00632,2024-H1,4,68.2,No,No
PRF02226,EMP01228,2026-H1,3,95.4,No,Yes
PRF02227,EMP02198,2025-H2,5,91.0,No,No
PRF02228,EMP01675,2024-H1,4,79.0,No,No
PRF02229,EMP00719,2026-H1,3,52.7,No,No
PRF02230,EMP00480,2024-H1,3,41.0,No,Yes
PRF02231,EMP00928,2024-H1,5,55.0,No,No
PRF02232,EMP00542,2026-H1,4,54.3,No,No
PRF02233,EMP00197,2026-H1,5,45.0,No,Yes
PRF02234,EMP02026,2025-H2,1,67.2,No,Yes
PRF02235,EMP00558,2024-H1,2,50.4,No,Yes
PRF02236,EMP02713,2024-H1,3,59.2,No,Yes
PRF02237,EMP02525,2024-H1,3,44.9,No,No
PRF02238,EMP02558,2024-H1,4,92.3,No,No
PRF02239,EMP02798,2025-H1,4,63.0,Yes,No
PRF02240,EMP01713,2025-H2,4,84.1,No,No
PRF02241,EMP02877,2026-H1,4,45.6,No,No
PRF02242,EMP01625,2024-H1,3,58.4,No,Yes
PRF02243,EMP00913,2024-H1,3,73.3,Yes,Yes
PRF02244,EMP02519,2026-H1,4,88.7,No,No
PRF02245,EMP02455,2025-H2,1,52.9,No,No
PRF02246,EMP91571,2025-H1,2,51.9,Yes,Yes
PRF02247,EMP01652,2024-H1,3,81.0,No,No
PRF02248,EMP01422,2024-H1,4,74.1,Yes,Yes
PRF02249,EMP01890,2025-H2,4,89.0,No,Yes
PRF02250,EMP01791,2024-H2,4,80.1,Yes,Yes
PRF02251,EMP02715,2025-H1,3,48.0,No,No
PRF02252,EMP01235,2024-H1,4,55.3,No,Yes
PRF02253,EMP02686,2024-H2,4,46.2,No,Yes
PRF02254,EMP00937,2025-H1,5,70.6,No,No
PRF02255,EMP00959,2024-H2,4,97.4,No,No
PRF02256,EMP00747,2025-H1,5,45.8,No,Yes
PRF02257,EMP02208,2024-H2,3,97.2,No,Yes
PRF02258,EMP02756,2025-H2,4,89.2,No,No
PRF02259,EMP01940,2026-H1,3,99.5,No,No
PRF02260,EMP01245,2024-H2,5,52.7,Yes,Yes
PRF02261,EMP02045,2025-H2,5,65.3,No,No
PRF02262,EMP00704,2024-H1,4,61.1,No,Yes
PRF02263,EMP02557,2025-H2,4,68.4,Yes,Yes
PRF02264,EMP02735,2026-H1,4,44.4,No,Yes
PRF02265,EMP00478,2026-H1,4,68.2,No,No
PRF02266,EMP01829,2025-H1,3,53.3,No,Yes
PRF02267,EMP02685,2024-H2,3,62.5,Yes,No
PRF02268,EMP02072,2025-H2,4,97.7,No,Yes
PRF02269,EMP02393,2024-H2,3,89.1,No,No
PRF02270,EMP02444,2024-H2,1,98.5,No,No
PRF02271,EMP02793,2025-H2,5,41.6,Yes,No
PRF02272,EMP00530,2026-H1,5,82.8,Yes,Yes
PRF02273,EMP01123,2026-H1,3,43.5,No,No
PRF02274,EMP00560,2024-H2,3,60.7,No,Yes
PRF02275,EMP01863,2025-H1,3,74.0,No,No
PRF02276,EMP02532,2026-H1,4,97.1,Yes,Yes
PRF02277,EMP01178,2024-H1,2,67.0,No,Yes
PRF02278,EMP01198,2025-H1,4,42.9,No,Yes
PRF02279,EMP02396,2025-H1,3,57.2,No,No
PRF02280,EMP00841,2024-H1,5,57.1,No,Yes
PRF02281,EMP00026,2025-H1,2,66.3,No,No
PRF02282,EMP00410,2025-H1,5,90.7,Yes,No
PRF02283,EMP02760,2024-H2,2,75.9,No,No
PRF02284,EMP02439,2024-H2,3,48.7,Yes,Yes
PRF02285,EMP01582,2026-H1,4,81.3,No,No
PRF02286,EMP00667,2024-H1,4,78.4,No,Yes
PRF02287,EMP02195,2025-H1,4,82.4,No,No
PRF02288,EMP00230,2024-H1,3,66.6,No,Yes
PRF02289,EMP01667,2025-H1,2,77.5,No,No
PRF02290,EMP00686,2025-H2,5,54.8,No,No
PRF02291,EMP00222,2026-H1,1,92.8,No,No
PRF02292,EMP00835,2024-H1,5,62.7,No,Yes
PRF02293,EMP01727,2026-H1,5,47.2,No,Yes
PRF02294,EMP02147,2024-H2,5,69.5,No,Yes
PRF02295,EMP00617,2025-H1,1,61.5,No,Yes
PRF02296,EMP01901,2025-H1,3,76.1,No,No
PRF02297,EMP01038,2025-H2,4,77.7,No,Yes
PRF02298,EMP02904,2025-H2,3,77.0,No,No
PRF02299,EMP00818,2024-H2,4,1.6,No,Yes
PRF02300,EMP02532,2025-H1,5,84.6,No,Yes
PRF02301,EMP02562,2025-H1,4,72.1,No,No
PRF02302,EMP02942,2025-H1,3,83.0,No,Yes
PRF02303,EMP00209,2024-H2,5,68.4,Yes,Yes
PRF02304,EMP02039,2025-H2,5,59.9,No,Yes
PRF02305,EMP02334,2025-H2,4,56.4,No,No
PRF02306,EMP00455,2024-H2,4,46.6,No,No
PRF02307,EMP01742,2025-H2,3,85.4,No,No
PRF02308,EMP00184,2025-H2,4,68.3,Yes,Yes
PRF02309,EMP00266,2024-H1,3,99.6,No,Yes
PRF02310,EMP01502,2024-H1,,75.5,No,No
PRF02311,EMP02326,2026-H1,4,94.9,No,Yes
PRF02312,EMP01260,2025-H1,3,81.0,No,No
PRF02313,EMP01960,2025-H2,,65.9,Yes,Yes
PRF02314,EMP02288,2024-H1,4,86.0,No,No
PRF02315,EMP01870,2025-H1,4,49.2,No,Yes
PRF02316,EMP00851,2024-H1,4,73.6,Yes,Yes
PRF02317,EMP00611,2025-H2,4,64.1,No,No
PRF02318,EMP00744,2024-H1,4,49.7,No,Yes
PRF02319,EMP01534,2025-H2,3,51.6,No,Yes
PRF02320,EMP02233,2024-H2,1,52.9,No,Yes
PRF02321,EMP00212,2025-H1,4,83.9,No,No
PRF02322,EMP02026,2025-H2,4,95.8,No,No
PRF02323,EMP00843,2025-H1,1,91.6,No,Yes
PRF02324,EMP00709,2025-H2,2,43.6,No,Yes
PRF02325,EMP00361,2026-H1,3,95.2,No,No
PRF02326,EMP00911,2025-H2,4,50.2,No,No
PRF02327,EMP00832,2025-H1,1,45.8,No,Yes
PRF02328,EMP00937,2024-H2,4,61.1,Yes,Yes
PRF02329,EMP02969,2025-H2,3,64.4,No,Yes
PRF02330,EMP02801,2026-H1,4,61.0,No,No
PRF02331,EMP02242,2026-H1,5,87.8,No,No
PRF02332,EMP03073,2026-H1,3,92.1,No,No
PRF02333,EMP02901,2024-H2,4,87.9,No,Yes
PRF02334,EMP01581,2026-H1,3,78.3,No,No
PRF02335,EMP92421,2025-H2,4,71.5,No,Yes
PRF02336,EMP01114,2024-H1,3,89.2,Yes,Yes
PRF02337,EMP93197,2024-H1,3,62.7,No,Yes
PRF02338,EMP03036,2025-H2,4,49.1,No,No
PRF02339,EMP01256,2024-H1,5,48.4,No,Yes
PRF02340,EMP01373,2025-H1,3,99.3,No,No
PRF02341,EMP02930,2025-H1,4,80.8,No,Yes
PRF02342,EMP01455,2024-H1,4,42.1,No,Yes
PRF02343,EMP92730,2024-H1,2,94.1,No,Yes
PRF02344,EMP01554,2024-H1,5,88.6,No,No
PRF02345,EMP02529,2025-H1,1,83.2,No,Yes
PRF02346,EMP01485,2025-H2,1,44.5,No,Yes
PRF02347,EMP00556,2025-H1,2,48.3,No,Yes
PRF02348,EMP02122,2025-H2,4,65.9,No,Yes
PRF02349,EMP00808,2025-H1,4,80.7,Yes,No
PRF02350,EMP02640,2024-H1,3,92.6,No,No
PRF02351,EMP01730,2025-H2,3,78.9,No,Yes
PRF02352,EMP02124,2024-H2,4,56.3,No,Yes
PRF02353,EMP00675,2025-H1,5,47.0,Yes,No
PRF02354,EMP98247,2025-H1,2,83.6,Yes,No
PRF02355,EMP00808,2024-H1,4,64.2,Yes,Yes
PRF02356,EMP01598,2025-H2,4,56.1,No,No
PRF02357,EMP00249,2026-H1,4,52.8,No,No
PRF02358,EMP02880,2024-H2,1,81.8,Yes,Yes
PRF02359,EMP02392,2026-H1,3,99.9,No,Yes
PRF02360,EMP02799,2025-H2,4,74.2,No,No
PRF02361,EMP00480,2024-H2,5,80.3,No,No
PRF02362,EMP00408,2025-H2,3,56.5,No,Yes
PRF02363,EMP00286,2026-H1,4,45.4,No,No
PRF02364,EMP01972,2025-H2,5,71.8,No,No
PRF02365,EMP00207,2024-H2,1,46.2,No,Yes
PRF02366,EMP02094,2024-H1,3,51.1,Yes,No
PRF02367,EMP01628,2026-H1,1,89.6,Yes,No
PRF02368,EMP01631,2024-H2,3,73.4,No,No
PRF02369,EMP00672,2024-H1,3,65.1,No,Yes
PRF02370,EMP00775,2026-H1,3,83.4,No,Yes
PRF02371,EMP02837,2025-H2,4,53.6,Yes,No
PRF02372,EMP00261,2026-H1,3,59.7,Yes,No
PRF02373,EMP01175,2025-H1,4,67.7,No,No
PRF02374,EMP00235,2026-H1,3,95.1,No,Yes
PRF02375,EMP00439,2024-H2,5,58.2,No,No
PRF02376,EMP03086,2024-H1,5,40.9,No,Yes
PRF02377,EMP02117,2026-H1,5,89.0,No,No
PRF02378,EMP00915,2024-H2,3,45.6,No,No
PRF02379,EMP02103,2024-H1,4,80.0,No,Yes
PRF02380,EMP01865,2024-H1,4,97.2,No,Yes
PRF02381,EMP01062,2024-H1,5,48.9,No,No
PRF02382,EMP01315,2026-H1,3,91.2,No,Yes
PRF02383,EMP02435,2025-H1,5,62.6,No,Yes
PRF02384,EMP01330,2025-H1,4,91.4,Yes,Yes
PRF02385,EMP00174,2024-H1,3,46.3,Yes,Yes
PRF02386,EMP02012,2024-H1,3,91.4,No,Yes
PRF02387,EMP02604,2026-H1,4,66.4,No,Yes
PRF02388,EMP01939,2024-H2,4,44.1,No,No
PRF02389,EMP00492,2024-H2,2,94.7,Yes,No
PRF02390,EMP03157,2025-H1,5,85.0,No,Yes
PRF02391,EMP02455,2025-H1,3,72.7,No,Yes
PRF02392,EMP00338,2025-H1,4,53.5,No,No
PRF02393,EMP01061,2025-H2,3,83.4,No,No
PRF02394,EMP00176,2024-H1,4,65.8,No,Yes
PRF02395,EMP00726,2025-H2,4,42.0,No,No
PRF02396,EMP01761,2025-H2,3,97.6,No,Yes
PRF02397,EMP00883,2026-H1,3,89.5,No,No
PRF02398,EMP02392,2025-H2,5,43.5,Yes,No
PRF02399,EMP00933,2025-H2,5,41.7,Yes,Yes
PRF02400,EMP01407,2025-H1,2,75.4,No,No
PRF02401,EMP00309,2025-H1,3,83.3,No,Yes
PRF02402,EMP01652,2025-H1,4,99.4,No,Yes
PRF02403,EMP01660,2025-H2,3,93.2,No,No
PRF02404,EMP00654,2025-H2,5,54.2,No,Yes
PRF02405,EMP01115,2024-H2,2,41.2,No,Yes
PRF02406,EMP02687,2026-H1,5,87.6,No,No
PRF02407,EMP01984,2024-H1,3,57.9,No,Yes
PRF02408,EMP00527,2024-H1,3,99.6,No,Yes
PRF02409,EMP01716,2025-H2,5,78.7,No,Yes
PRF02410,EMP00708,2025-H2,2,49.8,No,No
PRF02411,EMP01395,2024-H1,4,63.2,No,Yes
PRF02412,EMP02942,2024-H1,4,84.1,No,Yes
PRF02413,EMP00814,2024-H2,1,76.6,No,Yes
PRF02414,EMP03131,2025-H2,4,69.2,No,No
PRF02415,EMP00621,2025-H2,4,80.2,No,Yes
PRF02416,EMP02433,2026-H1,3,40.5,Yes,Yes
PRF02417,EMP00353,2025-H1,3,55.4,No,Yes
PRF02418,EMP02311,2026-H1,,75.2,No,Yes
PRF02419,EMP02562,2024-H2,2,68.2,No,Yes
PRF02420,EMP02903,2025-H1,5,41.2,No,No
PRF02421,EMP00175,2025-H1,3,3.9,No,No
PRF02422,EMP01760,2024-H1,4,86.9,No,Yes
PRF02423,EMP00262,2024-H2,4,51.4,Yes,No
PRF02424,EMP02122,2025-H2,3,55.8,No,No
PRF02425,EMP00978,2026-H1,4,89.8,No,No
PRF02426,EMP00962,2026-H1,4,72.9,No,No
PRF02427,EMP00457,2025-H1,2,91.9,Yes,No
PRF02428,EMP03135,2024-H1,3,46.7,No,No
PRF02429,EMP03048,2024-H2,3,55.6,No,No
PRF02430,EMP01210,2024-H1,1,81.4,No,Yes
PRF02431,EMP01985,2024-H2,4,77.3,Yes,Yes
PRF02432,EMP00389,2024-H2,3,90.7,No,Yes
PRF02433,EMP02725,2025-H2,2,41.4,No,No
PRF02434,EMP01936,2024-H2,3,97.8,No,Yes
PRF02435,EMP01675,2024-H2,4,77.5,No,Yes
PRF02436,EMP01481,2026-H1,4,47.8,No,Yes
PRF02437,EMP02978,2024-H2,4,82.5,No,No
PRF02438,EMP03094,2024-H1,3,93.2,No,No
PRF02439,EMP02141,2024-H2,5,48.2,No,Yes
PRF02440,EMP02893,2024-H2,5,43.3,No,No
PRF02441,EMP00110,2024-H2,3,87.5,No,Yes
PRF02442,EMP00009,2025-H2,4,42.8,No,No
PRF02443,EMP01159,2024-H1,5,79.5,Yes,No
PRF02444,EMP00489,2024-H2,4,55.4,Yes,Yes
PRF02445,EMP02587,2024-H2,4,65.4,No,No
PRF02446,EMP00680,2026-H1,3,94.0,No,No
PRF02447,EMP00245,2024-H1,4,88.8,Yes,Yes
PRF02448,EMP02751,2026-H1,3,41.0,No,No
PRF02449,EMP00016,2024-H2,4,97.2,Yes,Yes
PRF02450,EMP01151,2026-H1,3,87.8,No,No
PRF02451,EMP00899,2024-H2,4,81.8,No,No
PRF02452,EMP01925,2024-H1,3,66.3,No,Yes
PRF02453,EMP01236,2024-H1,1,80.4,No,No
PRF02454,EMP02281,2024-H1,4,92.2,No,Yes
PRF02455,EMP03049,2026-H1,4,65.2,No,Yes
PRF02456,EMP02151,2024-H2,,57.5,No,Yes
PRF02457,EMP02048,2024-H1,3,93.9,No,No
PRF02458,EMP94967,2025-H1,3,82.5,No,No
PRF02459,EMP01603,2025-H1,5,64.1,No,Yes
PRF02460,EMP01345,2025-H2,3,75.9,No,Yes
PRF02461,EMP00011,2024-H1,3,46.5,No,No
PRF02462,EMP00705,2025-H1,4,92.1,No,No
PRF02463,EMP01727,2026-H1,4,52.3,No,Yes
PRF02464,EMP00239,2024-H1,3,47.4,No,Yes
PRF02465,EMP02755,2024-H2,3,64.1,No,Yes
PRF02466,EMP02260,2025-H1,2,42.7,No,No
PRF02467,EMP01381,2026-H1,3,99.1,No,No
PRF02468,EMP98227,2026-H1,4,51.8,No,No
PRF02469,EMP02214,2025-H2,3,98.0,No,Yes
PRF02470,EMP00333,2024-H2,5,64.7,No,No
PRF02471,EMP00270,2025-H1,2,50.4,Yes,No
PRF02472,EMP01212,2024-H2,,90.0,No,Yes
PRF02473,EMP00368,2025-H2,4,95.1,Yes,No
PRF02474,EMP02668,2025-H2,3,72.5,Yes,No
PRF02475,EMP03072,2024-H1,2,64.8,No,No
PRF02476,EMP01398,2025-H2,4,95.0,No,Yes
PRF02477,EMP00144,2025-H2,5,90.9,No,Yes
PRF02478,EMP01809,2024-H1,3,62.8,Yes,Yes
PRF02479,EMP01882,2025-H1,3,91.0,No,No
PRF02480,EMP00109,2026-H1,5,71.6,Yes,No
PRF02481,EMP00192,2025-H1,5,45.8,No,Yes
PRF02482,EMP02360,2024-H2,5,73.2,No,Yes
PRF02483,EMP02018,2026-H1,5,98.5,Yes,Yes
PRF02484,EMP01214,2026-H1,2,99.7,No,Yes
PRF02485,EMP00009,2026-H1,4,65.1,No,No
PRF02486,EMP03044,2025-H2,3,83.6,No,No
PRF02487,EMP02548,2026-H1,3,52.5,No,No
PRF02488,EMP01235,2024-H2,2,91.7,No,Yes
PRF02489,EMP01294,2025-H1,3,47.2,No,Yes
PRF02490,EMP02803,2024-H2,5,52.3,No,No
PRF02491,EMP95253,2025-H2,4,40.6,No,Yes
PRF02492,EMP01440,2024-H2,3,92.4,No,No
PRF02493,EMP00331,2024-H1,4,57.7,No,No
PRF02494,EMP00813,2025-H1,3,90.3,No,Yes
PRF02495,EMP00138,2024-H1,2,44.6,Yes,Yes
PRF02496,EMP02145,2025-H1,,70.6,No,Yes
PRF02497,EMP02029,2024-H1,4,46.1,No,Yes
PRF02498,EMP00521,2025-H1,3,73.5,No,Yes
PRF02499,EMP01438,2026-H1,3,50.3,No,Yes
PRF02500,EMP01452,2024-H2,4,64.5,No,Yes
PRF02501,EMP02784,2024-H2,3,75.1,Yes,No
PRF02502,EMP02372,2026-H1,5,66.1,Yes,Yes
PRF02503,EMP01182,2024-H2,4,51.0,No,No
PRF02504,EMP01165,2024-H2,4,99.3,Yes,Yes
PRF02505,EMP00491,2025-H1,4,46.4,No,No
PRF02506,EMP00125,2025-H2,4,85.8,Yes,No
PRF02507,EMP00492,2025-H2,3,46.8,No,No
PRF02508,EMP01210,2024-H1,3,52.9,No,Yes
PRF02509,EMP01440,2025-H2,5,67.6,Yes,Yes
PRF02510,EMP01647,2026-H1,4,93.6,No,Yes
PRF02511,EMP01610,2026-H1,4,78.7,Yes,Yes
PRF02512,EMP02031,2025-H2,4,95.4,No,Yes
PRF02513,EMP00892,2024-H1,2,80.3,Yes,No
PRF02514,EMP02653,2025-H1,2,97.9,No,No
PRF02515,EMP00944,2025-H2,3,97.7,No,No
PRF02516,EMP00960,2026-H1,3,75.3,No,Yes
PRF02517,EMP00855,2024-H1,2,75.9,Yes,No
PRF02518,EMP00862,2024-H2,3,56.2,No,No
PRF02519,EMP03029,2024-H1,3,80.9,Yes,No
PRF02520,EMP02485,2025-H1,4,78.1,No,No
PRF02521,EMP00490,2025-H2,5,97.0,No,No
PRF02522,EMP01359,2024-H2,5,56.2,No,Yes
PRF02523,EMP00049,2026-H1,5,40.7,No,Yes
PRF02524,EMP02852,2025-H1,2,94.1,No,Yes
PRF02525,EMP00556,2026-H1,3,42.5,Yes,Yes
PRF02526,EMP02126,2025-H1,3,93.3,No,No
PRF02527,EMP01870,2025-H1,4,72.9,No,No
PRF02528,EMP00262,2026-H1,3,95.7,No,Yes
PRF02529,EMP03048,2025-H1,3,72.1,No,No
PRF02530,EMP01942,2024-H1,2,58.6,No,No
PRF02531,EMP01289,2024-H2,4,95.1,Yes,Yes
PRF02532,EMP02700,2025-H1,5,62.8,No,Yes
PRF02533,EMP00924,2024-H2,2,41.7,No,No
PRF02534,EMP00680,2025-H2,3,96.5,No,No
PRF02535,EMP00565,2025-H2,3,64.5,No,No
PRF02536,EMP02076,2025-H2,5,93.8,No,Yes
PRF02537,EMP00850,2025-H1,2,79.7,No,No
PRF02538,EMP00332,2025-H2,4,49.9,No,Yes
PRF02539,EMP02556,2025-H1,5,45.8,No,No
PRF02540,EMP00587,2024-H1,4,94.0,No,Yes
PRF02541,EMP02615,2024-H2,4,48.9,Yes,Yes
PRF02542,EMP02475,2026-H1,2,99.7,Yes,No
PRF02543,EMP00410,2025-H2,3,55.6,No,No
PRF02544,EMP01993,2024-H1,4,56.1,No,Yes
PRF02545,EMP02449,2024-H2,3,43.2,No,Yes
PRF02546,EMP00012,2025-H1,3,88.4,No,Yes
PRF02547,EMP01666,2024-H1,3,96.5,No,Yes
PRF02548,EMP02317,2025-H1,3,74.0,No,No
PRF02549,EMP00517,2025-H1,4,84.2,No,Yes
PRF02550,EMP00573,2025-H1,4,96.3,No,Yes
PRF02551,EMP02398,2025-H2,3,49.8,No,Yes
PRF02552,EMP00807,2025-H1,5,97.8,No,No
PRF02553,EMP01478,2025-H2,2,48.0,No,No
PRF02554,EMP01697,2025-H2,3,44.7,No,No
PRF02555,EMP02052,2024-H2,3,86.3,No,No
PRF02556,EMP01853,2024-H1,3,54.7,No,No
PRF02557,EMP02962,2025-H2,4,89.5,No,No
PRF02558,EMP03117,2025-H1,4,59.3,No,Yes
PRF02559,EMP01415,2025-H2,5,91.6,No,No
PRF02560,EMP01278,2025-H1,3,95.6,No,No
PRF02561,EMP02555,2024-H1,4,85.2,Yes,No
PRF02562,EMP00887,2024-H1,4,60.4,No,Yes
PRF02563,EMP00262,2026-H1,3,45.9,No,Yes
PRF02564,EMP00681,2026-H1,4,90.1,No,No
PRF02565,EMP02666,2026-H1,3,78.1,Yes,Yes
PRF02566,EMP01291,2025-H2,3,73.3,No,No
PRF02567,EMP02290,2026-H1,5,68.8,No,No
PRF02568,EMP01869,2024-H1,4,77.4,No,Yes
PRF02569,EMP00436,2024-H1,4,62.6,No,No
PRF02570,EMP02357,2024-H2,,81.7,No,Yes
PRF02571,EMP02121,2026-H1,1,84.9,No,No
PRF02572,EMP00180,2025-H2,4,99.7,No,No
PRF02573,EMP01616,2024-H2,3,82.7,No,No
PRF02574,EMP00382,2024-H1,4,70.6,No,No
PRF02575,EMP03096,2024-H2,,68.3,No,Yes
PRF02576,EMP02003,2024-H1,1,91.5,Yes,Yes
PRF02577,EMP01975,2024-H2,4,88.0,No,No
PRF02578,EMP02541,2024-H1,5,87.2,Yes,Yes
PRF02579,EMP02230,2025-H2,3,8.7,No,Yes
PRF02580,EMP03143,2025-H1,5,48.9,No,Yes
PRF02581,EMP01623,2025-H2,4,45.5,No,Yes
PRF02582,EMP01093,2024-H2,3,97.7,No,Yes
PRF02583,EMP03138,2024-H2,2,97.6,No,Yes
PRF02584,EMP01048,2025-H2,5,55.0,No,Yes
PRF02585,EMP01677,2025-H1,4,92.6,No,No
PRF02586,EMP02318,2024-H2,3,96.4,No,Yes
PRF02587,EMP01163,2024-H1,3,74.2,No,No
PRF02588,EMP02448,2025-H2,5,66.4,No,No
PRF02589,EMP00319,2024-H2,3,89.2,No,Yes
PRF02590,EMP02843,2024-H2,3,81.4,No,No
PRF02591,EMP00381,2025-H2,2,87.6,No,No
PRF02592,EMP02518,2024-H1,4,97.3,No,No
PRF02593,EMP03150,2024-H2,5,90.4,No,Yes
PRF02594,EMP02110,2025-H1,4,98.7,No,Yes
PRF02595,EMP00171,2024-H1,4,72.3,No,No
PRF02596,EMP00010,2024-H1,4,41.4,No,Yes
PRF02597,EMP03016,2024-H2,5,86.3,No,Yes
PRF02598,EMP02270,2026-H1,,55.9,No,Yes
PRF02599,EMP03115,2024-H2,4,80.3,Yes,Yes
PRF02600,EMP02871,2024-H2,3,76.8,No,Yes
PRF02601,EMP00044,2025-H1,4,94.0,No,Yes
PRF02602,EMP00986,2025-H1,4,66.6,Yes,No
PRF02603,EMP00458,2025-H1,4,45.3,Yes,Yes
PRF02604,EMP01605,2026-H1,2,86.1,No,No
PRF02605,EMP02506,2025-H1,2,90.1,Yes,No
PRF02606,EMP03105,2024-H2,3,58.5,No,Yes
PRF02607,EMP00888,2025-H1,4,73.1,No,Yes
PRF02608,EMP02138,2024-H1,5,47.0,Yes,No
PRF02609,EMP00546,2025-H2,4,77.5,No,Yes
PRF02610,EMP01210,2025-H1,3,99.0,No,Yes
PRF02611,EMP00891,2025-H1,4,67.4,Yes,No
PRF02612,EMP02461,2026-H1,4,96.7,No,No
PRF02613,EMP03163,2025-H1,3,65.9,No,Yes
PRF02614,EMP02081,2025-H2,3,98.5,No,Yes
PRF02615,EMP02043,2025-H2,3,76.4,No,No
PRF02616,EMP00927,2025-H2,4,59.4,No,No
PRF02617,EMP01521,2024-H1,5,89.3,Yes,Yes
PRF02618,EMP00311,2026-H1,5,46.9,No,No
PRF02619,EMP00602,2024-H1,,97.9,No,Yes
PRF02620,EMP03067,2025-H1,3,54.3,Yes,Yes
PRF02621,EMP00415,2026-H1,4,71.5,Yes,Yes
PRF02622,EMP00107,2026-H1,4,85.4,No,No
PRF02623,EMP00602,2026-H1,3,80.9,No,No
PRF02624,EMP00516,2025-H2,3,97.2,No,No
PRF02625,EMP02074,2024-H2,3,94.9,No,Yes
PRF02626,EMP01703,2024-H1,5,97.1,No,Yes
PRF02627,EMP01115,2026-H1,4,66.4,Yes,Yes
PRF02628,EMP02582,2024-H1,4,96.7,No,No
PRF02629,EMP01596,2026-H1,3,45.7,Yes,No
PRF02630,EMP00887,2024-H1,3,99.1,No,No
PRF02631,EMP02422,2026-H1,5,82.9,Yes,No
PRF02632,EMP02771,2025-H2,3,73.8,No,Yes
PRF02633,EMP02567,2025-H1,4,93.5,No,No
PRF02634,EMP01140,2024-H1,3,91.2,No,Yes
PRF02635,EMP01714,2025-H1,4,42.7,No,Yes
PRF02636,EMP00119,2024-H1,4,73.6,No,Yes
PRF02637,EMP00114,2025-H2,4,92.4,Yes,Yes
PRF02638,EMP02138,2024-H2,3,82.5,No,No
PRF02639,EMP02069,2025-H1,4,65.1,No,No
PRF02640,EMP02787,2024-H1,1,51.2,No,Yes
PRF02641,EMP00559,2025-H2,4,63.9,No,Yes
PRF02642,EMP00325,2024-H1,5,94.9,No,No
PRF02643,EMP00985,2025-H2,3,99.9,No,Yes
PRF02644,EMP02188,2026-H1,4,52.1,No,Yes
PRF02645,EMP01041,2024-H1,5,44.8,No,Yes
PRF02646,EMP03053,2026-H1,5,52.6,No,Yes
PRF02647,EMP91710,2026-H1,4,55.6,No,Yes
PRF02648,EMP00277,2024-H1,,41.6,Yes,No
PRF02649,EMP01798,2026-H1,3,88.0,Yes,No
PRF02650,EMP02972,2025-H2,5,95.7,No,Yes
PRF02651,EMP02561,2024-H2,4,98.3,Yes,No
PRF02652,EMP00677,2024-H2,1,87.5,No,Yes
PRF02653,EMP01226,2024-H1,4,66.5,No,No
PRF02654,EMP01955,2025-H1,2,85.8,No,No
PRF02655,EMP02739,2024-H2,3,41.6,No,Yes
PRF02656,EMP02621,2024-H2,3,62.4,Yes,No
PRF02657,EMP00691,2024-H2,4,50.1,No,No
PRF02658,EMP00122,2025-H1,4,86.3,No,No
PRF02659,EMP02172,2024-H1,3,93.9,Yes,No
PRF02660,EMP01562,2025-H2,1,80.2,No,No
PRF02661,EMP02901,2025-H1,3,93.9,No,No
PRF02662,EMP01630,2025-H2,4,87.3,No,Yes
PRF02663,EMP00606,2024-H2,2,44.1,No,No
PRF02664,EMP01840,2024-H1,1,44.6,No,No
PRF02665,EMP03109,2025-H2,1,78.0,No,Yes
PRF02666,EMP02643,2024-H2,3,91.4,No,Yes
PRF02667,EMP01535,2025-H2,1,67.5,No,Yes
PRF02668,EMP02020,2026-H1,,48.1,No,Yes
PRF02669,EMP02027,2024-H1,3,90.3,No,Yes
PRF02670,EMP03107,2025-H2,4,45.6,Yes,Yes
PRF02671,EMP91018,2025-H2,3,65.2,No,No
PRF02672,EMP02760,2025-H2,3,93.2,No,Yes
PRF02673,EMP00832,2024-H1,,86.2,No,No
PRF02674,EMP00513,2024-H1,5,43.0,Yes,Yes
PRF02675,EMP01614,2024-H2,3,67.0,No,No
PRF02676,EMP02107,2025-H1,1,99.8,Yes,No
PRF02677,EMP00368,2024-H2,3,91.1,No,Yes
PRF02678,EMP01909,2024-H1,3,53.4,No,No
PRF02679,EMP02345,2024-H2,3,44.6,No,Yes
PRF02680,EMP02874,2025-H1,5,51.3,No,No
PRF02681,EMP02975,2025-H1,5,82.0,No,No
PRF02682,EMP01564,2026-H1,4,73.1,No,No
PRF02683,EMP02177,2026-H1,3,71.6,No,No
PRF02684,EMP02490,2024-H1,4,89.9,No,No
PRF02685,EMP02906,2025-H1,4,54.3,No,Yes
PRF02686,EMP03013,2025-H2,3,72.9,No,No
PRF02687,EMP02169,2024-H2,5,81.8,No,No
PRF02688,EMP01242,2024-H2,4,61.5,No,Yes
PRF02689,EMP00592,2025-H1,3,46.6,No,No
PRF02690,EMP00350,2024-H1,3,97.3,No,No
PRF02691,EMP01048,2026-H1,4,46.8,No,No
PRF02692,EMP01911,2025-H2,4,83.4,No,Yes
PRF02693,EMP00307,2024-H2,3,51.6,No,Yes
PRF02694,EMP02377,2025-H1,5,62.7,Yes,No
PRF02695,EMP01624,2026-H1,4,59.2,Yes,Yes
PRF02696,EMP02780,2024-H2,4,76.5,Yes,No
PRF02697,EMP03148,2025-H1,4,50.7,No,No
PRF02698,EMP02425,2024-H2,3,47.1,No,Yes
PRF02699,EMP00416,2026-H1,3,58.8,No,No
PRF02700,EMP02674,2026-H1,4,47.8,No,No
PRF02701,EMP02275,2024-H1,3,97.1,No,Yes
PRF02702,EMP02926,2024-H1,3,74.8,No,No
PRF02703,EMP01101,2026-H1,4,45.5,No,Yes
PRF02704,EMP03117,2026-H1,2,55.3,No,Yes
PRF02705,EMP02929,2026-H1,2,71.6,No,No
PRF02706,EMP00873,2025-H2,3,2.3,Yes,Yes
PRF02707,EMP00797,2026-H1,3,52.9,No,Yes
PRF02708,EMP01957,2025-H2,,92.3,No,Yes
PRF02709,EMP00421,2025-H2,3,81.6,No,No
PRF02710,EMP01419,2026-H1,4,62.2,No,No
PRF02711,EMP02810,2024-H1,3,40.9,No,Yes
PRF02712,EMP03107,2024-H2,3,61.8,No,No
PRF02713,EMP01531,2026-H1,3,60.6,No,No
PRF02714,EMP02226,2025-H2,3,69.8,Yes,No
PRF02715,EMP00736,2026-H1,4,74.2,No,Yes
PRF02716,EMP00737,2025-H2,3,64.9,No,Yes
PRF02717,EMP01360,2025-H1,4,75.5,No,No
PRF02718,EMP02794,2025-H1,3,42.1,No,Yes
PRF02719,EMP00104,2025-H2,4,72.9,No,No
PRF02720,EMP01750,2025-H2,4,40.1,No,No
PRF02721,EMP02546,2026-H1,1,95.2,No,No
PRF02722,EMP00709,2025-H1,4,55.5,Yes,Yes
PRF02723,EMP01032,2024-H1,3,63.8,No,Yes
PRF02724,EMP00647,2025-H2,2,54.2,No,Yes
PRF02725,EMP02481,2024-H2,4,58.5,No,Yes
PRF02726,EMP00868,2024-H2,3,76.1,No,Yes
PRF02727,EMP00506,2025-H2,5,73.3,No,Yes
PRF02728,EMP00819,2024-H2,3,75.3,No,Yes
PRF02729,EMP02018,2025-H1,4,82.1,No,Yes
PRF02730,EMP01246,2026-H1,2,53.5,Yes,No
PRF02731,EMP01160,2025-H1,3,63.2,No,Yes
PRF02732,EMP00821,2024-H2,5,61.1,Yes,No
PRF02733,EMP02182,2025-H2,3,55.1,No,No
PRF02734,EMP01220,2025-H2,5,95.5,Yes,Yes
PRF02735,EMP00371,2024-H2,4,79.6,No,Yes
PRF02736,EMP00615,2025-H1,5,57.2,No,Yes
PRF02737,EMP01868,2026-H1,4,61.8,No,Yes
PRF02738,EMP00846,2025-H1,4,74.3,No,No
PRF02739,EMP00393,2026-H1,5,73.1,No,No
PRF02740,EMP01166,2024-H1,5,47.4,No,No
PRF02741,EMP00894,2026-H1,1,92.6,No,Yes
PRF02742,EMP02345,2024-H2,4,41.5,No,Yes
PRF02743,EMP00389,2025-H2,2,70.9,No,Yes
PRF02744,EMP01129,2025-H2,1,59.6,No,No
PRF02745,EMP00681,2025-H1,2,92.1,Yes,No
PRF02746,EMP00757,2025-H2,2,79.7,No,Yes
PRF02747,EMP00292,2025-H2,4,86.4,No,Yes
PRF02748,EMP00163,2026-H1,3,44.5,No,Yes
PRF02749,EMP90418,2026-H1,3,93.9,No,No
PRF02750,EMP03006,2026-H1,,61.8,No,No
PRF02751,EMP00519,2024-H1,3,47.1,No,No
PRF02752,EMP02888,2026-H1,5,81.5,No,Yes
PRF02753,EMP01010,2024-H2,3,70.7,No,No
PRF02754,EMP02398,2024-H1,4,51.8,No,Yes
PRF02755,EMP01609,2024-H2,5,88.6,No,No
PRF02756,EMP01299,2026-H1,5,74.8,No,No
PRF02757,EMP01718,2024-H2,4,73.9,No,Yes
PRF02758,EMP02919,2025-H1,,52.9,No,No
PRF02759,EMP00384,2024-H1,2,48.1,Yes,Yes
PRF02760,EMP01120,2026-H1,4,42.4,Yes,No
PRF02761,EMP01886,2024-H1,5,80.0,No,No
PRF02762,EMP01817,2026-H1,5,88.7,No,Yes
PRF02763,EMP01888,2024-H1,4,58.7,Yes,Yes
PRF02764,EMP00792,2024-H2,4,42.3,No,No
PRF02765,EMP00834,2026-H1,3,83.0,No,Yes
PRF02766,EMP03074,2025-H1,4,99.3,No,No
PRF02767,EMP01012,2025-H1,5,86.9,No,No
PRF02768,EMP01241,2024-H2,4,82.9,No,No
PRF02769,EMP02031,2026-H1,4,56.2,No,No
PRF02770,EMP00150,2024-H1,2,67.0,No,Yes
PRF02771,EMP90280,2025-H1,3,49.9,No,Yes
PRF02772,EMP01202,2024-H1,5,66.9,No,Yes
PRF02773,EMP00333,2026-H1,3,70.4,No,No
PRF02774,EMP02880,2024-H1,4,88.7,Yes,Yes
PRF02775,EMP00187,2025-H1,4,82.2,No,No
PRF02776,EMP00535,2026-H1,,75.5,Yes,No
PRF02777,EMP03145,2025-H2,3,69.5,No,No
PRF02778,EMP00569,2024-H2,4,88.5,No,No
PRF02779,EMP02374,2025-H2,2,40.8,No,Yes
PRF02780,EMP01943,2025-H1,5,63.3,No,No
PRF02781,EMP02443,2025-H2,4,74.9,Yes,No
PRF02782,EMP01774,2025-H2,5,88.1,No,Yes
PRF02783,EMP00936,2024-H2,4,57.6,No,No
PRF02784,EMP01068,2025-H2,5,47.0,No,No
PRF02785,EMP00433,2025-H1,4,47.6,No,No
PRF02786,EMP02329,2024-H1,3,98.7,No,Yes
PRF02787,EMP00890,2025-H2,4,51.5,No,No
PRF02788,EMP00790,2024-H2,5,45.5,No,Yes
PRF02789,EMP01680,2026-H1,4,45.8,No,Yes
PRF02790,EMP02941,2024-H2,3,89.3,No,No
PRF02791,EMP00951,2025-H1,3,56.5,No,Yes
PRF02792,EMP00206,2024-H1,2,42.8,Yes,No
PRF02793,EMP00216,2026-H1,4,78.6,No,Yes
PRF02794,EMP02939,2024-H1,5,74.3,No,No
PRF02795,EMP01174,2024-H2,1,96.7,Yes,No
PRF02796,EMP02465,2025-H2,4,72.4,Yes,No
PRF02797,EMP03036,2026-H1,4,64.0,No,Yes
PRF02798,EMP00475,2024-H2,3,51.1,Yes,Yes
PRF02799,EMP02362,2025-H2,3,62.1,Yes,No
PRF02800,EMP00900,2024-H2,3,99.6,No,No
PRF02801,EMP01963,2026-H1,4,75.4,No,No
PRF02802,EMP01395,2025-H1,3,49.7,No,No
PRF02803,EMP00215,2024-H1,5,67.2,No,No
PRF02804,EMP00814,2025-H2,4,59.4,No,No
PRF02805,EMP00888,2026-H1,3,78.2,Yes,No
PRF02806,EMP00945,2024-H2,4,86.6,No,Yes
PRF02807,EMP00211,2024-H1,4,89.6,No,No
PRF02808,EMP00499,2025-H2,3,48.9,No,No
PRF02809,EMP02041,2024-H2,4,48.0,No,No
PRF02810,EMP00503,2026-H1,3,98.6,Yes,Yes
PRF02811,EMP03070,2025-H2,3,86.2,No,Yes
PRF02812,EMP01593,2025-H1,2,53.0,No,Yes
PRF02813,EMP02226,2025-H1,4,68.2,No,Yes
PRF02814,EMP02941,2024-H1,3,45.6,No,Yes
PRF02815,EMP01255,2025-H2,5,87.6,No,No
PRF02816,EMP02986,2026-H1,3,50.2,No,Yes
PRF02817,EMP00071,2025-H1,4,99.0,No,Yes
PRF02818,EMP02375,2026-H1,4,42.5,No,No
PRF02819,EMP00204,2026-H1,3,77.7,Yes,No
PRF02820,EMP00781,2026-H1,2,53.6,Yes,No
PRF02821,EMP01091,2024-H2,4,45.5,No,Yes
PRF02822,EMP02392,2024-H2,4,40.5,No,No
PRF02823,EMP00908,2026-H1,4,76.9,No,No
PRF02824,EMP00675,2024-H1,4,45.9,No,No
PRF02825,EMP02290,2024-H1,4,97.8,No,Yes
PRF02826,EMP00329,2024-H1,3,73.2,Yes,Yes
PRF02827,EMP00732,2026-H1,3,96.4,Yes,No
PRF02828,EMP02806,2024-H1,5,76.1,No,No
PRF02829,EMP00466,2024-H2,2,93.2,No,No
PRF02830,EMP01384,2025-H2,5,53.1,No,No
PRF02831,EMP02930,2025-H2,4,85.3,No,Yes
PRF02832,EMP00083,2026-H1,4,41.2,No,No
PRF02833,EMP01489,2025-H1,4,70.1,No,Yes
PRF02834,EMP02815,2025-H1,4,40.2,No,No
PRF02835,EMP00274,2024-H1,5,84.4,Yes,No
PRF02836,EMP03013,2024-H1,2,54.2,No,Yes
PRF02837,EMP01482,2024-H1,4,92.9,No,No
PRF02838,EMP01300,2025-H1,5,83.1,No,No
PRF02839,EMP01319,2024-H2,3,75.0,No,Yes
PRF02840,EMP02040,2026-H1,,40.1,No,No
PRF02841,EMP00903,2024-H2,2,81.0,No,Yes
PRF02842,EMP02269,2025-H2,4,70.1,Yes,Yes
PRF02843,EMP00198,2025-H2,5,41.0,Yes,No
PRF02844,EMP03006,2025-H1,1,72.2,No,No
PRF02845,EMP01193,2024-H1,3,69.2,Yes,Yes
PRF02846,EMP01097,2025-H1,2,72.4,No,Yes
PRF02847,EMP02171,2024-H2,2,45.4,No,Yes
PRF02848,EMP01630,2025-H2,4,56.1,No,No
PRF02849,EMP00407,2025-H1,4,50.9,No,No
PRF02850,EMP01406,2026-H1,5,78.1,No,No
PRF02851,EMP00063,2026-H1,3,71.1,Yes,Yes
PRF02852,EMP00468,2025-H2,3,42.6,No,Yes
PRF02853,EMP03151,2026-H1,2,77.6,No,No
PRF02854,EMP01390,2026-H1,4,49.0,No,Yes
PRF02855,EMP00512,2024-H1,4,53.3,No,Yes
PRF02856,EMP00065,2024-H1,4,50.7,Yes,Yes
PRF02857,EMP00248,2025-H2,5,51.0,No,Yes
PRF02858,EMP02222,2025-H2,4,56.4,No,Yes
PRF02859,EMP02203,2026-H1,4,70.6,No,Yes
PRF02860,EMP00235,2025-H1,5,68.2,No,No
PRF02861,EMP01817,2024-H1,2,85.3,No,No
PRF02862,EMP01542,2025-H2,,81.0,Yes,Yes
PRF02863,EMP01673,2026-H1,3,84.4,No,Yes
PRF02864,EMP01964,2025-H2,3,79.3,No,No
PRF02865,EMP00313,2024-H1,4,47.3,No,Yes
PRF02866,EMP02865,2024-H1,3,68.5,Yes,Yes
PRF02867,EMP03172,2025-H1,4,75.6,No,Yes
PRF02868,EMP01116,2024-H1,3,98.7,No,Yes
PRF02869,EMP01814,2024-H1,3,84.4,Yes,No
PRF02870,EMP03165,2025-H1,4,75.0,No,No
PRF02871,EMP00563,2024-H2,5,59.5,No,No
PRF02872,EMP01302,2024-H1,3,63.7,No,No
PRF02873,EMP02544,2024-H1,3,50.1,No,No
PRF02874,EMP01919,2024-H1,3,69.0,No,No
PRF02875,EMP01654,2024-H2,5,55.4,No,Yes
PRF02876,EMP01859,2024-H2,1,78.1,No,Yes
PRF02877,EMP02075,2026-H1,4,84.2,No,No
PRF02878,EMP02001,2025-H2,3,53.5,No,No
PRF02879,EMP01190,2025-H1,1,48.7,Yes,No
PRF02880,EMP01205,2026-H1,4,76.0,Yes,Yes
PRF02881,EMP00142,2025-H2,1,76.8,No,No
PRF02882,EMP00547,2024-H2,3,94.0,No,No
PRF02883,EMP02218,2024-H1,,44.5,No,Yes
PRF02884,EMP01348,2025-H2,3,46.0,No,No
PRF02885,EMP01095,2024-H1,3,58.3,No,No
PRF02886,EMP03138,2025-H1,4,76.9,Yes,Yes
PRF02887,EMP01179,2025-H1,5,49.6,No,No
PRF02888,EMP01194,2024-H2,3,67.6,No,No
PRF02889,EMP02674,2025-H1,2,83.1,No,No
PRF02890,EMP00206,2025-H1,3,78.4,No,Yes
PRF02891,EMP01200,2025-H2,4,86.1,No,Yes
PRF02892,EMP00499,2026-H1,3,0.1,No,Yes
PRF02893,EMP01577,2025-H2,5,65.5,No,Yes
PRF02894,EMP01194,2026-H1,3,85.5,Yes,No
PRF02895,EMP01583,2026-H1,2,92.4,No,No
PRF02896,EMP02093,2024-H1,3,73.8,No,No
PRF02897,EMP01800,2024-H1,5,55.2,No,Yes
PRF02898,EMP03017,2025-H1,3,85.9,No,No
PRF02899,EMP00797,2024-H1,3,74.5,No,Yes
PRF02900,EMP01823,2024-H1,3,72.7,No,No
PRF02901,EMP03015,2024-H2,3,62.6,No,Yes
PRF02902,EMP01466,2025-H1,4,54.4,No,No
PRF02903,EMP00863,2024-H2,4,62.2,No,No
PRF02904,EMP01490,2025-H1,4,70.8,No,Yes
PRF02905,EMP99887,2025-H2,4,92.0,No,No
PRF02906,EMP02785,2025-H2,3,52.4,No,No
PRF02907,EMP01426,2026-H1,3,76.5,No,No
PRF02908,EMP00119,2025-H1,4,52.7,No,No
PRF02909,EMP00255,2025-H1,4,78.5,No,Yes
PRF02910,EMP03001,2024-H1,5,98.1,No,Yes
PRF02911,EMP01897,2026-H1,2,92.8,No,Yes
PRF02912,EMP00364,2024-H2,4,78.3,No,Yes
PRF02913,EMP00844,2024-H2,2,59.0,No,No
PRF02914,EMP02241,2024-H2,4,99.3,No,Yes
PRF02915,EMP01215,2025-H2,4,85.4,No,Yes
PRF02916,EMP00108,2025-H1,4,62.1,No,Yes
PRF02917,EMP00126,2024-H1,3,56.2,No,No
PRF02918,EMP02505,2025-H2,4,85.5,Yes,No
PRF02919,EMP02854,2024-H1,4,40.7,No,No
PRF02920,EMP01792,2025-H1,4,85.0,No,Yes
PRF02921,EMP94523,2024-H2,3,84.8,No,No
PRF02922,EMP02064,2025-H1,2,68.6,No,Yes
PRF02923,EMP00360,2026-H1,4,53.3,No,No
PRF02924,EMP02872,2025-H2,3,83.6,No,Yes
PRF02925,EMP91026,2025-H2,2,66.2,Yes,Yes
PRF02926,EMP02474,2026-H1,3,79.3,No,No
PRF02927,EMP02639,2025-H2,3,59.3,No,No
PRF02928,EMP02441,2025-H1,4,56.5,Yes,Yes
PRF02929,EMP00712,2024-H2,3,62.5,No,No
PRF02930,EMP01193,2024-H1,4,96.8,No,Yes
PRF02931,EMP00353,2024-H1,3,94.4,No,Yes
PRF02932,EMP00951,2026-H1,4,78.1,No,No
PRF02933,EMP00483,2025-H1,4,93.2,Yes,Yes
PRF02934,EMP02862,2024-H2,4,73.3,No,Yes
PRF02935,EMP02114,2025-H2,3,53.2,Yes,No
PRF02936,EMP00802,2025-H1,4,65.9,No,No
PRF02937,EMP03194,2024-H1,4,84.9,Yes,Yes
PRF02938,EMP02221,2024-H1,4,83.2,No,No
PRF02939,EMP00301,2024-H1,5,83.3,No,No
PRF02940,EMP03020,2025-H2,3,51.5,No,Yes
PRF02941,EMP01736,2025-H1,5,65.5,No,No
PRF02942,EMP02370,2025-H1,3,83.6,No,No
PRF02943,EMP00402,2024-H1,1,79.2,No,Yes
PRF02944,EMP01445,2024-H1,2,94.2,No,Yes
PRF02945,EMP01785,2025-H1,2,51.2,No,Yes
PRF02946,EMP02252,2024-H1,4,85.4,No,Yes
PRF02947,EMP01512,2024-H2,5,76.9,No,Yes
PRF02948,EMP01237,2025-H1,5,60.1,No,Yes
PRF02949,EMP01879,2024-H1,3,76.4,No,Yes
PRF02950,EMP02748,2026-H1,,95.3,No,Yes
PRF02951,EMP01616,2024-H2,5,71.6,No,No
PRF02952,EMP02092,2024-H1,4,41.2,No,No
PRF02953,EMP02198,2024-H1,4,54.7,No,No
PRF02954,EMP00114,2024-H2,5,48.4,No,Yes
PRF02955,EMP00398,2024-H1,,75.4,No,No
PRF02956,EMP02747,2024-H1,4,80.8,No,No
PRF02957,EMP01672,2025-H1,3,42.2,No,No
PRF02958,EMP00531,2025-H2,4,72.4,Yes,Yes
PRF02959,EMP01726,2024-H1,3,60.3,Yes,No
PRF02960,EMP01219,2026-H1,3,97.6,No,No
PRF02961,EMP02412,2025-H2,4,83.4,No,Yes
PRF02962,EMP01267,2025-H1,4,56.0,No,Yes
PRF02963,EMP02849,2024-H1,1,73.9,No,Yes
PRF02964,EMP00392,2025-H1,3,43.8,Yes,No
PRF02965,EMP02105,2024-H2,4,65.4,No,Yes
PRF02966,EMP99624,2025-H1,5,69.0,Yes,No
PRF02967,EMP03074,2024-H1,4,97.2,No,Yes
PRF02968,EMP02608,2024-H1,4,89.9,No,No
PRF02969,EMP00474,2025-H1,1,69.5,No,Yes
PRF02970,EMP03192,2024-H2,3,52.8,No,No
PRF02971,EMP02493,2025-H1,2,97.1,No,Yes
PRF02972,EMP00137,2026-H1,5,90.2,No,Yes
PRF02973,EMP01471,2024-H1,4,90.5,No,No
PRF02974,EMP00995,2024-H1,2,76.5,No,No
PRF02975,EMP00594,2026-H1,2,45.2,No,Yes
PRF02976,EMP00157,2024-H2,4,64.2,No,No
PRF02977,EMP00942,2025-H2,3,79.5,No,Yes
PRF02978,EMP02792,2024-H2,3,54.4,No,Yes
PRF02979,EMP02029,2024-H1,4,67.6,No,Yes
PRF02980,EMP01519,2024-H2,3,54.0,No,No
PRF02981,EMP00638,2026-H1,4,40.8,No,Yes
PRF02982,EMP00021,2025-H2,4,42.9,No,No
PRF02983,EMP01410,2025-H1,4,83.6,No,Yes
PRF02984,EMP01570,2024-H2,2,40.7,Yes,No
PRF02985,EMP01614,2024-H1,5,44.9,No,Yes
PRF02986,EMP01974,2026-H1,3,76.4,Yes,Yes
PRF02987,EMP01598,2026-H1,2,75.8,Yes,Yes
PRF02988,EMP03099,2024-H1,,87.8,No,No
PRF02989,EMP01115,2024-H2,3,48.2,No,Yes
PRF02990,EMP02281,2024-H2,4,50.0,No,No
PRF02991,EMP00406,2024-H1,3,93.1,No,No
PRF02992,EMP00660,2026-H1,5,80.4,No,No
PRF02993,EMP02617,2025-H1,4,79.4,Yes,Yes
PRF02994,EMP00182,2024-H1,3,82.1,Yes,Yes
PRF02995,EMP02395,2024-H2,3,46.8,No,Yes
PRF02996,EMP02872,2026-H1,5,52.4,No,No
PRF02997,EMP01951,2025-H2,2,52.3,No,No
PRF02998,EMP01351,2024-H1,3,81.0,Yes,Yes
PRF02999,EMP01583,2024-H2,4,66.9,Yes,Yes
PRF03000,EMP02732,2024-H2,3,45.3,No,Yes
PRF03001,EMP02799,2026-H1,3,50.0,No,No
PRF03002,EMP00656,2025-H2,5,58.3,No,Yes
PRF03003,EMP02563,2025-H1,3,42.2,No,Yes
PRF03004,EMP02813,2024-H1,3,50.6,No,No
PRF03005,EMP01170,2025-H1,4,86.6,No,Yes
PRF03006,EMP01411,2024-H1,5,98.8,No,Yes
PRF03007,EMP02598,2025-H2,5,99.9,No,Yes
PRF03008,EMP02897,2025-H1,4,56.7,No,Yes
PRF03009,EMP01101,2024-H2,4,78.2,No,Yes
PRF03010,EMP01785,2025-H2,4,89.2,No,Yes
PRF03011,EMP02553,2025-H1,2,46.7,No,Yes
PRF03012,EMP01336,2025-H1,3,50.0,No,Yes
PRF03013,EMP02179,2024-H1,1,65.9,No,Yes
PRF03014,EMP01616,2025-H2,3,87.9,No,No
PRF03015,EMP02745,2025-H1,5,99.4,No,No
PRF03016,EMP01885,2026-H1,3,63.3,No,No
PRF03017,EMP00733,2025-H1,4,66.8,No,Yes
PRF03018,EMP01373,2024-H2,4,51.0,No,No
PRF03019,EMP00132,2025-H1,2,73.5,No,No
PRF03020,EMP00259,2024-H1,5,98.0,No,No
PRF03021,EMP01117,2024-H1,4,77.2,Yes,No
PRF03022,EMP94840,2026-H1,4,69.1,No,Yes
PRF03023,EMP00101,2026-H1,3,89.7,Yes,No
PRF03024,EMP01978,2024-H2,3,63.4,No,Yes
PRF03025,EMP00040,2025-H1,5,53.8,No,No
PRF03026,EMP01189,2026-H1,5,75.8,Yes,No
PRF03027,EMP00703,2025-H2,3,44.0,No,No
PRF03028,EMP00525,2025-H1,4,81.1,No,No
PRF03029,EMP01591,2025-H1,3,92.9,No,No
PRF03030,EMP01616,2026-H1,3,80.0,No,No
PRF03031,EMP03193,2024-H2,4,97.0,No,Yes
PRF03032,EMP02249,2025-H1,2,70.4,No,Yes
PRF03033,EMP02603,2026-H1,2,79.5,Yes,No
PRF03034,EMP01698,2025-H1,4,67.1,No,No
PRF03035,EMP02891,2024-H2,3,88.3,No,No
PRF03036,EMP02083,2025-H1,4,49.0,No,Yes
PRF03037,EMP00394,2025-H2,3,45.2,No,No
PRF03038,EMP00365,2024-H2,4,57.2,No,Yes
PRF03039,EMP01181,2026-H1,3,48.4,No,Yes
PRF03040,EMP01161,2026-H1,5,79.5,No,Yes
PRF03041,EMP01341,2025-H1,,42.1,No,No
PRF03042,EMP01443,2026-H1,1,64.4,No,No
PRF03043,EMP01792,2024-H2,3,84.3,Yes,Yes
PRF03044,EMP01734,2024-H1,4,60.8,Yes,No
PRF03045,EMP02151,2025-H2,5,83.8,Yes,No
PRF03046,EMP00097,2025-H2,4,48.9,No,Yes
PRF03047,EMP00928,2024-H2,5,64.2,Yes,Yes
PRF03048,EMP00959,2025-H2,3,79.1,No,No
PRF03049,EMP03045,2024-H1,4,81.7,No,Yes
PRF03050,EMP02708,2024-H2,3,60.4,Yes,Yes
PRF03051,EMP01416,2026-H1,1,68.7,Yes,Yes
PRF03052,EMP03091,2025-H1,4,85.5,Yes,No
PRF03053,EMP02709,2026-H1,3,45.8,No,Yes
PRF03054,EMP03175,2024-H2,3,83.2,No,No
PRF03055,EMP02366,2025-H1,4,40.1,Yes,Yes
PRF03056,EMP02475,2024-H2,4,68.8,No,No
PRF03057,EMP02123,2024-H2,3,71.6,No,Yes
PRF03058,EMP03075,2024-H2,5,98.1,Yes,Yes
PRF03059,EMP01732,2026-H1,4,53.4,No,Yes
PRF03060,EMP01278,2024-H2,2,78.5,No,No
PRF03061,EMP02167,2026-H1,3,53.4,No,No
PRF03062,EMP01890,2025-H2,5,83.8,No,No
PRF03063,EMP01539,2024-H2,4,49.3,No,No
PRF03064,EMP02304,2025-H1,4,49.4,No,Yes
PRF03065,EMP01481,2024-H1,4,60.8,No,Yes
PRF03066,EMP02314,2025-H2,3,86.6,No,Yes
PRF03067,EMP00255,2024-H1,4,75.9,No,No
PRF03068,EMP01958,2025-H1,4,59.9,Yes,No
PRF03069,EMP02776,2026-H1,4,97.7,No,No
PRF03070,EMP00118,2026-H1,3,90.3,No,No
PRF03071,EMP00127,2024-H1,3,55.3,Yes,No
PRF03072,EMP00460,2025-H2,3,96.8,No,Yes
PRF03073,EMP00783,2024-H2,2,54.0,Yes,Yes
PRF03074,EMP02569,2026-H1,5,72.4,Yes,Yes
PRF03075,EMP02823,2026-H1,4,46.7,No,Yes
PRF03076,EMP00187,2025-H2,4,86.9,Yes,Yes
PRF03077,EMP01361,2024-H1,4,45.2,No,No
PRF03078,EMP02843,2024-H2,4,44.0,No,Yes
PRF03079,EMP02865,2026-H1,2,47.0,No,No
PRF03080,EMP02136,2024-H2,3,46.8,No,Yes
PRF03081,EMP00276,2024-H2,5,72.7,No,Yes
PRF03082,EMP02881,2026-H1,3,89.0,No,Yes
PRF03083,EMP02714,2025-H2,4,75.0,No,No
PRF03084,EMP01610,2026-H1,2,46.0,No,No
PRF03085,EMP01246,2024-H1,4,50.3,Yes,Yes
PRF03086,EMP00385,2025-H1,5,78.2,Yes,Yes
PRF03087,EMP00487,2024-H1,3,84.7,No,Yes
PRF03088,EMP03104,2026-H1,1,44.0,Yes,No
PRF03089,EMP92422,2025-H2,4,45.3,No,Yes
PRF03090,EMP00884,2025-H1,5,58.4,No,Yes
PRF03091,EMP02760,2025-H2,4,70.1,No,Yes
PRF03092,EMP03025,2024-H1,3,94.6,Yes,No
PRF03093,EMP02287,2024-H2,3,82.3,No,No
PRF03094,EMP00299,2024-H2,5,74.5,Yes,Yes
PRF03095,EMP00839,2025-H1,4,50.5,Yes,Yes
PRF03096,EMP02153,2025-H2,3,74.6,No,No
PRF03097,EMP00858,2024-H2,4,54.7,Yes,Yes
PRF03098,EMP00314,2024-H1,4,73.6,Yes,Yes
PRF03099,EMP00283,2024-H2,5,48.9,Yes,Yes
PRF03100,EMP01183,2026-H1,4,44.8,Yes,No
PRF03101,EMP00012,2026-H1,4,50.8,No,No
PRF03102,EMP02236,2024-H2,4,89.9,No,No
PRF03103,EMP02628,2025-H2,2,75.0,No,No
PRF03104,EMP00836,2026-H1,4,60.7,No,Yes
PRF03105,EMP01658,2024-H1,4,80.4,No,No
PRF03106,EMP02203,2024-H2,4,60.5,Yes,Yes
PRF03107,EMP01352,2024-H1,4,72.8,No,No
PRF03108,EMP01064,2025-H1,3,95.2,Yes,No
PRF03109,EMP00759,2026-H1,5,63.7,No,Yes
PRF03110,EMP02261,2024-H2,5,48.5,Yes,No
PRF03111,EMP02992,2024-H2,5,43.0,No,Yes
PRF03112,EMP00521,2025-H1,3,72.5,No,No
PRF03113,EMP00939,2024-H1,2,60.5,No,Yes
PRF03114,EMP02776,2024-H1,3,80.9,No,Yes
PRF03115,EMP02886,2025-H2,3,50.2,No,No
PRF03116,EMP01575,2025-H1,,87.4,No,Yes
PRF03117,EMP00612,2024-H1,2,49.5,No,No
PRF03118,EMP02905,2024-H1,3,98.5,No,Yes
PRF03119,EMP01145,2026-H1,5,68.5,No,Yes
PRF03120,EMP95890,2024-H2,1,66.5,No,Yes
PRF03121,EMP02346,2024-H2,2,44.0,Yes,No
PRF03122,EMP01868,2024-H1,3,67.2,No,No
PRF03123,EMP00789,2025-H2,3,92.1,No,No
PRF03124,EMP02261,2024-H2,3,94.7,No,Yes
PRF03125,EMP00759,2024-H1,,88.5,No,No
PRF03126,EMP02131,2025-H2,3,93.9,No,Yes
PRF03127,EMP02299,2025-H1,3,75.8,No,Yes
PRF03128,EMP00853,2024-H2,5,78.5,No,No
PRF03129,EMP02303,2024-H1,3,70.5,No,No
PRF03130,EMP02594,2025-H1,4,72.5,Yes,No
PRF03131,EMP01337,2024-H2,3,46.1,No,No
PRF03132,EMP03028,2025-H2,4,55.8,No,No
PRF03133,EMP00509,2024-H1,4,54.3,No,No
PRF03134,EMP02261,2025-H1,3,55.6,No,No
PRF03135,EMP01026,2025-H2,3,79.9,No,Yes
PRF03136,EMP02377,2024-H2,4,80.4,Yes,Yes
PRF03137,EMP00260,2025-H1,4,59.8,No,Yes
PRF03138,EMP02473,2024-H2,4,40.9,No,No
PRF03139,EMP02928,2024-H1,5,78.9,No,Yes
PRF03140,EMP00376,2025-H2,3,72.2,No,Yes
PRF03141,EMP00265,2025-H1,2,56.7,No,Yes
PRF03142,EMP00172,2024-H1,4,90.3,No,Yes
PRF03143,EMP02071,2024-H2,3,2.3,Yes,Yes
PRF03144,EMP00190,2025-H2,5,82.1,No,Yes
PRF03145,EMP02539,2026-H1,5,63.4,No,No
PRF03146,EMP00380,2026-H1,3,62.6,No,Yes
PRF03147,EMP00619,2026-H1,3,74.3,No,Yes
PRF03148,EMP02424,2025-H1,4,68.5,No,No
PRF03149,EMP00365,2026-H1,4,66.8,No,Yes
PRF03150,EMP00462,2025-H2,4,67.5,No,Yes
PRF03151,EMP02951,2026-H1,4,51.8,No,Yes
PRF03152,EMP01183,2025-H1,4,43.9,No,No
PRF03153,EMP00581,2026-H1,1,66.3,No,Yes
PRF03154,EMP02665,2024-H2,3,86.4,No,Yes
PRF03155,EMP00967,2026-H1,3,91.3,No,Yes
PRF03156,EMP02538,2024-H2,2,59.1,No,No
PRF03157,EMP02139,2024-H2,3,0.0,No,Yes
PRF03158,EMP00342,2025-H1,3,53.6,No,No
PRF03159,EMP01345,2024-H1,3,86.1,No,Yes
PRF03160,EMP00090,2025-H1,4,60.2,No,Yes
PRF03161,EMP01703,2024-H1,3,51.9,No,Yes
PRF03162,EMP02647,2025-H1,4,91.5,Yes,Yes
PRF03163,EMP01152,2025-H2,3,78.4,No,No
PRF03164,EMP00017,2024-H2,2,70.8,Yes,No
PRF03165,EMP01851,2024-H2,2,60.7,Yes,Yes
PRF03166,EMP01799,2024-H1,4,85.6,No,Yes
PRF03167,EMP03070,2026-H1,4,50.9,No,Yes
PRF03168,EMP01524,2026-H1,3,88.1,No,Yes
PRF03169,EMP03135,2026-H1,3,85.3,No,Yes
PRF03170,EMP02989,2024-H1,5,59.5,Yes,No
PRF03171,EMP00265,2024-H2,5,97.2,No,No
PRF03172,EMP02626,2026-H1,3,66.7,No,No
PRF03173,EMP00656,2024-H1,5,78.9,No,Yes
PRF03174,EMP00320,2025-H1,3,55.0,Yes,Yes
PRF03175,EMP01651,2024-H1,,94.3,No,No
PRF03176,EMP00311,2026-H1,4,99.1,No,Yes
PRF03177,EMP01172,2024-H1,3,91.0,No,No
PRF03178,EMP02941,2024-H1,5,55.1,Yes,No
PRF03179,EMP01176,2025-H1,,57.0,No,No
PRF03180,EMP01465,2025-H2,5,49.2,Yes,Yes
PRF03181,EMP00841,2024-H2,3,57.0,No,No
PRF03182,EMP01179,2024-H2,5,70.8,Yes,No
PRF03183,EMP02148,2024-H1,4,81.8,No,No
PRF03184,EMP01026,2026-H1,4,65.1,No,No
PRF03185,EMP00428,2025-H1,4,80.4,Yes,No
PRF03186,EMP01622,2025-H1,4,73.4,No,Yes
PRF03187,EMP02802,2025-H2,3,48.6,No,No
PRF03188,EMP00449,2026-H1,3,88.4,Yes,Yes
PRF03189,EMP00433,2025-H2,4,49.0,No,Yes
PRF03190,EMP00681,2025-H1,3,52.5,Yes,Yes
PRF03191,EMP02537,2024-H2,3,94.0,Yes,Yes
PRF03192,EMP02060,2024-H1,4,53.6,No,No
PRF03193,EMP01839,2024-H1,5,47.3,Yes,Yes
PRF03194,EMP00286,2024-H2,3,87.0,Yes,No
PRF03195,EMP00459,2024-H1,4,90.0,No,Yes
PRF03196,EMP90269,2024-H1,4,58.0,Yes,Yes
PRF03197,EMP00346,2024-H1,3,62.7,Yes,Yes
PRF03198,EMP01478,2025-H1,3,76.8,No,Yes
PRF03199,EMP00317,2025-H1,4,63.0,No,No
PRF03200,EMP01110,2026-H1,4,98.6,Yes,Yes
PRF03201,EMP01846,2025-H2,4,80.4,No,Yes
PRF03202,EMP02471,2024-H1,3,63.4,Yes,Yes
PRF03203,EMP01207,2025-H2,3,75.1,No,Yes
PRF03204,EMP03146,2025-H2,1,78.5,No,Yes
PRF03205,EMP02180,2024-H1,3,90.3,No,No
PRF03206,EMP01554,2024-H2,1,51.8,No,Yes
PRF03207,EMP00980,2025-H2,,61.6,No,No
PRF03208,EMP00383,2025-H2,4,90.1,No,No
PRF03209,EMP00888,2025-H2,4,98.4,No,Yes
PRF03210,EMP02171,2024-H2,4,40.5,No,No
PRF03211,EMP01488,2024-H1,4,49.2,No,No
PRF03212,EMP00187,2025-H2,3,85.6,Yes,No
PRF03213,EMP01498,2024-H2,5,95.3,No,Yes
PRF03214,EMP02886,2024-H2,4,62.0,Yes,No
PRF03215,EMP01221,2026-H1,3,92.2,No,Yes
PRF03216,EMP00135,2026-H1,4,52.9,No,Yes
PRF03217,EMP02035,2026-H1,3,99.8,No,No
PRF03218,EMP02803,2025-H1,3,84.4,Yes,Yes
PRF03219,EMP01610,2026-H1,3,89.3,No,No
PRF03220,EMP00691,2025-H2,4,72.4,No,No
PRF03221,EMP00726,2025-H2,5,55.8,No,Yes
PRF03222,EMP00727,2024-H1,5,97.1,No,Yes
PRF03223,EMP02148,2024-H2,5,82.8,No,Yes
PRF03224,EMP01288,2025-H2,1,86.7,Yes,Yes
PRF03225,EMP01521,2024-H1,3,86.0,No,Yes
PRF03226,EMP02970,2024-H2,3,76.4,No,No
PRF03227,EMP00598,2024-H2,3,54.0,No,No
PRF03228,EMP02684,2025-H2,4,88.6,No,No
PRF03229,EMP03021,2025-H2,3,80.9,No,No
PRF03230,EMP02505,2025-H2,4,52.8,No,Yes
PRF03231,EMP02918,2025-H2,,63.4,No,Yes
PRF03232,EMP00576,2024-H2,4,91.0,Yes,No
PRF03233,EMP00020,2025-H2,4,65.1,No,No
PRF03234,EMP00522,2025-H1,3,72.5,No,Yes
PRF03235,EMP01072,2025-H2,4,41.8,No,Yes
PRF03236,EMP01532,2026-H1,1,65.4,Yes,Yes
PRF03237,EMP02189,2026-H1,2,54.7,No,No
PRF03238,EMP02122,2025-H2,3,54.2,No,No
PRF03239,EMP00379,2025-H1,3,52.0,Yes,No
PRF03240,EMP02693,2024-H1,4,66.9,No,Yes
PRF03241,EMP03061,2026-H1,4,67.6,No,Yes
PRF03242,EMP02335,2026-H1,4,42.7,No,No
PRF03243,EMP01743,2025-H1,5,94.5,Yes,Yes
PRF03244,EMP02249,2026-H1,3,80.5,No,Yes
PRF03245,EMP02417,2025-H1,3,65.7,No,No
PRF03246,EMP02258,2025-H1,3,57.0,No,No
PRF03247,EMP01127,2026-H1,3,66.2,No,Yes
PRF03248,EMP01291,2025-H2,4,72.3,No,No
PRF03249,EMP01370,2024-H1,3,40.3,No,No
PRF03250,EMP00875,2024-H1,4,65.5,No,Yes
PRF03251,EMP01134,2024-H1,4,76.1,No,No
PRF03252,EMP00137,2026-H1,2,72.7,No,No
PRF03253,EMP03072,2024-H1,4,61.9,No,No
PRF03254,EMP00443,2026-H1,1,55.9,No,No
PRF03255,EMP01024,2024-H2,4,86.3,Yes,Yes
PRF03256,EMP02290,2024-H1,2,67.8,No,Yes
PRF03257,EMP01970,2024-H2,3,88.9,No,No
PRF03258,EMP00178,2025-H1,5,93.5,No,No
PRF03259,EMP02478,2025-H2,,86.1,No,No
PRF03260,EMP00399,2024-H2,5,55.4,No,No
PRF03261,EMP00168,2026-H1,3,96.3,No,Yes
PRF03262,EMP00478,2025-H2,1,87.8,Yes,Yes
PRF03263,EMP00795,2025-H1,3,49.7,No,Yes
PRF03264,EMP01187,2024-H2,3,43.8,No,No
PRF03265,EMP01045,2025-H1,5,52.2,Yes,No
PRF03266,EMP01041,2024-H2,5,41.0,No,No
PRF03267,EMP00804,2024-H2,3,88.3,No,No
PRF03268,EMP00936,2026-H1,5,47.5,Yes,Yes
PRF03269,EMP01056,2026-H1,5,81.4,No,Yes
PRF03270,EMP01564,2025-H2,4,63.6,No,Yes
PRF03271,EMP02223,2024-H2,2,53.7,Yes,No
PRF03272,EMP00439,2026-H1,4,94.6,Yes,No
PRF03273,EMP00360,2025-H1,3,67.0,No,No
PRF03274,EMP02963,2025-H1,4,52.7,No,Yes
PRF03275,EMP01493,2026-H1,3,86.9,No,Yes
PRF03276,EMP01606,2025-H1,2,58.6,No,Yes
PRF03277,EMP02800,2026-H1,4,47.1,No,Yes
PRF03278,EMP01115,2026-H1,3,89.1,No,No
PRF03279,EMP02896,2025-H2,3,83.8,Yes,No
PRF03280,EMP03148,2025-H1,3,91.9,No,No
PRF03281,EMP02861,2026-H1,3,62.5,No,No
PRF03282,EMP02917,2025-H2,5,47.8,Yes,Yes
PRF03283,EMP02772,2024-H2,,76.0,No,No
PRF03284,EMP00105,2025-H2,5,82.0,Yes,Yes
PRF03285,EMP01412,2024-H2,4,94.3,No,No
PRF03286,EMP02516,2024-H1,4,67.7,No,No
PRF03287,EMP01592,2026-H1,5,98.8,Yes,Yes
PRF03288,EMP00107,2025-H2,3,62.2,No,Yes
PRF03289,EMP00919,2025-H1,3,46.2,No,No
PRF03290,EMP03120,2024-H1,4,96.9,Yes,No
PRF03291,EMP00027,2026-H1,3,78.4,No,No
PRF03292,EMP01770,2024-H2,3,70.6,No,No
PRF03293,EMP02041,2024-H1,4,71.4,No,Yes
PRF03294,EMP00919,2025-H2,3,59.8,No,Yes
PRF03295,EMP02794,2026-H1,2,46.6,No,Yes
PRF03296,EMP01049,2026-H1,5,66.8,Yes,No
PRF03297,EMP01385,2026-H1,5,61.7,No,Yes
PRF03298,EMP00102,2024-H1,4,99.3,Yes,No
PRF03299,EMP02970,2024-H1,3,55.3,No,Yes
PRF03300,EMP03171,2025-H1,5,51.0,No,No
PRF03301,EMP02820,2025-H2,3,87.9,Yes,Yes
PRF03302,EMP02485,2025-H1,4,78.4,No,No
PRF03303,EMP00983,2026-H1,5,79.8,No,No
PRF03304,EMP00251,2025-H1,4,82.2,No,Yes
PRF03305,EMP02373,2026-H1,4,45.7,No,No
PRF03306,EMP00175,2025-H1,4,56.5,No,Yes
PRF03307,EMP00293,2024-H2,3,80.3,No,No
PRF03308,EMP00607,2025-H2,1,95.9,No,No
PRF03309,EMP02235,2025-H2,5,53.2,No,No
PRF03310,EMP00324,2026-H1,5,57.7,No,No
PRF03311,EMP00642,2024-H2,4,63.0,No,No
PRF03312,EMP00588,2024-H1,3,55.5,No,Yes
PRF03313,EMP01721,2024-H2,3,49.3,No,No
PRF03314,EMP02242,2024-H2,3,49.7,Yes,No
PRF03315,EMP00744,2024-H2,3,44.6,No,Yes
PRF03316,EMP03152,2024-H1,4,65.9,No,No
PRF03317,EMP00171,2025-H2,4,64.7,No,No
PRF03318,EMP02737,2026-H1,5,82.2,Yes,No
PRF03319,EMP01669,2024-H2,3,89.5,No,No
PRF03320,EMP02451,2024-H2,3,56.6,No,Yes
PRF03321,EMP02204,2026-H1,4,96.1,No,Yes
PRF03322,EMP02298,2024-H2,2,90.1,No,Yes
PRF03323,EMP01227,2026-H1,3,45.5,No,Yes
PRF03324,EMP01068,2024-H2,4,65.7,No,No
PRF03325,EMP00511,2025-H1,3,41.5,No,Yes
PRF03326,EMP00985,2025-H2,3,51.4,No,No
PRF03327,EMP00552,2026-H1,5,62.5,Yes,Yes
PRF03328,EMP91589,2024-H2,4,48.5,No,No
PRF03329,EMP01206,2024-H1,4,89.3,No,Yes
PRF03330,EMP00896,2024-H2,5,99.8,No,No
PRF03331,EMP02653,2025-H1,4,78.7,No,No
PRF03332,EMP01211,2025-H2,3,59.1,No,No
PRF03333,EMP00171,2024-H1,,50.4,Yes,No
PRF03334,EMP00273,2025-H1,4,95.4,No,No
PRF03335,EMP00110,2025-H1,5,50.7,No,Yes
PRF03336,EMP99024,2024-H2,3,95.2,No,No
PRF03337,EMP01293,2025-H1,3,94.5,No,Yes
PRF03338,EMP00058,2024-H1,3,83.0,No,No
PRF03339,EMP00064,2026-H1,3,8.5,No,No
PRF03340,EMP02225,2024-H2,2,51.5,No,Yes
PRF03341,EMP02202,2025-H1,1,56.4,No,Yes
PRF03342,EMP01015,2024-H1,3,88.9,No,No
PRF03343,EMP02531,2025-H2,3,51.4,No,Yes
PRF03344,EMP01190,2026-H1,2,97.1,No,No
PRF03345,EMP02216,2026-H1,2,8.8,No,No
PRF03346,EMP00878,2024-H1,5,42.3,No,No
PRF03347,EMP00667,2024-H1,4,96.5,No,Yes
PRF03348,EMP02752,2025-H2,3,50.3,No,Yes
PRF03349,EMP00657,2025-H1,3,95.2,No,No
PRF03350,EMP01789,2024-H1,2,47.7,No,Yes
PRF03351,EMP00771,2024-H2,3,72.7,No,No
PRF03352,EMP02412,2024-H2,3,86.0,No,Yes
PRF03353,EMP02032,2024-H1,3,86.4,No,No
PRF03354,EMP02056,2025-H1,3,93.2,No,Yes
PRF03355,EMP02528,2024-H2,2,43.8,No,No
PRF03356,EMP02457,2025-H1,3,59.6,Yes,No
PRF03357,EMP00097,2025-H1,3,40.1,Yes,Yes
PRF03358,EMP01520,2025-H1,3,73.0,No,Yes
PRF03359,EMP03008,2024-H2,3,92.3,No,Yes
PRF03360,EMP01329,2025-H1,5,53.5,No,Yes
PRF03361,EMP00775,2025-H2,4,45.2,No,Yes
PRF03362,EMP00299,2024-H2,4,79.2,No,No
PRF03363,EMP01502,2024-H2,4,45.5,No,No
PRF03364,EMP03000,2024-H2,3,41.2,No,No
PRF03365,EMP95419,2024-H1,3,55.7,No,Yes
PRF03366,EMP01387,2024-H1,3,44.8,Yes,Yes
PRF03367,EMP02573,2026-H1,5,99.6,No,Yes
PRF03368,EMP01595,2026-H1,5,53.8,No,Yes
PRF03369,EMP02440,2024-H2,4,42.5,No,No
PRF03370,EMP02268,2024-H1,1,84.1,No,Yes
PRF03371,EMP02457,2024-H1,2,65.3,No,Yes
PRF03372,EMP01693,2025-H2,4,84.6,No,Yes
PRF03373,EMP03123,2025-H2,1,52.8,No,Yes
PRF03374,EMP00533,2024-H1,3,82.4,No,Yes
PRF03375,EMP01406,2025-H2,4,88.9,No,No
PRF03376,EMP00310,2025-H2,5,44.5,No,No
PRF03377,EMP02579,2024-H2,3,96.7,No,Yes
PRF03378,EMP01541,2025-H2,,95.7,No,No
PRF03379,EMP00370,2025-H1,4,70.4,No,No
PRF03380,EMP01171,2025-H2,4,54.5,No,No
PRF03381,EMP00268,2024-H2,4,92.1,No,Yes
PRF03382,EMP00823,2025-H1,3,46.9,No,Yes
PRF03383,EMP00976,2024-H2,2,83.9,Yes,Yes
PRF03384,EMP02722,2025-H2,,77.4,No,No
PRF03385,EMP00412,2024-H1,4,77.1,No,Yes
PRF03386,EMP00261,2024-H1,3,76.7,No,Yes
PRF03387,EMP02446,2024-H1,4,54.6,No,Yes
PRF03388,EMP00427,2025-H2,3,77.2,Yes,Yes
PRF03389,EMP01030,2025-H1,3,82.7,Yes,Yes
PRF03390,EMP02698,2025-H1,3,96.0,No,Yes
PRF03391,EMP02601,2024-H2,4,63.2,No,No
PRF03392,EMP00587,2026-H1,3,46.8,No,No
PRF03393,EMP01302,2025-H2,4,53.4,No,No
PRF03394,EMP03022,2025-H1,4,46.5,Yes,Yes
PRF03395,EMP01989,2026-H1,4,62.8,No,No
PRF03396,EMP02237,2024-H2,5,83.3,Yes,No
PRF03397,EMP02431,2024-H1,3,40.3,No,Yes
PRF03398,EMP02494,2025-H2,5,41.1,No,No
PRF03399,EMP00127,2025-H2,5,78.0,No,Yes
PRF03400,EMP01404,2024-H1,4,79.5,No,Yes
PRF03401,EMP00457,2025-H1,4,66.5,Yes,Yes
PRF03402,EMP00888,2024-H2,4,66.7,No,Yes
PRF03403,EMP00894,2024-H1,2,72.2,No,Yes
PRF03404,EMP01009,2024-H2,3,89.9,Yes,No
PRF03405,EMP01755,2024-H1,1,91.3,Yes,No
PRF03406,EMP00736,2025-H2,3,93.6,No,No
PRF03407,EMP01738,2024-H2,4,95.7,No,No
PRF03408,EMP02560,2025-H2,4,44.7,No,No
PRF03409,EMP00135,2026-H1,4,86.9,No,No
PRF03410,EMP00140,2026-H1,5,98.1,Yes,Yes
PRF03411,EMP00492,2025-H1,3,92.9,No,Yes
PRF03412,EMP00828,2026-H1,5,98.1,Yes,Yes
PRF03413,EMP00247,2024-H1,3,99.4,No,No
PRF03414,EMP01864,2024-H2,,63.2,No,Yes
PRF03415,EMP02729,2024-H2,3,67.0,No,Yes
PRF03416,EMP01678,2025-H1,2,66.4,No,Yes
PRF03417,EMP01207,2026-H1,4,46.8,No,No
PRF03418,EMP03116,2025-H2,4,65.1,No,Yes
PRF03419,EMP00812,2024-H1,1,67.8,Yes,No
PRF03420,EMP01858,2026-H1,4,90.7,No,No
PRF03421,EMP00920,2025-H2,3,53.2,No,Yes
PRF03422,EMP02224,2026-H1,3,92.8,No,No
PRF03423,EMP01367,2024-H1,5,42.9,No,No
PRF03424,EMP01161,2026-H1,4,48.5,Yes,Yes
PRF03425,EMP01493,2024-H2,3,94.2,No,Yes
PRF03426,EMP02208,2025-H2,4,87.3,Yes,Yes
PRF03427,EMP01190,2024-H2,4,93.4,No,No
PRF03428,EMP01124,2025-H2,5,68.4,No,Yes
PRF03429,EMP02442,2025-H1,4,50.0,No,No
PRF03430,EMP00663,2024-H2,5,80.6,No,Yes
PRF03431,EMP01705,2024-H1,4,57.9,No,No
PRF03432,EMP01676,2024-H2,3,43.5,No,No
PRF03433,EMP02792,2025-H1,5,96.8,No,Yes
PRF03434,EMP02076,2026-H1,3,89.2,No,No
PRF03435,EMP02984,2025-H1,5,69.8,Yes,No
PRF03436,EMP02950,2025-H2,3,78.1,Yes,Yes
PRF03437,EMP01074,2024-H1,5,84.3,Yes,No
PRF03438,EMP01504,2026-H1,,52.4,No,No
PRF03439,EMP00702,2025-H1,3,63.9,No,No
PRF03440,EMP02880,2024-H1,5,47.1,No,No
PRF03441,EMP02274,2024-H1,4,76.1,Yes,No
PRF03442,EMP02653,2024-H1,2,83.3,No,No
PRF03443,EMP00738,2026-H1,3,94.4,No,Yes
PRF03444,EMP01144,2025-H1,3,45.6,No,No
PRF03445,EMP03198,2024-H2,3,99.7,No,No
PRF03446,EMP01985,2025-H2,4,67.2,Yes,No
PRF03447,EMP02677,2025-H2,3,80.7,No,Yes
PRF03448,EMP00139,2025-H2,4,79.9,No,Yes
PRF03449,EMP00304,2025-H2,3,55.5,No,No
PRF03450,EMP02201,2024-H2,3,81.9,No,Yes
PRF03451,EMP00955,2025-H2,3,99.6,No,No
PRF03452,EMP01260,2026-H1,2,76.9,No,Yes
PRF03453,EMP01285,2025-H1,3,56.0,No,No
PRF03454,EMP02822,2024-H1,1,98.3,No,Yes
PRF03455,EMP01486,2025-H1,1,85.4,No,Yes
PRF03456,EMP01599,2025-H1,3,67.7,No,No
PRF03457,EMP02295,2026-H1,4,65.2,No,Yes
PRF03458,EMP02051,2025-H2,3,43.9,No,No
PRF03459,EMP00610,2025-H2,5,87.5,No,No
PRF03460,EMP00892,2024-H2,2,63.0,No,Yes
PRF03461,EMP00307,2026-H1,2,93.5,Yes,No
PRF03462,EMP01507,2025-H2,3,56.4,No,Yes
PRF03463,EMP00783,2024-H1,4,88.6,No,Yes
PRF03464,EMP00491,2024-H2,,66.1,No,No
PRF03465,EMP01756,2025-H2,5,7.3,Yes,Yes
PRF03466,EMP02699,2025-H2,1,96.2,No,No
PRF03467,EMP00052,2025-H1,3,99.3,No,No
PRF03468,EMP02505,2026-H1,3,91.7,No,Yes
PRF03469,EMP01532,2024-H1,3,96.0,No,No
PRF03470,EMP02228,2024-H1,2,65.4,No,Yes
PRF03471,EMP02902,2024-H1,1,87.0,Yes,No
PRF03472,EMP02884,2025-H2,,73.6,No,Yes
PRF03473,EMP00381,2024-H2,5,68.1,No,Yes
PRF03474,EMP00942,2024-H2,3,60.4,Yes,Yes
PRF03475,EMP02915,2024-H2,3,68.6,No,Yes
PRF03476,EMP01740,2024-H1,2,41.9,No,Yes
PRF03477,EMP02814,2025-H1,4,96.8,Yes,No
PRF03478,EMP01321,2025-H1,3,47.1,No,No
PRF03479,EMP00189,2025-H1,4,95.5,No,Yes
PRF03480,EMP02800,2026-H1,5,79.8,Yes,Yes
PRF03481,EMP00053,2025-H2,5,82.5,No,Yes
PRF03482,EMP01592,2024-H1,4,77.3,No,No
PRF03483,EMP02873,2026-H1,4,58.2,No,Yes
PRF03484,EMP01285,2024-H1,3,85.4,No,No
PRF03485,EMP01893,2025-H1,4,69.3,No,Yes
PRF03486,EMP02338,2024-H1,2,42.7,Yes,No
PRF03487,EMP01905,2025-H2,1,94.8,No,Yes
PRF03488,EMP02814,2026-H1,3,66.9,No,No
PRF03489,EMP02781,2024-H1,3,94.3,Yes,Yes
PRF03490,EMP03013,2025-H2,4,54.4,No,No
PRF03491,EMP01135,2024-H2,2,91.4,No,No
PRF03492,EMP02309,2025-H2,4,49.7,No,Yes
PRF03493,EMP01924,2026-H1,2,53.4,No,Yes
PRF03494,EMP02538,2026-H1,3,58.6,No,Yes
PRF03495,EMP91132,2026-H1,4,91.9,No,No
PRF03496,EMP02975,2025-H1,3,89.8,No,No
PRF03497,EMP00353,2026-H1,3,56.5,No,No
PRF03498,EMP00886,2026-H1,3,68.5,No,No
PRF03499,EMP01623,2025-H2,4,40.2,No,Yes
PRF03500,EMP00670,2025-H2,3,46.6,No,No
PRF03501,EMP00332,2025-H1,3,88.8,No,No
PRF03502,EMP02169,2024-H2,3,90.9,No,Yes
PRF03503,EMP01952,2025-H2,3,96.5,No,No
PRF03504,EMP03140,2024-H1,5,95.5,No,Yes
PRF03505,EMP00148,2025-H1,3,81.0,No,No
PRF03506,EMP00675,2025-H2,3,52.8,No,Yes
PRF03507,EMP02695,2024-H1,3,93.0,No,No
PRF03508,EMP02505,2024-H2,5,59.7,No,No
PRF03509,EMP00483,2025-H1,4,74.5,No,No
PRF03510,EMP01029,2024-H2,3,84.4,No,Yes
PRF03511,EMP02974,2025-H2,3,52.5,No,No
PRF03512,EMP02480,2025-H2,4,97.2,No,Yes
PRF03513,EMP01368,2025-H2,5,93.8,No,No
PRF03514,EMP02505,2026-H1,3,96.7,No,Yes
PRF03515,EMP02036,2026-H1,4,43.2,No,Yes
PRF03516,EMP02630,2024-H2,3,50.1,No,No
PRF03517,EMP02388,2025-H2,1,68.5,No,No
PRF03518,EMP02941,2025-H1,3,76.4,No,Yes
PRF03519,EMP02865,2025-H2,4,58.6,No,No
PRF03520,EMP03020,2025-H1,4,87.7,No,No
PRF03521,EMP02815,2025-H2,5,82.4,No,Yes
PRF03522,EMP02428,2025-H2,4,85.2,Yes,No
PRF03523,EMP00650,2025-H1,4,50.0,Yes,No
PRF03524,EMP00329,2026-H1,3,56.8,No,Yes
PRF03525,EMP01201,2025-H2,5,81.6,Yes,No
PRF03526,EMP01950,2025-H2,5,67.6,No,Yes
PRF03527,EMP02880,2025-H1,1,62.5,Yes,No
PRF03528,EMP02029,2025-H1,5,61.3,No,Yes
PRF03529,EMP01155,2026-H1,3,90.7,No,Yes
PRF03530,EMP03166,2025-H2,4,71.3,No,Yes
PRF03531,EMP01015,2025-H1,1,91.2,No,Yes
PRF03532,EMP02053,2026-H1,3,84.6,No,Yes
PRF03533,EMP00923,2024-H2,,46.7,No,No
PRF03534,EMP02412,2025-H2,,99.6,No,No
PRF03535,EMP02813,2024-H2,4,93.3,Yes,No
PRF03536,EMP01041,2024-H2,3,50.7,No,Yes
PRF03537,EMP00882,2025-H1,4,63.8,No,No
PRF03538,EMP01603,2024-H2,3,91.6,No,Yes
PRF03539,EMP00518,2026-H1,2,88.6,No,No
PRF03540,EMP00986,2024-H2,4,57.2,No,Yes
PRF03541,EMP01161,2024-H2,,77.0,No,Yes
PRF03542,EMP00030,2024-H1,3,49.8,No,No
PRF03543,EMP01000,2026-H1,5,58.2,Yes,Yes
PRF03544,EMP02643,2024-H1,4,70.8,No,No
PRF03545,EMP01558,2025-H1,3,78.7,No,Yes
PRF03546,EMP01441,2024-H2,4,41.8,No,No
PRF03547,EMP02416,2025-H1,5,65.0,No,Yes
PRF03548,EMP00136,2024-H1,4,47.7,No,No
PRF03549,EMP02055,2024-H2,4,43.6,Yes,Yes
PRF03550,EMP01779,2026-H1,3,92.3,No,No
PRF03551,EMP02411,2025-H2,5,6.4,No,No
PRF03552,EMP01584,2026-H1,3,52.8,No,No
PRF03553,EMP01769,2024-H1,4,52.8,No,No
PRF03554,EMP00279,2024-H1,3,65.9,No,No
PRF03555,EMP01748,2024-H1,3,60.6,No,Yes
PRF03556,EMP02607,2024-H2,3,48.0,No,Yes
PRF03557,EMP00263,2025-H2,2,69.9,No,Yes
PRF03558,EMP02111,2024-H2,4,74.5,Yes,Yes
PRF03559,EMP01239,2026-H1,3,55.6,No,No
PRF03560,EMP02804,2024-H1,4,76.1,No,Yes
PRF03561,EMP02914,2025-H2,4,0.2,No,Yes
PRF03562,EMP02577,2024-H1,5,78.5,No,No
PRF03563,EMP01537,2025-H2,3,60.3,Yes,Yes
PRF03564,EMP01608,2024-H1,4,64.8,No,Yes
PRF03565,EMP02718,2025-H2,3,84.1,Yes,Yes
PRF03566,EMP02310,2026-H1,5,65.2,No,Yes
PRF03567,EMP02851,2026-H1,4,58.3,Yes,Yes
PRF03568,EMP01957,2025-H1,5,55.9,No,Yes
PRF03569,EMP00360,2025-H1,5,77.1,No,Yes
PRF03570,EMP02770,2024-H1,4,95.5,Yes,No
PRF03571,EMP01941,2025-H1,3,60.0,No,No
PRF03572,EMP02525,2025-H1,2,77.8,No,No
PRF03573,EMP00395,2026-H1,2,98.3,No,Yes
PRF03574,EMP01262,2024-H2,4,63.1,No,No
PRF03575,EMP00220,2026-H1,4,73.5,No,Yes
PRF03576,EMP01620,2024-H1,4,66.4,No,No
PRF03577,EMP01216,2025-H2,3,52.9,No,No
PRF03578,EMP01086,2025-H1,3,61.3,Yes,Yes
PRF03579,EMP00630,2024-H1,4,56.6,No,No
PRF03580,EMP02517,2025-H1,,85.9,No,No
PRF03581,EMP00433,2024-H1,4,79.7,No,Yes
PRF03582,EMP00358,2026-H1,4,68.8,Yes,No
PRF03583,EMP02721,2024-H2,3,40.3,No,No
PRF03584,EMP01789,2025-H2,3,88.6,No,No
PRF03585,EMP00756,2024-H1,4,91.7,No,No
PRF03586,EMP00980,2024-H1,4,61.2,No,Yes
PRF03587,EMP02059,2025-H2,3,60.8,No,Yes
PRF03588,EMP01435,2024-H1,,59.0,No,Yes
PRF03589,EMP00173,2024-H1,3,69.6,No,Yes
PRF03590,EMP02648,2025-H1,2,77.8,No,No
PRF03591,EMP01290,2025-H2,4,84.8,No,Yes
PRF03592,EMP01760,2025-H2,4,47.8,Yes,Yes
PRF03593,EMP02113,2025-H1,5,88.7,No,No
PRF03594,EMP01182,2025-H1,3,66.2,No,Yes
PRF03595,EMP01985,2025-H1,4,93.7,No,No
PRF03596,EMP01946,2025-H2,4,53.8,No,Yes
PRF03597,EMP02620,2025-H1,3,85.9,No,No
PRF03598,EMP02593,2026-H1,5,54.4,Yes,No
PRF03599,EMP00551,2025-H1,3,89.4,No,No
PRF03600,EMP00218,2024-H2,3,74.6,No,No
PRF03601,EMP02435,2025-H1,3,51.4,No,Yes
PRF03602,EMP00006,2024-H2,3,48.6,No,Yes
PRF03603,EMP01301,2026-H1,1,53.1,No,Yes
PRF03604,EMP01379,2024-H2,2,49.5,No,Yes
PRF03605,EMP01082,2024-H1,3,87.3,No,No
PRF03606,EMP01610,2024-H1,5,54.2,No,No
PRF03607,EMP00293,2024-H2,4,94.1,No,Yes
PRF03608,EMP01820,2024-H2,,45.9,No,No
PRF03609,EMP01367,2026-H1,3,64.8,No,Yes
PRF03610,EMP02453,2026-H1,2,57.4,No,Yes
PRF03611,EMP02786,2025-H1,5,96.7,No,Yes
PRF03612,EMP00383,2025-H2,3,85.7,No,No
PRF03613,EMP02590,2024-H1,3,63.7,No,Yes
PRF03614,EMP01919,2025-H2,3,53.8,No,No
PRF03615,EMP00652,2025-H2,3,54.4,No,No
PRF03616,EMP00900,2026-H1,4,94.9,Yes,Yes
PRF03617,EMP02700,2024-H2,2,75.5,No,Yes
PRF03618,EMP01049,2025-H1,3,41.3,No,No
PRF03619,EMP01199,2024-H1,3,68.3,No,Yes
PRF03620,EMP02436,2025-H2,4,90.6,No,No
PRF03621,EMP98607,2024-H1,5,75.9,No,Yes
PRF03622,EMP02637,2026-H1,2,91.0,No,No
PRF03623,EMP01678,2025-H2,1,67.0,No,No
PRF03624,EMP00200,2025-H1,3,48.3,No,No
PRF03625,EMP00824,2026-H1,5,95.9,No,Yes
PRF03626,EMP02596,2024-H2,,57.0,No,No
PRF03627,EMP01215,2024-H2,4,59.5,No,Yes
PRF03628,EMP01475,2026-H1,4,59.9,No,Yes
PRF03629,EMP00416,2024-H1,2,72.3,No,Yes
PRF03630,EMP00110,2025-H2,3,66.0,No,No
PRF03631,EMP02628,2024-H2,4,0.8,No,No
PRF03632,EMP03126,2026-H1,3,63.2,No,No
PRF03633,EMP01564,2025-H2,4,71.7,No,Yes
PRF03634,EMP01449,2024-H1,4,64.8,No,Yes
PRF03635,EMP00705,2024-H1,4,65.6,No,Yes
PRF03636,EMP02409,2024-H1,4,72.8,No,Yes
PRF03637,EMP01824,2024-H1,4,79.3,No,Yes
PRF03638,EMP02702,2024-H1,3,75.5,No,No
PRF03639,EMP02159,2026-H1,3,50.9,Yes,Yes
PRF03640,EMP00676,2025-H1,3,42.5,No,Yes
PRF03641,EMP02570,2024-H1,5,99.0,No,No
PRF03642,EMP00594,2024-H2,3,70.3,No,Yes
PRF03643,EMP03094,2026-H1,5,53.1,Yes,Yes
PRF03644,EMP02376,2024-H2,3,70.1,Yes,Yes
PRF03645,EMP01142,2024-H2,3,74.6,No,Yes
PRF03646,EMP00139,2024-H2,2,50.6,No,No
PRF03647,EMP01525,2024-H1,4,91.4,No,No
PRF03648,EMP00554,2024-H1,5,55.9,No,No
PRF03649,EMP03175,2026-H1,4,72.6,No,No
PRF03650,EMP02783,2025-H2,2,47.9,No,Yes
PRF03651,EMP00383,2024-H2,5,99.0,No,No
PRF03652,EMP01006,2026-H1,4,63.8,Yes,No
PRF03653,EMP00652,2024-H1,4,68.3,Yes,Yes
PRF03654,EMP02736,2025-H2,4,94.3,Yes,No
PRF03655,EMP00561,2024-H1,3,75.0,Yes,Yes
PRF03656,EMP01304,2025-H1,4,99.2,No,No
PRF03657,EMP03162,2024-H1,3,49.6,No,No
PRF03658,EMP02257,2025-H2,3,93.6,No,Yes
PRF03659,EMP00252,2025-H1,4,95.3,No,Yes
PRF03660,EMP02189,2026-H1,3,98.3,Yes,No
PRF03661,EMP01834,2025-H2,2,55.5,Yes,Yes
PRF03662,EMP02884,2025-H2,4,76.0,No,No
PRF03663,EMP00651,2025-H2,3,77.0,No,No
PRF03664,EMP01940,2024-H1,5,40.7,No,Yes
PRF03665,EMP01704,2025-H1,2,51.8,Yes,No
PRF03666,EMP02222,2024-H1,4,66.6,No,No
PRF03667,EMP00702,2026-H1,3,85.5,No,Yes
PRF03668,EMP02546,2025-H1,4,96.2,Yes,No
PRF03669,EMP00855,2024-H1,3,41.3,No,Yes
PRF03670,EMP02322,2025-H1,4,55.4,No,No
PRF03671,EMP01617,2026-H1,4,71.1,Yes,Yes
PRF03672,EMP01525,2026-H1,2,93.8,No,No
PRF03673,EMP91077,2026-H1,5,55.5,No,No
PRF03674,EMP00379,2024-H2,4,57.6,No,No
PRF03675,EMP03146,2025-H2,4,53.7,No,Yes
PRF03676,EMP00648,2025-H1,3,51.1,No,No
PRF03677,EMP00108,2024-H2,4,79.3,No,No
PRF03678,EMP03000,2025-H1,1,51.5,No,No
PRF03679,EMP00392,2025-H2,4,43.2,No,Yes
PRF03680,EMP02530,2025-H1,4,46.5,No,No
PRF03681,EMP02639,2025-H2,4,92.3,No,No
PRF03682,EMP95335,2024-H1,4,74.7,No,Yes
PRF03683,EMP00578,2025-H2,3,92.0,No,No
PRF03684,EMP00921,2024-H1,3,77.5,No,Yes
PRF03685,EMP00269,2024-H1,,50.8,Yes,No
PRF03686,EMP03160,2024-H1,5,72.1,Yes,No
PRF03687,EMP02967,2025-H2,3,55.6,No,Yes
PRF03688,EMP02456,2024-H1,2,89.8,No,No
PRF03689,EMP01644,2025-H2,3,62.0,No,No
PRF03690,EMP01597,2024-H1,3,85.1,No,Yes
PRF03691,EMP01318,2026-H1,4,50.8,No,Yes
PRF03692,EMP02594,2026-H1,,68.2,No,Yes
PRF03693,EMP01783,2024-H2,3,99.8,No,Yes
PRF03694,EMP01663,2025-H2,3,53.7,No,No
PRF03695,EMP01731,2026-H1,4,95.6,Yes,Yes
PRF03696,EMP02411,2024-H1,3,66.2,No,No
PRF03697,EMP02544,2024-H2,4,98.8,No,No
PRF03698,EMP01184,2025-H2,1,65.8,No,Yes
PRF03699,EMP02985,2025-H1,5,92.3,Yes,No
PRF03700,EMP03050,2025-H2,4,57.7,No,No
PRF03701,EMP02606,2025-H2,3,54.4,No,No
PRF03702,EMP02982,2025-H2,4,43.2,No,No
PRF03703,EMP03127,2024-H1,3,65.8,No,Yes
PRF03704,EMP01182,2025-H1,5,88.5,No,Yes
PRF03705,EMP00294,2024-H1,3,94.7,No,No
PRF03706,EMP01572,2024-H1,5,89.7,No,Yes
PRF03707,EMP01570,2025-H2,4,48.0,Yes,Yes
PRF03708,EMP00491,2024-H1,5,91.6,No,No
PRF03709,EMP01317,2024-H2,3,58.2,No,Yes
PRF03710,EMP01729,2024-H2,5,6.2,No,Yes
PRF03711,EMP01591,2024-H2,4,79.4,Yes,No
PRF03712,EMP00448,2025-H2,4,59.4,No,No
PRF03713,EMP00903,2026-H1,5,93.7,No,Yes
PRF03714,EMP03122,2024-H1,3,71.3,No,Yes
PRF03715,EMP02021,2024-H1,3,62.0,Yes,Yes
PRF03716,EMP00117,2025-H1,3,91.9,No,No
PRF03717,EMP02194,2024-H1,3,72.0,No,No
PRF03718,EMP03014,2024-H1,5,80.2,No,Yes
PRF03719,EMP01448,2024-H2,4,47.1,No,Yes
PRF03720,EMP02347,2024-H1,4,62.7,No,No
PRF03721,EMP01777,2024-H1,4,87.4,No,No
PRF03722,EMP01732,2024-H1,3,92.3,No,No
PRF03723,EMP02094,2025-H1,5,45.7,No,Yes
PRF03724,EMP01965,2025-H1,5,79.5,Yes,Yes
PRF03725,EMP96235,2024-H1,3,75.4,No,Yes
PRF03726,EMP01819,2024-H2,3,55.9,No,Yes
PRF03727,EMP00088,2025-H1,5,61.7,No,No
PRF03728,EMP02396,2024-H2,3,82.4,No,Yes
PRF03729,EMP01476,2024-H1,2,65.6,Yes,Yes
PRF03730,EMP00465,2024-H2,3,65.5,No,Yes
PRF03731,EMP00795,2024-H2,3,59.0,No,No
PRF03732,EMP00445,2026-H1,3,45.8,Yes,Yes
PRF03733,EMP03075,2024-H1,4,62.7,Yes,No
PRF03734,EMP00130,2026-H1,4,40.2,No,Yes
PRF03735,EMP02946,2025-H1,4,72.1,No,Yes
PRF03736,EMP00226,2024-H1,3,80.8,No,No
PRF03737,EMP02363,2025-H1,3,85.4,No,No
PRF03738,EMP00007,2025-H1,3,70.6,Yes,Yes
PRF03739,EMP00011,2025-H1,5,91.3,No,Yes
PRF03740,EMP02895,2024-H1,4,76.8,No,Yes
PRF03741,EMP00222,2025-H2,4,80.7,No,No
PRF03742,EMP01119,2025-H1,2,95.5,No,Yes
PRF03743,EMP00866,2025-H2,3,96.1,No,Yes
PRF03744,EMP00521,2024-H1,4,41.8,No,Yes
PRF03745,EMP00282,2025-H2,2,99.9,No,No
PRF03746,EMP01609,2026-H1,3,73.4,No,Yes
PRF03747,EMP01141,2024-H2,2,42.9,No,Yes
PRF03748,EMP01757,2024-H2,3,86.4,Yes,No
PRF03749,EMP02800,2024-H1,3,78.1,No,Yes
PRF03750,EMP02807,2024-H1,5,72.8,Yes,Yes
PRF03751,EMP01129,2026-H1,5,51.6,No,Yes
PRF03752,EMP02846,2025-H2,4,93.7,No,No
PRF03753,EMP00297,2026-H1,3,81.4,No,Yes
PRF03754,EMP02281,2026-H1,3,91.0,No,No
PRF03755,EMP02717,2025-H2,3,71.6,No,Yes
PRF03756,EMP00488,2025-H1,2,59.4,No,No
PRF03757,EMP02931,2024-H1,1,47.2,No,No
PRF03758,EMP02102,2024-H1,3,99.2,No,Yes
PRF03759,EMP00212,2024-H1,4,63.4,No,No
PRF03760,EMP01461,2024-H1,3,99.3,No,No
PRF03761,EMP01949,2024-H1,2,89.8,No,Yes
PRF03762,EMP01165,2025-H1,5,77.3,No,Yes
PRF03763,EMP02223,2025-H2,5,82.4,No,Yes
PRF03764,EMP02564,2026-H1,4,63.0,No,No
PRF03765,EMP02815,2026-H1,5,47.1,No,Yes
PRF03766,EMP91861,2025-H1,4,75.6,No,No
PRF03767,EMP01196,2025-H2,3,59.2,No,Yes
PRF03768,EMP02716,2025-H2,3,73.8,No,No
PRF03769,EMP00746,2024-H1,3,50.4,No,No
PRF03770,EMP00478,2024-H1,3,77.3,No,Yes
PRF03771,EMP92800,2026-H1,3,51.4,Yes,Yes
PRF03772,EMP02730,2025-H2,3,82.4,No,Yes
PRF03773,EMP00984,2024-H1,3,98.2,No,Yes
PRF03774,EMP02204,2024-H2,3,41.8,Yes,Yes
PRF03775,EMP00222,2025-H2,5,55.0,No,No
PRF03776,EMP00495,2024-H1,2,95.9,No,Yes
PRF03777,EMP02241,2025-H2,4,80.5,No,Yes
PRF03778,EMP02720,2024-H2,3,88.5,No,No
PRF03779,EMP01050,2026-H1,3,96.4,No,No
PRF03780,EMP01154,2024-H2,3,46.6,No,Yes
PRF03781,EMP01849,2026-H1,3,71.1,Yes,Yes
PRF03782,EMP00170,2025-H2,2,43.1,No,No
PRF03783,EMP00981,2025-H2,1,87.8,No,No
PRF03784,EMP00628,2025-H2,2,60.6,Yes,No
PRF03785,EMP01693,2024-H2,5,46.7,No,No
PRF03786,EMP02188,2026-H1,4,53.5,No,Yes
PRF03787,EMP00705,2024-H1,4,67.4,No,Yes
PRF03788,EMP02270,2024-H1,4,76.7,Yes,No
PRF03789,EMP00719,2024-H2,3,59.4,No,No
PRF03790,EMP02654,2025-H2,4,40.6,Yes,Yes
PRF03791,EMP00827,2026-H1,1,41.9,No,No
PRF03792,EMP01613,2026-H1,3,91.5,No,No
PRF03793,EMP01078,2025-H2,4,67.2,No,No
PRF03794,EMP02706,2026-H1,2,98.8,No,Yes
PRF03795,EMP00218,2026-H1,5,61.7,Yes,No
PRF03796,EMP00178,2026-H1,5,95.8,Yes,Yes
PRF03797,EMP02284,2025-H1,3,56.4,No,Yes
PRF03798,EMP03146,2024-H2,2,53.3,No,No
PRF03799,EMP03185,2025-H1,4,46.7,No,Yes
PRF03800,EMP01802,2024-H1,5,80.1,No,Yes
PRF03801,EMP02723,2025-H2,3,64.0,No,No
PRF03802,EMP02681,2024-H1,3,74.7,No,No
PRF03803,EMP01336,2025-H2,1,74.2,No,No
PRF03804,EMP01685,2026-H1,4,54.3,No,No
PRF03805,EMP01672,2024-H1,1,70.8,No,No
PRF03806,EMP03175,2025-H1,3,60.6,No,No
PRF03807,EMP01514,2025-H1,3,92.0,No,No
PRF03808,EMP94677,2024-H1,4,99.6,No,Yes
PRF03809,EMP01281,2024-H1,3,89.0,No,No
PRF03810,EMP90534,2024-H1,3,78.9,No,Yes
PRF03811,EMP01597,2024-H1,4,40.1,No,No
PRF03812,EMP01271,2024-H2,,51.9,No,No
PRF03813,EMP00743,2025-H2,1,63.6,No,No
PRF03814,EMP01263,2025-H1,3,68.7,No,No
PRF03815,EMP02088,2026-H1,4,87.2,No,Yes
PRF03816,EMP00092,2025-H1,3,48.6,Yes,No
PRF03817,EMP01601,2026-H1,3,78.0,No,No
PRF03818,EMP00445,2024-H2,4,94.9,No,No
PRF03819,EMP02068,2025-H1,4,85.5,Yes,Yes
PRF03820,EMP00240,2025-H2,3,98.0,No,Yes
PRF03821,EMP00210,2025-H2,5,96.5,No,No
PRF03822,EMP03020,2024-H1,2,97.6,No,No
PRF03823,EMP00488,2025-H2,3,92.8,No,No
PRF03824,EMP97588,2024-H2,5,99.0,No,No
PRF03825,EMP00056,2025-H1,3,70.9,No,No
PRF03826,EMP01893,2024-H1,,63.3,No,Yes
PRF03827,EMP01079,2024-H1,3,84.7,No,Yes
PRF03828,EMP00959,2024-H2,3,90.3,No,No
PRF03829,EMP00124,2024-H2,4,74.4,No,Yes
PRF03830,EMP01952,2024-H1,3,54.9,No,No
PRF03831,EMP01706,2024-H2,5,77.1,No,Yes
PRF03832,EMP02650,2026-H1,2,94.1,No,Yes
PRF03833,EMP02876,2025-H2,4,40.0,No,No
PRF03834,EMP00745,2024-H2,4,54.9,Yes,Yes
PRF03835,EMP02540,2024-H2,3,99.9,Yes,No
PRF03836,EMP01545,2024-H1,4,66.1,No,No
PRF03837,EMP01451,2026-H1,4,95.4,No,Yes
PRF03838,EMP02776,2026-H1,4,88.5,No,Yes
PRF03839,EMP02336,2026-H1,5,49.8,No,Yes
PRF03840,EMP01196,2026-H1,5,57.3,No,No
PRF03841,EMP03200,2025-H2,3,70.5,No,Yes
PRF03842,EMP01140,2025-H2,5,94.7,No,No
PRF03843,EMP01202,2026-H1,2,91.2,No,No
PRF03844,EMP01969,2024-H1,2,43.4,No,Yes
PRF03845,EMP01932,2026-H1,4,88.6,Yes,Yes
PRF03846,EMP03041,2026-H1,2,66.0,No,Yes
PRF03847,EMP00524,2026-H1,3,80.2,No,Yes
PRF03848,EMP02400,2025-H1,3,50.9,No,Yes
PRF03849,EMP00102,2024-H1,4,46.9,No,No
PRF03850,EMP00480,2025-H2,5,65.9,No,Yes
PRF03851,EMP01029,2025-H2,4,47.5,Yes,No
PRF03852,EMP02163,2024-H2,1,88.7,No,No
PRF03853,EMP00572,2025-H2,2,47.8,No,Yes
PRF03854,EMP03017,2025-H1,4,75.1,No,No
PRF03855,EMP00428,2024-H1,2,59.9,No,Yes
PRF03856,EMP00072,2025-H1,3,88.3,No,No
PRF03857,EMP01195,2025-H2,3,70.3,No,No
PRF03858,EMP01327,2025-H2,4,66.3,No,Yes
PRF03859,EMP02016,2026-H1,3,85.7,No,Yes
PRF03860,EMP02960,2026-H1,3,74.0,No,No
PRF03861,EMP02847,2024-H2,5,53.9,No,Yes
PRF03862,EMP00707,2026-H1,4,86.0,No,No
PRF03863,EMP01627,2024-H2,3,43.3,No,Yes
PRF03864,EMP01635,2025-H1,3,52.7,No,No
PRF03865,EMP00343,2026-H1,3,70.0,No,Yes
PRF03866,EMP02224,2025-H2,5,81.2,No,No
PRF03867,EMP01323,2025-H2,3,41.9,No,Yes
PRF03868,EMP01401,2024-H1,2,95.7,No,No
PRF03869,EMP02964,2024-H1,3,43.9,No,Yes
PRF03870,EMP02290,2025-H2,3,67.2,No,No
PRF03871,EMP02192,2025-H2,4,74.9,No,Yes
PRF03872,EMP00419,2025-H2,5,93.8,Yes,Yes
PRF03873,EMP03141,2024-H2,4,94.3,Yes,Yes
PRF03874,EMP00922,2024-H1,3,86.2,Yes,Yes
PRF03875,EMP01417,2024-H1,3,54.1,Yes,No
PRF03876,EMP00257,2025-H2,3,98.9,No,Yes
PRF03877,EMP00907,2026-H1,4,82.5,No,Yes
PRF03878,EMP02677,2025-H2,5,77.9,No,No
PRF03879,EMP01844,2025-H2,2,52.3,No,No
PRF03880,EMP00653,2025-H1,3,67.0,No,Yes
PRF03881,EMP02020,2025-H2,3,95.3,Yes,Yes
PRF03882,EMP03198,2024-H2,4,65.9,No,Yes
PRF03883,EMP00601,2024-H2,3,61.2,Yes,No
PRF03884,EMP00985,2025-H1,3,83.1,No,Yes
PRF03885,EMP02302,2025-H1,5,42.7,No,Yes
PRF03886,EMP02421,2026-H1,3,95.6,No,No
PRF03887,EMP00650,2024-H2,1,88.2,No,No
PRF03888,EMP01559,2026-H1,,78.6,No,Yes
PRF03889,EMP00222,2024-H1,4,85.2,No,Yes
PRF03890,EMP00073,2024-H1,4,56.0,Yes,No
PRF03891,EMP02913,2026-H1,5,95.2,No,No
PRF03892,EMP02451,2024-H2,5,66.6,No,No
PRF03893,EMP00209,2025-H2,3,45.2,Yes,No
PRF03894,EMP95317,2025-H2,5,54.7,No,Yes
PRF03895,EMP01987,2024-H1,4,52.8,No,No
PRF03896,EMP02122,2024-H2,3,49.5,No,No
PRF03897,EMP01474,2024-H1,3,50.2,No,Yes
PRF03898,EMP01417,2026-H1,1,41.9,No,Yes
PRF03899,EMP02958,2024-H1,3,89.0,Yes,No
PRF03900,EMP00568,2026-H1,4,51.6,Yes,Yes
PRF03901,EMP01183,2025-H1,4,91.2,Yes,No
PRF03902,EMP01152,2024-H1,4,50.3,No,No
PRF03903,EMP00911,2026-H1,3,74.2,No,No
PRF03904,EMP02602,2025-H2,4,70.5,No,No
PRF03905,EMP00333,2026-H1,2,62.4,No,Yes
PRF03906,EMP02217,2024-H2,3,58.5,No,Yes
PRF03907,EMP01194,2024-H2,5,51.8,No,No
PRF03908,EMP02447,2025-H1,3,42.0,Yes,No
PRF03909,EMP00335,2025-H1,3,70.6,No,No
PRF03910,EMP00672,2025-H2,2,66.1,No,Yes
PRF03911,EMP02298,2024-H2,,48.0,No,Yes
PRF03912,EMP01686,2024-H1,4,93.0,No,No
PRF03913,EMP00124,2025-H1,4,95.3,No,Yes
PRF03914,EMP02889,2025-H2,4,88.8,Yes,No
PRF03915,EMP01387,2025-H1,5,4.6,No,No
PRF03916,EMP01261,2025-H2,4,61.4,No,No
PRF03917,EMP00564,2024-H1,4,2.1,No,Yes
PRF03918,EMP01093,2024-H1,1,42.2,No,No
PRF03919,EMP01908,2024-H1,5,79.7,No,No
PRF03920,EMP00519,2024-H1,4,71.9,No,No
PRF03921,EMP00908,2025-H2,3,91.9,No,No
PRF03922,EMP02291,2024-H1,4,61.1,Yes,Yes
PRF03923,EMP00649,2024-H2,4,67.4,Yes,Yes
PRF03924,EMP00866,2024-H2,4,87.8,No,Yes
PRF03925,EMP01096,2025-H1,5,71.9,No,Yes
PRF03926,EMP03005,2024-H1,4,83.3,No,Yes
PRF03927,EMP01805,2026-H1,4,45.9,No,Yes
PRF03928,EMP01846,2024-H2,3,84.0,Yes,Yes
PRF03929,EMP00691,2025-H1,4,78.8,No,No
PRF03930,EMP01484,2024-H1,3,45.8,Yes,Yes
PRF03931,EMP00806,2024-H1,5,83.7,Yes,No
PRF03932,EMP02457,2025-H1,3,61.5,No,Yes
PRF03933,EMP02955,2026-H1,4,62.5,No,No
PRF03934,EMP02204,2025-H2,3,61.8,No,Yes
PRF03935,EMP00707,2026-H1,3,68.0,No,Yes
PRF03936,EMP02508,2024-H1,5,58.8,Yes,No
PRF03937,EMP01532,2026-H1,5,81.4,No,Yes
PRF03938,EMP01071,2024-H1,3,49.8,No,No
PRF03939,EMP99134,2025-H1,4,80.6,Yes,Yes
PRF03940,EMP02406,2024-H1,3,86.5,No,No
PRF03941,EMP01014,2024-H2,3,59.5,No,Yes
PRF03942,EMP01365,2026-H1,4,89.9,No,Yes
PRF03943,EMP00327,2025-H1,3,78.0,No,No
PRF03944,EMP01365,2024-H1,4,71.3,Yes,No
PRF03945,EMP00673,2024-H2,4,42.3,No,No
PRF03946,EMP00826,2025-H1,3,50.0,No,Yes
PRF03947,EMP03074,2024-H2,3,87.2,No,Yes
PRF03948,EMP00170,2024-H1,3,95.0,No,Yes
PRF03949,EMP03149,2024-H1,4,81.0,No,No
PRF03950,EMP00673,2025-H1,,82.4,No,Yes
PRF03951,EMP01517,2025-H1,3,76.0,Yes,No
PRF03952,EMP01006,2026-H1,2,44.6,Yes,Yes
PRF03953,EMP01540,2024-H1,5,58.8,Yes,Yes
PRF03954,EMP00859,2025-H1,5,60.5,No,No
PRF03955,EMP00508,2024-H2,4,58.9,No,No
PRF03956,EMP01422,2025-H1,4,48.8,No,Yes
PRF03957,EMP00185,2024-H1,4,93.4,No,Yes
PRF03958,EMP00266,2025-H1,4,89.7,No,Yes
PRF03959,EMP00163,2024-H1,3,75.1,No,No
PRF03960,EMP00650,2024-H1,4,89.5,Yes,No
PRF03961,EMP01432,2026-H1,3,75.7,Yes,Yes
PRF03962,EMP03088,2026-H1,2,82.5,Yes,Yes
PRF03963,EMP01212,2026-H1,4,83.9,No,No
PRF03964,EMP00046,2025-H1,3,62.2,No,Yes
PRF03965,EMP00111,2024-H1,4,41.1,No,No
PRF03966,EMP00277,2024-H1,3,82.7,No,No
PRF03967,EMP02329,2024-H2,3,74.3,No,No
PRF03968,EMP03027,2025-H2,5,43.3,Yes,No
PRF03969,EMP02867,2024-H2,4,99.0,No,Yes
PRF03970,EMP01925,2025-H2,3,1.0,No,Yes
PRF03971,EMP00054,2024-H2,4,45.7,No,Yes
PRF03972,EMP03106,2025-H1,5,98.8,No,No
PRF03973,EMP00239,2025-H2,4,74.5,No,Yes
PRF03974,EMP01798,2025-H2,4,87.1,No,No
PRF03975,EMP01230,2024-H2,4,50.1,No,Yes
PRF03976,EMP01764,2026-H1,2,92.1,No,No
PRF03977,EMP00799,2026-H1,3,49.7,Yes,Yes
PRF03978,EMP01713,2024-H2,4,94.1,No,Yes
PRF03979,EMP00471,2024-H2,4,80.9,No,No
PRF03980,EMP00858,2024-H2,5,66.3,No,Yes
PRF03981,EMP00226,2025-H1,3,52.5,Yes,No
PRF03982,EMP00389,2024-H1,4,53.6,Yes,Yes
PRF03983,EMP02485,2025-H1,4,89.3,No,No
PRF03984,EMP02440,2024-H1,5,55.8,No,Yes
PRF03985,EMP02313,2024-H1,4,63.5,No,No
PRF03986,EMP02377,2026-H1,4,75.7,No,Yes
PRF03987,EMP01052,2024-H2,4,59.4,No,Yes
PRF03988,EMP02778,2026-H1,4,42.3,Yes,Yes
PRF03989,EMP02385,2024-H1,3,47.0,No,No
PRF03990,EMP00159,2025-H1,4,82.1,No,Yes
PRF03991,EMP01975,2026-H1,1,50.7,Yes,Yes
PRF03992,EMP01230,2026-H1,2,42.6,No,Yes
PRF03993,EMP00437,2024-H2,5,51.7,No,No
PRF03994,EMP02071,2024-H1,4,88.5,No,Yes
PRF03995,EMP01358,2024-H1,1,51.6,No,Yes
PRF03996,EMP02980,2025-H1,5,77.4,No,Yes
PRF03997,EMP93411,2026-H1,3,96.9,No,Yes
PRF03998,EMP01164,2025-H2,1,52.4,Yes,Yes
PRF03999,EMP01054,2024-H1,,83.6,No,No
PRF04000,EMP01418,2025-H2,3,64.8,No,Yes
PRF04001,EMP02520,2024-H2,2,64.6,No,No
PRF04002,EMP03044,2024-H2,4,88.6,No,No
PRF04003,EMP03000,2025-H2,3,53.6,No,Yes
PRF04004,EMP00899,2024-H2,5,67.5,No,No
PRF04005,EMP01198,2025-H2,5,97.2,No,No
PRF04006,EMP01610,2026-H1,5,98.9,No,Yes
PRF04007,EMP00598,2025-H1,3,59.1,No,No
PRF04008,EMP01971,2024-H1,4,86.2,Yes,Yes
PRF04009,EMP00898,2025-H2,1,73.8,No,Yes
PRF04010,EMP02410,2025-H1,2,41.3,Yes,No
PRF04011,EMP03121,2025-H2,3,78.2,Yes,Yes
PRF04012,EMP02346,2025-H2,2,48.5,No,No
PRF04013,EMP02006,2026-H1,4,60.0,No,Yes
PRF04014,EMP01435,2024-H1,4,76.7,No,Yes
PRF04015,EMP00339,2025-H1,4,56.9,No,Yes
PRF04016,EMP01231,2026-H1,3,69.6,No,No
PRF04017,EMP02502,2024-H2,4,46.0,No,No
PRF04018,EMP00157,2025-H1,3,75.3,Yes,Yes
PRF04019,EMP01720,2025-H1,5,80.4,No,No
PRF04020,EMP02557,2025-H1,3,45.3,No,No
PRF04021,EMP02255,2024-H2,4,73.8,No,No
PRF04022,EMP00576,2025-H2,1,40.0,No,No
PRF04023,EMP01002,2025-H1,3,48.5,No,Yes
PRF04024,EMP01477,2024-H1,3,55.4,No,No
PRF04025,EMP03139,2024-H1,3,44.7,No,Yes
PRF04026,EMP01152,2025-H1,4,44.3,No,Yes
PRF04027,EMP00429,2024-H2,3,71.5,No,No
PRF04028,EMP02031,2026-H1,5,87.0,No,Yes
PRF04029,EMP00378,2025-H2,3,91.0,Yes,No
PRF04030,EMP00932,2026-H1,4,53.4,No,No
PRF04031,EMP02714,2026-H1,3,44.2,No,Yes
PRF04032,EMP00769,2026-H1,4,41.9,No,No
PRF04033,EMP01299,2026-H1,4,62.8,No,No
PRF04034,EMP02381,2026-H1,3,63.6,No,Yes
PRF04035,EMP03156,2026-H1,4,67.1,Yes,Yes
PRF04036,EMP02647,2024-H1,3,46.2,No,Yes
PRF04037,EMP00828,2024-H2,5,89.2,No,Yes
PRF04038,EMP02135,2024-H1,3,41.7,No,No
PRF04039,EMP02745,2024-H1,5,40.4,No,No
PRF04040,EMP00826,2024-H2,4,91.3,No,Yes
PRF04041,EMP02736,2026-H1,3,87.4,No,No
PRF04042,EMP00546,2024-H2,3,58.3,No,No
PRF04043,EMP02370,2024-H1,4,67.2,No,No
PRF04044,EMP01262,2024-H2,3,93.0,No,No
PRF04045,EMP02074,2024-H1,5,93.0,No,Yes
PRF04046,EMP94584,2024-H2,4,67.3,Yes,No
PRF04047,EMP01902,2025-H1,2,59.4,No,Yes
PRF04048,EMP01337,2025-H2,3,41.4,No,Yes
PRF04049,EMP02933,2025-H2,3,66.7,No,Yes
PRF04050,EMP03160,2025-H2,5,71.0,No,No
PRF04051,EMP02209,2024-H2,5,50.4,No,No
PRF04052,EMP00434,2025-H1,4,46.0,No,No
PRF04053,EMP02130,2026-H1,4,61.8,No,Yes
PRF04054,EMP00388,2026-H1,2,44.8,No,Yes
PRF04055,EMP00318,2024-H1,3,82.3,Yes,Yes
PRF04056,EMP00045,2025-H2,3,92.8,No,Yes
PRF04057,EMP02891,2025-H2,3,94.1,No,No
PRF04058,EMP00818,2025-H1,3,43.1,Yes,No
PRF04059,EMP00076,2024-H2,1,50.7,No,Yes
PRF04060,EMP02683,2024-H1,5,99.1,No,Yes
PRF04061,EMP01797,2025-H2,2,82.1,No,Yes
PRF04062,EMP00439,2024-H1,5,97.4,Yes,Yes
PRF04063,EMP01194,2026-H1,3,70.2,No,No
PRF04064,EMP01857,2024-H1,5,72.6,No,No
PRF04065,EMP00513,2025-H1,5,51.6,No,No
PRF04066,EMP02612,2024-H2,3,80.5,No,Yes
PRF04067,EMP02537,2025-H1,4,41.4,No,No
PRF04068,EMP02804,2024-H2,2,87.0,No,Yes
PRF04069,EMP01805,2025-H2,5,85.3,No,Yes
PRF04070,EMP00159,2024-H1,3,94.9,No,Yes
PRF04071,EMP01051,2026-H1,3,70.3,No,Yes
PRF04072,EMP00999,2025-H2,2,66.6,No,No
PRF04073,EMP00413,2026-H1,3,72.7,No,Yes
PRF04074,EMP01677,2026-H1,4,66.3,No,Yes
PRF04075,EMP01900,2024-H1,5,63.7,No,No
PRF04076,EMP97795,2025-H1,2,51.3,Yes,No
PRF04077,EMP01455,2025-H1,2,81.3,No,No
PRF04078,EMP01936,2025-H2,3,86.7,No,Yes
PRF04079,EMP02032,2024-H1,3,92.7,No,No
PRF04080,EMP02459,2025-H2,3,83.1,Yes,No
PRF04081,EMP01675,2025-H1,1,62.8,No,No
PRF04082,EMP00744,2024-H1,4,64.5,No,Yes
PRF04083,EMP00162,2025-H1,3,93.0,No,No
PRF04084,EMP00368,2024-H1,3,41.8,No,Yes
PRF04085,EMP02625,2025-H1,1,89.3,No,No
PRF04086,EMP02749,2026-H1,4,41.3,No,No
PRF04087,EMP01731,2026-H1,3,68.0,No,No
PRF04088,EMP00827,2024-H2,4,65.6,No,Yes
PRF04089,EMP00160,2024-H1,4,82.5,No,No
PRF04090,EMP02590,2025-H1,4,90.9,No,Yes
PRF04091,EMP00256,2026-H1,3,46.0,No,No
PRF04092,EMP00830,2025-H2,5,80.7,Yes,Yes
PRF04093,EMP01883,2024-H2,5,81.5,No,Yes
PRF04094,EMP00132,2025-H1,5,48.6,No,No
PRF04095,EMP02362,2024-H2,4,82.8,No,Yes
PRF04096,EMP01808,2025-H2,4,52.9,No,Yes
PRF04097,EMP01654,2026-H1,3,77.0,No,Yes
PRF04098,EMP02095,2025-H2,2,49.4,No,Yes
PRF04099,EMP01018,2025-H2,4,85.9,No,Yes
PRF04100,EMP02821,2024-H2,2,64.9,No,Yes
PRF04101,EMP00778,2025-H2,5,44.2,No,Yes
PRF04102,EMP00555,2024-H2,,87.3,No,Yes
PRF04103,EMP03043,2025-H1,4,55.5,Yes,No
PRF04104,EMP00536,2026-H1,3,68.7,Yes,Yes
PRF04105,EMP02726,2024-H1,5,75.3,Yes,Yes
PRF04106,EMP01489,2024-H1,5,68.9,No,No
PRF04107,EMP01869,2025-H2,1,64.3,No,No
PRF04108,EMP01246,2024-H2,4,92.4,No,No
PRF04109,EMP00248,2025-H2,2,42.2,No,No
PRF04110,EMP02390,2025-H1,4,75.6,No,Yes
PRF04111,EMP03196,2026-H1,,61.8,No,No
PRF04112,EMP01678,2025-H1,5,56.7,No,No
PRF04113,EMP02623,2024-H2,5,57.6,No,No
PRF04114,EMP01497,2024-H1,2,76.8,No,Yes
PRF04115,EMP02298,2024-H1,3,73.0,No,Yes
PRF04116,EMP02486,2025-H1,,75.0,No,No
PRF04117,EMP00802,2026-H1,3,65.7,No,No
PRF04118,EMP02737,2024-H2,4,80.0,Yes,Yes
PRF04119,EMP02558,2026-H1,3,71.3,No,Yes
PRF04120,EMP01917,2025-H2,3,43.6,No,Yes
PRF04121,EMP01996,2025-H2,3,87.3,No,No
PRF04122,EMP01283,2024-H1,4,90.1,Yes,No
PRF04123,EMP02469,2025-H1,4,96.6,No,No
PRF04124,EMP01293,2025-H1,4,64.0,Yes,Yes
PRF04125,EMP02099,2025-H2,4,60.3,No,No
PRF04126,EMP02507,2024-H1,3,98.2,Yes,No
PRF04127,EMP97228,2024-H1,3,92.2,No,Yes
PRF04128,EMP00705,2025-H2,3,53.3,No,Yes
PRF04129,EMP02694,2025-H2,5,62.0,No,Yes
PRF04130,EMP01440,2024-H2,3,95.7,No,No
PRF04131,EMP02861,2025-H2,3,57.4,Yes,No
PRF04132,EMP00096,2025-H2,3,65.4,No,No
PRF04133,EMP00165,2025-H1,5,77.9,No,Yes
PRF04134,EMP02507,2024-H1,3,48.3,No,No
PRF04135,EMP00305,2025-H2,3,47.4,No,No
PRF04136,EMP02991,2025-H1,4,78.5,Yes,Yes
PRF04137,EMP00334,2025-H2,3,78.6,No,No
PRF04138,EMP00924,2025-H2,4,96.6,No,No
PRF04139,EMP01303,2025-H2,5,69.6,No,No
PRF04140,EMP02914,2026-H1,3,77.8,No,Yes
PRF04141,EMP02775,2026-H1,4,95.9,No,Yes
PRF04142,EMP01045,2024-H2,5,77.0,No,No
PRF04143,EMP02609,2025-H1,3,77.3,No,Yes
PRF04144,EMP01207,2025-H2,4,86.7,No,No
PRF04145,EMP01369,2025-H1,4,97.5,No,Yes
PRF04146,EMP02754,2026-H1,4,97.6,No,Yes
PRF04147,EMP02068,2024-H1,2,99.1,No,Yes
PRF04148,EMP02714,2024-H1,3,44.6,No,No
PRF04149,EMP01746,2024-H1,1,75.6,No,Yes
PRF04150,EMP01799,2025-H1,3,47.0,No,Yes
PRF04151,EMP03073,2026-H1,4,46.5,No,Yes
PRF04152,EMP01206,2025-H1,3,76.7,No,No
PRF04153,EMP01191,2025-H1,,70.9,Yes,Yes
PRF04154,EMP02793,2024-H2,4,85.5,Yes,Yes
PRF04155,EMP02387,2026-H1,4,56.7,No,No
PRF04156,EMP02594,2025-H1,3,46.3,No,No
PRF04157,EMP01362,2026-H1,4,41.6,No,No
PRF04158,EMP02764,2025-H2,5,57.9,No,No
PRF04159,EMP02865,2025-H1,5,93.1,No,No
PRF04160,EMP01499,2025-H1,,70.6,No,Yes
PRF04161,EMP00214,2024-H1,3,57.6,No,No
PRF04162,EMP01246,2025-H2,3,92.7,No,No
PRF04163,EMP00024,2026-H1,4,65.2,Yes,Yes
PRF04164,EMP00381,2026-H1,1,84.6,No,No
PRF04165,EMP02745,2025-H2,2,64.5,No,Yes
PRF04166,EMP02346,2024-H1,4,44.7,No,Yes
PRF04167,EMP02510,2024-H1,3,73.4,No,No
PRF04168,EMP91304,2026-H1,4,65.9,No,Yes
PRF04169,EMP02829,2026-H1,2,53.4,Yes,Yes
PRF04170,EMP01733,2025-H2,,56.3,No,Yes
PRF04171,EMP00475,2024-H1,5,42.8,No,Yes
PRF04172,EMP02769,2026-H1,3,98.1,Yes,Yes
PRF04173,EMP02642,2024-H1,3,85.0,No,Yes
PRF04174,EMP00084,2025-H1,3,88.9,No,Yes
PRF04175,EMP02180,2024-H2,1,73.8,No,No
PRF04176,EMP01551,2025-H1,5,83.3,No,Yes
PRF04177,EMP02677,2024-H1,3,58.6,No,No
PRF04178,EMP01843,2025-H2,3,84.1,No,No
PRF04179,EMP01928,2024-H2,4,70.1,No,Yes
PRF04180,EMP00238,2025-H2,4,88.0,No,No
PRF04181,EMP00560,2025-H1,,60.6,No,No
PRF04182,EMP93447,2024-H2,4,86.4,Yes,No
PRF04183,EMP00322,2024-H2,3,69.1,No,Yes
PRF04184,EMP01016,2024-H1,5,56.7,Yes,No
PRF04185,EMP00877,2024-H2,4,92.7,No,Yes
PRF04186,EMP00186,2025-H2,4,71.2,No,No
PRF04187,EMP00906,2024-H1,1,58.8,No,Yes
PRF04188,EMP00491,2026-H1,4,84.4,No,Yes
PRF04189,EMP00733,2024-H2,4,98.1,No,No
PRF04190,EMP02948,2025-H2,5,66.9,No,No
PRF04191,EMP97331,2025-H2,5,56.8,Yes,No
PRF04192,EMP00862,2024-H2,4,41.1,No,Yes
PRF04193,EMP00929,2025-H1,2,56.4,No,No
PRF04194,EMP00121,2026-H1,4,73.3,Yes,No
PRF04195,EMP01263,2025-H2,2,75.3,No,No
PRF04196,EMP02982,2024-H2,4,88.8,No,No
PRF04197,EMP00241,2026-H1,1,89.5,No,Yes
PRF04198,EMP01314,2025-H1,2,67.2,Yes,No
PRF04199,EMP01486,2025-H1,1,97.9,No,Yes
PRF04200,EMP01562,2024-H2,2,42.4,No,No
PRF04201,EMP02163,2026-H1,5,95.3,Yes,Yes
PRF04202,EMP01945,2026-H1,3,93.4,Yes,Yes
PRF04203,EMP00365,2025-H1,4,93.9,Yes,No
PRF04204,EMP03136,2024-H2,3,72.9,No,No
PRF04205,EMP02054,2024-H2,3,42.4,No,Yes
PRF04206,EMP00781,2025-H1,3,77.3,No,Yes
PRF04207,EMP01904,2025-H2,1,60.9,No,No
PRF04208,EMP02989,2024-H1,4,40.3,No,No
PRF04209,EMP00374,2024-H2,3,95.8,No,Yes
PRF04210,EMP02378,2025-H1,4,73.0,No,No
PRF04211,EMP01620,2025-H1,,58.4,No,Yes
PRF04212,EMP01559,2024-H1,4,95.8,No,Yes
PRF04213,EMP01291,2026-H1,4,83.9,No,Yes
PRF04214,EMP01253,2025-H1,3,69.4,No,Yes
PRF04215,EMP00749,2025-H1,4,51.3,Yes,No
PRF04216,EMP00561,2024-H1,3,98.7,No,Yes
PRF04217,EMP01380,2024-H1,3,77.0,No,Yes
PRF04218,EMP00625,2024-H1,2,78.7,Yes,Yes
PRF04219,EMP02380,2024-H1,1,97.4,No,No
PRF04220,EMP02968,2024-H1,5,70.2,No,Yes
PRF04221,EMP00605,2026-H1,2,73.7,No,Yes
PRF04222,EMP02084,2024-H1,3,71.6,Yes,No
PRF04223,EMP00473,2024-H2,4,45.8,No,No
PRF04224,EMP00957,2024-H1,3,52.2,No,No
PRF04225,EMP01604,2025-H1,3,79.8,Yes,No
PRF04226,EMP00013,2024-H1,3,6.8,No,Yes
PRF04227,EMP01157,2026-H1,4,98.9,No,Yes
PRF04228,EMP03200,2025-H2,1,67.0,No,Yes
PRF04229,EMP01600,2025-H1,3,61.3,No,Yes
PRF04230,EMP01621,2024-H2,2,72.4,Yes,Yes
PRF04231,EMP01299,2025-H2,4,86.6,Yes,No
PRF04232,EMP02449,2024-H2,5,87.7,No,Yes
PRF04233,EMP00157,2024-H1,3,74.2,No,No
PRF04234,EMP01591,2026-H1,3,82.2,No,No
PRF04235,EMP00005,2025-H2,5,67.8,No,Yes
PRF04236,EMP02446,2024-H1,2,97.4,No,No
PRF04237,EMP02212,2025-H2,4,90.0,No,No
PRF04238,EMP02175,2026-H1,5,62.8,Yes,No
PRF04239,EMP00747,2024-H2,4,6.0,No,No
PRF04240,EMP01632,2025-H2,2,78.0,No,No
PRF04241,EMP00678,2024-H1,4,9.5,No,Yes
PRF04242,EMP02685,2024-H2,3,55.1,Yes,No
PRF04243,EMP01524,2024-H1,4,70.4,No,No
PRF04244,EMP01568,2025-H1,3,92.3,No,No
PRF04245,EMP00943,2026-H1,4,52.1,No,No
PRF04246,EMP02497,2024-H2,4,87.6,Yes,No
PRF04247,EMP01932,2025-H2,3,92.9,No,No
PRF04248,EMP01641,2025-H2,1,56.2,Yes,No
PRF04249,EMP02708,2025-H2,4,60.4,Yes,Yes
PRF04250,EMP00384,2024-H1,4,86.9,No,Yes
PRF04251,EMP01689,2025-H1,3,51.7,No,No
PRF04252,EMP96810,2024-H2,3,74.2,No,No
PRF04253,EMP03128,2026-H1,5,54.7,No,No
PRF04254,EMP02042,2025-H2,5,78.5,No,Yes
PRF04255,EMP02745,2025-H2,4,79.1,No,Yes
PRF04256,EMP02690,2024-H2,5,62.5,No,Yes
PRF04257,EMP03195,2024-H1,5,92.1,No,No
PRF04258,EMP02441,2024-H1,1,52.1,No,No
PRF04259,EMP00258,2024-H1,5,41.4,No,No
PRF04260,EMP02940,2025-H1,4,97.5,No,Yes
PRF04261,EMP02382,2025-H1,4,83.9,Yes,No
PRF04262,EMP00505,2025-H1,3,81.4,No,Yes
PRF04263,EMP00156,2025-H2,2,61.9,No,Yes
PRF04264,EMP01836,2024-H1,,59.9,No,No
PRF04265,EMP00520,2024-H2,5,66.9,No,No
PRF04266,EMP02506,2024-H2,4,44.7,Yes,Yes
PRF04267,EMP00494,2025-H1,3,99.0,No,Yes
PRF04268,EMP02902,2026-H1,5,57.8,No,No
PRF04269,EMP02505,2024-H2,4,69.6,No,Yes
PRF04270,EMP00171,2026-H1,3,93.1,No,No
PRF04271,EMP00895,2024-H2,5,65.2,No,Yes
PRF04272,EMP02728,2026-H1,2,92.9,No,Yes
PRF04273,EMP02733,2024-H1,4,89.1,No,Yes
PRF04274,EMP03100,2025-H1,5,72.2,No,Yes
PRF04275,EMP02437,2024-H1,4,2.1,Yes,Yes
PRF04276,EMP01596,2025-H2,,77.0,No,No
PRF04277,EMP01715,2024-H1,4,95.3,No,Yes
PRF04278,EMP90806,2025-H2,3,85.4,No,No
PRF04279,EMP00057,2025-H2,5,82.0,No,Yes
PRF04280,EMP00470,2024-H1,4,56.5,No,Yes
PRF04281,EMP01644,2025-H1,3,67.9,No,No
PRF04282,EMP01813,2026-H1,3,91.7,No,No
PRF04283,EMP02785,2025-H1,4,61.5,Yes,Yes
PRF04284,EMP02566,2026-H1,3,43.3,No,Yes
PRF04285,EMP01496,2025-H1,5,82.7,No,Yes
PRF04286,EMP00337,2025-H1,5,52.3,Yes,Yes
PRF04287,EMP02691,2025-H1,5,48.0,Yes,No
PRF04288,EMP01854,2025-H1,1,88.3,No,Yes
PRF04289,EMP01724,2024-H1,2,83.0,No,Yes
PRF04290,EMP00583,2024-H1,3,54.3,No,Yes
PRF04291,EMP02097,2026-H1,4,99.9,No,No
PRF04292,EMP00087,2025-H1,4,54.5,No,No
PRF04293,EMP03181,2025-H1,3,75.4,No,No
PRF04294,EMP00768,2026-H1,5,75.5,No,Yes
PRF04295,EMP00956,2024-H2,3,49.0,Yes,Yes
PRF04296,EMP03145,2024-H2,,79.1,No,Yes
PRF04297,EMP02078,2025-H1,3,73.7,Yes,Yes
PRF04298,EMP01279,2024-H1,4,53.5,Yes,No
PRF04299,EMP00586,2025-H1,4,99.5,Yes,Yes
PRF04300,EMP00710,2024-H1,3,40.4,No,No
PRF04301,EMP02322,2026-H1,4,42.0,No,No
PRF04302,EMP00457,2024-H2,3,44.9,No,No
PRF04303,EMP01364,2025-H1,4,84.7,No,No
PRF04304,EMP01801,2025-H1,4,82.1,No,Yes
PRF04305,EMP03083,2024-H1,4,92.1,No,Yes
PRF04306,EMP02108,2024-H2,4,82.0,No,Yes
PRF04307,EMP01360,2026-H1,4,84.5,No,Yes
PRF04308,EMP00304,2024-H1,3,45.7,No,Yes
PRF04309,EMP03008,2026-H1,3,59.8,No,Yes
PRF04310,EMP00657,2024-H2,5,91.9,Yes,Yes
PRF04311,EMP00629,2024-H2,4,51.0,No,Yes
PRF04312,EMP00664,2025-H1,4,67.7,No,No
PRF04313,EMP00157,2024-H2,4,91.5,No,No
PRF04314,EMP01494,2024-H2,4,44.7,Yes,Yes
PRF04315,EMP00366,2024-H1,4,90.3,No,Yes
PRF04316,EMP03098,2026-H1,,56.7,No,No
PRF04317,EMP02805,2024-H2,3,40.4,No,No
PRF04318,EMP02395,2025-H1,3,87.2,No,Yes
PRF04319,EMP01332,2026-H1,3,63.7,No,Yes
PRF04320,EMP00382,2024-H2,4,68.2,No,Yes
PRF04321,EMP02935,2025-H2,3,60.9,No,Yes
PRF04322,EMP02811,2026-H1,3,61.3,Yes,Yes
PRF04323,EMP01237,2024-H2,4,92.8,No,No
PRF04324,EMP00735,2025-H2,4,62.1,Yes,Yes
PRF04325,EMP01423,2024-H1,4,95.6,No,No
PRF04326,EMP02167,2026-H1,4,44.3,No,No
PRF04327,EMP02385,2026-H1,4,80.8,No,No
PRF04328,EMP02307,2026-H1,4,50.0,No,Yes
PRF04329,EMP01002,2026-H1,4,1.9,No,No
PRF04330,EMP00972,2025-H2,5,94.7,Yes,Yes
PRF04331,EMP02955,2025-H1,4,99.6,No,No
PRF04332,EMP01449,2025-H2,4,70.3,Yes,No
PRF04333,EMP02507,2024-H1,2,56.2,No,No
PRF04334,EMP02751,2025-H2,4,55.0,No,Yes
PRF04335,EMP01233,2024-H1,4,84.7,No,Yes
PRF04336,EMP02890,2025-H1,5,93.3,No,Yes
PRF04337,EMP01533,2026-H1,3,91.1,No,Yes
PRF04338,EMP01147,2024-H2,5,74.3,No,No
PRF04339,EMP02073,2024-H2,,42.1,No,No
PRF04340,EMP02115,2025-H2,3,86.3,No,No
PRF04341,EMP02123,2025-H1,3,66.5,No,No
PRF04342,EMP02946,2025-H1,5,58.0,No,No
PRF04343,EMP01991,2025-H1,,72.3,No,No
PRF04344,EMP00544,2024-H2,1,88.9,No,Yes
PRF04345,EMP01615,2024-H2,5,84.6,Yes,No
PRF04346,EMP01700,2026-H1,3,41.2,No,No
PRF04347,EMP01591,2025-H1,2,95.4,No,Yes
PRF04348,EMP00357,2025-H1,3,98.0,No,No
PRF04349,EMP00253,2025-H1,5,66.3,No,No
PRF04350,EMP00519,2026-H1,3,49.8,No,Yes
PRF04351,EMP00013,2025-H1,5,62.8,No,No
PRF04352,EMP00998,2024-H1,4,41.5,Yes,Yes
PRF04353,EMP01926,2024-H2,2,44.3,No,No
PRF04354,EMP00047,2025-H1,5,54.4,No,No
PRF04355,EMP01811,2025-H1,4,46.0,No,Yes
PRF04356,EMP00811,2026-H1,2,66.0,No,No
PRF04357,EMP00583,2025-H2,3,91.5,No,No
PRF04358,EMP00802,2025-H2,3,48.7,No,Yes
PRF04359,EMP01212,2024-H2,3,92.6,Yes,Yes
PRF04360,EMP00936,2026-H1,3,64.4,Yes,Yes
PRF04361,EMP01061,2026-H1,2,68.5,No,No
PRF04362,EMP00621,2024-H2,5,60.1,No,No
PRF04363,EMP03145,2026-H1,3,56.2,No,Yes
PRF04364,EMP02387,2024-H2,4,61.0,No,No
PRF04365,EMP01811,2024-H2,4,49.7,No,No
PRF04366,EMP02221,2025-H2,4,84.3,No,Yes
PRF04367,EMP02376,2024-H1,3,43.9,No,Yes
PRF04368,EMP01196,2026-H1,4,72.5,No,No
PRF04369,EMP02695,2024-H1,3,84.8,Yes,Yes
PRF04370,EMP03130,2025-H1,4,75.5,No,No
PRF04371,EMP00464,2025-H1,2,89.7,No,No
PRF04372,EMP01248,2024-H1,3,95.0,No,Yes
PRF04373,EMP00598,2024-H1,3,52.0,No,No
PRF04374,EMP92448,2026-H1,3,93.6,No,Yes
PRF04375,EMP02145,2025-H1,1,69.5,No,Yes
PRF04376,EMP01939,2024-H1,3,83.9,No,Yes
PRF04377,EMP01932,2024-H1,4,88.6,No,Yes
PRF04378,EMP02035,2025-H2,3,93.1,Yes,No
PRF04379,EMP02460,2026-H1,3,61.4,No,Yes
PRF04380,EMP02747,2026-H1,3,88.1,Yes,No
PRF04381,EMP02082,2024-H2,4,79.3,No,No
PRF04382,EMP00189,2024-H2,3,59.4,Yes,No
PRF04383,EMP00960,2025-H2,5,63.8,No,Yes
PRF04384,EMP02484,2024-H2,3,63.9,Yes,Yes
PRF04385,EMP02778,2026-H1,5,64.8,No,Yes
PRF04386,EMP00320,2024-H1,4,62.9,Yes,Yes
PRF04387,EMP01783,2025-H1,3,45.4,No,No
PRF04388,EMP01997,2024-H2,4,86.1,Yes,Yes
PRF04389,EMP02789,2024-H1,2,53.2,No,Yes
PRF04390,EMP02046,2025-H1,,65.2,No,No
PRF04391,EMP01068,2024-H2,3,89.1,No,No
PRF04392,EMP00039,2024-H1,4,45.8,No,No
PRF04393,EMP01270,2025-H2,3,76.2,No,No
PRF04394,EMP02439,2025-H1,3,68.6,Yes,Yes
PRF04395,EMP00037,2025-H2,4,43.1,No,No
PRF04396,EMP01591,2024-H2,4,96.9,No,Yes
PRF04397,EMP02512,2025-H2,1,56.2,No,No
PRF04398,EMP02486,2024-H1,3,68.9,No,No
PRF04399,EMP02701,2025-H2,4,69.1,No,Yes
PRF04400,EMP00581,2025-H1,5,96.2,No,Yes
PRF04401,EMP01289,2024-H1,5,0.9,No,No
PRF04402,EMP00438,2025-H2,3,62.5,No,No
PRF04403,EMP01462,2025-H2,3,86.4,No,No
PRF04404,EMP02116,2026-H1,4,78.3,No,Yes
PRF04405,EMP00744,2025-H1,4,65.9,No,No
PRF04406,EMP01949,2025-H2,3,61.7,Yes,Yes
PRF04407,EMP01408,2024-H1,4,87.0,No,Yes
PRF04408,EMP00295,2025-H2,4,82.5,No,Yes
PRF04409,EMP00558,2024-H2,2,43.7,No,No
PRF04410,EMP02587,2024-H2,4,91.3,No,Yes
PRF04411,EMP02749,2025-H1,3,42.4,No,Yes
PRF04412,EMP00100,2025-H2,4,45.5,No,Yes
PRF04413,EMP01120,2024-H2,3,78.0,No,Yes
PRF04414,EMP02850,2024-H2,4,52.1,No,No
PRF04415,EMP02459,2025-H2,1,2.4,No,Yes
PRF04416,EMP00826,2024-H1,4,63.5,No,Yes
PRF04417,EMP03134,2024-H2,1,40.0,No,Yes
PRF04418,EMP01114,2026-H1,3,47.8,No,No
PRF04419,EMP01068,2024-H1,5,92.9,No,Yes
PRF04420,EMP00148,2024-H2,4,83.4,No,No
PRF04421,EMP00021,2026-H1,1,91.4,No,Yes
PRF04422,EMP02117,2026-H1,4,53.4,No,Yes
PRF04423,EMP01446,2024-H2,4,75.0,Yes,Yes
PRF04424,EMP02840,2025-H2,3,87.3,No,No
PRF04425,EMP00812,2024-H2,4,63.7,Yes,No
PRF04426,EMP02183,2024-H1,4,49.8,No,No
PRF04427,EMP03018,2026-H1,3,87.6,No,Yes
PRF04428,EMP01316,2025-H2,4,96.3,No,No
PRF04429,EMP00957,2024-H1,3,62.2,Yes,No
PRF04430,EMP02651,2024-H2,3,70.8,No,Yes
PRF04431,EMP01714,2025-H2,3,64.1,No,Yes
PRF04432,EMP01604,2025-H2,3,50.6,Yes,Yes
PRF04433,EMP00359,2024-H2,3,76.6,No,No
PRF04434,EMP00428,2024-H2,4,66.9,Yes,No
PRF04435,EMP01711,2026-H1,3,91.4,No,Yes
PRF04436,EMP00409,2025-H1,5,73.3,No,No
PRF04437,EMP03103,2026-H1,2,58.9,No,Yes
PRF04438,EMP01213,2026-H1,4,87.0,No,No
PRF04439,EMP01112,2024-H1,2,66.8,No,No
PRF04440,EMP02150,2024-H2,3,95.0,Yes,No
PRF04441,EMP01398,2026-H1,2,40.1,No,No
PRF04442,EMP01890,2024-H1,4,72.3,No,No
PRF04443,EMP01719,2024-H1,5,45.3,No,No
PRF04444,EMP02955,2025-H2,5,52.4,No,No
PRF04445,EMP01310,2024-H2,3,67.0,No,No
PRF04446,EMP02499,2024-H1,5,5.1,Yes,No
PRF04447,EMP02688,2024-H2,4,45.4,No,No
PRF04448,EMP01809,2025-H2,3,73.4,No,No
PRF04449,EMP00041,2025-H2,5,84.4,No,No
PRF04450,EMP02668,2025-H2,3,64.5,No,No
PRF04451,EMP01911,2025-H1,3,63.5,No,Yes
PRF04452,EMP01772,2026-H1,5,64.5,No,Yes
PRF04453,EMP02635,2024-H1,1,6.4,No,No
PRF04454,EMP00297,2026-H1,3,68.4,No,Yes
PRF04455,EMP02111,2024-H2,5,66.2,No,Yes
PRF04456,EMP00641,2025-H1,3,55.2,Yes,No
PRF04457,EMP03151,2025-H2,1,69.4,No,No
PRF04458,EMP01456,2025-H1,4,58.9,No,No
PRF04459,EMP01838,2025-H1,4,71.6,No,No
PRF04460,EMP02714,2024-H2,3,96.1,No,No
PRF04461,EMP02865,2025-H1,4,96.0,No,No
PRF04462,EMP00215,2025-H2,3,67.7,No,No
PRF04463,EMP01733,2025-H2,4,63.2,No,No
PRF04464,EMP00354,2026-H1,3,57.1,No,No
PRF04465,EMP00389,2026-H1,3,98.2,No,Yes
PRF04466,EMP00069,2026-H1,3,75.0,No,Yes
PRF04467,EMP01037,2024-H1,3,48.3,Yes,No
PRF04468,EMP00290,2025-H1,5,69.6,No,No
PRF04469,EMP01643,2024-H1,1,52.5,No,No
PRF04470,EMP01984,2026-H1,3,91.0,No,No
PRF04471,EMP02094,2024-H2,3,79.9,Yes,No
PRF04472,EMP02257,2025-H1,,44.0,No,Yes
PRF04473,EMP00459,2026-H1,5,89.5,No,Yes
PRF04474,EMP02746,2025-H1,3,52.2,Yes,No
PRF04475,EMP02586,2025-H2,3,52.5,No,Yes
PRF04476,EMP00236,2025-H2,1,99.5,No,Yes
PRF04477,EMP00969,2026-H1,4,48.6,No,Yes
PRF04478,EMP97373,2024-H1,4,59.2,No,Yes
PRF04479,EMP02908,2024-H2,4,83.5,No,Yes
PRF04480,EMP01895,2025-H2,3,99.6,Yes,Yes
PRF04481,EMP01183,2026-H1,2,83.9,No,No
PRF04482,EMP01590,2025-H2,5,78.2,Yes,No
PRF04483,EMP00513,2025-H2,5,75.6,No,No
PRF04484,EMP00586,2024-H1,3,66.5,No,No
PRF04485,EMP00657,2025-H1,,50.3,No,Yes
PRF04486,EMP01895,2026-H1,4,85.7,No,No
PRF04487,EMP02497,2024-H1,4,79.7,No,Yes
PRF04488,EMP03129,2025-H2,,84.3,No,Yes
PRF04489,EMP00193,2024-H1,,82.1,No,Yes
PRF04490,EMP01486,2025-H1,3,48.8,No,No
PRF04491,EMP00588,2024-H2,4,50.7,No,Yes
PRF04492,EMP00699,2024-H1,,97.2,No,Yes
PRF04493,EMP02765,2025-H2,4,66.1,No,Yes
PRF04494,EMP00141,2024-H2,3,64.4,No,No
PRF04495,EMP02541,2026-H1,4,79.3,No,Yes
PRF04496,EMP01818,2025-H2,4,93.1,No,No
PRF04497,EMP02831,2026-H1,3,56.0,No,No
PRF04498,EMP01661,2026-H1,2,53.3,No,Yes
PRF04499,EMP00485,2025-H1,5,40.7,No,Yes
PRF04500,EMP00544,2025-H2,,96.0,No,Yes
PRF04501,EMP00241,2025-H2,4,81.5,Yes,No
PRF04502,EMP00088,2024-H2,2,61.1,No,No
PRF04503,EMP02843,2025-H1,4,68.2,No,Yes
PRF04504,EMP02606,2024-H1,3,48.9,No,Yes
PRF04505,EMP03081,2025-H1,4,95.4,No,Yes
PRF04506,EMP02071,2024-H2,,98.1,No,Yes
PRF04507,EMP01062,2025-H1,3,79.1,No,Yes
PRF04508,EMP02564,2024-H2,3,55.4,No,No
PRF04509,EMP01507,2024-H1,1,90.6,No,Yes
PRF04510,EMP01378,2025-H2,5,86.3,No,Yes
PRF04511,EMP02530,2025-H1,4,61.4,No,Yes
PRF04512,EMP01482,2024-H2,4,47.5,No,No
PRF04513,EMP02898,2025-H1,5,49.7,No,Yes
PRF04514,EMP00517,2024-H1,4,45.0,No,Yes
PRF04515,EMP02229,2025-H2,3,42.5,No,Yes
PRF04516,EMP00064,2024-H2,4,94.1,No,Yes
PRF04517,EMP00544,2025-H1,2,78.9,No,Yes
PRF04518,EMP02625,2025-H2,4,82.7,No,No
PRF04519,EMP01151,2024-H1,2,62.1,No,No
PRF04520,EMP98753,2026-H1,5,71.3,Yes,No
PRF04521,EMP01314,2025-H2,2,80.3,No,No
PRF04522,EMP02784,2025-H2,5,67.6,No,Yes
PRF04523,EMP01161,2026-H1,5,66.0,Yes,No
PRF04524,EMP00846,2026-H1,4,65.9,No,No
PRF04525,EMP94939,2025-H2,3,66.5,No,Yes
PRF04526,EMP01501,2026-H1,3,43.0,No,Yes
PRF04527,EMP02135,2024-H1,3,44.7,No,No
PRF04528,EMP00449,2026-H1,4,70.7,No,Yes
PRF04529,EMP01049,2024-H1,4,99.1,No,No
PRF04530,EMP01137,2025-H1,3,64.4,Yes,No
PRF04531,EMP00543,2024-H1,5,89.2,No,Yes
PRF04532,EMP00897,2025-H2,2,88.7,No,No
PRF04533,EMP02382,2024-H1,4,81.4,No,No
PRF04534,EMP00141,2024-H1,2,91.7,No,No
PRF04535,EMP02370,2024-H2,3,51.7,No,Yes
PRF04536,EMP02860,2025-H2,3,85.6,Yes,No
PRF04537,EMP02130,2024-H2,3,78.0,No,Yes
PRF04538,EMP03006,2025-H2,4,60.7,No,Yes
PRF04539,EMP01017,2024-H1,3,54.2,No,Yes
PRF04540,EMP02384,2025-H1,5,52.5,No,No
PRF04541,EMP02416,2024-H1,3,78.0,Yes,Yes
PRF04542,EMP00635,2024-H1,3,95.4,No,Yes
PRF04543,EMP02528,2025-H1,4,47.9,No,No
PRF04544,EMP02498,2025-H1,3,89.6,No,Yes
PRF04545,EMP02952,2025-H1,4,56.4,No,Yes
PRF04546,EMP01886,2024-H1,3,94.0,No,Yes
PRF04547,EMP00370,2025-H2,4,80.5,No,Yes
PRF04548,EMP01463,2025-H1,4,80.6,No,Yes
PRF04549,EMP01178,2024-H2,4,57.9,No,No
PRF04550,EMP01608,2024-H2,4,54.3,No,No
PRF04551,EMP92080,2024-H1,3,44.5,No,No
PRF04552,EMP01226,2024-H2,3,61.3,No,No
PRF04553,EMP01394,2024-H2,4,97.0,No,Yes
PRF04554,EMP02890,2026-H1,3,84.9,No,Yes
PRF04555,EMP01866,2026-H1,4,99.8,No,No
PRF04556,EMP00232,2024-H2,4,93.7,No,Yes
PRF04557,EMP01191,2025-H1,3,98.7,No,Yes
PRF04558,EMP00446,2026-H1,1,75.8,No,Yes
PRF04559,EMP01848,2025-H1,3,70.0,No,No
PRF04560,EMP03129,2024-H2,5,50.5,No,Yes
PRF04561,EMP00714,2024-H1,4,75.0,No,Yes
PRF04562,EMP02983,2025-H2,4,63.4,No,Yes
PRF04563,EMP02440,2024-H1,3,58.0,No,No
PRF04564,EMP01146,2026-H1,4,97.5,No,No
PRF04565,EMP01455,2025-H2,,9.3,Yes,Yes
PRF04566,EMP02640,2026-H1,3,44.1,No,No
PRF04567,EMP00949,2026-H1,3,97.6,No,Yes
PRF04568,EMP02862,2025-H2,2,98.8,No,Yes
PRF04569,EMP01312,2025-H1,4,78.9,No,No
PRF04570,EMP00857,2024-H1,4,60.0,Yes,Yes
PRF04571,EMP02751,2026-H1,4,56.8,No,Yes
PRF04572,EMP00519,2026-H1,2,62.7,No,Yes
PRF04573,EMP90828,2024-H2,3,84.2,No,No
PRF04574,EMP02134,2025-H1,1,74.4,No,Yes
PRF04575,EMP00729,2025-H2,3,78.7,No,Yes
PRF04576,EMP00014,2026-H1,3,51.6,No,Yes
PRF04577,EMP00161,2025-H2,5,48.0,No,No
PRF04578,EMP01366,2025-H1,4,96.3,No,Yes
PRF04579,EMP00430,2026-H1,3,85.6,Yes,Yes
PRF04580,EMP03072,2025-H1,3,96.2,No,Yes
PRF04581,EMP02554,2025-H1,5,65.5,No,No
PRF04582,EMP02443,2025-H2,1,85.2,Yes,Yes
PRF04583,EMP98490,2025-H2,4,54.3,No,Yes
PRF04584,EMP00262,2025-H1,3,57.4,No,No
PRF04585,EMP02537,2024-H2,3,75.1,No,Yes
PRF04586,EMP01428,2026-H1,3,46.3,Yes,Yes
PRF04587,EMP01628,2026-H1,5,58.6,No,No
PRF04588,EMP01497,2025-H1,4,84.7,No,Yes
PRF04589,EMP00654,2024-H1,3,77.5,No,Yes
PRF04590,EMP01061,2026-H1,3,83.5,No,Yes
PRF04591,EMP93593,2024-H1,3,55.5,No,No
PRF04592,EMP00214,2024-H1,4,77.0,No,Yes
PRF04593,EMP01598,2024-H2,2,78.2,Yes,Yes
PRF04594,EMP00108,2025-H2,4,79.4,No,No
PRF04595,EMP01890,2025-H1,3,74.7,No,No
PRF04596,EMP01977,2025-H2,4,41.6,No,No
PRF04597,EMP00720,2025-H2,3,48.7,Yes,Yes
PRF04598,EMP01604,2024-H1,5,86.0,No,Yes
PRF04599,EMP01509,2025-H1,3,66.4,No,No
PRF04600,EMP01989,2025-H2,3,52.0,No,Yes
PRF04601,EMP00952,2024-H2,2,93.9,Yes,Yes
PRF04602,EMP00060,2025-H2,3,95.4,No,Yes
PRF04603,EMP00025,2026-H1,2,41.4,Yes,No
PRF04604,EMP00401,2026-H1,2,59.2,Yes,Yes
PRF04605,EMP00268,2024-H2,3,60.2,No,No
PRF04606,EMP01202,2024-H1,5,76.9,No,Yes
PRF04607,EMP01895,2026-H1,3,65.8,No,Yes
PRF04608,EMP01336,2025-H2,1,97.7,No,No
PRF04609,EMP01858,2025-H1,4,46.2,No,No
PRF04610,EMP00965,2024-H2,3,69.0,No,Yes
PRF04611,EMP02134,2024-H2,4,82.7,Yes,No
PRF04612,EMP01906,2026-H1,4,70.8,No,No
PRF04613,EMP02834,2025-H1,4,94.5,No,No
PRF04614,EMP02108,2024-H1,5,58.4,No,Yes
PRF04615,EMP02161,2025-H2,3,63.5,No,No
PRF04616,EMP01041,2024-H1,2,49.0,No,No
PRF04617,EMP02122,2026-H1,3,67.9,Yes,Yes
PRF04618,EMP02767,2026-H1,2,51.5,No,No
PRF04619,EMP00351,2024-H2,4,96.8,No,No
PRF04620,EMP01904,2025-H2,4,51.7,No,Yes
PRF04621,EMP03113,2024-H1,4,64.1,Yes,No
PRF04622,EMP00650,2024-H2,3,49.0,No,Yes
PRF04623,EMP01985,2025-H1,3,53.9,No,No
PRF04624,EMP00646,2024-H1,5,68.5,No,No
PRF04625,EMP00431,2024-H2,,73.0,Yes,No
PRF04626,EMP02008,2024-H2,3,87.7,Yes,No
PRF04627,EMP00710,2024-H2,5,53.4,No,No
PRF04628,EMP01183,2024-H1,5,81.8,Yes,Yes
PRF04629,EMP94810,2025-H1,4,75.3,No,Yes
PRF04630,EMP00288,2024-H1,3,81.4,No,No
PRF04631,EMP02265,2026-H1,2,87.3,Yes,Yes
PRF04632,EMP01359,2026-H1,3,60.1,Yes,No
PRF04633,EMP02476,2025-H2,3,58.1,No,Yes
PRF04634,EMP01144,2025-H2,3,75.3,No,No
PRF04635,EMP00798,2026-H1,4,67.2,Yes,Yes
PRF04636,EMP01710,2026-H1,3,86.5,No,No
PRF04637,EMP01703,2025-H2,4,95.3,No,No
PRF04638,EMP01596,2026-H1,4,72.8,No,Yes
PRF04639,EMP01852,2025-H1,4,73.1,No,No
PRF04640,EMP00630,2024-H2,5,81.8,No,Yes
PRF04641,EMP00223,2026-H1,4,44.7,Yes,Yes
PRF04642,EMP00111,2024-H2,2,93.8,No,Yes
PRF04643,EMP00871,2024-H1,4,46.2,Yes,Yes
PRF04644,EMP00251,2024-H2,,87.8,Yes,No
PRF04645,EMP02026,2026-H1,4,55.8,No,Yes
PRF04646,EMP00222,2024-H2,3,49.2,No,Yes
PRF04647,EMP01862,2024-H1,,50.6,No,Yes
PRF04648,EMP02494,2024-H1,3,77.5,No,No
PRF04649,EMP00291,2025-H2,3,66.8,No,No
PRF04650,EMP00219,2025-H1,5,76.1,No,No
PRF04651,EMP02510,2025-H2,3,51.1,Yes,No
PRF04652,EMP00286,2026-H1,5,49.7,No,No
PRF04653,EMP01493,2026-H1,4,82.0,No,No
PRF04654,EMP01877,2024-H1,5,59.9,No,Yes
PRF04655,EMP03091,2026-H1,4,42.6,No,No
PRF04656,EMP00611,2024-H2,3,51.2,No,Yes
PRF04657,EMP01347,2026-H1,3,42.5,No,No
PRF04658,EMP01190,2025-H2,3,43.9,No,No
PRF04659,EMP01295,2024-H1,4,50.3,Yes,Yes
PRF04660,EMP00457,2025-H1,5,48.1,No,No
PRF04661,EMP00286,2025-H2,4,72.1,No,Yes
PRF04662,EMP01859,2025-H1,3,69.8,Yes,No
PRF04663,EMP00899,2024-H1,3,56.5,No,Yes
PRF04664,EMP02970,2024-H1,3,78.8,No,No
PRF04665,EMP00979,2024-H1,4,81.5,No,No
PRF04666,EMP00496,2026-H1,3,60.4,No,Yes
PRF04667,EMP02639,2024-H1,3,97.3,No,No
PRF04668,EMP01208,2026-H1,1,70.7,No,No
PRF04669,EMP03162,2025-H2,5,67.5,Yes,Yes
PRF04670,EMP02139,2024-H2,5,92.8,No,Yes
PRF04671,EMP00233,2024-H1,4,48.8,No,No
PRF04672,EMP02610,2024-H2,4,74.2,Yes,Yes
PRF04673,EMP00882,2024-H1,5,77.2,No,No
PRF04674,EMP00059,2026-H1,4,77.8,No,No
PRF04675,EMP01405,2026-H1,5,65.8,No,No
PRF04676,EMP02692,2025-H1,1,76.4,No,No
PRF04677,EMP01896,2025-H2,2,42.2,No,No
PRF04678,EMP02885,2024-H2,4,57.2,Yes,No
PRF04679,EMP00276,2024-H1,2,47.2,No,No
PRF04680,EMP00153,2025-H2,1,70.3,No,No
PRF04681,EMP02414,2025-H2,3,68.9,No,Yes
PRF04682,EMP02427,2026-H1,4,45.7,No,Yes
PRF04683,EMP00594,2025-H1,5,85.2,No,Yes
PRF04684,EMP01801,2025-H1,5,60.1,No,Yes
PRF04685,EMP00071,2026-H1,3,0.3,No,Yes
PRF04686,EMP02678,2024-H2,3,46.2,No,Yes
PRF04687,EMP00277,2024-H2,4,97.5,No,No
PRF04688,EMP00282,2024-H2,5,63.0,No,No
PRF04689,EMP02729,2024-H2,5,77.4,No,Yes
PRF04690,EMP03181,2026-H1,3,55.5,No,Yes
PRF04691,EMP00548,2024-H2,3,47.3,Yes,Yes
PRF04692,EMP01809,2024-H2,3,99.7,No,Yes
PRF04693,EMP01140,2025-H2,5,97.2,No,Yes
PRF04694,EMP00583,2026-H1,5,58.4,Yes,No
PRF04695,EMP00803,2025-H1,3,79.0,No,No
PRF04696,EMP02815,2024-H1,5,89.7,No,Yes
PRF04697,EMP02010,2025-H1,2,41.3,No,No
PRF04698,EMP01605,2024-H1,3,98.9,No,No
PRF04699,EMP00180,2024-H1,4,53.1,No,No
PRF04700,EMP03011,2025-H1,3,47.4,Yes,No
PRF04701,EMP02493,2024-H2,5,61.7,Yes,Yes
PRF04702,EMP02078,2026-H1,4,72.4,No,Yes
PRF04703,EMP00077,2024-H2,1,72.3,No,No
PRF04704,EMP00080,2025-H1,3,42.6,No,Yes
PRF04705,EMP01965,2024-H1,5,87.5,No,No
PRF04706,EMP02412,2026-H1,4,56.9,No,Yes
PRF04707,EMP02439,2024-H2,4,63.7,No,Yes
PRF04708,EMP02151,2026-H1,3,83.3,No,No
PRF04709,EMP02604,2024-H2,,47.1,No,No
PRF04710,EMP00501,2025-H2,3,96.1,No,Yes
PRF04711,EMP02361,2025-H2,3,57.9,Yes,No
PRF04712,EMP01361,2026-H1,4,54.6,Yes,Yes
PRF04713,EMP00784,2026-H1,2,99.1,No,No
PRF04714,EMP01831,2024-H1,3,98.6,No,Yes
PRF04715,EMP00812,2024-H2,4,71.2,No,Yes
PRF04716,EMP02246,2024-H1,3,7.0,No,No
PRF04717,EMP00171,2024-H1,3,60.5,No,No
PRF04718,EMP00755,2024-H1,4,63.9,No,Yes
PRF04719,EMP00523,2025-H2,5,66.0,No,No
PRF04720,EMP02504,2026-H1,3,90.8,Yes,No
PRF04721,EMP02214,2026-H1,3,40.0,No,No
PRF04722,EMP02843,2024-H1,1,90.0,No,No
PRF04723,EMP02714,2024-H1,2,40.0,No,Yes
PRF04724,EMP02279,2025-H2,5,45.2,No,Yes
PRF04725,EMP01000,2025-H1,3,81.8,No,Yes
PRF04726,EMP02254,2024-H1,4,58.4,No,No
PRF04727,EMP01079,2025-H1,4,95.3,Yes,Yes
PRF04728,EMP01864,2025-H2,2,65.2,Yes,Yes
PRF04729,EMP01610,2024-H2,5,56.7,No,No
PRF04730,EMP01917,2025-H1,3,79.1,No,Yes
PRF04731,EMP00391,2024-H2,4,61.2,No,Yes
PRF04732,EMP98280,2024-H2,3,50.4,No,Yes
PRF04733,EMP02022,2025-H2,2,60.1,Yes,No
PRF04734,EMP01907,2025-H1,2,81.1,Yes,Yes
PRF04735,EMP03003,2024-H2,3,84.9,No,No
PRF04736,EMP00150,2025-H2,3,51.7,No,Yes
PRF04737,EMP02375,2024-H1,1,66.4,No,Yes
PRF04738,EMP02000,2026-H1,4,82.0,No,No
PRF04739,EMP00994,2024-H2,1,65.0,Yes,Yes
PRF04740,EMP00815,2024-H2,4,65.7,No,No
PRF04741,EMP02778,2024-H2,3,69.8,Yes,Yes
PRF04742,EMP01500,2024-H2,5,87.2,Yes,No
PRF04743,EMP00100,2024-H2,1,81.1,No,No
PRF04744,EMP00111,2025-H1,3,71.1,No,Yes
PRF04745,EMP01239,2024-H2,3,60.3,No,Yes
PRF04746,EMP98669,2026-H1,4,72.1,No,Yes
PRF04747,EMP01829,2026-H1,4,90.8,No,Yes
PRF04748,EMP01654,2025-H2,3,81.3,No,Yes
PRF04749,EMP02498,2024-H1,2,60.5,No,No
PRF04750,EMP01466,2025-H2,4,82.4,No,No
PRF04751,EMP02995,2025-H1,5,64.5,No,No
PRF04752,EMP02063,2025-H2,3,40.3,No,Yes
PRF04753,EMP02978,2025-H2,4,96.3,No,Yes
PRF04754,EMP02453,2025-H2,4,92.9,No,Yes
PRF04755,EMP00200,2024-H2,4,98.5,Yes,Yes
PRF04756,EMP00911,2025-H2,4,87.3,No,No
PRF04757,EMP00719,2024-H2,4,89.7,No,Yes
PRF04758,EMP00175,2026-H1,5,72.6,No,Yes
PRF04759,EMP01219,2026-H1,3,74.0,Yes,Yes
PRF04760,EMP00149,2025-H2,,61.8,Yes,Yes
PRF04761,EMP01475,2024-H1,4,93.4,No,No
PRF04762,EMP01094,2024-H1,4,57.0,No,No
PRF04763,EMP01913,2025-H2,3,90.6,No,No
PRF04764,EMP02758,2024-H2,3,68.2,Yes,Yes
PRF04765,EMP01079,2024-H1,5,72.4,Yes,Yes
PRF04766,EMP03035,2025-H2,4,71.5,Yes,No
PRF04767,EMP00761,2024-H2,2,49.2,Yes,Yes
PRF04768,EMP00796,2024-H2,5,57.2,No,No
PRF04769,EMP02678,2025-H1,3,66.6,No,Yes
PRF04770,EMP01996,2025-H2,4,60.9,No,No
PRF04771,EMP00373,2025-H1,4,68.6,No,Yes
PRF04772,EMP02122,2026-H1,,71.4,No,No
PRF04773,EMP00448,2024-H1,2,67.0,No,No
PRF04774,EMP02179,2024-H2,3,89.3,Yes,Yes
PRF04775,EMP00752,2025-H2,3,89.5,Yes,Yes
PRF04776,EMP00617,2024-H2,3,55.6,No,No
PRF04777,EMP00459,2026-H1,4,42.8,No,No
PRF04778,EMP02541,2024-H1,3,66.8,Yes,Yes
PRF04779,EMP02461,2026-H1,4,92.9,No,No
PRF04780,EMP02259,2026-H1,5,71.3,Yes,No
PRF04781,EMP01709,2026-H1,2,94.3,No,No
PRF04782,EMP02224,2025-H2,4,56.2,No,Yes
PRF04783,EMP00712,2025-H1,3,92.5,Yes,No
PRF04784,EMP01177,2024-H1,4,78.2,No,No
PRF04785,EMP02597,2026-H1,,81.2,No,Yes
PRF04786,EMP00865,2025-H2,2,50.6,No,Yes
PRF04787,EMP01281,2024-H2,4,86.2,No,No
PRF04788,EMP00238,2024-H1,4,87.0,No,Yes
PRF04789,EMP01223,2025-H1,3,60.9,Yes,Yes
PRF04790,EMP01564,2024-H1,3,44.8,No,No
PRF04791,EMP03035,2025-H2,3,89.3,No,Yes
PRF04792,EMP02573,2024-H1,5,67.0,Yes,Yes
PRF04793,EMP02267,2026-H1,3,95.5,Yes,Yes
PRF04794,EMP01408,2026-H1,5,52.8,No,Yes
PRF04795,EMP02981,2026-H1,3,76.6,No,No
PRF04796,EMP02411,2025-H2,3,56.3,No,No
PRF04797,EMP02930,2024-H1,4,60.5,No,No
PRF04798,EMP01447,2025-H1,4,93.9,Yes,No
PRF04799,EMP00214,2024-H1,4,51.8,No,No
PRF04800,EMP00240,2025-H2,4,68.0,No,Yes
PRF04801,EMP01443,2025-H2,5,56.1,No,No
PRF04802,EMP00576,2025-H2,5,46.1,No,Yes
PRF04803,EMP00021,2025-H1,4,76.1,No,Yes
PRF04804,EMP01950,2025-H2,3,95.2,No,No
PRF04805,EMP00971,2024-H2,4,83.7,No,No
PRF04806,EMP02427,2026-H1,3,84.0,No,No
PRF04807,EMP02115,2025-H1,5,99.4,No,No
PRF04808,EMP02558,2024-H2,4,55.2,No,Yes
PRF04809,EMP01762,2024-H1,4,83.7,No,No
PRF04810,EMP00434,2025-H1,3,50.4,Yes,Yes
PRF04811,EMP02926,2025-H1,1,98.2,Yes,Yes
PRF04812,EMP01330,2025-H2,4,54.4,Yes,No
PRF04813,EMP01888,2024-H1,3,90.8,Yes,Yes
PRF04814,EMP03087,2026-H1,4,9.6,Yes,Yes
PRF04815,EMP01042,2025-H1,5,55.8,No,Yes
PRF04816,EMP00182,2024-H2,3,86.4,No,Yes
PRF04817,EMP03063,2024-H1,4,94.0,No,Yes
PRF04818,EMP01271,2025-H1,3,74.2,No,No
PRF04819,EMP00941,2025-H1,,63.1,No,Yes
PRF04820,EMP96989,2026-H1,2,55.8,No,Yes
PRF04821,EMP00219,2024-H1,4,93.8,No,No
PRF04822,EMP02669,2026-H1,3,47.2,No,Yes
PRF04823,EMP02645,2025-H1,4,92.2,No,No
PRF04824,EMP00385,2025-H1,2,53.6,No,Yes
PRF04825,EMP00822,2024-H1,3,4.8,No,No
PRF04826,EMP01109,2026-H1,1,68.7,Yes,No
PRF04827,EMP00719,2025-H2,5,89.7,No,Yes
PRF04828,EMP00299,2025-H2,4,56.5,Yes,No
PRF04829,EMP01677,2025-H1,2,98.4,No,No
PRF04830,EMP01046,2024-H1,4,44.5,No,Yes
PRF04831,EMP00873,2025-H1,1,91.4,No,No
PRF04832,EMP02429,2025-H1,4,85.5,No,No
PRF04833,EMP02045,2025-H1,4,94.3,No,No
PRF04834,EMP01994,2025-H2,3,92.3,Yes,No
PRF04835,EMP00096,2024-H1,2,64.2,No,No
PRF04836,EMP03142,2024-H1,4,78.6,No,No
PRF04837,EMP00752,2025-H1,3,49.1,No,No
PRF04838,EMP02629,2026-H1,4,49.9,No,No
PRF04839,EMP01521,2025-H2,3,61.6,Yes,No
PRF04840,EMP02888,2025-H2,4,91.0,No,No
PRF04841,EMP01667,2024-H1,4,52.2,No,No
PRF04842,EMP00161,2025-H1,4,91.4,Yes,No
PRF04843,EMP01025,2026-H1,3,53.7,No,Yes
PRF04844,EMP01947,2026-H1,1,60.5,No,Yes
PRF04845,EMP01057,2025-H2,4,1.7,Yes,No
PRF04846,EMP00382,2024-H1,3,64.3,No,Yes
PRF04847,EMP02107,2024-H1,3,69.4,No,Yes
PRF04848,EMP02447,2025-H2,3,89.7,No,No
PRF04849,EMP02043,2024-H1,4,66.1,No,Yes
PRF04850,EMP00873,2026-H1,3,62.7,No,No
PRF04851,EMP02738,2026-H1,4,69.0,No,No
PRF04852,EMP00652,2024-H1,4,72.7,No,No
PRF04853,EMP02302,2024-H2,3,81.6,No,Yes
PRF04854,EMP01723,2026-H1,3,70.6,No,No
PRF04855,EMP03045,2024-H2,5,90.0,No,No
PRF04856,EMP00944,2026-H1,3,57.0,No,Yes
PRF04857,EMP02333,2024-H1,5,47.8,No,No
PRF04858,EMP01889,2025-H1,3,52.8,No,Yes
PRF04859,EMP01528,2024-H2,4,54.6,No,No
PRF04860,EMP00789,2026-H1,1,59.4,No,Yes
PRF04861,EMP00237,2025-H2,4,62.0,No,Yes
PRF04862,EMP00727,2025-H1,3,51.8,No,No
PRF04863,EMP02790,2024-H1,3,56.6,No,No
PRF04864,EMP03061,2025-H1,4,81.7,No,No
PRF04865,EMP02482,2026-H1,1,64.4,No,Yes
PRF04866,EMP03188,2024-H2,4,42.2,No,No
PRF04867,EMP00807,2025-H2,3,50.9,No,Yes
PRF04868,EMP02054,2025-H2,3,71.3,Yes,No
PRF04869,EMP02814,2024-H2,5,87.4,No,No
PRF04870,EMP00066,2024-H2,3,47.3,No,No
PRF04871,EMP02953,2024-H1,3,51.9,No,Yes
PRF04872,EMP00391,2024-H2,3,97.1,No,No
PRF04873,EMP01773,2024-H2,3,52.9,No,Yes
PRF04874,EMP00895,2026-H1,4,50.0,No,Yes
PRF04875,EMP02044,2024-H2,4,85.5,No,Yes
PRF04876,EMP02209,2024-H2,3,74.5,Yes,No
PRF04877,EMP02262,2024-H1,2,91.1,Yes,No
PRF04878,EMP01504,2025-H1,2,4.5,Yes,No
PRF04879,EMP02205,2026-H1,3,42.1,No,Yes
PRF04880,EMP00862,2025-H1,4,61.2,No,Yes
PRF04881,EMP01718,2026-H1,5,97.4,Yes,No
PRF04882,EMP01223,2025-H2,5,80.4,Yes,Yes
PRF04883,EMP01117,2024-H2,5,89.2,No,Yes
PRF04884,EMP00011,2024-H1,4,46.1,No,Yes
PRF04885,EMP01225,2024-H1,3,74.8,No,Yes
PRF04886,EMP00736,2024-H1,3,49.6,Yes,No
PRF04887,EMP00480,2025-H2,2,96.5,No,Yes
PRF04888,EMP00899,2024-H1,3,67.1,No,Yes
PRF04889,EMP02509,2025-H2,3,64.3,Yes,Yes
PRF04890,EMP02213,2024-H1,4,61.2,No,Yes
PRF04891,EMP00281,2025-H1,4,89.3,No,No
PRF04892,EMP01194,2024-H2,5,66.6,No,Yes
PRF04893,EMP00895,2025-H1,2,52.8,No,Yes
PRF04894,EMP01092,2025-H2,3,50.6,No,No
PRF04895,EMP02306,2026-H1,2,53.2,No,Yes
PRF04896,EMP00755,2024-H1,3,69.2,No,Yes
PRF04897,EMP02222,2025-H2,4,87.1,No,No
PRF04898,EMP00596,2025-H1,,58.2,No,No
PRF04899,EMP01143,2026-H1,5,93.6,No,No
PRF04900,EMP00685,2024-H2,5,89.5,No,No
PRF04901,EMP00630,2024-H2,3,44.5,No,Yes
PRF04902,EMP00654,2025-H1,3,99.3,No,No
PRF04903,EMP02402,2024-H2,3,85.7,Yes,No
PRF04904,EMP01274,2024-H2,3,44.3,No,No
PRF04905,EMP00308,2025-H2,3,94.8,No,No
PRF04906,EMP01202,2024-H2,5,41.8,No,Yes
PRF04907,EMP00330,2024-H2,4,82.1,Yes,Yes
PRF04908,EMP01356,2025-H2,5,95.5,Yes,No
PRF04909,EMP01719,2024-H1,5,94.9,Yes,Yes
PRF04910,EMP00544,2025-H1,4,88.6,No,No
PRF04911,EMP02389,2025-H1,4,74.5,Yes,No
PRF04912,EMP02281,2024-H1,5,48.7,No,No
PRF04913,EMP02073,2025-H2,4,80.7,No,No
PRF04914,EMP01955,2026-H1,1,65.5,No,Yes
PRF04915,EMP00535,2024-H1,5,65.0,No,Yes
PRF04916,EMP01192,2025-H1,4,93.3,No,No
PRF04917,EMP02058,2024-H1,4,56.8,No,No
PRF04918,EMP02473,2024-H1,2,87.7,No,No
PRF04919,EMP02190,2025-H2,3,99.2,No,No
PRF04920,EMP01941,2024-H1,3,69.5,No,Yes
PRF04921,EMP00720,2026-H1,4,82.2,No,No
PRF04922,EMP01445,2024-H1,3,61.9,No,Yes
PRF04923,EMP01423,2025-H2,4,67.6,No,No
PRF04924,EMP01512,2025-H2,2,61.6,Yes,No
PRF04925,EMP01325,2025-H1,5,48.9,No,Yes
PRF04926,EMP02826,2025-H1,3,69.5,No,No
PRF04927,EMP00212,2026-H1,5,88.0,No,Yes
PRF04928,EMP01561,2024-H1,4,94.6,Yes,Yes
PRF04929,EMP01221,2026-H1,4,72.4,No,No
PRF04930,EMP03138,2025-H1,3,83.5,Yes,Yes
PRF04931,EMP00373,2025-H2,4,62.1,No,Yes
PRF04932,EMP03146,2025-H1,3,88.3,No,Yes
PRF04933,EMP01845,2024-H1,5,56.6,Yes,No
PRF04934,EMP02285,2026-H1,3,59.7,No,No
PRF04935,EMP00006,2025-H1,5,77.2,No,No
PRF04936,EMP00003,2024-H2,4,70.6,No,No
PRF04937,EMP02127,2024-H1,5,62.8,Yes,No
PRF04938,EMP00306,2025-H1,3,40.3,No,Yes
PRF04939,EMP01590,2024-H1,3,49.1,Yes,Yes
PRF04940,EMP00065,2025-H1,4,86.1,No,Yes
PRF04941,EMP91391,2026-H1,5,88.5,No,No
PRF04942,EMP03120,2024-H2,1,81.2,No,No
PRF04943,EMP02903,2025-H2,4,44.4,No,No
PRF04944,EMP02585,2024-H1,4,64.4,No,Yes
PRF04945,EMP01842,2025-H1,2,44.0,No,No
PRF04946,EMP02152,2025-H2,3,56.8,No,Yes
PRF04947,EMP00517,2025-H1,5,67.0,No,Yes
PRF04948,EMP00068,2026-H1,1,97.7,No,Yes
PRF04949,EMP01600,2024-H1,3,70.8,No,Yes
PRF04950,EMP01367,2024-H1,4,40.0,No,Yes
PRF04951,EMP01501,2025-H2,4,72.8,No,No
PRF04952,EMP01106,2026-H1,3,48.7,No,No
PRF04953,EMP01668,2025-H1,1,62.7,No,Yes
PRF04954,EMP01548,2025-H1,3,53.4,Yes,No
PRF04955,EMP01788,2024-H1,3,42.3,No,Yes
PRF04956,EMP01878,2025-H1,4,90.6,No,Yes
PRF04957,EMP03133,2025-H2,3,72.2,No,No
PRF04958,EMP00073,2025-H2,,84.1,No,Yes
PRF04959,EMP01618,2025-H2,4,80.1,Yes,Yes
PRF04960,EMP03195,2025-H2,3,70.9,No,No
PRF04961,EMP02590,2024-H1,4,92.8,No,Yes
PRF04962,EMP01119,2024-H2,5,83.0,No,Yes
PRF04963,EMP03106,2025-H1,2,80.0,No,Yes
PRF04964,EMP02989,2025-H2,3,88.0,No,No
PRF04965,EMP00953,2025-H1,2,84.9,No,Yes
PRF04966,EMP00379,2024-H1,3,91.6,Yes,Yes
PRF04967,EMP03111,2024-H2,3,73.8,No,No
PRF04968,EMP01067,2024-H2,4,83.7,Yes,Yes
PRF04969,EMP00044,2025-H2,4,94.0,Yes,No
PRF04970,EMP02221,2025-H1,4,72.4,No,Yes
PRF04971,EMP00302,2026-H1,1,87.7,No,No
PRF04972,EMP00829,2025-H1,3,91.6,Yes,Yes
PRF04973,EMP00321,2025-H2,3,69.8,Yes,No
PRF04974,EMP00143,2025-H2,2,48.2,Yes,No
PRF04975,EMP00487,2025-H1,3,75.1,Yes,No
PRF04976,EMP02553,2024-H2,3,79.1,No,Yes
PRF04977,EMP02748,2024-H2,5,40.1,Yes,No
PRF04978,EMP00760,2025-H1,4,60.5,No,No
PRF04979,EMP00757,2024-H1,,82.0,Yes,Yes
PRF04980,EMP02481,2025-H1,3,52.6,No,Yes
PRF04981,EMP00970,2025-H1,4,92.5,Yes,Yes
PRF04982,EMP03053,2024-H1,4,67.1,Yes,No
PRF04983,EMP00956,2024-H2,2,94.3,No,Yes
PRF04984,EMP01538,2024-H2,4,79.0,No,No
PRF04985,EMP00757,2024-H1,3,93.3,Yes,Yes
PRF04986,EMP01010,2025-H2,5,62.6,No,Yes
PRF04987,EMP02417,2025-H1,3,89.0,No,No
PRF04988,EMP01844,2024-H1,4,51.3,No,No
PRF04989,EMP01883,2026-H1,3,59.6,No,No
PRF04990,EMP00066,2025-H2,4,68.2,No,No
PRF04991,EMP00562,2024-H1,4,90.1,No,No
PRF04992,EMP00247,2026-H1,4,87.0,No,Yes
PRF04993,EMP02785,2024-H1,3,71.5,Yes,No
PRF04994,EMP00863,2025-H2,3,78.9,No,No
PRF04995,EMP02093,2025-H1,2,41.9,No,No
PRF04996,EMP00188,2024-H1,3,66.0,No,No
PRF04997,EMP02721,2024-H2,4,77.0,No,No
PRF04998,EMP01078,2025-H2,5,2.3,No,No
PRF04999,EMP01510,2025-H2,4,47.0,Yes,No
PRF05000,EMP01051,2024-H2,4,59.3,No,Yes
PRF05001,EMP00686,2024-H2,4,86.7,Yes,Yes
PRF05002,EMP02727,2024-H2,1,83.9,Yes,No
PRF05003,EMP00018,2025-H1,2,56.4,No,Yes
PRF05004,EMP01163,2025-H1,3,90.1,Yes,No
PRF05005,EMP00275,2026-H1,4,53.8,Yes,No
PRF05006,EMP00928,2026-H1,3,83.6,No,No
PRF05007,EMP01095,2024-H1,3,57.2,No,No
PRF05008,EMP03138,2025-H2,2,90.2,Yes,Yes
PRF05009,EMP00007,2025-H1,3,47.8,No,No
PRF05010,EMP01486,2024-H1,5,77.1,No,No
PRF05011,EMP00473,2025-H1,4,54.5,Yes,Yes
PRF05012,EMP00067,2025-H2,4,92.5,No,No
PRF05013,EMP02472,2026-H1,1,70.8,No,No
PRF05014,EMP00269,2024-H1,4,58.3,No,Yes
PRF05015,EMP92521,2024-H1,5,85.3,No,Yes
PRF05016,EMP00600,2025-H1,3,76.8,Yes,Yes
PRF05017,EMP02791,2024-H2,2,42.8,Yes,No
PRF05018,EMP01235,2025-H1,3,55.6,Yes,Yes
PRF05019,EMP03115,2025-H1,5,42.7,Yes,Yes
PRF05020,EMP01085,2024-H1,,42.2,No,Yes
PRF05021,EMP00307,2024-H1,,75.7,Yes,Yes
PRF05022,EMP01227,2024-H2,1,56.2,No,Yes
PRF05023,EMP01541,2025-H1,4,89.1,No,Yes
PRF05024,EMP00374,2024-H2,3,69.6,No,No
PRF05025,EMP00718,2025-H2,4,62.6,No,No
PRF05026,EMP01433,2025-H2,3,58.7,No,No
PRF05027,EMP02792,2026-H1,4,46.5,No,No
PRF05028,EMP01416,2024-H2,5,50.8,Yes,Yes
PRF05029,EMP02385,2026-H1,5,93.1,Yes,No
PRF05030,EMP01746,2024-H2,1,82.6,No,No
PRF05031,EMP03178,2025-H2,3,74.9,No,Yes
PRF05032,EMP02343,2026-H1,1,85.9,No,No
PRF05033,EMP00131,2024-H2,5,66.2,No,No
PRF05034,EMP98861,2025-H1,4,56.8,No,No
PRF05035,EMP94290,2026-H1,3,50.8,Yes,No
PRF05036,EMP00430,2026-H1,3,89.3,No,No
PRF05037,EMP00406,2026-H1,4,55.8,No,Yes
PRF05038,EMP02293,2025-H2,4,76.2,Yes,Yes
PRF05039,EMP01579,2024-H1,4,61.3,Yes,No
PRF05040,EMP01109,2026-H1,4,40.7,No,Yes
PRF05041,EMP02538,2025-H1,3,45.5,No,Yes
PRF05042,EMP03072,2025-H1,3,93.1,Yes,No
PRF05043,EMP98682,2024-H1,3,42.6,Yes,No
PRF05044,EMP00329,2026-H1,3,81.4,Yes,No
PRF05045,EMP00047,2026-H1,2,88.5,No,Yes
PRF05046,EMP97707,2025-H1,4,79.3,No,No
PRF05047,EMP00720,2024-H1,4,67.2,No,No
PRF05048,EMP00983,2025-H2,4,52.7,No,Yes
PRF05049,EMP00675,2025-H2,4,96.2,No,Yes
PRF05050,EMP01058,2025-H2,1,99.4,No,Yes
PRF05051,EMP02519,2025-H2,,62.3,No,No
PRF05052,EMP01938,2025-H2,4,57.5,No,No
PRF05053,EMP00910,2025-H2,5,62.9,No,Yes
PRF05054,EMP01989,2026-H1,3,44.0,No,No
PRF05055,EMP00098,2024-H2,4,97.7,No,Yes
PRF05056,EMP00847,2026-H1,4,86.2,No,Yes
PRF05057,EMP00260,2024-H1,3,84.3,Yes,No
PRF05058,EMP01938,2025-H1,3,85.3,No,No
PRF05059,EMP00366,2025-H2,4,61.7,No,Yes
PRF05060,EMP00232,2024-H1,5,49.0,No,Yes
PRF05061,EMP02003,2025-H1,4,70.4,No,Yes
PRF05062,EMP00796,2024-H1,1,89.0,No,No
PRF05063,EMP02362,2025-H2,5,70.9,Yes,Yes
PRF05064,EMP01279,2024-H2,,93.8,No,Yes
PRF05065,EMP01005,2026-H1,4,97.2,No,Yes
PRF05066,EMP02677,2025-H1,5,98.7,No,No
PRF05067,EMP00756,2025-H2,5,49.1,No,Yes
PRF05068,EMP02849,2025-H1,,63.2,No,No
PRF05069,EMP01928,2024-H2,4,46.6,No,Yes
PRF05070,EMP02930,2024-H1,5,87.2,Yes,Yes
PRF05071,EMP01920,2024-H1,4,50.0,No,Yes
PRF05072,EMP01505,2024-H2,4,54.7,No,No
PRF05073,EMP03109,2026-H1,3,92.7,No,Yes
PRF05074,EMP01911,2025-H2,3,47.6,No,No
PRF05075,EMP01288,2024-H1,5,56.7,No,No
PRF05076,EMP02134,2025-H2,1,74.9,Yes,Yes
PRF05077,EMP01069,2025-H2,3,64.0,No,No
PRF05078,EMP01386,2025-H1,3,55.9,No,Yes
PRF05079,EMP01956,2025-H1,4,49.8,No,No
PRF05080,EMP00630,2024-H1,4,52.8,Yes,No
PRF05081,EMP03043,2024-H2,2,60.0,No,No
PRF05082,EMP99038,2025-H2,5,85.1,No,No
PRF05083,EMP00806,2024-H1,4,66.6,No,Yes
PRF05084,EMP95088,2024-H1,4,79.4,No,Yes
PRF05085,EMP00307,2025-H2,4,92.4,Yes,Yes
PRF05086,EMP00043,2025-H1,5,62.8,No,Yes
PRF05087,EMP02613,2026-H1,4,54.1,Yes,No
PRF05088,EMP00811,2024-H2,2,48.3,No,No
PRF05089,EMP02603,2025-H2,4,80.4,No,Yes
PRF05090,EMP00909,2025-H2,,76.3,No,No
PRF05091,EMP00527,2025-H2,2,42.0,No,No
PRF05092,EMP00812,2024-H1,4,64.6,No,Yes
PRF05093,EMP00864,2024-H2,3,86.5,No,Yes
PRF05094,EMP01133,2025-H2,3,56.6,No,Yes
PRF05095,EMP01597,2025-H1,4,43.9,No,Yes
PRF05096,EMP01370,2026-H1,,80.9,No,No
PRF05097,EMP00416,2026-H1,3,63.9,No,No
PRF05098,EMP02858,2024-H2,3,54.7,No,No
PRF05099,EMP03170,2026-H1,4,75.5,No,No
PRF05100,EMP00414,2024-H1,4,65.8,No,No
PRF05101,EMP01487,2024-H2,4,64.1,No,No
PRF05102,EMP02636,2025-H2,3,85.8,No,Yes
PRF05103,EMP01341,2024-H1,5,77.6,Yes,Yes
PRF05104,EMP01027,2025-H1,5,57.5,Yes,No
PRF05105,EMP01667,2025-H1,3,41.6,No,Yes
PRF05106,EMP00023,2025-H2,4,49.5,No,Yes
PRF05107,EMP02113,2024-H1,4,57.0,No,No
PRF05108,EMP01679,2024-H1,5,85.0,No,Yes
PRF05109,EMP01267,2025-H1,4,47.3,Yes,Yes
PRF05110,EMP01606,2025-H1,3,61.5,No,No
PRF05111,EMP01717,2024-H2,5,55.5,No,Yes
PRF05112,EMP00564,2024-H2,3,93.6,No,Yes
PRF05113,EMP02359,2025-H2,3,66.8,No,No
PRF05114,EMP02041,2025-H2,4,95.1,No,Yes
PRF05115,EMP00210,2024-H2,4,84.6,No,Yes
PRF05116,EMP01184,2025-H2,5,66.7,No,No
PRF05117,EMP02800,2024-H1,2,95.8,No,No
PRF05118,EMP00680,2024-H1,2,80.5,Yes,No
PRF05119,EMP00675,2024-H2,5,64.0,Yes,Yes
PRF05120,EMP00867,2025-H1,4,49.8,No,No
PRF05121,EMP00680,2025-H2,4,73.4,No,No
PRF05122,EMP02536,2025-H2,5,78.9,No,Yes
PRF05123,EMP00641,2025-H1,4,41.4,No,No
PRF05124,EMP91319,2026-H1,2,69.1,Yes,Yes
PRF05125,EMP01825,2025-H2,4,77.4,No,No
PRF05126,EMP01217,2025-H2,4,79.4,No,Yes
PRF05127,EMP02931,2026-H1,4,65.9,No,Yes
PRF05128,EMP00637,2025-H2,3,59.5,No,No
PRF05129,EMP01885,2026-H1,2,78.6,No,No
PRF05130,EMP00660,2024-H1,3,92.0,Yes,Yes
PRF05131,EMP02638,2025-H2,4,63.3,No,No
PRF05132,EMP00007,2025-H2,3,65.6,No,No
PRF05133,EMP03172,2025-H2,5,89.8,No,No
PRF05134,EMP02890,2025-H1,3,62.5,No,No
PRF05135,EMP00858,2025-H1,4,41.2,No,No
PRF05136,EMP00449,2025-H2,5,53.0,No,Yes
PRF05137,EMP00635,2024-H2,,76.2,No,Yes
PRF05138,EMP00573,2026-H1,4,52.4,No,No
PRF05139,EMP99803,2024-H1,4,76.7,Yes,No
PRF05140,EMP02351,2026-H1,2,98.2,No,No
PRF05141,EMP00988,2025-H1,3,43.1,No,No
PRF05142,EMP00464,2026-H1,3,89.5,No,No
PRF05143,EMP01369,2025-H1,1,86.0,No,Yes
PRF05144,EMP00188,2026-H1,1,84.6,Yes,Yes
PRF05145,EMP01708,2025-H2,4,58.5,No,No
PRF05146,EMP01094,2025-H1,4,55.5,No,Yes
PRF05147,EMP01848,2025-H1,5,91.8,Yes,No
PRF05148,EMP00327,2026-H1,3,64.3,No,No
PRF05149,EMP02447,2024-H1,3,83.8,No,Yes
PRF05150,EMP01810,2024-H1,4,42.3,No,Yes
PRF05151,EMP01226,2025-H2,3,40.7,No,No
PRF05152,EMP00780,2024-H1,2,82.0,No,Yes
PRF05153,EMP02220,2024-H1,1,47.0,No,Yes
PRF05154,EMP00361,2024-H1,1,69.4,No,Yes
PRF05155,EMP01915,2024-H1,3,69.0,No,No
PRF05156,EMP01788,2026-H1,3,88.9,Yes,No
PRF05157,EMP00741,2024-H2,4,45.3,No,No
PRF05158,EMP02913,2026-H1,4,76.1,No,No
PRF05159,EMP00809,2025-H2,4,58.7,No,Yes
PRF05160,EMP00457,2024-H1,5,76.4,Yes,No
PRF05161,EMP02024,2024-H2,3,82.1,No,No
PRF05162,EMP00877,2025-H1,3,81.3,Yes,Yes
PRF05163,EMP00814,2025-H1,4,95.5,No,Yes
PRF05164,EMP01927,2024-H2,2,96.0,Yes,No
PRF05165,EMP02265,2025-H1,5,69.6,No,Yes
PRF05166,EMP00042,2025-H2,3,70.7,Yes,No
PRF05167,EMP03141,2026-H1,5,69.4,No,No
PRF05168,EMP01491,2026-H1,4,41.1,No,Yes
PRF05169,EMP99046,2024-H1,4,63.8,No,Yes
PRF05170,EMP02606,2025-H2,2,45.7,No,Yes
PRF05171,EMP00539,2025-H1,4,44.6,No,No
PRF05172,EMP02195,2024-H2,4,99.3,No,No
PRF05173,EMP01734,2025-H2,5,49.1,No,Yes
PRF05174,EMP02434,2024-H2,4,53.8,No,No
PRF05175,EMP02935,2024-H1,2,69.0,No,Yes
PRF05176,EMP03179,2024-H2,5,98.8,No,Yes
PRF05177,EMP02892,2026-H1,5,52.3,No,No
PRF05178,EMP01567,2025-H2,,97.3,No,No
PRF05179,EMP00736,2024-H1,4,62.0,No,Yes
PRF05180,EMP01716,2024-H2,4,94.0,No,No
PRF05181,EMP00050,2025-H1,3,41.3,No,No
PRF05182,EMP01219,2025-H1,5,47.7,No,Yes
PRF05183,EMP02715,2025-H2,3,73.6,No,Yes
PRF05184,EMP02239,2025-H1,3,1.7,No,Yes
PRF05185,EMP01748,2026-H1,1,76.2,No,Yes
PRF05186,EMP02979,2024-H2,3,95.1,No,No
PRF05187,EMP02075,2026-H1,3,47.0,No,No
PRF05188,EMP02760,2025-H1,2,88.8,Yes,No
PRF05189,EMP01816,2024-H2,2,47.4,No,No
PRF05190,EMP00613,2025-H1,2,95.7,No,No
PRF05191,EMP01911,2024-H1,3,51.5,Yes,No
PRF05192,EMP01149,2025-H2,5,49.5,No,Yes
PRF05193,EMP00439,2025-H1,3,71.9,Yes,No
PRF05194,EMP02501,2026-H1,3,84.8,Yes,Yes
PRF05195,EMP01813,2024-H1,4,64.7,No,No
PRF05196,EMP01903,2026-H1,3,45.9,No,No
PRF05197,EMP01001,2025-H1,3,2.8,Yes,No
PRF05198,EMP01321,2026-H1,4,86.9,No,No
PRF05199,EMP01169,2026-H1,4,80.5,No,No
PRF05200,EMP01806,2026-H1,4,47.3,No,Yes
PRF05201,EMP01205,2025-H1,3,99.2,Yes,Yes
PRF05202,EMP03122,2024-H1,2,59.3,No,Yes
PRF05203,EMP00685,2025-H1,3,59.8,No,Yes
PRF05204,EMP01118,2025-H2,4,88.2,Yes,Yes
PRF05205,EMP02445,2026-H1,4,57.4,No,No
PRF05206,EMP00436,2025-H1,4,40.7,No,Yes
PRF05207,EMP01744,2024-H2,3,71.1,No,No
PRF05208,EMP02463,2024-H1,3,45.6,No,No
PRF05209,EMP02796,2025-H2,3,46.3,No,No
PRF05210,EMP02844,2024-H2,3,44.2,No,Yes
PRF05211,EMP02576,2024-H1,2,67.6,Yes,Yes
PRF05212,EMP02936,2024-H1,4,73.5,No,Yes
PRF05213,EMP01081,2026-H1,4,47.3,Yes,Yes
PRF05214,EMP01002,2024-H2,3,99.1,No,No
PRF05215,EMP02029,2026-H1,4,61.8,No,No
PRF05216,EMP00925,2025-H1,3,94.2,Yes,No
PRF05217,EMP01143,2024-H1,4,90.0,No,No
PRF05218,EMP03034,2026-H1,4,44.4,No,Yes
PRF05219,EMP02500,2024-H1,3,57.5,No,No
PRF05220,EMP01026,2024-H1,4,64.2,No,Yes
PRF05221,EMP03036,2024-H1,2,77.8,Yes,No
PRF05222,EMP03145,2025-H1,4,82.0,No,Yes
PRF05223,EMP00859,2026-H1,2,86.1,Yes,No
PRF05224,EMP00637,2026-H1,3,54.5,No,No
PRF05225,EMP02530,2024-H1,2,90.0,Yes,Yes
PRF05226,EMP02957,2025-H1,3,0.4,Yes,No
PRF05227,EMP02532,2025-H1,4,89.6,No,No
PRF05228,EMP01920,2025-H2,5,79.4,No,No
PRF05229,EMP00725,2024-H1,2,51.3,No,Yes
PRF05230,EMP01329,2024-H1,3,83.8,No,No
PRF05231,EMP01018,2025-H2,3,52.0,Yes,Yes
PRF05232,EMP02437,2025-H2,4,99.5,Yes,No
PRF05233,EMP00441,2025-H1,3,45.2,No,No
PRF05234,EMP00897,2024-H1,5,90.4,No,Yes
PRF05235,EMP00847,2024-H1,,64.4,No,Yes
PRF05236,EMP90683,2024-H2,4,59.0,No,Yes
PRF05237,EMP02727,2024-H1,3,81.0,Yes,No
PRF05238,EMP00624,2025-H2,3,52.6,No,Yes
PRF05239,EMP01274,2026-H1,4,96.6,Yes,Yes
PRF05240,EMP02992,2025-H1,5,68.5,No,Yes
PRF05241,EMP01578,2024-H2,4,61.8,No,No
PRF05242,EMP02974,2024-H1,4,99.3,No,No
PRF05243,EMP02513,2026-H1,1,67.3,Yes,Yes
PRF05244,EMP02343,2026-H1,2,57.7,No,No
PRF05245,EMP00601,2025-H2,5,63.7,No,No
PRF05246,EMP02143,2025-H1,4,73.3,No,No
PRF05247,EMP02870,2026-H1,1,85.2,Yes,Yes
PRF05248,EMP02755,2024-H1,4,56.4,No,Yes
PRF05249,EMP00099,2024-H1,2,96.4,No,Yes
PRF05250,EMP00503,2024-H1,4,2.7,No,No
PRF05251,EMP01315,2026-H1,4,49.3,No,Yes
PRF05252,EMP00254,2024-H1,3,49.8,No,No
PRF05253,EMP02192,2024-H1,5,94.1,No,No
PRF05254,EMP03157,2024-H2,4,89.6,No,Yes
PRF05255,EMP01451,2025-H2,3,75.3,No,Yes
PRF05256,EMP01262,2024-H2,,77.9,Yes,No
PRF05257,EMP01165,2026-H1,4,55.7,Yes,Yes
PRF05258,EMP02362,2024-H2,3,58.0,No,Yes
PRF05259,EMP01244,2025-H1,4,41.4,No,No
PRF05260,EMP01233,2026-H1,1,74.8,No,No
PRF05261,EMP02028,2025-H1,1,47.8,Yes,No
PRF05262,EMP01978,2024-H2,3,52.1,No,Yes
PRF05263,EMP01183,2025-H1,2,48.8,No,No
PRF05264,EMP00005,2024-H2,3,61.4,No,Yes
PRF05265,EMP01855,2024-H2,2,77.1,No,Yes
PRF05266,EMP00639,2024-H2,,65.7,No,Yes
PRF05267,EMP01727,2026-H1,1,73.4,Yes,Yes
PRF05268,EMP91815,2024-H2,4,97.0,No,No
PRF05269,EMP00242,2024-H2,4,64.9,No,Yes
PRF05270,EMP00088,2024-H1,5,73.0,No,No
PRF05271,EMP01726,2026-H1,4,88.4,No,No
PRF05272,EMP02656,2025-H2,4,97.1,No,Yes
PRF05273,EMP00511,2025-H2,2,43.0,No,No
PRF05274,EMP01799,2024-H1,4,65.9,No,Yes
PRF05275,EMP01415,2025-H1,5,73.8,No,Yes
PRF05276,EMP00445,2025-H1,5,96.8,Yes,No
PRF05277,EMP02132,2025-H1,4,96.5,No,No
PRF05278,EMP02255,2024-H1,2,68.0,No,Yes
PRF05279,EMP00728,2024-H2,4,88.5,No,Yes
PRF05280,EMP02803,2024-H2,1,88.5,No,Yes
PRF05281,EMP02327,2026-H1,3,53.3,No,Yes
PRF05282,EMP01975,2026-H1,4,56.8,No,Yes
PRF05283,EMP02426,2026-H1,5,40.1,Yes,Yes
PRF05284,EMP00949,2025-H2,5,85.8,No,Yes
PRF05285,EMP00619,2024-H1,3,63.6,Yes,Yes
PRF05286,EMP00389,2025-H1,5,99.4,Yes,Yes
PRF05287,EMP00806,2026-H1,,69.9,No,Yes
PRF05288,EMP00625,2026-H1,3,62.0,No,Yes
PRF05289,EMP00119,2024-H2,3,77.2,Yes,No
PRF05290,EMP01457,2025-H2,4,80.9,No,No
PRF05291,EMP93360,2024-H2,4,91.4,No,Yes
PRF05292,EMP02731,2024-H2,2,57.9,No,Yes
PRF05293,EMP01335,2024-H2,4,73.4,No,No
PRF05294,EMP01733,2026-H1,5,50.0,No,Yes
PRF05295,EMP03046,2025-H2,3,50.7,No,Yes
PRF05296,EMP00394,2026-H1,3,61.6,No,Yes
PRF05297,EMP01837,2025-H2,4,64.6,Yes,Yes
PRF05298,EMP01270,2025-H2,2,75.8,Yes,Yes
PRF05299,EMP01871,2026-H1,4,49.9,No,No
PRF05300,EMP02922,2025-H2,5,47.5,No,Yes
PRF05301,EMP01933,2024-H1,3,96.8,No,No
PRF05302,EMP01840,2025-H2,3,57.3,No,Yes
PRF05303,EMP02933,2025-H2,4,71.9,No,No
PRF05304,EMP01923,2024-H1,2,79.5,Yes,Yes
PRF05305,EMP02541,2025-H1,4,45.5,No,No
PRF05306,EMP02977,2024-H1,4,60.4,No,No
PRF05307,EMP02458,2025-H1,5,42.0,No,Yes
PRF05308,EMP01893,2026-H1,3,83.5,No,Yes
PRF05309,EMP02598,2025-H1,5,87.8,No,No
PRF05310,EMP00180,2026-H1,3,90.8,Yes,Yes
PRF05311,EMP00125,2025-H1,3,97.0,No,No
PRF05312,EMP02767,2024-H2,2,97.1,No,Yes
PRF05313,EMP02848,2024-H2,2,61.8,Yes,Yes
PRF05314,EMP02963,2025-H1,4,45.2,No,No
PRF05315,EMP01326,2024-H2,2,46.1,No,Yes
PRF05316,EMP00550,2025-H1,4,61.3,No,Yes
PRF05317,EMP00353,2024-H2,3,40.7,No,Yes
PRF05318,EMP01341,2025-H2,5,56.3,Yes,No
PRF05319,EMP00078,2026-H1,4,47.6,Yes,Yes
PRF05320,EMP02030,2026-H1,4,97.4,Yes,No
PRF05321,EMP02034,2024-H1,4,65.1,No,Yes
PRF05322,EMP01127,2025-H1,2,51.9,No,No
PRF05323,EMP01631,2024-H1,3,69.1,No,No
PRF05324,EMP01134,2026-H1,3,51.4,No,Yes
PRF05325,EMP00416,2026-H1,3,97.6,Yes,No
PRF05326,EMP00189,2024-H2,5,69.9,No,No
PRF05327,EMP02375,2024-H2,2,42.7,No,No
PRF05328,EMP02091,2024-H1,3,73.4,Yes,No
PRF05329,EMP01720,2025-H1,4,60.5,No,Yes
PRF05330,EMP00377,2024-H2,2,59.0,No,No
PRF05331,EMP01779,2025-H2,5,58.9,No,Yes
PRF05332,EMP02512,2025-H2,2,58.3,No,No
PRF05333,EMP02741,2025-H2,5,50.9,Yes,Yes
PRF05334,EMP03078,2025-H2,2,72.7,Yes,No
PRF05335,EMP00321,2025-H2,4,49.6,No,Yes
PRF05336,EMP01259,2025-H1,4,74.3,No,Yes
PRF05337,EMP01202,2026-H1,4,98.8,No,No
PRF05338,EMP01539,2024-H1,3,80.1,No,No
PRF05339,EMP99278,2024-H1,3,98.4,No,Yes
PRF05340,EMP01656,2025-H2,4,93.3,No,Yes
PRF05341,EMP00650,2026-H1,4,67.3,No,Yes
PRF05342,EMP01168,2025-H1,5,68.1,No,Yes
PRF05343,EMP01721,2026-H1,,83.0,No,No
PRF05344,EMP03193,2024-H1,3,46.3,Yes,Yes
PRF05345,EMP02314,2025-H2,,62.7,No,Yes
PRF05346,EMP02867,2026-H1,2,54.9,Yes,No
PRF05347,EMP02684,2025-H1,4,87.5,No,No
PRF05348,EMP02096,2025-H2,1,40.7,No,No
PRF05349,EMP01573,2025-H1,4,45.4,Yes,Yes
PRF05350,EMP02713,2025-H1,4,79.9,No,Yes
PRF05351,EMP01336,2025-H2,3,97.1,No,No
PRF05352,EMP01566,2025-H2,4,56.7,Yes,No
PRF05353,EMP02633,2025-H1,3,66.8,No,No
PRF05354,EMP01502,2024-H2,3,69.4,No,No
PRF05355,EMP02328,2024-H1,4,74.4,No,Yes
PRF05356,EMP01672,2026-H1,3,95.3,No,Yes
PRF05357,EMP01252,2024-H1,4,49.9,No,Yes
PRF05358,EMP03149,2024-H1,3,75.4,Yes,Yes
PRF05359,EMP02536,2026-H1,,60.7,No,Yes
PRF05360,EMP02494,2026-H1,2,69.4,No,No
PRF05361,EMP02971,2024-H1,3,42.6,No,Yes
PRF05362,EMP01978,2026-H1,3,88.9,No,Yes
PRF05363,EMP02012,2025-H2,5,54.1,No,Yes
PRF05364,EMP00215,2024-H2,3,47.0,Yes,Yes
PRF05365,EMP01271,2024-H2,3,91.0,No,No
PRF05366,EMP02651,2026-H1,3,45.9,Yes,No
PRF05367,EMP01522,2024-H2,4,63.4,Yes,No
PRF05368,EMP00461,2025-H2,5,73.2,No,Yes
PRF05369,EMP01922,2025-H1,2,89.7,No,No
PRF05370,EMP00649,2025-H2,3,56.0,No,No
PRF05371,EMP02525,2024-H1,3,82.9,No,No
PRF05372,EMP00009,2024-H2,5,93.9,No,Yes
PRF05373,EMP02558,2026-H1,3,91.0,No,No
PRF05374,EMP01306,2026-H1,4,88.8,No,No
PRF05375,EMP00490,2026-H1,2,98.2,No,No
PRF05376,EMP01497,2024-H1,3,77.4,No,Yes
PRF05377,EMP01148,2026-H1,3,74.7,No,Yes
PRF05378,EMP02861,2024-H1,2,60.5,Yes,Yes
PRF05379,EMP01591,2025-H1,3,61.6,Yes,Yes
PRF05380,EMP02878,2024-H2,3,95.5,No,Yes
PRF05381,EMP02290,2026-H1,4,92.2,No,No
PRF05382,EMP00956,2026-H1,3,58.0,Yes,Yes
PRF05383,EMP01997,2024-H2,3,99.4,No,No
PRF05384,EMP02638,2024-H1,,99.2,No,No
PRF05385,EMP00557,2024-H2,5,97.9,No,Yes
PRF05386,EMP00251,2024-H2,5,56.3,Yes,No
PRF05387,EMP02317,2025-H1,4,97.2,No,Yes
PRF05388,EMP00644,2026-H1,4,77.4,No,No
PRF05389,EMP00320,2024-H2,5,64.6,No,Yes
PRF05390,EMP02486,2025-H1,1,89.3,No,Yes
PRF05391,EMP00848,2024-H1,4,50.9,No,Yes
PRF05392,EMP02451,2025-H2,1,81.4,No,Yes
PRF05393,EMP02603,2024-H1,4,43.7,No,Yes
PRF05394,EMP01835,2025-H1,3,78.6,No,Yes
PRF05395,EMP03175,2024-H1,3,91.5,No,Yes
PRF05396,EMP03143,2024-H1,4,89.6,No,Yes
PRF05397,EMP01611,2025-H2,1,55.8,No,Yes
PRF05398,EMP02514,2024-H2,4,87.5,No,No
PRF05399,EMP02013,2025-H1,5,49.6,No,Yes
PRF05400,EMP00421,2025-H1,3,76.2,Yes,Yes
PRF05401,EMP02172,2024-H2,3,64.2,No,Yes
PRF05402,EMP01041,2024-H1,5,74.0,No,No
PRF05403,EMP00780,2024-H2,5,44.5,No,No
PRF05404,EMP03199,2024-H1,3,82.0,No,Yes
PRF05405,EMP01866,2025-H2,4,65.6,Yes,Yes
PRF05406,EMP02318,2024-H2,4,77.7,No,No
PRF05407,EMP00733,2025-H2,4,84.0,No,Yes
PRF05408,EMP01947,2025-H1,4,69.5,Yes,Yes
PRF05409,EMP02277,2025-H1,4,70.6,No,Yes
PRF05410,EMP02988,2025-H2,3,66.1,No,Yes
PRF05411,EMP01997,2025-H2,3,76.4,No,No
PRF05412,EMP01103,2025-H2,5,59.3,No,No
PRF05413,EMP99835,2024-H1,5,43.3,No,Yes
PRF05414,EMP02101,2024-H1,4,61.4,No,No
PRF05415,EMP00205,2024-H2,4,70.3,No,No
PRF05416,EMP00563,2024-H1,3,93.9,No,Yes
PRF05417,EMP00559,2025-H2,4,94.1,No,No
PRF05418,EMP03057,2025-H1,3,72.9,No,No
PRF05419,EMP02397,2026-H1,4,82.5,No,No
PRF05420,EMP02378,2025-H2,3,69.0,No,No
PRF05421,EMP00666,2026-H1,3,81.2,Yes,Yes
PRF05422,EMP02986,2025-H1,4,54.0,No,No
PRF05423,EMP00884,2026-H1,4,49.8,No,Yes
PRF05424,EMP00526,2025-H2,,97.9,No,Yes
PRF05425,EMP01587,2024-H1,3,67.8,No,No
PRF05426,EMP01973,2024-H2,4,49.9,No,No
PRF05427,EMP01393,2026-H1,1,95.7,No,No
PRF05428,EMP00130,2025-H1,3,95.0,Yes,Yes
PRF05429,EMP01457,2024-H1,3,40.4,Yes,No
PRF05430,EMP01038,2025-H1,4,98.1,No,Yes
PRF05431,EMP00641,2025-H1,3,43.6,No,Yes
PRF05432,EMP01163,2024-H2,2,45.5,No,Yes
PRF05433,EMP02300,2024-H2,4,92.5,No,No
PRF05434,EMP01863,2024-H1,3,76.5,Yes,No
PRF05435,EMP00251,2024-H2,2,86.1,No,Yes
PRF05436,EMP01956,2024-H2,3,64.3,No,Yes
PRF05437,EMP00063,2024-H1,4,87.0,No,No
PRF05438,EMP01163,2026-H1,3,85.3,No,Yes
PRF05439,EMP02098,2026-H1,4,45.7,No,No
PRF05440,EMP03010,2026-H1,4,45.7,No,No
PRF05441,EMP02027,2024-H1,5,98.6,No,No
PRF05442,EMP01534,2025-H1,2,68.7,No,No
PRF05443,EMP02540,2024-H1,3,43.9,No,Yes
PRF05444,EMP01003,2025-H1,4,99.8,No,Yes
PRF05445,EMP01230,2024-H1,4,98.5,No,Yes
PRF05446,EMP02111,2025-H2,3,73.9,Yes,No
PRF05447,EMP01128,2024-H2,2,72.6,No,Yes
PRF05448,EMP00452,2024-H2,4,71.9,No,Yes
PRF05449,EMP01619,2024-H2,3,89.2,No,Yes
PRF05450,EMP00832,2025-H1,3,60.5,Yes,Yes
PRF05451,EMP00416,2025-H1,3,58.2,No,No
PRF05452,EMP00584,2025-H2,5,71.9,Yes,Yes
PRF05453,EMP00947,2025-H2,4,72.4,Yes,No
PRF05454,EMP02884,2026-H1,5,66.8,Yes,No
PRF05455,EMP02014,2024-H2,5,91.7,No,No
PRF05456,EMP00427,2024-H2,3,80.8,No,Yes
PRF05457,EMP03191,2025-H1,2,46.3,No,No
PRF05458,EMP02664,2024-H1,3,99.8,No,Yes
PRF05459,EMP00162,2025-H1,3,70.0,No,Yes
PRF05460,EMP01656,2025-H2,1,82.0,No,Yes
PRF05461,EMP02948,2024-H2,4,80.3,No,No
PRF05462,EMP01409,2026-H1,3,69.3,No,No
PRF05463,EMP00078,2025-H2,3,47.8,No,No
PRF05464,EMP00214,2024-H2,2,54.3,Yes,Yes
PRF05465,EMP00533,2024-H1,4,99.6,Yes,Yes
PRF05466,EMP00150,2024-H2,5,43.3,No,No
PRF05467,EMP00901,2026-H1,3,44.4,No,Yes
PRF05468,EMP01702,2024-H1,1,47.9,No,Yes
PRF05469,EMP02839,2024-H2,4,64.0,No,No
PRF05470,EMP02713,2025-H2,3,64.0,No,No
PRF05471,EMP02095,2025-H1,3,98.7,No,No
PRF05472,EMP02516,2026-H1,3,79.1,No,Yes
PRF05473,EMP02625,2024-H2,3,86.5,No,Yes
PRF05474,EMP01857,2026-H1,4,58.3,No,No
PRF05475,EMP00751,2024-H2,3,45.0,Yes,Yes
PRF05476,EMP02674,2026-H1,4,49.1,No,Yes
PRF05477,EMP03065,2025-H2,4,87.6,No,No
PRF05478,EMP00819,2024-H2,3,67.3,No,No
PRF05479,EMP01693,2026-H1,4,67.8,No,No
PRF05480,EMP01927,2024-H2,2,99.1,No,No
PRF05481,EMP02256,2024-H1,3,74.5,No,Yes
PRF05482,EMP01792,2024-H1,2,89.0,Yes,No
PRF05483,EMP00153,2024-H2,4,69.8,No,Yes
PRF05484,EMP02438,2025-H2,3,68.0,No,Yes
PRF05485,EMP00862,2026-H1,,81.4,No,No
PRF05486,EMP02293,2025-H2,4,68.8,No,Yes
PRF05487,EMP01999,2025-H2,4,60.1,Yes,Yes
PRF05488,EMP00531,2025-H2,2,69.3,No,No
PRF05489,EMP02795,2025-H2,3,62.9,No,No
PRF05490,EMP01573,2024-H1,4,78.6,No,Yes
PRF05491,EMP02635,2026-H1,2,42.6,No,Yes
PRF05492,EMP02510,2026-H1,4,73.8,No,No
PRF05493,EMP02555,2025-H2,5,40.2,No,No
PRF05494,EMP03083,2025-H2,3,64.2,No,Yes
PRF05495,EMP00837,2024-H2,2,57.0,No,Yes
PRF05496,EMP01127,2026-H1,4,91.8,No,No
PRF05497,EMP02242,2025-H2,4,77.0,Yes,No
PRF05498,EMP02572,2024-H2,4,82.0,No,Yes
PRF05499,EMP00764,2024-H2,4,88.8,No,Yes
PRF05500,EMP02750,2024-H2,3,92.6,No,No
PRF05501,EMP00212,2025-H1,5,57.0,No,No
PRF05502,EMP01616,2024-H1,4,57.9,Yes,No
PRF05503,EMP01729,2026-H1,3,55.2,No,Yes
PRF05504,EMP01668,2024-H2,3,94.8,No,Yes
PRF05505,EMP00383,2026-H1,4,57.0,No,Yes
PRF05506,EMP02891,2024-H1,4,91.8,No,No
PRF05507,EMP03058,2024-H1,4,49.4,Yes,No
PRF05508,EMP03036,2024-H2,3,51.4,Yes,No
PRF05509,EMP02875,2025-H1,3,87.5,Yes,No
PRF05510,EMP01545,2024-H1,5,86.2,No,No
PRF05511,EMP01700,2025-H1,4,86.1,No,Yes
PRF05512,EMP00045,2026-H1,3,81.5,No,No
PRF05513,EMP90781,2025-H2,3,70.1,No,No
PRF05514,EMP96978,2025-H2,1,97.7,No,Yes
PRF05515,EMP01871,2024-H1,4,74.3,No,No
PRF05516,EMP02370,2024-H1,5,45.6,No,No
PRF05517,EMP01347,2024-H1,3,73.5,No,No
PRF05518,EMP00770,2024-H1,3,63.4,Yes,No
PRF05519,EMP01567,2024-H1,3,82.8,Yes,Yes
PRF05520,EMP02157,2025-H1,4,54.7,No,Yes
PRF05521,EMP00712,2024-H2,3,78.2,No,No
PRF05522,EMP02624,2024-H2,5,56.3,No,No
PRF05523,EMP02568,2025-H1,3,68.3,No,No
PRF05524,EMP01852,2025-H1,,68.3,No,No
PRF05525,EMP01657,2025-H2,4,40.4,No,Yes
PRF05526,EMP00354,2026-H1,4,48.3,No,Yes
PRF05527,EMP02262,2025-H1,2,93.7,No,Yes
PRF05528,EMP00095,2024-H1,4,49.8,Yes,No
PRF05529,EMP02123,2024-H1,5,41.9,No,No
PRF05530,EMP01392,2024-H1,3,81.5,Yes,Yes
PRF05531,EMP02896,2026-H1,3,74.4,No,Yes
PRF05532,EMP02788,2026-H1,5,42.2,No,No
PRF05533,EMP01632,2025-H1,5,98.1,No,Yes
PRF05534,EMP02395,2024-H2,3,66.4,No,No
PRF05535,EMP00707,2024-H1,1,63.0,No,No
PRF05536,EMP02212,2024-H1,4,57.2,No,Yes
PRF05537,EMP00023,2025-H2,4,52.2,No,Yes
PRF05538,EMP02729,2025-H1,5,44.0,No,Yes
PRF05539,EMP02250,2024-H2,5,57.5,No,No
PRF05540,EMP02519,2026-H1,3,52.8,Yes,No
PRF05541,EMP00413,2025-H2,5,65.9,No,No
PRF05542,EMP01761,2026-H1,3,52.1,No,No
PRF05543,EMP02543,2026-H1,3,97.2,No,No
PRF05544,EMP01649,2026-H1,5,47.4,No,Yes
PRF05545,EMP01307,2025-H2,1,73.8,No,No
PRF05546,EMP02718,2026-H1,5,49.5,No,Yes
PRF05547,EMP00439,2025-H2,3,93.9,No,No
PRF05548,EMP03163,2026-H1,1,68.5,Yes,Yes
PRF05549,EMP01437,2025-H1,1,87.3,No,Yes
PRF05550,EMP01958,2025-H1,3,54.5,No,No
PRF05551,EMP02445,2026-H1,4,96.2,No,No
PRF05552,EMP00750,2025-H1,2,99.6,No,Yes
PRF05553,EMP03087,2026-H1,3,76.7,No,No
PRF05554,EMP02028,2026-H1,,63.0,No,No
PRF05555,EMP02360,2024-H2,2,60.5,No,Yes
PRF05556,EMP02682,2026-H1,5,94.4,No,No
PRF05557,EMP01282,2024-H2,5,55.9,No,No
PRF05558,EMP00222,2024-H2,5,43.5,No,No
PRF05559,EMP00637,2024-H2,4,88.1,No,Yes
PRF05560,EMP00758,2026-H1,3,99.8,Yes,No
PRF05561,EMP02128,2024-H2,2,46.4,No,Yes
PRF05562,EMP02654,2025-H2,4,96.3,No,No
PRF05563,EMP01502,2025-H1,4,65.2,No,No
PRF05564,EMP02559,2025-H1,4,40.6,Yes,Yes
PRF05565,EMP02668,2024-H1,1,65.7,No,Yes
PRF05566,EMP91249,2026-H1,1,57.5,No,Yes
PRF05567,EMP01897,2025-H2,3,97.1,No,Yes
PRF05568,EMP01764,2025-H2,4,59.0,No,No
PRF05569,EMP01258,2025-H1,3,40.8,No,Yes
PRF05570,EMP02474,2024-H2,3,51.7,No,No
PRF05571,EMP02177,2024-H2,3,96.3,Yes,Yes
PRF05572,EMP03189,2024-H1,5,78.9,No,Yes
PRF05573,EMP02891,2026-H1,3,92.5,No,No
PRF05574,EMP02582,2026-H1,4,94.7,No,No
PRF05575,EMP02224,2024-H2,4,81.4,No,No
PRF05576,EMP01407,2025-H1,4,70.8,Yes,No
PRF05577,EMP03131,2024-H1,4,55.8,Yes,No
PRF05578,EMP00086,2025-H2,4,65.7,No,No
PRF05579,EMP02948,2025-H1,5,94.3,No,Yes
PRF05580,EMP02574,2024-H2,4,71.6,No,No
PRF05581,EMP98735,2026-H1,4,68.8,Yes,No
PRF05582,EMP00829,2025-H2,2,84.1,No,No
PRF05583,EMP02591,2024-H1,3,86.2,No,No
PRF05584,EMP01687,2025-H1,2,42.9,Yes,No
PRF05585,EMP01582,2024-H2,3,82.1,No,Yes
PRF05586,EMP01722,2025-H2,4,46.1,No,No
PRF05587,EMP00954,2025-H1,3,63.1,No,No
PRF05588,EMP02027,2024-H2,2,50.3,No,No
PRF05589,EMP01863,2024-H2,4,40.4,No,Yes
PRF05590,EMP02211,2025-H2,4,77.1,No,No
PRF05591,EMP02456,2026-H1,,69.1,Yes,Yes
PRF05592,EMP01940,2025-H2,1,50.1,Yes,No
PRF05593,EMP01766,2024-H1,4,57.4,Yes,Yes
PRF05594,EMP00746,2025-H1,3,90.3,No,No
PRF05595,EMP02231,2025-H1,3,64.8,No,No
PRF05596,EMP00090,2024-H1,2,78.9,Yes,Yes
PRF05597,EMP01053,2026-H1,4,74.2,No,Yes
PRF05598,EMP02635,2025-H2,5,62.0,No,Yes
PRF05599,EMP02768,2025-H1,3,77.2,Yes,Yes
PRF05600,EMP00926,2025-H1,3,56.5,No,Yes
PRF05601,EMP02167,2026-H1,4,54.5,Yes,Yes
PRF05602,EMP97639,2025-H2,3,91.2,No,Yes
PRF05603,EMP01023,2026-H1,4,73.4,No,No
PRF05604,EMP02928,2025-H1,4,41.9,No,Yes
PRF05605,EMP01413,2026-H1,4,51.2,No,No
PRF05606,EMP00071,2026-H1,4,89.2,Yes,No
PRF05607,EMP00682,2024-H1,5,72.5,Yes,No
PRF05608,EMP02984,2025-H1,4,45.4,No,No
PRF05609,EMP01765,2025-H2,3,71.7,No,Yes
PRF05610,EMP01275,2026-H1,1,42.6,Yes,Yes
PRF05611,EMP00412,2024-H2,2,93.9,No,No
PRF05612,EMP02513,2024-H1,3,67.3,No,No
PRF05613,EMP00069,2026-H1,3,47.2,No,Yes
PRF05614,EMP00435,2025-H2,2,62.9,No,Yes
PRF05615,EMP00685,2026-H1,5,83.4,No,Yes
PRF05616,EMP02389,2025-H2,4,79.1,No,Yes
PRF05617,EMP00116,2024-H2,3,45.6,No,Yes
PRF05618,EMP02155,2024-H1,3,40.8,No,No
PRF05619,EMP00805,2024-H1,4,81.1,Yes,Yes
PRF05620,EMP02687,2025-H1,3,94.1,Yes,No
PRF05621,EMP00296,2026-H1,3,47.2,No,No
PRF05622,EMP02676,2024-H2,3,71.1,No,Yes
PRF05623,EMP01270,2026-H1,5,60.8,No,No
PRF05624,EMP02357,2025-H1,3,94.6,No,No
PRF05625,EMP02987,2024-H2,3,45.1,No,No
PRF05626,EMP00692,2026-H1,3,45.4,No,No
PRF05627,EMP02426,2025-H1,2,69.6,No,Yes
PRF05628,EMP01730,2024-H1,1,72.1,No,No
PRF05629,EMP01585,2026-H1,5,71.7,No,No
PRF05630,EMP00341,2024-H2,4,78.7,No,Yes
PRF05631,EMP01083,2024-H1,4,84.2,No,Yes
PRF05632,EMP01273,2025-H2,1,73.6,No,Yes
PRF05633,EMP01404,2024-H2,3,56.2,No,No
PRF05634,EMP00803,2024-H2,3,45.1,No,No
PRF05635,EMP01898,2025-H1,4,86.6,No,Yes
PRF05636,EMP01528,2025-H2,4,51.2,No,No
PRF05637,EMP00341,2024-H2,4,86.1,No,No
PRF05638,EMP02612,2025-H1,4,58.0,No,No
PRF05639,EMP00540,2026-H1,3,89.2,No,No
PRF05640,EMP01667,2024-H2,3,60.5,No,No
PRF05641,EMP00142,2026-H1,3,50.7,No,No
PRF05642,EMP00158,2025-H1,3,43.8,No,Yes
PRF05643,EMP02285,2024-H2,3,88.2,No,No
PRF05644,EMP02656,2024-H1,4,65.2,No,No
PRF05645,EMP03163,2024-H2,5,75.5,No,No
PRF05646,EMP02778,2026-H1,3,59.4,No,No
PRF05647,EMP01837,2024-H2,2,85.4,No,Yes
PRF05648,EMP02072,2026-H1,3,63.2,No,No
PRF05649,EMP00136,2024-H1,3,42.9,No,No
PRF05650,EMP00750,2025-H2,4,75.9,No,No
PRF05651,EMP01153,2025-H1,1,88.1,No,No
PRF05652,EMP00665,2026-H1,5,70.0,No,No
PRF05653,EMP00051,2025-H1,5,79.1,No,No
PRF05654,EMP00085,2024-H1,5,96.6,Yes,No
PRF05655,EMP01718,2025-H1,4,57.4,No,Yes
PRF05656,EMP01516,2024-H1,4,89.2,Yes,Yes
PRF05657,EMP02489,2025-H1,5,52.7,No,No
PRF05658,EMP00320,2025-H1,4,52.0,No,No
PRF05659,EMP02345,2025-H2,4,76.7,No,Yes
PRF05660,EMP00269,2024-H2,3,97.5,No,Yes
PRF05661,EMP01030,2024-H1,3,67.3,No,Yes
PRF05662,EMP01668,2025-H2,3,77.6,No,No
PRF05663,EMP02256,2024-H1,4,92.2,No,Yes
PRF05664,EMP00144,2025-H1,4,52.3,Yes,Yes
PRF05665,EMP00532,2025-H2,2,76.3,No,Yes
PRF05666,EMP00337,2025-H2,4,51.1,No,Yes
PRF05667,EMP01247,2024-H1,5,64.7,Yes,No
PRF05668,EMP00904,2024-H2,2,88.3,No,Yes
PRF05669,EMP00248,2024-H2,5,88.7,No,Yes
PRF05670,EMP01538,2025-H1,4,47.8,Yes,No
PRF05671,EMP91681,2025-H1,5,70.6,Yes,No
PRF05672,EMP00435,2025-H2,,78.2,Yes,Yes
PRF05673,EMP02920,2026-H1,3,95.5,No,Yes
PRF05674,EMP02080,2025-H2,5,97.0,No,Yes
PRF05675,EMP00085,2024-H2,3,48.7,No,No
PRF05676,EMP02204,2026-H1,5,50.8,No,Yes
PRF05677,EMP02194,2024-H2,5,66.4,Yes,Yes
PRF05678,EMP02931,2025-H2,3,80.8,No,Yes
PRF05679,EMP00836,2025-H2,3,59.2,No,No
PRF05680,EMP03153,2026-H1,3,89.7,No,Yes
PRF05681,EMP01172,2025-H1,3,51.2,No,No
PRF05682,EMP02106,2025-H1,3,81.0,No,Yes
PRF05683,EMP00734,2024-H2,3,94.4,No,No
PRF05684,EMP02925,2026-H1,5,72.7,No,No
PRF05685,EMP97845,2025-H2,4,82.9,No,Yes
PRF05686,EMP92295,2024-H1,3,54.3,No,No
PRF05687,EMP02385,2024-H2,3,59.2,No,Yes
PRF05688,EMP01049,2024-H2,3,74.9,Yes,Yes
PRF05689,EMP03112,2024-H1,3,60.3,Yes,No
PRF05690,EMP02647,2024-H1,3,61.1,No,No
PRF05691,EMP01845,2024-H2,1,88.2,No,Yes
PRF05692,EMP00187,2024-H2,5,48.9,No,No
PRF05693,EMP00660,2025-H2,3,68.9,No,Yes
PRF05694,EMP00280,2024-H1,5,95.8,No,Yes
PRF05695,EMP01256,2024-H1,5,76.4,No,Yes
PRF05696,EMP91994,2024-H1,3,69.5,No,Yes
PRF05697,EMP00008,2025-H2,3,81.3,No,Yes
PRF05698,EMP02978,2025-H2,5,66.7,No,No
PRF05699,EMP00466,2024-H1,3,61.8,No,No
PRF05700,EMP01320,2024-H1,5,87.9,No,No
PRF05701,EMP02805,2025-H1,3,9.2,No,No
PRF05702,EMP03125,2024-H1,3,44.9,No,Yes
PRF05703,EMP02581,2024-H1,3,98.0,No,No
PRF05704,EMP00366,2024-H2,3,80.9,No,No
PRF05705,EMP02178,2026-H1,2,83.6,No,No
PRF05706,EMP03051,2026-H1,5,81.9,No,Yes
PRF05707,EMP03067,2024-H2,3,70.7,No,Yes
PRF05708,EMP00759,2024-H1,3,49.9,No,No
PRF05709,EMP01204,2025-H2,3,80.4,Yes,No
PRF05710,EMP02549,2024-H1,3,3.5,Yes,Yes
PRF05711,EMP01784,2025-H2,4,88.5,No,No
PRF05712,EMP02668,2024-H1,4,47.2,No,Yes
PRF05713,EMP00773,2025-H1,5,93.6,No,No
PRF05714,EMP01952,2025-H2,4,42.6,No,No
PRF05715,EMP01349,2025-H2,5,50.7,Yes,No
PRF05716,EMP01125,2026-H1,2,50.5,No,Yes
PRF05717,EMP94220,2026-H1,4,83.7,Yes,No
PRF05718,EMP01652,2025-H1,4,61.3,Yes,Yes
PRF05719,EMP00651,2024-H1,4,62.4,No,No
PRF05720,EMP02301,2025-H1,4,92.1,No,Yes
PRF05721,EMP00316,2024-H1,,91.2,No,Yes
PRF05722,EMP01292,2024-H2,3,63.9,No,Yes
PRF05723,EMP00231,2024-H1,4,70.5,No,Yes
PRF05724,EMP00520,2024-H1,3,99.7,Yes,No
PRF05725,EMP02554,2026-H1,1,73.3,No,Yes
PRF05726,EMP01480,2024-H2,3,46.5,No,Yes
PRF05727,EMP02282,2025-H2,5,78.5,Yes,Yes
PRF05728,EMP00544,2026-H1,3,96.3,No,Yes
PRF05729,EMP00752,2025-H2,2,60.8,No,No
PRF05730,EMP01718,2025-H2,5,84.6,No,Yes
PRF05731,EMP02154,2025-H2,3,84.9,No,Yes
PRF05732,EMP00584,2024-H2,5,91.2,No,No
PRF05733,EMP00203,2025-H2,4,67.6,Yes,Yes
PRF05734,EMP03141,2024-H1,4,92.5,No,Yes
PRF05735,EMP91527,2024-H2,3,56.7,No,Yes
PRF05736,EMP02090,2024-H2,4,58.5,No,No
PRF05737,EMP00269,2024-H1,3,45.9,Yes,No
PRF05738,EMP00350,2026-H1,5,94.6,No,Yes
PRF05739,EMP00193,2026-H1,4,58.3,Yes,No
PRF05740,EMP01630,2025-H1,1,85.4,No,No
PRF05741,EMP02561,2026-H1,3,57.3,No,Yes
PRF05742,EMP02267,2025-H1,4,40.5,No,No
PRF05743,EMP01751,2024-H2,4,70.9,No,Yes
PRF05744,EMP02433,2024-H1,3,69.3,Yes,Yes
PRF05745,EMP01923,2025-H2,2,87.9,No,No
PRF05746,EMP01050,2024-H2,2,79.5,No,No
PRF05747,EMP00906,2025-H1,4,51.9,No,Yes
PRF05748,EMP00804,2025-H2,4,79.7,No,No
PRF05749,EMP02070,2024-H2,4,98.7,No,Yes
PRF05750,EMP02066,2024-H2,3,82.5,No,No
PRF05751,EMP00588,2024-H1,5,65.2,No,No
PRF05752,EMP94768,2024-H2,4,95.2,No,No
PRF05753,EMP02574,2024-H1,3,85.1,Yes,Yes
PRF05754,EMP00710,2024-H1,4,92.7,No,Yes
PRF05755,EMP00701,2025-H2,1,64.6,No,Yes
PRF05756,EMP00395,2025-H1,5,97.3,No,Yes
PRF05757,EMP02525,2025-H1,3,65.2,No,Yes
PRF05758,EMP00993,2025-H1,4,72.0,Yes,Yes
PRF05759,EMP01355,2025-H1,3,75.9,Yes,Yes
PRF05760,EMP02960,2024-H1,1,98.2,No,Yes
PRF05761,EMP01172,2024-H1,3,43.2,No,No
PRF05762,EMP00629,2024-H2,3,87.4,No,Yes
PRF05763,EMP02484,2025-H1,3,88.2,Yes,No
PRF05764,EMP02310,2026-H1,4,68.1,No,Yes
PRF05765,EMP02720,2025-H1,3,95.7,No,No
PRF05766,EMP02610,2025-H1,4,89.0,No,Yes
PRF05767,EMP02404,2025-H1,2,85.2,Yes,No
PRF05768,EMP01355,2025-H2,3,70.4,No,Yes
PRF05769,EMP01333,2025-H1,,72.9,No,Yes
PRF05770,EMP00162,2025-H2,5,56.1,No,No
PRF05771,EMP02359,2024-H2,4,93.7,No,No
PRF05772,EMP00366,2025-H1,2,93.5,No,Yes
PRF05773,EMP01387,2025-H2,3,58.8,No,No
PRF05774,EMP01693,2026-H1,4,96.7,No,No
PRF05775,EMP01007,2024-H2,3,84.3,No,Yes
PRF05776,EMP00948,2024-H1,,44.2,No,No
PRF05777,EMP91045,2025-H1,4,77.0,No,Yes
PRF05778,EMP01380,2024-H2,4,95.8,No,No
PRF05779,EMP00192,2026-H1,3,83.9,No,Yes
PRF05780,EMP01510,2024-H1,5,72.3,No,Yes
PRF05781,EMP00662,2025-H1,3,88.8,No,Yes
PRF05782,EMP01541,2026-H1,4,81.4,No,Yes
PRF05783,EMP01038,2026-H1,3,63.4,No,Yes
PRF05784,EMP01994,2025-H2,3,56.5,No,No
PRF05785,EMP01655,2025-H1,4,51.6,No,No
PRF05786,EMP00741,2025-H2,,61.1,No,Yes
PRF05787,EMP03105,2024-H1,4,92.0,No,No
PRF05788,EMP00956,2025-H2,4,41.4,No,Yes
PRF05789,EMP01497,2025-H1,4,90.9,No,No
PRF05790,EMP02341,2024-H2,3,92.5,No,No
PRF05791,EMP00950,2024-H1,3,93.5,No,No
PRF05792,EMP01350,2024-H1,4,98.4,Yes,Yes
PRF05793,EMP02102,2024-H2,4,69.4,No,No
PRF05794,EMP02416,2024-H1,5,99.3,No,No
PRF05795,EMP00333,2024-H1,2,97.2,No,Yes
PRF05796,EMP01596,2025-H2,4,88.4,No,Yes
PRF05797,EMP99577,2026-H1,2,44.2,No,Yes
PRF05798,EMP02952,2025-H1,4,98.4,No,No
PRF05799,EMP01364,2024-H2,3,53.3,No,Yes
PRF05800,EMP00262,2025-H1,3,93.8,No,Yes
PRF05801,EMP01386,2025-H1,3,89.4,No,No
PRF05802,EMP02440,2024-H2,4,51.7,Yes,No
PRF05803,EMP00814,2025-H2,5,61.1,No,No
PRF05804,EMP00596,2024-H1,1,70.8,No,Yes
PRF05805,EMP02949,2025-H1,5,59.8,Yes,Yes
PRF05806,EMP02516,2026-H1,4,91.9,No,No
PRF05807,EMP02090,2024-H1,4,49.1,No,No
PRF05808,EMP02329,2025-H2,1,40.5,No,Yes
PRF05809,EMP01245,2025-H2,3,54.2,Yes,No
PRF05810,EMP01242,2024-H1,3,40.4,No,Yes
PRF05811,EMP00017,2024-H1,1,63.7,No,Yes
PRF05812,EMP01398,2024-H1,3,79.6,No,Yes
PRF05813,EMP01218,2025-H1,4,79.1,No,No
PRF05814,EMP02703,2024-H1,3,73.5,No,Yes
PRF05815,EMP01297,2026-H1,4,93.4,No,No
PRF05816,EMP00135,2026-H1,4,46.5,No,No
PRF05817,EMP00225,2025-H1,4,40.1,No,No
PRF05818,EMP02679,2024-H1,2,46.2,No,No
PRF05819,EMP01483,2025-H2,4,71.7,No,No
PRF05820,EMP02243,2024-H2,4,49.7,No,Yes
PRF05821,EMP01015,2025-H2,3,63.1,No,No
PRF05822,EMP03141,2026-H1,3,96.3,Yes,Yes
PRF05823,EMP00225,2025-H1,4,72.5,No,No
PRF05824,EMP01999,2024-H1,3,72.9,Yes,Yes
PRF05825,EMP00394,2025-H1,3,99.6,No,No
PRF05826,EMP00662,2024-H2,4,52.2,No,Yes
PRF05827,EMP02921,2025-H1,3,48.9,No,No
PRF05828,EMP00822,2026-H1,5,58.1,Yes,No
PRF05829,EMP00185,2024-H1,5,86.7,No,No
PRF05830,EMP01000,2026-H1,3,83.4,No,Yes
PRF05831,EMP00536,2026-H1,3,61.0,No,No
PRF05832,EMP01022,2024-H1,3,48.7,No,Yes
PRF05833,EMP93210,2024-H1,4,63.4,No,No
PRF05834,EMP01459,2024-H2,4,94.0,No,Yes
PRF05835,EMP00052,2026-H1,3,67.3,No,No
PRF05836,EMP03116,2025-H1,1,79.9,Yes,Yes
PRF05837,EMP99179,2024-H2,4,90.0,No,Yes
PRF05838,EMP01984,2026-H1,3,87.0,No,Yes
PRF05839,EMP02649,2026-H1,4,76.8,No,No
PRF05840,EMP00055,2024-H1,3,70.8,No,No
PRF05841,EMP02484,2025-H1,3,99.4,No,No
PRF05842,EMP01216,2026-H1,3,69.2,Yes,No
PRF05843,EMP01854,2026-H1,1,78.5,No,No
PRF05844,EMP01916,2024-H2,2,60.9,Yes,Yes
PRF05845,EMP02899,2024-H1,3,54.8,No,No
PRF05846,EMP02447,2026-H1,1,65.3,Yes,Yes
PRF05847,EMP02022,2025-H2,3,82.1,No,No
PRF05848,EMP02125,2025-H2,3,65.7,Yes,No
PRF05849,EMP01223,2025-H1,1,70.6,No,No
PRF05850,EMP02223,2024-H1,2,55.2,No,Yes
PRF05851,EMP01871,2025-H1,3,65.6,Yes,No
PRF05852,EMP01842,2024-H1,5,68.7,No,No
PRF05853,EMP02136,2024-H2,4,66.7,No,No
PRF05854,EMP01450,2025-H1,3,53.7,No,Yes
PRF05855,EMP00729,2025-H2,3,58.7,No,No
PRF05856,EMP02959,2025-H2,4,94.9,No,No
PRF05857,EMP02875,2026-H1,3,59.3,No,No
PRF05858,EMP00945,2026-H1,4,92.4,No,No
PRF05859,EMP02752,2025-H2,2,44.2,No,No
PRF05860,EMP00009,2026-H1,3,50.7,No,No
PRF05861,EMP01849,2024-H1,4,54.9,Yes,No
PRF05862,EMP01136,2024-H2,3,59.7,No,Yes
PRF05863,EMP00089,2025-H1,1,61.8,No,No
PRF05864,EMP02329,2024-H1,1,94.8,Yes,Yes
PRF05865,EMP01862,2026-H1,5,77.9,No,Yes
PRF05866,EMP00833,2026-H1,2,62.2,No,Yes
PRF05867,EMP00914,2024-H1,4,77.6,No,No
PRF05868,EMP03030,2025-H1,3,48.6,No,No
PRF05869,EMP02377,2026-H1,,51.0,No,Yes
PRF05870,EMP01173,2025-H1,3,76.9,No,No
PRF05871,EMP02443,2026-H1,3,65.8,No,Yes
PRF05872,EMP00587,2024-H2,5,52.6,No,Yes
PRF05873,EMP00465,2025-H2,,69.9,No,Yes
PRF05874,EMP02718,2024-H1,1,80.5,No,Yes
PRF05875,EMP00227,2026-H1,4,40.2,No,No
PRF05876,EMP01321,2025-H2,5,49.5,No,Yes
PRF05877,EMP01467,2025-H2,3,67.9,Yes,Yes
PRF05878,EMP02130,2026-H1,4,76.7,No,Yes
PRF05879,EMP02741,2025-H1,3,51.4,Yes,No
PRF05880,EMP00795,2024-H2,3,93.4,No,Yes
PRF05881,EMP01873,2025-H1,4,87.2,Yes,No
PRF05882,EMP02443,2024-H1,3,71.1,No,No
PRF05883,EMP02516,2024-H2,2,52.1,No,No
PRF05884,EMP01729,2024-H1,2,52.3,No,No
PRF05885,EMP02061,2024-H1,5,76.5,Yes,No
PRF05886,EMP01325,2025-H2,3,98.9,No,Yes
PRF05887,EMP00213,2024-H2,3,83.7,Yes,No
PRF05888,EMP00993,2025-H1,,53.4,No,No
PRF05889,EMP02312,2025-H1,4,55.3,No,No
PRF05890,EMP00300,2025-H1,3,98.9,No,Yes
PRF05891,EMP02794,2025-H1,3,71.0,No,Yes
PRF05892,EMP00562,2025-H2,3,59.9,No,No
PRF05893,EMP00072,2024-H1,3,80.0,Yes,No
PRF05894,EMP00989,2026-H1,,71.2,No,No
PRF05895,EMP01408,2024-H1,3,86.7,No,No
PRF05896,EMP02266,2024-H2,2,90.0,No,Yes
PRF05897,EMP01958,2026-H1,5,93.6,No,No
PRF05898,EMP02859,2025-H1,3,85.2,No,No
PRF05899,EMP01456,2025-H1,4,42.4,No,No
PRF05900,EMP01819,2025-H2,5,66.3,No,No
PRF05901,EMP02564,2025-H2,5,72.6,No,No
PRF05902,EMP03174,2025-H1,4,61.5,Yes,No
PRF05903,EMP01714,2026-H1,4,89.8,No,Yes
PRF05904,EMP02886,2024-H1,1,91.5,Yes,No
PRF05905,EMP02153,2025-H1,3,40.5,No,No
PRF05906,EMP00287,2025-H1,4,86.8,No,Yes
PRF05907,EMP02656,2024-H1,3,59.7,No,Yes
PRF05908,EMP00722,2026-H1,5,42.5,No,No
PRF05909,EMP02630,2025-H1,3,51.1,Yes,No
PRF05910,EMP02289,2025-H2,2,80.4,No,Yes
PRF05911,EMP00790,2024-H1,3,77.2,Yes,No
PRF05912,EMP01664,2025-H1,4,44.2,Yes,Yes
PRF05913,EMP00455,2024-H2,4,80.0,No,Yes
PRF05914,EMP02172,2024-H1,3,87.6,No,No
PRF05915,EMP02141,2024-H1,3,86.7,No,Yes
PRF05916,EMP03164,2026-H1,5,60.2,Yes,No
PRF05917,EMP02513,2026-H1,4,47.9,No,Yes
PRF05918,EMP00495,2026-H1,4,64.0,No,Yes
PRF05919,EMP00579,2024-H1,4,59.7,No,No
PRF05920,EMP00040,2025-H1,4,60.8,No,Yes
PRF05921,EMP96233,2024-H1,4,63.5,No,No
PRF05922,EMP00033,2024-H1,4,86.0,No,Yes
PRF05923,EMP02414,2025-H2,3,48.4,No,No
PRF05924,EMP03146,2025-H2,1,99.8,No,No
PRF05925,EMP02426,2024-H2,3,53.1,No,Yes
PRF05926,EMP00761,2024-H2,4,43.2,No,No
PRF05927,EMP00648,2026-H1,3,70.2,No,Yes
PRF05928,EMP01285,2026-H1,4,98.2,Yes,Yes
PRF05929,EMP01120,2025-H1,4,78.4,No,Yes
PRF05930,EMP00393,2025-H2,3,44.9,Yes,Yes
PRF05931,EMP02277,2026-H1,2,57.5,No,Yes
PRF05932,EMP01652,2026-H1,4,85.1,No,No
PRF05933,EMP00769,2025-H1,3,55.7,No,No
PRF05934,EMP02024,2025-H1,2,47.2,Yes,Yes
PRF05935,EMP00783,2025-H2,3,48.8,No,Yes
PRF05936,EMP01499,2025-H2,3,81.0,No,No
PRF05937,EMP02644,2025-H1,5,69.5,No,Yes
PRF05938,EMP00052,2026-H1,3,52.1,No,Yes
PRF05939,EMP02013,2024-H1,5,76.6,No,Yes
PRF05940,EMP02988,2025-H2,5,89.3,No,Yes
PRF05941,EMP00207,2025-H2,2,90.2,No,Yes
PRF05942,EMP00005,2025-H2,5,80.6,No,Yes
PRF05943,EMP02057,2025-H2,5,94.1,No,Yes
PRF05944,EMP00162,2025-H1,4,62.7,No,Yes
PRF05945,EMP02284,2025-H2,4,50.0,No,No
PRF05946,EMP00894,2025-H2,5,41.1,No,Yes
PRF05947,EMP00650,2026-H1,3,47.5,No,Yes
PRF05948,EMP00515,2026-H1,2,64.6,No,No
PRF05949,EMP00916,2026-H1,3,72.7,No,No
PRF05950,EMP02058,2025-H1,5,47.8,No,No
PRF05951,EMP00722,2025-H2,4,62.9,No,Yes
PRF05952,EMP00682,2025-H2,4,83.2,No,Yes
PRF05953,EMP01260,2024-H1,3,50.5,No,Yes
PRF05954,EMP00259,2025-H1,3,84.8,No,Yes
PRF05955,EMP03053,2024-H2,,93.9,No,No
PRF05956,EMP02169,2026-H1,3,56.1,No,No
PRF05957,EMP00673,2026-H1,3,66.1,No,Yes
PRF05958,EMP00320,2025-H1,1,71.6,No,Yes
PRF05959,EMP03195,2024-H1,3,55.4,No,Yes
PRF05960,EMP02318,2024-H1,4,63.4,Yes,No
PRF05961,EMP01180,2025-H2,2,79.3,Yes,Yes
PRF05962,EMP00250,2024-H1,3,89.0,No,No
PRF05963,EMP00065,2026-H1,2,90.2,Yes,Yes
PRF05964,EMP00377,2025-H1,3,85.6,No,Yes
PRF05965,EMP03088,2024-H1,,76.6,Yes,No
PRF05966,EMP01965,2024-H1,4,70.2,No,No
PRF05967,EMP01863,2025-H2,4,52.2,No,Yes
PRF05968,EMP01507,2025-H1,3,87.9,No,No
PRF05969,EMP02499,2025-H2,5,72.9,Yes,No
PRF05970,EMP01799,2024-H2,3,83.7,No,No
PRF05971,EMP01510,2024-H1,3,93.8,No,No
PRF05972,EMP01022,2026-H1,2,71.1,No,Yes
PRF05973,EMP02538,2024-H2,4,79.6,No,No
PRF05974,EMP02949,2024-H1,4,84.9,No,Yes
PRF05975,EMP01041,2025-H1,4,40.4,No,No
PRF05976,EMP01610,2025-H1,4,69.7,Yes,Yes
PRF05977,EMP00813,2025-H1,4,55.4,No,Yes
PRF05978,EMP02629,2024-H2,4,45.6,No,No
PRF05979,EMP00272,2025-H1,5,65.0,No,Yes
PRF05980,EMP02221,2025-H2,3,74.4,No,Yes
PRF05981,EMP96120,2024-H1,3,80.1,Yes,Yes
PRF05982,EMP00142,2025-H1,4,84.2,No,No
PRF05983,EMP02400,2026-H1,5,55.3,No,Yes
PRF05984,EMP01969,2025-H1,4,42.9,Yes,No
PRF05985,EMP00385,2025-H2,4,96.8,No,No
PRF05986,EMP00763,2025-H2,2,43.3,Yes,Yes
PRF05987,EMP00133,2026-H1,4,53.1,No,No
PRF05988,EMP02838,2025-H1,,55.8,Yes,Yes
PRF05989,EMP02748,2024-H2,1,99.7,No,Yes
PRF05990,EMP02586,2024-H1,4,59.0,No,No
PRF05991,EMP00612,2025-H2,2,80.6,No,Yes
PRF05992,EMP00150,2025-H2,4,78.7,No,Yes
PRF05993,EMP02677,2024-H2,2,76.9,No,No
PRF05994,EMP01884,2026-H1,3,77.0,No,No
PRF05995,EMP02820,2025-H1,4,97.9,No,No
PRF05996,EMP01084,2024-H2,3,68.3,No,Yes
PRF05997,EMP02592,2026-H1,5,57.5,No,No
PRF05998,EMP03126,2025-H1,3,90.4,No,No
PRF05999,EMP02223,2026-H1,4,83.5,No,Yes
PRF06000,EMP01243,2026-H1,3,95.5,No,Yes
PRF06001,EMP97815,2024-H1,3,53.0,No,No
PRF06002,EMP02442,2024-H2,3,93.4,No,Yes
PRF06003,EMP00535,2025-H1,4,55.2,No,Yes
PRF06004,EMP00840,2025-H2,2,88.0,No,Yes
PRF06005,EMP00689,2024-H1,4,40.4,No,No
PRF06006,EMP00309,2024-H2,3,54.8,No,No
PRF06007,EMP02465,2025-H2,4,69.0,No,No
PRF06008,EMP02202,2025-H2,1,98.4,No,Yes
PRF06009,EMP00763,2025-H2,4,90.6,No,No
PRF06010,EMP02655,2024-H1,4,78.0,No,No
PRF06011,EMP01724,2025-H1,3,94.0,No,Yes
PRF06012,EMP00710,2025-H2,3,77.9,Yes,No
PRF06013,EMP01243,2025-H2,5,72.8,No,Yes
PRF06014,EMP02699,2026-H1,3,62.3,No,Yes
PRF06015,EMP03083,2025-H1,1,94.9,No,Yes
PRF06016,EMP02797,2025-H1,5,78.5,No,Yes
PRF06017,EMP02483,2026-H1,5,89.0,No,No
PRF06018,EMP00918,2026-H1,4,46.1,No,Yes
PRF06019,EMP00874,2025-H2,4,42.1,Yes,No
PRF06020,EMP02200,2025-H1,3,87.1,No,No
PRF06021,EMP01696,2025-H1,4,59.3,No,No
PRF06022,EMP01829,2024-H2,4,92.7,No,Yes
PRF06023,EMP02735,2025-H2,3,73.1,No,No
PRF06024,EMP02118,2024-H2,4,63.0,No,Yes
PRF06025,EMP02978,2024-H1,5,99.1,No,Yes
PRF06026,EMP02605,2024-H1,5,45.9,No,Yes
PRF06027,EMP00939,2026-H1,4,72.1,Yes,Yes
PRF06028,EMP00834,2025-H1,4,47.5,No,Yes
PRF06029,EMP00367,2025-H1,5,70.5,No,Yes
PRF06030,EMP00141,2025-H2,3,43.0,No,No
PRF06031,EMP00047,2024-H2,5,78.7,Yes,No
PRF06032,EMP02555,2026-H1,3,98.6,Yes,Yes
PRF06033,EMP03101,2026-H1,2,65.1,No,Yes
PRF06034,EMP03135,2026-H1,2,50.6,Yes,No
PRF06035,EMP01812,2026-H1,3,40.3,No,Yes
PRF06036,EMP00989,2025-H2,2,94.8,No,Yes
PRF06037,EMP02757,2024-H1,3,59.9,No,No
PRF06038,EMP02968,2025-H1,4,42.2,No,Yes
PRF06039,EMP00800,2025-H1,3,93.1,No,No
PRF06040,EMP01545,2026-H1,5,80.3,No,No
PRF06041,EMP02931,2025-H2,1,46.9,Yes,Yes
PRF06042,EMP02569,2024-H2,5,72.9,No,Yes
PRF06043,EMP00637,2025-H1,3,55.6,No,Yes
PRF06044,EMP00308,2026-H1,3,40.2,Yes,No
PRF06045,EMP01544,2025-H1,3,75.2,No,Yes
PRF06046,EMP03051,2025-H2,5,43.3,Yes,Yes
PRF06047,EMP00626,2024-H2,4,78.7,No,No
PRF06048,EMP02599,2024-H2,,46.3,No,No
PRF06049,EMP00103,2025-H1,4,70.7,No,No
PRF06050,EMP00576,2024-H1,3,72.4,No,No
PRF06051,EMP02943,2025-H2,3,48.6,No,Yes
PRF06052,EMP00475,2025-H2,3,71.2,No,Yes
PRF06053,EMP02893,2024-H1,1,45.3,No,Yes
PRF06054,EMP00222,2025-H2,3,96.7,No,Yes
PRF06055,EMP00130,2025-H2,4,86.3,No,No
PRF06056,EMP02549,2025-H2,2,42.4,No,No
PRF06057,EMP01966,2025-H1,3,48.0,No,Yes
PRF06058,EMP01994,2024-H1,5,1.1,No,No
PRF06059,EMP01331,2026-H1,5,75.0,No,No
PRF06060,EMP01543,2024-H1,5,77.3,Yes,No
PRF06061,EMP02841,2025-H1,4,75.8,No,No
PRF06062,EMP01040,2024-H2,3,86.4,Yes,Yes
PRF06063,EMP00800,2024-H1,,94.0,No,Yes
PRF06064,EMP03003,2024-H2,5,85.9,No,Yes
PRF06065,EMP02240,2024-H2,4,47.9,No,Yes
PRF06066,EMP02188,2025-H1,4,80.6,No,Yes
PRF06067,EMP01929,2025-H1,3,80.2,No,Yes
PRF06068,EMP01471,2025-H2,5,56.7,No,Yes
PRF06069,EMP01556,2024-H1,3,60.7,Yes,Yes
PRF06070,EMP00807,2026-H1,1,88.1,No,Yes
PRF06071,EMP02480,2024-H1,2,82.3,No,Yes
PRF06072,EMP00263,2025-H2,3,71.5,No,Yes
PRF06073,EMP01357,2025-H2,1,71.6,No,No
PRF06074,EMP00067,2025-H2,5,82.1,Yes,No
PRF06075,EMP03088,2026-H1,3,88.1,No,Yes
PRF06076,EMP00833,2024-H1,2,51.6,Yes,No
PRF06077,EMP02171,2024-H2,5,65.8,No,Yes
PRF06078,EMP02321,2024-H1,2,47.7,No,No
PRF06079,EMP01457,2025-H2,3,87.1,No,No
PRF06080,EMP02788,2025-H1,3,70.8,No,No
PRF06081,EMP01942,2025-H1,4,41.2,Yes,Yes
PRF06082,EMP02294,2024-H1,4,75.8,Yes,Yes
PRF06083,EMP01154,2026-H1,5,97.3,No,Yes
PRF06084,EMP00348,2026-H1,4,43.4,No,No
PRF06085,EMP00579,2025-H2,1,66.9,No,Yes
PRF06086,EMP01528,2025-H1,4,51.3,No,No
PRF06087,EMP02367,2024-H2,3,82.3,No,Yes
PRF06088,EMP00256,2026-H1,5,60.4,Yes,Yes
PRF06089,EMP01040,2024-H1,4,74.6,Yes,Yes
PRF06090,EMP00129,2024-H2,3,45.7,No,No
PRF06091,EMP00829,2025-H1,5,83.3,No,Yes
PRF06092,EMP01929,2024-H2,,92.0,No,No
PRF06093,EMP02240,2026-H1,5,81.6,No,No
PRF06094,EMP02344,2024-H2,4,82.3,No,No
PRF06095,EMP01028,2024-H1,2,98.0,Yes,Yes
PRF06096,EMP03091,2024-H2,5,89.8,Yes,No
PRF06097,EMP01575,2026-H1,4,65.1,No,No
PRF06098,EMP01150,2025-H2,,77.7,Yes,Yes
PRF06099,EMP00133,2024-H1,3,86.3,Yes,No
PRF06100,EMP02854,2025-H1,5,55.1,No,No
PRF06101,EMP00022,2025-H2,4,46.1,No,Yes
PRF06102,EMP02370,2025-H1,3,53.6,No,Yes
PRF06103,EMP01579,2024-H1,4,76.6,No,No
PRF06104,EMP02803,2024-H2,3,69.9,No,Yes
PRF06105,EMP02983,2025-H1,2,42.3,No,No
PRF06106,EMP01715,2026-H1,3,41.8,No,Yes
PRF06107,EMP02346,2024-H2,1,87.4,No,No
PRF06108,EMP02403,2025-H1,5,40.6,No,Yes
PRF06109,EMP01186,2025-H1,3,72.2,No,No
PRF06110,EMP00463,2025-H2,4,56.2,Yes,Yes
PRF06111,EMP02105,2025-H1,4,42.5,Yes,Yes
PRF06112,EMP02474,2024-H2,3,80.9,No,No
PRF06113,EMP01259,2024-H1,3,51.0,No,Yes
PRF06114,EMP00127,2026-H1,3,73.6,Yes,No
PRF06115,EMP00553,2024-H1,3,67.9,No,No
PRF06116,EMP00698,2024-H1,3,75.1,No,Yes
PRF06117,EMP00475,2024-H2,1,40.6,Yes,Yes
PRF06118,EMP02389,2024-H2,3,68.9,No,No
PRF06119,EMP00833,2024-H2,3,72.3,No,Yes
PRF06120,EMP00541,2026-H1,3,69.8,Yes,No
PRF06121,EMP00979,2024-H1,4,74.1,No,No
PRF06122,EMP03098,2025-H1,4,90.1,No,Yes
PRF06123,EMP90029,2024-H1,5,72.7,No,Yes
PRF06124,EMP01023,2025-H2,3,74.2,No,No
PRF06125,EMP01957,2024-H2,4,73.2,No,Yes
PRF06126,EMP01061,2025-H1,4,84.7,No,Yes
PRF06127,EMP00310,2026-H1,5,40.8,No,No
PRF06128,EMP01028,2025-H2,4,76.2,No,No
PRF06129,EMP01808,2026-H1,3,77.1,No,Yes
PRF06130,EMP01608,2024-H2,3,91.3,No,Yes
PRF06131,EMP00219,2024-H2,4,82.4,No,Yes
PRF06132,EMP00654,2026-H1,3,92.9,No,Yes
PRF06133,EMP01634,2026-H1,4,76.0,No,No
PRF06134,EMP00102,2025-H1,4,69.4,No,Yes
PRF06135,EMP02745,2024-H2,3,41.7,Yes,Yes
PRF06136,EMP03038,2024-H1,4,64.0,No,No
PRF06137,EMP90922,2024-H2,4,70.8,Yes,Yes
PRF06138,EMP01360,2026-H1,3,46.2,No,Yes
PRF06139,EMP00574,2025-H2,4,64.4,Yes,No
PRF06140,EMP00897,2024-H2,5,49.5,No,No
PRF06141,EMP00935,2026-H1,3,67.0,Yes,Yes
PRF06142,EMP00884,2024-H1,4,98.3,No,Yes
PRF06143,EMP03171,2025-H1,2,52.1,No,No
PRF06144,EMP00786,2025-H1,4,78.6,No,No
PRF06145,EMP02735,2024-H1,4,96.3,No,Yes
PRF06146,EMP02607,2025-H2,3,66.0,No,Yes
PRF06147,EMP02271,2026-H1,3,66.4,No,Yes
PRF06148,EMP01793,2026-H1,4,54.3,No,No
PRF06149,EMP02950,2025-H1,4,71.4,No,Yes
PRF06150,EMP01225,2025-H1,5,74.0,Yes,No
PRF06151,EMP02025,2025-H2,5,40.6,Yes,No
PRF06152,EMP02717,2026-H1,5,72.1,No,Yes
PRF06153,EMP00515,2026-H1,2,67.2,Yes,Yes
PRF06154,EMP00989,2026-H1,3,3.3,Yes,Yes
PRF06155,EMP02161,2025-H1,3,76.7,No,No
PRF06156,EMP00979,2024-H1,4,67.7,No,Yes
PRF06157,EMP02727,2024-H2,5,93.2,No,No
PRF06158,EMP90455,2024-H1,4,44.4,Yes,Yes
PRF06159,EMP00125,2025-H1,3,83.0,No,Yes
PRF06160,EMP00304,2024-H1,5,44.7,No,Yes
PRF06161,EMP00958,2026-H1,4,60.3,No,No
PRF06162,EMP01418,2025-H2,4,54.0,No,Yes
PRF06163,EMP02780,2026-H1,4,73.7,No,Yes
PRF06164,EMP02344,2025-H2,3,90.5,No,No
PRF06165,EMP01269,2024-H1,4,91.8,No,No
PRF06166,EMP02342,2024-H1,3,91.8,No,Yes
PRF06167,EMP00111,2026-H1,4,91.1,No,No
PRF06168,EMP02691,2024-H1,4,66.2,Yes,No
PRF06169,EMP01417,2024-H1,3,97.9,No,Yes
PRF06170,EMP01037,2026-H1,3,73.5,Yes,No
PRF06171,EMP01581,2026-H1,4,75.5,No,No
PRF06172,EMP03093,2025-H1,3,40.7,No,Yes
PRF06173,EMP02941,2025-H1,5,74.5,No,No
PRF06174,EMP01805,2026-H1,2,65.1,Yes,No
PRF06175,EMP01451,2025-H1,3,86.7,No,Yes
PRF06176,EMP03038,2025-H2,4,73.1,No,Yes
PRF06177,EMP00948,2025-H2,2,87.1,Yes,No
PRF06178,EMP03171,2025-H1,3,88.6,No,Yes
PRF06179,EMP00172,2025-H2,4,88.0,No,No
PRF06180,EMP00736,2025-H2,4,54.6,Yes,No
PRF06181,EMP03196,2025-H2,3,58.0,No,No
PRF06182,EMP01094,2025-H2,5,52.3,No,No
PRF06183,EMP01709,2024-H1,,43.3,No,Yes
PRF06184,EMP02792,2025-H1,2,92.1,No,No
PRF06185,EMP01630,2025-H2,4,74.8,Yes,No
PRF06186,EMP01545,2024-H2,3,90.8,No,No
PRF06187,EMP01543,2024-H2,4,74.8,Yes,Yes
PRF06188,EMP02890,2025-H2,3,87.2,No,No
PRF06189,EMP00948,2025-H2,3,71.4,No,Yes
PRF06190,EMP01361,2026-H1,3,66.1,No,No
PRF06191,EMP01462,2025-H2,3,43.5,Yes,No
PRF06192,EMP01228,2025-H2,3,95.0,Yes,Yes
PRF06193,EMP02694,2026-H1,4,83.3,No,Yes
PRF06194,EMP02981,2026-H1,1,95.2,No,No
PRF06195,EMP03129,2024-H1,2,61.8,Yes,No
PRF06196,EMP03069,2026-H1,3,67.4,No,Yes
PRF06197,EMP01950,2024-H2,4,78.9,No,Yes
PRF06198,EMP01996,2025-H1,4,68.8,No,Yes
PRF06199,EMP01068,2025-H1,2,50.3,No,Yes
PRF06200,EMP03127,2026-H1,4,94.6,No,No
PRF00074,EMP02067,2024-H1,4,78.0,No,Yes
PRF02564,EMP00681,2026-H1,4,90.1,No,No
PRF02663,EMP00606,2024-H2,2,44.1,No,No
PRF03651,EMP00383,2024-H2,5,99.0,No,No
PRF00535,EMP02472,2024-H2,1,49.3,No,No
PRF04650,EMP00219,2025-H1,5,76.1,No,No
PRF04065,EMP00513,2025-H1,5,51.6,No,No
PRF00983,EMP00954,2025-H2,3,84.4,Yes,Yes
PRF00105,EMP01861,2026-H1,4,8.4,No,Yes
PRF05776,EMP00948,2024-H1,,44.2,No,No
PRF00930,EMP01314,2026-H1,5,62.9,No,No
PRF05118,EMP00680,2024-H1,2,80.5,Yes,No
PRF05725,EMP02554,2026-H1,1,73.3,No,Yes
PRF03593,EMP02113,2025-H1,5,88.7,No,No
PRF03483,EMP02873,2026-H1,4,58.2,No,Yes
PRF02728,EMP00819,2024-H2,3,75.3,No,Yes
PRF00482,EMP03022,2024-H2,3,83.7,No,No
PRF03746,EMP01609,2026-H1,3,73.4,No,Yes
PRF00211,EMP01609,2024-H2,5,74.8,No,Yes
PRF04798,EMP01447,2025-H1,4,93.9,Yes,No
PRF01768,EMP02132,2025-H2,5,84.7,No,No
PRF00632,EMP00603,2024-H2,5,68.8,No,No
PRF05641,EMP00142,2026-H1,3,50.7,No,No
PRF05251,EMP01315,2026-H1,4,49.3,No,Yes
PRF06083,EMP01154,2026-H1,5,97.3,No,Yes
PRF02101,EMP00448,2024-H2,3,71.5,No,No
PRF04526,EMP01501,2026-H1,3,43.0,No,Yes
PRF01819,EMP01085,2025-H2,4,66.5,Yes,No
PRF04682,EMP02427,2026-H1,4,45.7,No,Yes
PRF05356,EMP01672,2026-H1,3,95.3,No,Yes
PRF03192,EMP02060,2024-H1,4,53.6,No,No
PRF05534,EMP02395,2024-H2,3,66.4,No,No
PRF06180,EMP00736,2025-H2,4,54.6,Yes,No
PRF04855,EMP03045,2024-H2,5,90.0,No,No
PRF00470,EMP02839,2026-H1,4,89.5,No,No
PRF05339,EMP99278,2024-H1,3,98.4,No,Yes
PRF02662,EMP01630,2025-H2,4,87.3,No,Yes
PRF04093,EMP01883,2024-H2,5,81.5,No,Yes
PRF03939,EMP99134,2025-H1,4,80.6,Yes,Yes
PRF05727,EMP02282,2025-H2,5,78.5,Yes,Yes
PRF04398,EMP02486,2024-H1,3,68.9,No,No
PRF03333,EMP00171,2024-H1,,50.4,Yes,No
PRF04068,EMP02804,2024-H2,2,87.0,No,Yes
PRF05727,EMP02282,2025-H2,5,78.5,Yes,Yes
PRF01099,EMP00709,2026-H1,3,78.5,No,No
PRF00385,EMP00152,2025-H1,3,46.8,No,Yes
PRF00760,EMP02269,2024-H1,3,69.5,No,Yes
PRF01217,EMP01641,2024-H2,5,66.6,No,No
PRF02179,EMP01754,2024-H1,5,68.9,No,No
PRF01919,EMP00903,2024-H1,4,99.1,Yes,No
PRF00912,EMP01854,2025-H2,5,87.9,No,No
PRF02633,EMP02567,2025-H1,4,93.5,No,No
PRF06179,EMP00172,2025-H2,4,88.0,No,No
PRF01252,EMP00324,2024-H1,3,68.7,Yes,Yes
PRF03676,EMP00648,2025-H1,3,51.1,No,No
PRF02551,EMP02398,2025-H2,3,49.8,No,Yes
PRF00997,EMP00400,2024-H1,5,60.7,No,Yes
PRF06194,EMP02981,2026-H1,1,95.2,No,No
PRF03328,EMP91589,2024-H2,4,48.5,No,No
PRF00924,EMP02710,2024-H1,4,73.5,Yes,No
PRF05832,EMP01022,2024-H1,3,48.7,No,Yes
PRF04459,EMP01838,2025-H1,4,71.6,No,No
PRF03404,EMP01009,2024-H2,3,89.9,Yes,No
PRF02170,EMP01015,2024-H1,4,92.7,No,No
PRF02796,EMP02465,2025-H2,4,72.4,Yes,No
PRF00372,EMP01669,2026-H1,3,98.5,No,Yes
PRF02086,EMP00559,2026-H1,4,73.2,Yes,No
PRF02120,EMP00908,2025-H1,2,94.6,No,Yes
PRF05227,EMP02532,2025-H1,4,89.6,No,No
PRF00089,EMP03100,2024-H2,4,76.9,No,No
PRF02478,EMP01809,2024-H1,3,62.8,Yes,Yes
PRF05921,EMP96233,2024-H1,4,63.5,No,No
PRF05753,EMP02574,2024-H1,3,85.1,Yes,Yes
PRF01288,EMP02560,2024-H1,4,63.7,No,No
PRF00819,EMP02453,2024-H2,2,61.5,No,No
PRF04360,EMP00936,2026-H1,3,64.4,Yes,Yes
PRF01157,EMP01428,2024-H1,2,87.6,Yes,No
PRF02208,EMP01323,2024-H2,4,58.1,No,No
PRF05136,EMP00449,2025-H2,5,53.0,No,Yes
PRF05328,EMP02091,2024-H1,3,73.4,Yes,No
PRF05494,EMP03083,2025-H2,3,64.2,No,Yes
PRF05193,EMP00439,2025-H1,3,71.9,Yes,No
PRF03336,EMP99024,2024-H2,3,95.2,No,No
PRF04396,EMP01591,2024-H2,4,96.9,No,Yes
PRF05894,EMP00989,2026-H1,,71.2,No,No
PRF05163,EMP00814,2025-H1,4,95.5,No,Yes
PRF01515,EMP00250,2025-H2,4,83.0,No,Yes
PRF05837,EMP99179,2024-H2,4,90.0,No,Yes
PRF04666,EMP00496,2026-H1,3,60.4,No,Yes
PRF05149,EMP02447,2024-H1,3,83.8,No,Yes
PRF05202,EMP03122,2024-H1,2,59.3,No,Yes
PRF06199,EMP01068,2025-H1,2,50.3,No,Yes
PRF04565,EMP01455,2025-H2,,9.3,Yes,Yes
