employee_id,employee_name,gender,dob,age,marital_status,city,state,phone,email,department_id,designation,education,experience_years,date_of_joining,employment_status,exit_date,monthly_basic_salary,satisfaction_score
EMP00001,Vivaan Gupta,Male,1979-02-08,47,Single,Indore,Madhya Pradesh,6539082113,vivaan.gupta106@yahoo.com,DEP010,Deputy General Manager,B.Sc,1.8,2017-01-13,Resigned,2022-01-15,250000,3.0
EMP00002,Suresh Ghosh,Other,1985-08-19,41,Single,Indore,Madhya Pradesh,8587291471,suresh.ghosh986@gmail.com,DEP011,Senior Associate,Diploma,9.0,2025-03-01,Active,,45000,5.0
EMP00003,Rekha Malhotra,Female,2001-02-09,25,Divorced,Chandigarh,Chandigarh,8783936422,rekha.malhotra401@hotmail.com,DEP008,Senior Associate,B.A.,1.8,2025-08-19,Terminated,,80000,4.0
EMP00004,Nisha Iyer,Female,1983-11-13,42,Single,Indore,Madhya Pradesh,,nisha.iyer974@rediffmail.com,DEP010,General Manager,B.Tech,2.5,2020-03-05,Active,,45000,4.0
EMP00005,Sneha Yadav,Other,1999-08-21,27,Single,Nagpur,Maharashtra,6155960236,sneha.yadav373@rediffmail.com,DEP008,Senior Associate,B.Com,5.7,2023-12-25,Active,,60000,4.0
EMP00006,Arjun Singh,Male,1989-08-27,37,Divorced,Ghaziabad,Uttar Pradesh,6726085932,arjun.singh338@rediffmail.com,DEP011,Senior Analyst,PhD,6.2,2018-08-15,Resigned,2019-02-15,200000,2.0
EMP00007,Krishna Kapoor,Male,1983-12-01,42,Divorced,Surat,Gujarat,9873901434,krishna.kapoor861@rediffmail.com,DEP001,Manager,MBA,8.4,2015-08-17,On Notice Period,,80000,1.0
EMP00008,Suresh Patel,Other,1984-02-26,42,Single,Indore,Madhya Pradesh,6198189635,suresh.patel819@gmail.com,DEP012,General Manager,B.Com,12.0,2023-11-17,Active,,35000,5.0
EMP00009,Krishna Sharma,Male,1992-05-17,34,Single,Jaipur,Rajasthan,,krishna.sharma835@rediffmail.com,DEP009,Assistant Manager,Diploma,17.6,2020-05-24,On Notice Period,,80000,3.0
EMP00010,Myra Chopra,Female,1996-03-05,30,Divorced,Delhi,Delhi,6801004080,myra.chopra621@rediffmail.com,DEP009,Senior Analyst,M.Tech,16.7,2025-08-14,Resigned,,100000,4.0
EMP00011,Gaurav Kapoor,Male,1970-04-27,56,Single,Jaipur,Rajasthan,9067817618,gaurav.kapoor765@yahoo.com,DEP002,Assistant Manager,M.Sc,12.5,2025-01-14,Active,,130000,2.0
EMP00012,Divya Yadav,Female,1979-04-12,47,Married,Ghaziabad,Uttar Pradesh,6352919280,divya.yadav277@yahoo.com,DEP003,Consultant,M.Com,21.7,2022-02-22,Active,,25000,3.0
EMP00013,Sarika Rao,Female,1988-01-26,38,Divorced,Pune,Maharashtra,8080843592,sarika.rao727@rediffmail.com,DEP004,Senior Associate,B.A.,26.9,2019-02-10,Active,,80000,3.0
EMP00014,Divya Shetty,Female,1987-08-17,39,Single,Kolkata,West Bengal,,divya.shetty527@yahoo.com,DEP008,Senior Analyst,M.Sc,10.4,2018-12-28,Active,,25000,1.0
EMP00015,Divya Menon,Other,1991-06-07,35,Single,Kolkata,West Bengal,,divya.menon57@yahoo.com,DEP002,General Manager,M.Com,29.7,2018-02-18,Active,,25000,5.0
EMP00016,Ananya Joshi,Female,1995-05-15,31,Divorced,Chennai,Tamil Nadu,6933034525,ananya.joshi@outlook.com,DEP003,Assistant Manager,PhD,10.9,2015-01-30,Active,,100000,1.0
EMP00017,Vikram Kapoor,Male,1967-07-25,59,Single,Hyderabad,Telangana,9781558885,vikram.kapoor88@yahoo.com,DEP001,Associate,B.A.,4.5,2022-04-25,Terminated,,250000,3.0
EMP00018,Anil Sharma,Male,1974-05-01,52,Single,Ahmedabad,Gujarat,6748827264,anil.sharma491@gmail.com,DEP011,Executive,B.Tech,2.1,2025-04-01,On Notice Period,,200000,5.0
EMP00019,Priya Desai,Female,1966-10-05,59,Single,Lucknow,Uttar Pradesh,9254418199,,DEP009,Manager,M.Tech,1.8,2015-04-13,Active,,80000,4.0
EMP00020,Arjun Pillai,Other,1989-06-05,37,Married,Coimbatore,Tamil Nadu,7044313380,arjun.pillai123@hotmail.com,DEP004,Vice President,B.Tech,26.6,2026-05-30,Active,,100000,3.0
EMP00021,Rahul Chaudhary,Other,2002-05-04,24,Single,Jaipur,Rajasthan,9513988699,rahul.chaudhary51@gmail.com,DEP012,Assistant Manager,M.Sc,19.9,2016-02-27,On Notice Period,,320000,5.0
EMP00022,Ajay Kumar,Male,1975-07-11,51,Divorced,Chennai,Tamil Nadu,9531129429,ajay.kumar438@hotmail.com,DEP003,Senior Manager,B.Sc,7.7,2021-04-27,Active,,320000,2.0
EMP00023,Rahul Iyer,Male,2004-12-28,21,Married,Kolkata,West Bengal,6453657808,rahul.iyer443@hotmail.com,DEP005,Consultant,B.Tech,12.4,2024-04-04,Active,,200000,2.0
EMP00024,Swati Malhotra,Female,2001-07-27,25,Single,Delhi,Delhi,6976745072,swati.malhotra986@outlook.com,DEP003,General Manager,M.Tech,7.5,2025-07-02,Active,,35000,5.0
EMP00025,Karan Kapoor,Male,1981-05-08,45,Married,Kolkata,West Bengal,7422973046,karan.kapoor234@outlook.com,DEP011,Assistant Manager,MBA,16.1,2015-01-10,Active,,160000,2.0
EMP00026,Kavita Yadav,Female,2005-05-24,21,Single,Kolkata,West Bengal,7281668490,kavita.yadav56@hotmail.com,DEP004,Associate,PhD,6.2,2026-04-28,Active,,60000,2.0
EMP00027,Sarika Rao,Female,2000-03-11,26,Single,Bengaluru,Karnataka,9894100485,sarika.rao366@hotmail.com,DEP005,Consultant,M.Com,19.6,2019-04-12,Active,,200000,1.0
EMP00028,RIYA RAO,Female,1975-01-21,51,Single,Noida,Uttar Pradesh,6278329627,riya.rao305@outlook.com,DEP001,Vice President,PhD,24.4,2024-03-19,Active,,130000,1.0
EMP00029,Sneha Iyer,Female,1974-03-16,52,Single,Indore,Madhya Pradesh,8847553146,sneha.iyer334@rediffmail.com,DEP003,Assistant Manager,B.Com,24.1,2019-02-07,Active,,80000,1.0
EMP00030,Sarika Joshi,Female,1991-03-14,35,Married,Chennai,Tamil Nadu,8371221853,sarika.joshi520@yahoo.com,DEP009,Senior Analyst,B.Com,22.4,2025-05-03,Resigned,,320000,4.0
EMP00031,Manish Mishra,Male,1987-04-04,39,Single,Mumbai,Maharashtra,7427915623,manish.mishra262@yahoo.com,DEP001,Deputy General Manager,B.Sc,18.0,2016-02-17,Active,,250000,1.0
EMP00032,Diya Reddy,Other,1974-09-16,51,Single,Mumbai,Maharashtra,6632964078,diya.reddy885@gmail.com,DEP006,General Manager,B.Sc,3.0,2016-06-02,Active,,130000,3.0
EMP00033,NIKHIL SINGH,Male,1980-10-12,45,Married,Pune,Maharashtra,8713110377,nikhil.singh130@outlook.com,DEP001,Manager,MBA,4.9,2025-05-03,On Notice Period,,25000,1.0
EMP00034,Anil Nair,Other,1966-04-27,60,Divorced,Nagpur,Maharashtra,8127805708,anil.nair467@rediffmail.com,DEP009,Consultant,M.Tech,17.0,2025-08-10,Active,,25000,4.0
EMP00035,Shreya Kapoor,Female,1994-01-01,32,Married,Chandigarh,Chandigarh,9403385601,shreya.kapoor797@outlook.com,DEP012,Senior Manager,B.Com,7.1,2025-12-23,Active,,250000,1.0
EMP00036,Aarav Gupta,Male,1993-03-16,33,Divorced,Bengaluru,Karnataka,6862369429,aarav.gupta270@rediffmail.com,DEP010,Senior Manager,B.Sc,27.5,2021-06-16,On Notice Period,,45000,3.0
EMP00037,Kavita Rao,Other,1995-05-04,31,Divorced,Nagpur,Maharashtra,6258733313,kavita.rao181@yahoo.com,DEP010,Vice President,B.Tech,29.0,2016-02-02,Terminated,2020-05-14,160000,3.0
EMP00038,Ritu Sharma,Other,1991-03-10,35,Single,Mumbai,Maharashtra,6003132552,ritu.sharma163@hotmail.com,DEP003,Associate,B.Sc,15.4,2024-09-10,Active,,25000,2.0
EMP00039,Sneha Iyer,Other,2002-11-27,23,Single,Delhi,Delhi,6054207059,sneha.iyer531@yahoo.com,DEP010,General Manager,Diploma,13.3,2022-11-09,Resigned,,200000,4.0
EMP00040,Sunita Verma,Female,1971-01-13,55,Single,Surat,Gujarat,8203768725,sunita.verma996@rediffmail.com,DEP005,Executive,B.Sc,2.4,2024-10-17,Terminated,,320000,1.0
EMP00041,Naveen Reddy,Male,1985-04-13,41,Divorced,Chennai,Tamil Nadu,9450092873,naveen.reddy933@rediffmail.com,DEP003,Analyst,B.Tech,11.4,2022-05-15,Resigned,2025-04-18,320000,1.0
EMP00042,Gaurav Sharma,Male,2003-03-23,23,Married,Delhi,Delhi,6877322099,gaurav.sharma845@gmail.com,DEP011,General Manager,M.Tech,22.1,2015-12-16,Terminated,2016-12-17,35000,4.0
EMP00043,Karan Rao,Male,1978-05-01,48,Married,Ghaziabad,Uttar Pradesh,9860447375,karan.rao589@gmail.com,DEP005,Analyst,M.Com,27.9,2022-11-14,Active,,25000,1.0
EMP00044,Aarav Mishra,Male,1999-08-23,27,Single,Surat,Gujarat,7921974951,aarav.mishra411@gmail.com,DEP007,Vice President,B.Com,17.8,2019-02-20,Active,,200000,4.0
EMP00045,Kritika Agarwal,Female,1995-07-21,31,Divorced,Coimbatore,Tamil Nadu,8558453462,kritika.agarwal474@outlook.com,DEP011,Vice President,B.Sc,3.8,2020-03-28,Active,,250000,5.0
EMP00046,Naveen Kumar,Other,1985-10-17,40,Divorced,Ahmedabad,Gujarat,7913977416,naveen.kumar907@yahoo.com,DEP007,Manager,B.Tech,7.1,2022-10-26,Active,,60000,1.0
EMP00047,Shreya Sharma,Other,1989-10-24,36,Divorced,Hyderabad,Telangana,9866865211,shreya.sharma644@outlook.com,DEP012,Senior Associate,M.Com,22.2,2024-01-29,Active,,130000,2.0
EMP00048,Kritika Malhotra,Female,2004-10-28,21,Married,Chandigarh,Chandigarh,6051795155,kritika.malhotra17@rediffmail.com,DEP011,Intern,MBA,,2024-03-07,Resigned,2026-06-24,100000,5.0
EMP00049,Saurabh Kapoor,Other,1966-06-21,60,Single,Bengaluru,Karnataka,9665134999,saurabh.kapoor218@hotmail.com,DEP003,Analyst,B.Com,8.2,2016-04-08,Active,,130000,2.0
EMP00050,Rahul Ghosh,Male,1976-05-25,50,Single,Indore,Madhya Pradesh,9696487363,rahul.ghosh653@rediffmail.com,DEP002,General Manager,MBA,25.0,2017-10-22,On Notice Period,,100000,2.0
EMP00051,Kavya Kapoor,Other,1968-01-22,58,Divorced,Noida,Uttar Pradesh,7814724566,kavya.kapoor685@gmail.com,DEP009,Intern,M.Tech,28.6,2015-04-05,Active,,320000,2.0
EMP00052,Kavita Singh,Female,1989-07-08,37,Single,Bengaluru,Karnataka,7458084568,kavita.singh984@hotmail.com,DEP011,Senior Associate,B.A.,14.8,2018-02-15,Active,,25000,3.0
EMP00053,Isha Kapoor,Other,1974-03-02,52,Divorced,Surat,Gujarat,9759232023,isha.kapoor516@outlook.com,DEP005,Consultant,Diploma,18.8,2019-10-14,Terminated,2024-09-09,100000,3.0
EMP00054,Riya Rao,Female,1997-10-21,28,Married,Lucknow,Uttar Pradesh,6310847055,riya.rao642@yahoo.com,DEP011,Vice President,PhD,,2016-12-18,On Notice Period,,130000,1.0
EMP00055,Vihaan Ghosh,Male,2003-07-25,23,Divorced,Chennai,Tamil Nadu,8100559458,vihaan.ghosh590@hotmail.com,DEP012,Assistant Manager,M.Sc,11.1,2017-04-04,Terminated,2017-08-26,45000,1.0
EMP00056,SURESH SHETTY,Other,1970-02-03,56,Divorced,Indore,Madhya Pradesh,6214254793,suresh.shetty748@yahoo.com,DEP002,Executive,Diploma,26.9,2025-08-04,Active,,320000,4.0
EMP00057,Gaurav Verma,Male,2002-01-21,24,Married,Delhi,Delhi,8354617366,gaurav.verma797@hotmail.com,DEP008,Executive,PhD,9.3,2016-10-14,Active,,250000,3.0
EMP00058,Rekha Pillai,Other,1996-10-27,29,Divorced,Delhi,Delhi,7820245880,rekha.pillai151@rediffmail.com,DEP005,Consultant,Diploma,,2021-12-03,Resigned,,60000,4.0
EMP00059,Riya Shetty,Female,1986-10-02,39,Single,Ahmedabad,Gujarat,9553035283,riya.shetty194@yahoo.com,DEP004,Senior Analyst,B.Com,21.3,2023-11-14,Active,,80000,2.0
EMP00060,Sneha Shetty,Female,1996-04-02,30,Single,Coimbatore,Tamil Nadu,6350098452,sneha.shetty100@hotmail.com,DEP008,Intern,PhD,26.0,2026-01-23,Active,,100000,3.0
EMP00061,Reyansh Yadav,Male,2004-01-02,22,Single,Pune,Maharashtra,9970320951,reyansh.yadav989@outlook.com,DEP004,Vice President,B.Sc,21.2,2023-04-17,On Notice Period,,160000,2.0
EMP00062,Vivaan Iyer,Other,1975-01-04,51,Married,Coimbatore,Tamil Nadu,9713214121,vivaan.iyer480@gmail.com,DEP012,Senior Analyst,B.Tech,22.6,2018-04-01,Active,,60000,2.0
EMP00063,Ritu Kumar,Female,1999-07-27,27,Single,Chandigarh,Chandigarh,8120751824,ritu.kumar585@outlook.com,DEP005,Team Lead,B.A.,13.6,2015-06-28,Terminated,2016-07-29,100000,3.0
EMP00064,Arjun Kapoor,Male,1992-09-16,33,Married,Mumbai,Maharashtra,7902807290,arjun.kapoor524@outlook.com,DEP003,Manager,B.Tech,7.7,2021-06-02,Active,,60000,5.0
EMP00065,Riya Iyer,Female,1997-03-17,29,Divorced,Chennai,Tamil Nadu,8116613065,riya.iyer531@gmail.com,DEP006,Team Lead,M.Tech,5.9,2020-03-02,Terminated,2022-05-20,35000,4.0
EMP00066,Sanjay Iyer,Male,1994-10-27,31,Single,Ahmedabad,Gujarat,9903289785,sanjay.iyer894@outlook.com,DEP002,Vice President,M.Sc,4.9,2023-03-27,Active,,100000,4.0
EMP00067,Ishaan Gupta,Male,1966-03-06,60,Divorced,Ahmedabad,Gujarat,6864243012,ishaan.gupta513@rediffmail.com,DEP005,Senior Associate,B.Com,7.5,2017-04-21,Active,,25000,1.0
EMP00068,Arjun Ghosh,Male,1980-03-27,46,Divorced,Chandigarh,Chandigarh,,arjun.ghosh835@outlook.com,DEP007,Consultant,Diploma,20.8,2015-06-01,Terminated,2020-01-08,250000,1.0
EMP00069,Saanvi Chaudhary,Female,1982-02-17,44,Single,Delhi,Delhi,9979688806,saanvi.chaudhary280@rediffmail.com,DEP011,Senior Manager,B.Tech,9.7,2019-03-16,Active,,60000,3.0
EMP00070,Vivaan Menon,Male,1986-06-21,40,Single,Bengaluru,Karnataka,7458952772,vivaan.menon227@rediffmail.com,DEP011,Assistant Manager,B.Sc,1.8,2018-09-29,Active,,200000,5.0
EMP00071,Meera Menon,Other,1990-06-08,36,Married,Delhi,Delhi,7332820056,meera.menon530@gmail.com,DEP007,Consultant,M.Sc,11.5,2019-03-27,Resigned,2025-08-08,250000,3.0
EMP00072,Nikhil Rao,Other,1997-11-07,28,Divorced,Noida,Uttar Pradesh,9266741451,nikhil.rao154@rediffmail.com,DEP007,Consultant,M.Tech,25.2,2021-03-17,On Notice Period,,35000,5.0
EMP00073,Neha Pillai,Female,1987-06-13,39,Married,Noida,Uttar Pradesh,8843283962,neha.pillai913@hotmail.com,DEP001,Associate,B.Tech,0.2,2023-08-16,Terminated,,160000,3.0
EMP00074,Nisha Chopra,Female,1972-09-24,53,Married,Indore,Madhya Pradesh,6650345589,nisha.chopra786@hotmail.com,DEP010,Deputy General Manager,MBA,13.9,2024-08-24,Active,,25000,5.0
EMP00075,Diya Menon,Female,1994-02-21,32,Married,Coimbatore,Tamil Nadu,8828405156,diya.menon11@hotmail.com,DEP001,Executive,Diploma,24.6,2021-08-12,Terminated,2025-09-16,200000,1.0
EMP00076,Sanjay Sharma,Male,1994-08-25,32,Single,Kolkata,West Bengal,9615500944,sanjay.sharma666@gmail.com,DEP001,General Manager,PhD,19.4,2020-12-19,On Notice Period,,200000,3.0
EMP00077,Rohan Desai,Male,1968-02-12,58,Divorced,Bengaluru,Karnataka,6462098388,rohan.desai259@rediffmail.com,DEP008,Senior Associate,B.Sc,18.7,2019-04-20,Active,,25000,4.0
EMP00078,Sarika Malhotra,Female,1990-02-06,36,Married,Delhi,Delhi,8153401832,sarika.malhotra353@outlook.com,DEP004,Assistant Manager,B.Tech,11.4,2018-10-24,Active,,25000,3.0
EMP00079,Aditya Reddy,Other,1971-03-18,55,Married,Jaipur,Rajasthan,9392952417,aditya.reddy602@hotmail.com,DEP006,Senior Manager,B.Sc,25.1,2024-12-10,Active,,60000,4.0
EMP00080,Sanjay Kapoor,Male,1971-05-24,55,Single,Pune,Maharashtra,6672180987,sanjay.kapoor91@outlook.com,DEP004,Executive,B.A.,19.7,2023-08-19,Active,,250000,4.0
EMP00081,Rohan Patel,Other,1982-11-26,43,Married,Delhi,Delhi,6119770011,rohan.patel757@hotmail.com,DEP001,Senior Manager,M.Tech,0.8,2022-11-18,Active,,160000,2.0
EMP00082,Kritika Ghosh,Other,2005-02-27,21,Single,Noida,Uttar Pradesh,6037394796,kritika.ghosh93@rediffmail.com,DEP006,Assistant Manager,M.Sc,,2021-06-03,Active,,250000,3.0
EMP00083,Divya Verma,Other,1978-11-17,47,Divorced,Kolkata,West Bengal,7965203423,divya.verma687@hotmail.com,DEP008,Senior Analyst,B.Sc,22.9,2017-11-11,Active,,25000,1.0
EMP00084,Sarika Menon,Female,1996-10-19,29,Single,Hyderabad,Telangana,7547812320,sarika.menon114@yahoo.com,DEP012,Executive,M.Sc,18.9,2020-05-26,Active,,35000,1.0
EMP00085,Myra Agarwal,Female,2003-01-15,23,Divorced,Pune,Maharashtra,9947330267,myra.agarwal81@yahoo.com,DEP003,Vice President,B.Tech,22.4,2025-11-21,Active,,100000,1.0
EMP00086,Anil Kapoor,Male,1999-12-27,26,Married,Chennai,Tamil Nadu,7538205687,anil.kapoor507@yahoo.com,DEP007,Manager,B.A.,11.4,2021-12-17,Terminated,2025-11-14,320000,3.0
EMP00087,Reyansh Kumar,Male,1980-02-02,46,Divorced,Chandigarh,Chandigarh,8007800917,reyansh.kumar454@gmail.com,DEP010,General Manager,MBA,5.7,2024-11-09,Active,,100000,5.0
EMP00088,Kritika Agarwal,Female,1980-10-20,45,Divorced,Hyderabad,Telangana,9946238016,kritika.agarwal151@gmail.com,DEP011,Deputy General Manager,MBA,24.3,2016-10-29,On Notice Period,,320000,5.0
EMP00089,Sneha Iyer,Other,1991-03-07,35,Single,Bengaluru,Karnataka,8724567958,sneha.iyer138@hotmail.com,DEP009,Senior Manager,Diploma,25.9,2017-07-08,Active,,80000,1.0
EMP00090,KAVITA YADAV,Female,1993-10-16,32,Married,Chennai,Tamil Nadu,,kavita.yadav308@hotmail.com,DEP002,Vice President,B.A.,11.2,2017-02-01,Active,,250000,4.0
EMP00091,VIKRAM SINGH,Male,1995-06-24,31,Single,Noida,Uttar Pradesh,8706058196,vikram.singh711@yahoo.com,DEP008,Associate,PhD,22.9,2022-08-28,On Notice Period,,320000,4.0
EMP00092,Myra Kumar,Female,1981-03-19,45,Married,Lucknow,Uttar Pradesh,6801863418,myra.kumar530@rediffmail.com,DEP002,Team Lead,MBA,28.5,2020-08-12,Resigned,2023-11-15,25000,5.0
EMP00093,krishna patel,Male,1976-06-19,50,Married,Noida,Uttar Pradesh,7490162252,krishna.patel599@rediffmail.com,DEP003,Vice President,B.Tech,28.1,2025-07-04,Active,,100000,5.0
EMP00094,Sunita Bansal,Female,1982-05-26,44,Married,Bengaluru,Karnataka,8756354033,sunita.bansal516@hotmail.com,DEP006,Senior Analyst,B.Sc,23.9,2020-05-04,On Notice Period,,45000,3.0
EMP00095,Sneha Joshi,Other,1969-05-06,57,Divorced,Nagpur,Maharashtra,8019533496,sneha.joshi859@gmail.com,DEP008,Team Lead,B.A.,9.0,2016-06-27,Active,,80000,3.0
EMP00096,Saanvi Bose,Other,1992-01-13,34,Divorced,Delhi,Delhi,7796088311,saanvi.bose656@gmail.com,DEP006,Associate,B.Sc,26.8,2025-01-17,Active,,80000,3.0
EMP00097,Rekha Ghosh,Female,1994-01-28,32,Married,Ghaziabad,Uttar Pradesh,9240959067,rekha.ghosh20@gmail.com,DEP003,Senior Analyst,B.A.,1.4,2024-04-16,On Notice Period,,320000,5.0
EMP00098,Anjali Agarwal,Female,1967-10-11,58,Divorced,Hyderabad,Telangana,9535225089,anjali.agarwal411@yahoo.com,DEP002,Associate,PhD,24.4,2020-02-28,Terminated,2023-04-19,160000,2.0
EMP00099,Rohan Chopra,Male,1996-03-28,30,Married,Noida,Uttar Pradesh,8932706089,rohan.chopra62@outlook.com,DEP004,Deputy General Manager,M.Com,10.5,2018-08-20,Resigned,2019-03-16,60000,4.0
EMP00100,Aarav Iyer,Male,1989-12-14,36,Divorced,Delhi,Delhi,9251882782,aarav.iyer894@hotmail.com,DEP004,Analyst,MBA,10.6,2020-06-04,Active,,100000,5.0
EMP00101,Naveen Mishra,Male,1977-03-14,49,Single,Mumbai,Maharashtra,8170160397,naveen.mishra600@gmail.com,DEP004,Senior Analyst,B.Tech,20.6,2018-02-19,Active,,35000,1.0
EMP00102,Naveen Sharma,Other,1985-02-04,41,Single,Mumbai,Maharashtra,7659589098,naveen.sharma749@yahoo.com,DEP002,Executive,B.A.,29.1,2017-09-13,Active,,200000,1.0
EMP00103,Nikhil Agarwal,Other,1988-01-11,38,Married,Noida,Uttar Pradesh,8334933419,nikhil.agarwal@rediffmail.com,DEP005,Vice President,PhD,16.3,2015-12-06,Terminated,2021-04-06,200000,4.0
EMP00104,Deepak Verma,Male,1980-12-18,45,Divorced,Mumbai,Maharashtra,,deepak.verma351@rediffmail.com,DEP010,Senior Manager,M.Com,16.5,2022-04-11,Terminated,,100000,2.0
EMP00105,Sarika Gupta,Female,1972-05-20,54,Divorced,Nagpur,Maharashtra,8947542195,sarika.gupta174@rediffmail.com,DEP006,Senior Analyst,B.A.,18.9,2022-03-23,Active,,200000,2.0
EMP00106,Aman Yadav,Other,1978-02-14,48,Divorced,Noida,Uttar Pradesh,9622416715,aman.yadav@yahoo.com,DEP009,General Manager,B.Sc,11.3,2018-06-14,Terminated,2021-07-08,100000,5.0
EMP00107,Ajay Reddy,Male,1969-05-02,57,Married,Delhi,Delhi,9068247630,ajay.reddy43@outlook.com,DEP012,Intern,M.Tech,21.5,2019-01-01,Active,,80000,4.0
EMP00108,Saurabh Bansal,Male,1966-04-28,60,Single,Hyderabad,Telangana,9349671597,saurabh.bansal181@hotmail.com,DEP002,Manager,M.Com,20.0,2023-05-09,Active,,100000,3.0
EMP00109,Naveen Reddy,Male,1971-01-22,55,Single,Nagpur,Maharashtra,6107506740,naveen.reddy864@hotmail.com,DEP010,Analyst,M.Com,23.1,2021-08-05,Resigned,2025-07-17,160000,1.0
EMP00110,Reyansh Agarwal,Other,1972-05-03,54,Divorced,Jaipur,Rajasthan,6323453126,reyansh.agarwal727@hotmail.com,DEP010,Analyst,MBA,7.7,2022-01-08,Active,,80000,3.0
EMP00111,Naveen Rao,Male,1971-02-14,55,Divorced,Delhi,Delhi,9472218118,naveen.rao185@hotmail.com,DEP001,Vice President,Diploma,8.2,2022-04-04,Active,,160000,2.0
EMP00112,Riya Agarwal,Female,1996-12-07,29,Married,Chennai,Tamil Nadu,8744891147,riya.agarwal724@outlook.com,DEP009,Vice President,B.A.,2.9,2017-04-06,Active,,35000,3.0
EMP00113,Sanjay Nair,Male,2003-06-13,23,Single,Nagpur,Maharashtra,7461819995,sanjay.nair19@outlook.com,DEP008,Senior Associate,B.Sc,6.7,2018-07-01,Terminated,2022-01-03,200000,4.0
EMP00114,Krishna Kumar,Male,1988-04-19,38,Married,Surat,Gujarat,7603427172,krishna.kumar@rediffmail.com,DEP012,Senior Manager,B.Com,17.4,2021-09-22,Active,,35000,3.0
EMP00115,Nikhil Desai,Other,1979-10-27,46,Married,Hyderabad,Telangana,6388410814,nikhil.desai333@gmail.com,DEP008,Senior Analyst,B.A.,11.2,2022-11-30,Active,,320000,5.0
EMP00116,Karan Yadav,Male,1997-04-24,29,Single,Kolkata,West Bengal,7627120352,karan.yadav680@gmail.com,DEP010,Senior Analyst,B.Sc,26.7,2026-04-03,Active,,25000,2.0
EMP00117,Ishaan Gupta,Male,1999-01-07,27,Married,Ghaziabad,Uttar Pradesh,7094402761,ishaan.gupta209@yahoo.com,DEP004,Senior Analyst,MBA,9.1,2018-12-02,On Notice Period,,35000,1.0
EMP00118,Divya Shetty,Female,2001-10-21,24,Married,Ghaziabad,Uttar Pradesh,8584742630,divya.shetty169@rediffmail.com,DEP007,Assistant Manager,Diploma,,2016-05-28,Active,,25000,3.0
EMP00119,Aditya Iyer,Other,1990-04-19,36,Divorced,Ahmedabad,Gujarat,6377698406,aditya.iyer680@outlook.com,DEP010,Consultant,M.Com,26.3,2025-04-09,Resigned,,250000,3.0
EMP00120,Kritika Chaudhary,Female,1976-03-11,50,Married,Lucknow,Uttar Pradesh,8184522638,kritika.chaudhary981@outlook.com,DEP003,Team Lead,B.A.,10.6,2019-10-17,Active,,160000,2.0
EMP00121,Neha Malhotra,Female,1973-10-07,52,Single,Ghaziabad,Uttar Pradesh,9567697761,neha.malhotra683@outlook.com,DEP007,Senior Associate,Diploma,15.8,2018-08-21,Active,,25000,5.0
EMP00122,Kavita Bose,Female,1972-11-02,53,Divorced,Nagpur,Maharashtra,9478770319,kavita.bose193@yahoo.com,DEP010,Deputy General Manager,Diploma,10.9,2026-03-04,Active,,25000,1.0
EMP00123,Sunita Shetty,Female,1987-09-01,39,Married,Ahmedabad,Gujarat,8621587315,sunita.shetty316@yahoo.com,DEP012,Senior Manager,B.A.,19.5,2024-06-08,Resigned,,320000,3.0
EMP00124,Sarika Patel,Female,1986-08-07,40,Married,Jaipur,Rajasthan,9229486731,sarika.patel678@hotmail.com,DEP009,Consultant,M.Com,12.1,2022-03-13,Active,,320000,1.0
EMP00125,Sunita Singh,Other,1977-01-02,49,Single,Jaipur,Rajasthan,6764813696,sunita.singh404@hotmail.com,DEP012,Consultant,MBA,18.1,2021-11-08,Active,,100000,4.0
EMP00126,Gaurav Kumar,Male,1979-11-10,46,Single,Coimbatore,Tamil Nadu,7545287816,gaurav.kumar128@rediffmail.com,DEP005,Associate,M.Com,10.2,2017-12-30,Active,,35000,3.0
EMP00127,Sarika Gupta,Other,1988-10-07,37,Single,Coimbatore,Tamil Nadu,6192474595,sarika.gupta41@gmail.com,DEP009,Consultant,M.Sc,2.8,2020-01-08,Active,,320000,1.0
EMP00128,Divya Bansal,Female,1992-09-26,33,Single,Ahmedabad,Gujarat,7054067545,divya.bansal683@yahoo.com,DEP001,Intern,MBA,25.2,2019-09-08,Active,,250000,5.0
EMP00129,Swati Kumar,Female,1976-11-23,49,Single,Indore,Madhya Pradesh,7080777727,swati.kumar766@outlook.com,DEP001,Vice President,PhD,10.3,2025-03-13,Active,,60000,3.0
EMP00130,Nisha Mishra,Other,1969-11-11,56,Married,Chennai,Tamil Nadu,9738384033,nisha.mishra871@yahoo.com,DEP002,Senior Manager,PhD,3.2,2022-12-14,Active,,45000,3.0
EMP00131,Krishna Bose,Male,1972-07-25,54,Single,Jaipur,Rajasthan,9089072598,krishna.bose907@rediffmail.com,DEP008,Manager,B.Sc,24.4,2023-08-13,Active,,130000,1.0
EMP00132,Vihaan Bansal,Male,1993-08-15,33,Single,Hyderabad,Telangana,7748614367,vihaan.bansal402@gmail.com,DEP010,Intern,B.Sc,2.0,2024-11-10,On Notice Period,,25000,1.0
EMP00133,vivaan joshi,Male,1980-04-08,46,Married,Mumbai,Maharashtra,6780156359,vivaan.joshi74@gmail.com,DEP001,Senior Manager,B.Com,27.6,2015-12-29,Resigned,2022-09-20,80000,5.0
EMP00134,Gaurav Verma,Other,1976-07-22,50,Married,Lucknow,Uttar Pradesh,7696056028,gaurav.verma377@gmail.com,DEP005,Executive,M.Tech,0.7,2015-03-04,Resigned,2017-10-03,200000,3.0
EMP00135,Aarav Gupta,Male,2003-02-22,23,Divorced,Pune,Maharashtra,6987068481,aarav.gupta262@hotmail.com,DEP012,Analyst,M.Tech,13.7,2019-10-19,Resigned,2024-05-13,130000,3.0
EMP00136,Manish Patel,Male,1966-06-09,60,Divorced,Surat,Gujarat,8072301084,manish.patel551@gmail.com,DEP002,Manager,B.A.,12.4,2020-08-07,Active,,25000,2.0
EMP00137,Divya Bose,Female,1992-04-10,34,Single,Pune,Maharashtra,7677220622,divya.bose146@rediffmail.com,DEP011,Senior Associate,PhD,12.9,2015-04-22,Terminated,2018-06-20,35000,1.0
EMP00138,Ajay Sharma,Male,1982-02-05,44,Married,Pune,Maharashtra,9113464709,ajay.sharma32@yahoo.com,DEP007,Consultant,B.Sc,19.5,2017-07-13,Terminated,2023-04-25,200000,1.0
EMP00139,Rekha Sharma,Female,2001-02-06,25,Single,Kolkata,West Bengal,6520081937,rekha.sharma380@outlook.com,DEP006,Analyst,Diploma,5.4,2021-12-30,Terminated,2025-03-11,45000,1.0
EMP00140,Aadhya Nair,Female,1991-07-28,35,Single,Kolkata,West Bengal,,aadhya.nair289@yahoo.com,DEP001,Manager,M.Sc,19.2,2023-03-12,Active,,160000,4.0
EMP00141,Saurabh Singh,Male,1975-03-08,51,Married,Surat,Gujarat,7950275898,saurabh.singh538@hotmail.com,DEP001,Senior Analyst,Diploma,1.8,2024-07-20,Active,,60000,2.0
EMP00142,Priya Joshi,Female,1997-02-26,29,Married,Chandigarh,Chandigarh,,priya.joshi185@outlook.com,DEP009,Associate,Diploma,2.9,2025-02-28,Terminated,,80000,3.0
EMP00143,Suresh Ghosh,Other,1982-03-13,44,Divorced,Hyderabad,Telangana,7047482983,suresh.ghosh962@yahoo.com,DEP002,Assistant Manager,B.Tech,25.7,2022-03-22,Terminated,2022-12-08,100000,2.0
EMP00144,Anjali Kapoor,Female,1992-10-07,33,Married,Surat,Gujarat,8014757281,anjali.kapoor466@rediffmail.com,DEP008,Senior Manager,Diploma,14.1,2019-04-26,On Notice Period,,80000,4.0
EMP00145,Kavya Kumar,Female,1997-10-11,28,Married,Coimbatore,Tamil Nadu,8868929409,kavya.kumar926@gmail.com,DEP005,Senior Associate,M.Tech,7.0,2016-04-11,Active,,45000,2.0
EMP00146,Kavita Desai,Female,1968-02-15,58,Married,Coimbatore,Tamil Nadu,7452389649,kavita.desai718@gmail.com,DEP012,Associate,PhD,19.7,2020-06-19,Active,,250000,4.0
EMP00147,Meera Rao,Female,1976-06-26,50,Married,Chennai,Tamil Nadu,7373439681,meera.rao631@hotmail.com,DEP007,General Manager,B.Com,2.7,2020-03-22,Active,,60000,4.0
EMP00148,Anjali Bose,Female,1985-03-26,41,Single,Indore,Madhya Pradesh,8866791732,anjali.bose466@rediffmail.com,DEP011,Intern,PhD,20.3,2025-10-21,Terminated,2026-04-01,45000,1.0
EMP00149,Aadhya Gupta,Other,1994-02-23,32,Divorced,Delhi,Delhi,7019913534,aadhya.gupta342@outlook.com,DEP001,Senior Associate,M.Tech,5.2,2020-08-01,Active,,45000,2.0
EMP00150,Kavya Pillai,Female,1984-09-16,41,Single,Ghaziabad,Uttar Pradesh,9372780517,kavya.pillai638@yahoo.com,DEP002,Consultant,M.Sc,18.2,2018-03-01,Active,,200000,5.0
EMP00151,Vihaan Desai,Male,1990-05-17,36,Single,Chandigarh,Chandigarh,7666923621,vihaan.desai847@outlook.com,DEP012,Vice President,M.Tech,10.0,2024-07-01,Resigned,,25000,4.0
EMP00152,Diya Menon,Other,1985-09-08,41,Single,Mumbai,Maharashtra,8643066408,diya.menon326@hotmail.com,DEP008,Vice President,M.Com,27.9,2018-05-24,Active,,60000,3.0
EMP00153,Rekha Verma,Female,1976-02-21,50,Married,Bengaluru,Karnataka,6207740309,rekha.verma@outlook.com,DEP011,Analyst,Diploma,1.1,2021-04-01,Active,,200000,1.0
EMP00154,Myra Nair,Other,1981-07-23,45,Divorced,Chennai,Tamil Nadu,8997321873,myra.nair767@yahoo.com,DEP004,Manager,B.Com,3.7,2022-08-01,Active,,60000,5.0
EMP00155,Sarika Kumar,Female,1985-03-24,41,Single,Ghaziabad,Uttar Pradesh,6720092389,sarika.kumar362@rediffmail.com,DEP007,Assistant Manager,M.Tech,19.8,2022-08-30,Terminated,2025-01-04,25000,1.0
EMP00156,Anil Verma,Other,1996-05-09,30,Divorced,Chennai,Tamil Nadu,6388819766,anil.verma@rediffmail.com,DEP006,Manager,M.Sc,11.4,2026-04-26,Terminated,,80000,2.0
EMP00157,Aman Sharma,Male,1991-06-03,35,Divorced,Delhi,Delhi,9936848738,aman.sharma615@gmail.com,DEP010,Consultant,Diploma,22.2,2016-07-08,Active,,60000,1.0
EMP00158,Krishna Reddy,Other,1971-06-22,55,Single,Noida,Uttar Pradesh,9912571760,krishna.reddy162@hotmail.com,DEP007,General Manager,B.Com,1.0,2017-10-19,Terminated,2024-06-02,250000,4.0
EMP00159,Suresh Agarwal,Other,2005-11-28,20,Single,Coimbatore,Tamil Nadu,6839205899,suresh.agarwal574@yahoo.com,DEP004,Analyst,B.A.,,2018-03-19,Resigned,2022-09-12,200000,4.0
EMP00160,Rekha Iyer,Female,1979-04-17,47,Divorced,Ahmedabad,Gujarat,7528218971,rekha.iyer728@rediffmail.com,DEP004,Executive,M.Com,2.8,2025-07-03,Active,,25000,5.0
EMP00161,Aditya Agarwal,Male,1996-06-15,30,Divorced,Indore,Madhya Pradesh,7283436415,aditya.agarwal189@outlook.com,DEP007,Manager,M.Sc,29.9,2018-11-06,Terminated,2021-07-09,100000,5.0
EMP00162,Suresh Bansal,Male,1996-09-06,30,Married,Coimbatore,Tamil Nadu,9378648507,suresh.bansal646@rediffmail.com,DEP012,General Manager,M.Com,10.6,2020-03-23,Active,,130000,4.0
EMP00163,Sanjay Kumar,Other,1980-06-19,46,Married,Noida,Uttar Pradesh,8188034438,sanjay.kumar811@rediffmail.com,DEP006,General Manager,M.Sc,24.0,2019-12-05,Active,,45000,1.0
EMP00164,Aadhya Mishra,Female,2001-06-26,25,Single,Nagpur,Maharashtra,9010812027,aadhya.mishra970@gmail.com,DEP003,Senior Manager,Diploma,,2015-04-09,Active,,80000,1.0
EMP00165,Naveen Malhotra,Male,1978-02-21,48,Single,Nagpur,Maharashtra,6361411391,naveen.malhotra334@hotmail.com,DEP007,Assistant Manager,M.Tech,29.3,2019-01-10,Resigned,2020-09-08,25000,4.0
EMP00166,Reyansh Patel,Other,1983-11-24,42,Married,Hyderabad,Telangana,6486339895,reyansh.patel705@yahoo.com,DEP007,Analyst,B.Tech,15.9,2016-04-27,Active,,320000,5.0
EMP00167,Rahul Chaudhary,Male,1969-07-24,57,Divorced,Kolkata,West Bengal,9192660536,rahul.chaudhary345@rediffmail.com,DEP003,Deputy General Manager,Diploma,28.8,2024-03-02,Active,,250000,4.0
EMP00168,Ananya Kumar,Female,2000-10-14,25,Single,Indore,Madhya Pradesh,8864880430,ananya.kumar220@outlook.com,DEP002,General Manager,M.Tech,12.8,2021-08-06,Resigned,,25000,3.0
EMP00169,Swati Bose,Other,1976-11-28,49,Single,Jaipur,Rajasthan,7826879388,swati.bose35@rediffmail.com,DEP008,Manager,B.Tech,20.5,2022-02-15,Active,,160000,1.0
EMP00170,Manish Chopra,Male,2000-12-10,25,Divorced,Surat,Gujarat,6682192822,manish.chopra@yahoo.com,DEP010,Executive,B.Com,,2022-09-12,On Notice Period,,45000,4.0
EMP00171,Nikhil Malhotra,Male,2002-12-13,23,Married,Ghaziabad,Uttar Pradesh,6541144235,nikhil.malhotra337@rediffmail.com,DEP003,Team Lead,B.Com,14.4,2020-03-15,Terminated,2025-08-23,200000,3.0
EMP00172,Swati Menon,Female,1981-10-18,44,Single,Ghaziabad,Uttar Pradesh,9659639658,swati.menon193@outlook.com,DEP010,Senior Analyst,M.Tech,23.1,2018-12-30,Active,,100000,3.0
EMP00173,Nikhil Sharma,Male,1970-02-07,56,Divorced,Kolkata,West Bengal,6967004935,nikhil.sharma@hotmail.com,DEP012,Deputy General Manager,Diploma,22.6,2026-05-20,Terminated,,60000,2.0
EMP00174,Vihaan Reddy,Male,1988-10-24,37,Divorced,Bengaluru,Karnataka,6885480004,vihaan.reddy165@hotmail.com,DEP006,Vice President,MBA,12.2,2022-04-04,Terminated,,25000,5.0
EMP00175,Reyansh Patel,Other,1996-02-19,30,Divorced,Hyderabad,Telangana,9500427282,reyansh.patel604@hotmail.com,DEP007,Assistant Manager,MBA,9.3,2017-10-19,Active,,250000,4.0
EMP00176,Manish Kapoor,Male,2003-10-06,22,Married,Ahmedabad,Gujarat,9707461491,manish.kapoor602@yahoo.com,DEP001,Manager,B.Com,7.8,2019-06-12,Active,,100000,2.0
EMP00177,Aman Verma,Male,1972-12-24,53,Married,Bengaluru,Karnataka,6247614523,aman.verma228@outlook.com,DEP001,Assistant Manager,M.Com,5.0,2019-04-16,Resigned,2024-01-26,320000,4.0
EMP00178,Rohan Desai,Male,1981-09-22,44,Divorced,Bengaluru,Karnataka,8058104601,rohan.desai809@gmail.com,DEP012,Intern,B.Com,5.8,2025-12-15,Active,,320000,1.0
EMP00179,Anjali Patel,Other,1979-12-27,46,Single,Noida,Uttar Pradesh,9861871360,,DEP005,Deputy General Manager,MBA,29.3,2021-03-18,Active,,160000,5.0
EMP00180,Karan Kapoor,Other,1975-12-11,50,Single,Kolkata,West Bengal,7546152777,karan.kapoor722@yahoo.com,DEP009,Senior Manager,M.Com,10.6,2017-11-01,Active,,200000,5.0
EMP00181,Meera Rao,Female,1977-06-23,49,Single,Kolkata,West Bengal,9666620309,meera.rao824@outlook.com,DEP004,Team Lead,MBA,10.8,2021-11-14,Active,,100000,4.0
EMP00182,Isha Mishra,Female,1988-08-02,38,Single,Kolkata,West Bengal,7730620104,isha.mishra522@outlook.com,DEP002,Senior Associate,M.Tech,25.5,2017-12-10,Active,,160000,4.0
EMP00183,Saurabh Yadav,Male,1981-01-24,45,Single,Chennai,Tamil Nadu,7255207824,saurabh.yadav125@outlook.com,DEP001,Deputy General Manager,MBA,22.8,2023-05-04,Active,,100000,5.0
EMP00184,Ishaan Reddy,Male,1986-07-12,40,Married,Chandigarh,Chandigarh,7307827490,ishaan.reddy614@yahoo.com,DEP010,Analyst,PhD,3.5,2015-05-07,Active,,130000,4.0
EMP00185,Rohan Shetty,Male,2000-05-15,26,Single,Chandigarh,Chandigarh,9275915438,rohan.shetty367@hotmail.com,DEP006,Deputy General Manager,PhD,2.0,2019-10-07,Terminated,2020-01-13,35000,5.0
EMP00186,Isha Mishra,Other,1997-06-22,29,Married,Ghaziabad,Uttar Pradesh,6166442748,isha.mishra30@gmail.com,DEP007,Senior Analyst,MBA,4.8,2017-07-22,Active,,25000,4.0
EMP00187,Ajay Patel,Male,1994-12-06,31,Single,Pune,Maharashtra,8257712329,ajay.patel854@rediffmail.com,DEP004,General Manager,M.Sc,19.3,2020-10-20,On Notice Period,,45000,3.0
EMP00188,Nisha Patel,Female,1999-02-20,27,Single,Mumbai,Maharashtra,6084865828,nisha.patel135@gmail.com,DEP006,Team Lead,B.Com,21.8,2015-09-29,Resigned,2021-09-24,80000,1.0
EMP00189,Kavita Iyer,Other,2000-04-15,26,Single,Lucknow,Uttar Pradesh,9681647419,kavita.iyer254@rediffmail.com,DEP003,Vice President,M.Tech,24.3,2021-04-20,Resigned,2021-08-10,80000,4.0
EMP00190,Shreya Kapoor,Female,1973-08-01,53,Divorced,Noida,Uttar Pradesh,7519457173,shreya.kapoor271@gmail.com,DEP005,Team Lead,B.Com,6.3,2023-01-03,Active,,100000,4.0
EMP00191,Kritika Sharma,Female,1989-03-18,37,Divorced,Lucknow,Uttar Pradesh,9469114512,kritika.sharma285@hotmail.com,DEP003,Senior Associate,B.A.,8.8,2017-10-24,Terminated,2019-12-19,35000,5.0
EMP00192,Manish Desai,Male,1974-02-01,52,Divorced,Coimbatore,Tamil Nadu,8659131891,manish.desai564@outlook.com,DEP012,Intern,B.Com,1.1,2019-06-21,Active,,320000,1.0
EMP00193,Krishna Gupta,Male,1989-02-09,37,Single,Jaipur,Rajasthan,9120316792,krishna.gupta@hotmail.com,DEP009,Assistant Manager,B.Sc,7.5,2025-12-22,Active,,80000,3.0
EMP00194,KAVITA CHAUDHARY,Other,1975-05-06,51,Divorced,Coimbatore,Tamil Nadu,6038906684,kavita.chaudhary445@outlook.com,DEP012,General Manager,B.Sc,12.2,2024-02-11,On Notice Period,,320000,2.0
EMP00195,Saurabh Joshi,Male,1972-10-08,53,Single,Ghaziabad,Uttar Pradesh,8761069279,saurabh.joshi405@rediffmail.com,DEP011,Senior Manager,M.Com,3.8,2022-07-21,Active,,320000,1.0
EMP00196,Sneha Singh,Female,1991-07-07,35,Divorced,Indore,Madhya Pradesh,6562913636,sneha.singh962@yahoo.com,DEP005,Consultant,B.Sc,19.4,2022-03-20,Active,,130000,3.0
EMP00197,Kavita Menon,Female,2001-02-26,25,Married,Chandigarh,Chandigarh,9005685602,kavita.menon258@hotmail.com,DEP010,Senior Analyst,MBA,9.0,2017-06-13,Active,,25000,1.0
EMP00198,Neha Chopra,Other,1998-02-14,28,Married,Mumbai,Maharashtra,9043565053,neha.chopra521@outlook.com,DEP009,Executive,M.Tech,17.6,2016-06-08,Resigned,2019-02-03,80000,3.0
EMP00199,Nikhil Joshi,Other,1966-04-05,60,Divorced,Jaipur,Rajasthan,8693163816,nikhil.joshi45@hotmail.com,DEP004,Assistant Manager,M.Com,24.3,2017-11-14,On Notice Period,,25000,4.0
EMP00200,Sneha Ghosh,Other,1973-07-07,53,Married,Nagpur,Maharashtra,,sneha.ghosh543@rediffmail.com,DEP004,Manager,MBA,28.9,2023-10-05,Active,,100000,1.0
EMP00201,Neha Menon,Female,1988-04-13,38,Married,Pune,Maharashtra,6922007552,neha.menon382@gmail.com,DEP010,Associate,B.Com,6.6,2015-04-10,Active,,160000,5.0
EMP00202,Nisha Kumar,Other,1996-09-15,29,Divorced,Nagpur,Maharashtra,8598539313,nisha.kumar679@outlook.com,DEP005,Assistant Manager,Diploma,12.0,2020-12-17,Active,,60000,4.0
EMP00203,Gaurav Chopra,Male,1998-04-24,28,Single,Chennai,Tamil Nadu,9408804008,gaurav.chopra978@rediffmail.com,DEP002,Assistant Manager,B.Sc,4.1,2017-11-11,Active,,160000,2.0
EMP00204,Sunita Malhotra,Female,1980-01-21,46,Married,Indore,Madhya Pradesh,8908884430,sunita.malhotra13@outlook.com,DEP007,General Manager,M.Tech,9.7,2026-05-02,Active,,250000,4.0
EMP00205,Isha Malhotra,Female,1980-11-04,45,Married,Bengaluru,Karnataka,8086298825,isha.malhotra644@outlook.com,DEP010,Deputy General Manager,B.Tech,24.0,2026-03-03,Terminated,,250000,3.0
EMP00206,SWATI GHOSH,Female,1978-08-18,48,Divorced,Delhi,Delhi,,swati.ghosh32@yahoo.com,DEP011,Analyst,M.Tech,9.1,2018-04-13,Resigned,2023-11-20,200000,2.0
EMP00207,Rekha Bansal,Other,1999-04-15,27,Divorced,Hyderabad,Telangana,8902491835,rekha.bansal335@gmail.com,DEP006,Senior Associate,B.A.,4.6,2023-08-26,Active,,160000,4.0
EMP00208,Manish Kapoor,Other,1974-02-07,52,Married,Hyderabad,Telangana,7768938936,manish.kapoor459@rediffmail.com,DEP005,Intern,M.Tech,9.2,2018-06-14,On Notice Period,,25000,5.0
EMP00209,Ishaan Bose,Male,1998-04-25,28,Married,Delhi,Delhi,9854041290,ishaan.bose86@hotmail.com,DEP003,Senior Analyst,M.Sc,0.2,2021-11-13,On Notice Period,,100000,1.0
EMP00210,Saurabh Rao,Male,1990-10-26,35,Single,Kolkata,West Bengal,6227232864,saurabh.rao962@gmail.com,DEP002,Manager,B.Com,23.5,2024-10-08,Terminated,,200000,5.0
EMP00211,Isha Nair,Female,1995-09-14,30,Married,Coimbatore,Tamil Nadu,6570314138,isha.nair490@rediffmail.com,DEP010,Deputy General Manager,B.A.,14.4,2019-04-13,Active,,130000,2.0
EMP00212,Sarika Sharma,Female,1971-08-12,55,Divorced,Jaipur,Rajasthan,6092345896,sarika.sharma232@gmail.com,DEP002,Executive,Diploma,22.6,2019-10-17,Active,,160000,1.0
EMP00213,Kavita Mishra,Female,1995-04-21,31,Married,Indore,Madhya Pradesh,6952013782,kavita.mishra922@hotmail.com,DEP009,Assistant Manager,Diploma,9.9,2026-05-18,Resigned,,130000,1.0
EMP00214,Saurabh Kumar,Other,1986-06-03,40,Single,Coimbatore,Tamil Nadu,6847392417,saurabh.kumar778@outlook.com,DEP003,Deputy General Manager,M.Com,19.6,2018-03-06,Resigned,2022-01-23,60000,5.0
EMP00215,Nisha Nair,Female,1970-06-13,56,Married,Bengaluru,Karnataka,8327273758,nisha.nair85@hotmail.com,DEP001,Deputy General Manager,B.Tech,0.4,2020-03-04,Resigned,2023-12-30,160000,5.0
EMP00216,Meera Reddy,Female,1970-10-25,55,Single,Indore,Madhya Pradesh,6626178682,meera.reddy747@yahoo.com,DEP004,Executive,M.Com,29.5,2019-09-12,Active,,160000,3.0
EMP00217,Vikram Kumar,Male,1979-12-10,46,Married,Chennai,Tamil Nadu,9289276529,vikram.kumar228@gmail.com,DEP006,Senior Analyst,MBA,22.5,2017-08-14,Active,,45000,2.0
EMP00218,Neha Sharma,Other,1988-03-07,38,Single,Coimbatore,Tamil Nadu,6543577397,neha.sharma511@hotmail.com,DEP006,Analyst,B.Sc,19.1,2023-03-12,Active,,100000,3.0
EMP00219,Vivaan Reddy,Male,1990-03-18,36,Single,Coimbatore,Tamil Nadu,7491702115,vivaan.reddy530@gmail.com,DEP010,Analyst,M.Com,25.8,2026-01-31,Active,,100000,2.0
EMP00220,Suresh Rao,Male,1992-06-01,34,Single,Nagpur,Maharashtra,9776091773,suresh.rao107@hotmail.com,DEP009,Associate,M.Tech,6.0,2026-01-08,Active,,200000,4.0
EMP00221,Neha Agarwal,Female,1993-08-06,33,Single,Delhi,Delhi,6907760945,neha.agarwal939@outlook.com,DEP001,Assistant Manager,PhD,25.8,2016-10-10,Active,,320000,3.0
EMP00222,Naveen Reddy,Male,1996-01-21,30,Single,Ahmedabad,Gujarat,6594588417,naveen.reddy414@rediffmail.com,DEP003,Senior Manager,M.Com,14.6,2021-01-17,Active,,100000,3.0
EMP00223,Swati Singh,Other,1971-09-06,55,Single,Coimbatore,Tamil Nadu,9104868247,swati.singh569@yahoo.com,DEP011,Deputy General Manager,M.Sc,0.5,2019-10-29,Active,,100000,4.0
EMP00224,Isha Pillai,Female,1977-02-04,49,Single,Kolkata,West Bengal,6654751444,isha.pillai530@outlook.com,DEP007,Analyst,M.Com,23.4,2022-07-01,Terminated,,200000,3.0
EMP00225,Aman Pillai,Male,1980-08-15,46,Single,Bengaluru,Karnataka,8869926488,aman.pillai397@hotmail.com,DEP002,Senior Analyst,B.A.,11.0,2018-12-04,Resigned,2020-07-07,60000,3.0
EMP00226,Kavya Verma,Other,1992-02-24,34,Divorced,Indore,Madhya Pradesh,9457954280,kavya.verma746@yahoo.com,DEP012,Senior Manager,MBA,14.2,2024-12-25,Terminated,,250000,1.0
EMP00227,Rekha Patel,Female,1984-01-15,42,Divorced,Coimbatore,Tamil Nadu,8252712491,rekha.patel898@yahoo.com,DEP004,Vice President,MBA,16.8,2017-10-14,Active,,45000,2.0
EMP00228,Sneha Kumar,Female,2002-07-27,24,Single,Noida,Uttar Pradesh,8819985516,sneha.kumar272@rediffmail.com,DEP001,General Manager,M.Com,,2020-08-15,Active,,200000,2.0
EMP00229,Nisha Malhotra,Female,1967-04-10,59,Divorced,Ghaziabad,Uttar Pradesh,6505806814,nisha.malhotra466@outlook.com,DEP001,Consultant,M.Tech,10.4,2021-04-13,On Notice Period,,25000,3.0
EMP00230,Nisha Menon,Female,1993-10-21,32,Single,Bengaluru,Karnataka,9314921665,nisha.menon567@gmail.com,DEP003,Associate,B.Sc,8.2,2022-04-07,Active,,250000,3.0
EMP00231,SWATI JOSHI,Other,2003-06-27,23,Single,Chennai,Tamil Nadu,8889518652,swati.joshi169@hotmail.com,DEP008,Assistant Manager,B.A.,19.5,2016-12-06,Active,,45000,2.0
EMP00232,Saurabh Mishra,Male,1972-06-20,54,Divorced,Pune,Maharashtra,6561380019,saurabh.mishra325@outlook.com,DEP001,Analyst,M.Tech,22.4,2025-03-31,On Notice Period,,35000,1.0
EMP00233,Shreya Desai,Female,1984-05-11,42,Divorced,Mumbai,Maharashtra,8753288301,shreya.desai42@gmail.com,DEP009,Executive,Diploma,26.5,2017-04-09,Terminated,2021-01-16,100000,5.0
EMP00234,Ishaan Singh,Male,1977-11-20,48,Single,Hyderabad,Telangana,7159734297,ishaan.singh573@outlook.com,DEP012,Intern,M.Sc,1.6,2015-01-10,Active,,25000,1.0
EMP00235,Kavya Bansal,Female,1984-11-01,41,Married,Coimbatore,Tamil Nadu,6601053240,kavya.bansal955@rediffmail.com,DEP008,Deputy General Manager,M.Tech,4.5,2025-12-23,Resigned,,100000,5.0
EMP00236,Nikhil Gupta,Other,1998-09-12,27,Single,Indore,Madhya Pradesh,7342049737,nikhil.gupta706@rediffmail.com,DEP011,Vice President,B.A.,,2017-10-30,Resigned,2022-10-24,320000,4.0
EMP00237,Manish Chopra,Male,1994-11-28,31,Single,Ghaziabad,Uttar Pradesh,6359379837,manish.chopra181@yahoo.com,DEP001,Deputy General Manager,B.Com,25.6,2026-05-15,Active,,160000,4.0
EMP00238,Aarav Mishra,Other,1979-09-09,47,Married,Kolkata,West Bengal,8057359730,aarav.mishra377@gmail.com,DEP001,Deputy General Manager,B.Tech,16.0,2022-06-06,Active,,35000,2.0
EMP00239,Diya Agarwal,Other,1983-02-05,43,Divorced,Jaipur,Rajasthan,8938472658,diya.agarwal556@gmail.com,DEP009,Consultant,PhD,13.5,2016-09-30,Terminated,2022-02-20,60000,1.0
EMP00240,Nikhil Chaudhary,Male,1978-04-01,48,Married,Lucknow,Uttar Pradesh,7790830221,nikhil.chaudhary655@gmail.com,DEP012,Senior Analyst,B.Com,21.4,2017-01-26,On Notice Period,,45000,2.0
EMP00241,Kritika Rao,Female,1995-07-16,31,Single,Surat,Gujarat,6491763167,kritika.rao387@hotmail.com,DEP011,Analyst,PhD,11.4,2018-07-14,Active,,160000,4.0
EMP00242,Deepak Agarwal,Male,1984-06-08,42,Married,Chennai,Tamil Nadu,7239034769,deepak.agarwal413@gmail.com,DEP002,Deputy General Manager,B.Tech,13.4,2020-04-23,Active,,130000,5.0
EMP00243,Krishna Shetty,Other,1979-06-07,47,Single,Noida,Uttar Pradesh,8780607909,krishna.shetty765@hotmail.com,DEP008,Team Lead,B.Tech,16.3,2023-01-10,Terminated,2025-06-07,80000,3.0
EMP00244,Pooja Bansal,Other,1971-08-01,55,Single,Jaipur,Rajasthan,6587480823,pooja.bansal850@rediffmail.com,DEP011,Senior Manager,B.Sc,26.7,2021-06-12,Active,,25000,4.0
EMP00245,Gaurav Kapoor,Male,1969-10-06,56,Married,Indore,Madhya Pradesh,9904194757,gaurav.kapoor211@hotmail.com,DEP012,Manager,B.Sc,5.3,2015-03-07,Active,,60000,3.0
EMP00246,Nikhil Bansal,Male,2001-02-04,25,Divorced,Nagpur,Maharashtra,6278625321,nikhil.bansal956@hotmail.com,DEP003,Manager,M.Tech,16.2,2017-05-16,Active,,160000,5.0
EMP00247,Suresh Menon,Male,2005-12-18,20,Divorced,Noida,Uttar Pradesh,6115384868,suresh.menon369@outlook.com,DEP006,Team Lead,B.A.,3.4,2017-11-03,Active,,60000,1.0
EMP00248,Anil Nair,Other,1975-08-22,51,Divorced,Pune,Maharashtra,6015168561,anil.nair78@outlook.com,DEP002,Analyst,M.Sc,24.6,2019-08-10,On Notice Period,,45000,3.0
EMP00249,Priya Reddy,Female,1980-10-04,45,Divorced,Jaipur,Rajasthan,7816176949,priya.reddy151@yahoo.com,DEP007,Senior Associate,M.Sc,7.6,2024-05-04,Active,,130000,3.0
EMP00250,Aditya Bansal,Male,2004-01-22,22,Married,Coimbatore,Tamil Nadu,9539345897,aditya.bansal994@gmail.com,DEP005,Intern,B.Sc,,2017-02-08,Resigned,2023-09-13,35000,2.0
EMP00251,Meera Nair,Female,1974-07-14,52,Married,Pune,Maharashtra,9604561824,meera.nair@yahoo.com,DEP006,Manager,Diploma,29.7,2021-01-07,Terminated,2024-08-24,130000,3.0
EMP00252,Anil Agarwal,Male,1982-05-05,44,Single,Pune,Maharashtra,7923155505,anil.agarwal343@yahoo.com,DEP012,Associate,B.A.,9.6,2022-11-21,On Notice Period,,130000,5.0
EMP00253,Anjali Chaudhary,Female,1987-07-17,39,Married,Surat,Gujarat,6948956207,anjali.chaudhary834@hotmail.com,DEP004,Manager,B.Com,8.3,2023-04-10,Active,,60000,4.0
EMP00254,VIVAAN PATEL,Male,1969-08-28,57,Divorced,Kolkata,West Bengal,7568950812,vivaan.patel937@rediffmail.com,DEP010,Manager,B.A.,14.4,2018-05-20,Active,,160000,4.0
EMP00255,Neha Verma,Female,1976-02-08,50,Single,Ghaziabad,Uttar Pradesh,7841457129,neha.verma@rediffmail.com,DEP002,Intern,B.Com,13.5,2023-09-19,Active,,80000,4.0
EMP00256,Ishaan Nair,Male,1985-02-21,41,Divorced,Mumbai,Maharashtra,7505438611,ishaan.nair@outlook.com,DEP009,Associate,MBA,11.7,2016-09-15,On Notice Period,,200000,3.0
EMP00257,Saanvi Chopra,Female,1998-04-07,28,Divorced,Surat,Gujarat,,saanvi.chopra624@rediffmail.com,DEP001,Analyst,PhD,18.3,2017-11-28,Active,,250000,2.0
EMP00258,Vihaan Nair,Male,2002-02-24,24,Married,Chennai,Tamil Nadu,6525834596,vihaan.nair861@rediffmail.com,DEP006,Deputy General Manager,M.Sc,7.5,2017-05-25,Active,,130000,1.0
EMP00259,Nisha Chopra,Female,1976-11-03,49,Married,Surat,Gujarat,9231363356,,DEP008,Executive,M.Tech,7.7,2021-06-23,Active,,200000,2.0
EMP00260,Swati Singh,Female,1992-09-09,34,Married,Bengaluru,Karnataka,9452494031,swati.singh561@rediffmail.com,DEP008,Team Lead,B.Sc,19.2,2015-09-15,Active,,250000,2.0
EMP00261,Anil Chopra,Other,2003-01-13,23,Divorced,Coimbatore,Tamil Nadu,7189999294,anil.chopra887@yahoo.com,DEP010,Vice President,MBA,18.1,2025-02-17,Resigned,2025-07-30,25000,1.0
EMP00262,Isha Chopra,Other,1994-06-05,32,Single,Ghaziabad,Uttar Pradesh,6753393978,isha.chopra505@yahoo.com,DEP009,Team Lead,M.Tech,26.9,2025-05-27,Terminated,2026-03-02,320000,3.0
EMP00263,Neha Bose,Female,1995-03-10,31,Married,Ahmedabad,Gujarat,8861019399,neha.bose535@yahoo.com,DEP010,Analyst,B.Com,19.7,2025-11-08,Active,,35000,4.0
EMP00264,Meera Kumar,Other,1970-11-01,55,Divorced,Nagpur,Maharashtra,9828667285,meera.kumar261@yahoo.com,DEP001,Assistant Manager,MBA,1.2,2022-11-19,Active,,200000,3.0
EMP00265,Meera Chaudhary,Female,1977-02-02,49,Divorced,Coimbatore,Tamil Nadu,7800663620,meera.chaudhary514@rediffmail.com,DEP002,Manager,B.Sc,20.6,2023-01-10,Active,,200000,3.0
EMP00266,Aditya Ghosh,Other,1981-07-10,45,Divorced,Kolkata,West Bengal,6417590523,aditya.ghosh162@rediffmail.com,DEP003,Intern,MBA,26.9,2023-04-17,Resigned,,100000,2.0
EMP00267,AMAN GUPTA,Other,1975-12-26,50,Married,Ghaziabad,Uttar Pradesh,7338564492,aman.gupta145@hotmail.com,DEP004,Analyst,Diploma,14.4,2019-06-27,Active,,200000,5.0
EMP00268,Kavya Bose,Female,1970-03-28,56,Married,Mumbai,Maharashtra,8057791338,kavya.bose941@outlook.com,DEP007,Senior Analyst,MBA,3.3,2020-11-02,Resigned,2025-10-23,160000,5.0
EMP00269,Sunita Bose,Female,1987-04-15,39,Single,Ghaziabad,Uttar Pradesh,7872878477,sunita.bose830@gmail.com,DEP002,General Manager,M.Sc,12.7,2022-12-10,Terminated,,80000,4.0
EMP00270,Rahul Malhotra,Other,1998-11-03,27,Divorced,Noida,Uttar Pradesh,6216599898,,DEP006,Consultant,M.Tech,23.2,2016-12-24,Active,,100000,5.0
EMP00271,Sanjay Agarwal,Other,1988-04-04,38,Married,Surat,Gujarat,8008170197,sanjay.agarwal190@hotmail.com,DEP009,Executive,B.Sc,12.9,2021-04-21,On Notice Period,,250000,3.0
EMP00272,Gaurav Agarwal,Male,1983-02-17,43,Single,Surat,Gujarat,6378097679,gaurav.agarwal@yahoo.com,DEP003,Vice President,B.A.,28.2,2025-08-10,Active,,130000,5.0
EMP00273,Anil Chopra,Male,1970-11-14,55,Single,Bengaluru,Karnataka,9017540434,anil.chopra974@hotmail.com,DEP010,Executive,M.Sc,12.3,2018-12-17,Active,,160000,1.0
EMP00274,Rohan Malhotra,Other,1998-03-11,28,Married,Mumbai,Maharashtra,9658004080,rohan.malhotra95@yahoo.com,DEP003,Team Lead,M.Com,25.2,2015-05-07,Terminated,2021-01-14,250000,5.0
EMP00275,Ajay Chaudhary,Male,1994-07-06,32,Divorced,Chandigarh,Chandigarh,8005881784,ajay.chaudhary212@yahoo.com,DEP006,Deputy General Manager,Diploma,20.8,2017-07-02,On Notice Period,,320000,2.0
EMP00276,Aadhya Chaudhary,Female,1991-08-14,35,Single,Nagpur,Maharashtra,8721903901,aadhya.chaudhary332@rediffmail.com,DEP003,General Manager,M.Tech,25.7,2025-07-20,Active,,160000,2.0
EMP00277,Vihaan Ghosh,Other,2005-11-20,20,Divorced,Coimbatore,Tamil Nadu,7407150975,vihaan.ghosh784@gmail.com,DEP009,Executive,B.Com,16.5,2016-12-27,On Notice Period,,80000,5.0
EMP00278,Reyansh Malhotra,Other,2005-06-24,21,Single,Chennai,Tamil Nadu,6170130437,reyansh.malhotra864@rediffmail.com,DEP002,Analyst,M.Sc,,2023-03-24,Resigned,2023-11-22,45000,1.0
EMP00279,Krishna Rao,Male,1991-12-07,34,Married,Bengaluru,Karnataka,8562647513,krishna.rao153@gmail.com,DEP011,Consultant,Diploma,9.7,2022-06-29,Resigned,2023-01-04,100000,3.0
EMP00280,Nisha Pillai,Female,1973-03-09,53,Divorced,Pune,Maharashtra,6725096154,nisha.pillai521@outlook.com,DEP009,Deputy General Manager,M.Sc,6.2,2020-10-26,Active,,60000,1.0
EMP00281,Sarika Singh,Female,2004-02-26,22,Married,Nagpur,Maharashtra,8576445228,sarika.singh706@outlook.com,DEP002,Senior Manager,PhD,,2020-09-24,Active,,200000,2.0
EMP00282,Rahul Joshi,Male,2001-05-09,25,Married,Mumbai,Maharashtra,8545693007,rahul.joshi844@gmail.com,DEP004,Senior Manager,B.Sc,4.5,2025-03-13,On Notice Period,,80000,3.0
EMP00283,Aditya Bansal,Male,1984-04-05,42,Single,Ahmedabad,Gujarat,9051627378,aditya.bansal54@rediffmail.com,DEP010,Senior Manager,M.Com,22.2,2022-04-17,On Notice Period,,250000,5.0
EMP00284,Kavita Chaudhary,Female,1998-03-22,28,Divorced,Ghaziabad,Uttar Pradesh,6185931864,kavita.chaudhary652@yahoo.com,DEP002,Senior Manager,B.Tech,25.6,2026-05-10,On Notice Period,,80000,2.0
EMP00285,Neha Menon,Other,2001-04-07,25,Single,Surat,Gujarat,8916885542,neha.menon840@gmail.com,DEP007,Senior Associate,M.Sc,18.0,2026-04-08,Active,,160000,1.0
EMP00286,Vikram Singh,Other,1996-11-10,29,Divorced,Indore,Madhya Pradesh,7087554752,vikram.singh469@yahoo.com,DEP001,Assistant Manager,Diploma,12.0,2025-11-13,Active,,60000,2.0
EMP00287,Manish Kapoor,Other,2005-09-01,21,Married,Chandigarh,Chandigarh,9942355372,manish.kapoor899@rediffmail.com,DEP002,Intern,MBA,3.6,2015-12-23,Terminated,2021-01-10,80000,2.0
EMP00288,SHREYA SHETTY,Female,1980-09-25,45,Married,Indore,Madhya Pradesh,9476230282,shreya.shetty922@outlook.com,DEP005,Senior Analyst,M.Com,27.0,2023-01-28,Active,,45000,2.0
EMP00289,Kritika Desai,Female,1966-10-21,59,Single,Hyderabad,Telangana,,kritika.desai164@gmail.com,DEP011,Analyst,B.Com,29.1,2016-09-29,On Notice Period,,45000,4.0
EMP00290,Ajay Menon,Male,2003-01-04,23,Divorced,Ghaziabad,Uttar Pradesh,7175715902,ajay.menon712@outlook.com,DEP008,Associate,B.A.,11.3,2017-10-29,Resigned,2020-04-20,60000,5.0
EMP00291,Meera Verma,Other,1970-08-14,56,Married,Kolkata,West Bengal,7848157731,meera.verma510@rediffmail.com,DEP011,Senior Associate,MBA,24.2,2019-08-28,Active,,25000,1.0
EMP00292,Kavita Kumar,Female,1996-10-19,29,Divorced,Hyderabad,Telangana,8993492093,kavita.kumar429@outlook.com,DEP012,General Manager,B.Com,28.0,2017-12-22,Active,,80000,1.0
EMP00293,Divya Reddy,Other,1994-04-28,32,Married,Hyderabad,Telangana,6001919532,divya.reddy693@yahoo.com,DEP004,Assistant Manager,B.Tech,21.2,2024-05-24,Active,,200000,1.0
EMP00294,Deepak Patel,Male,2001-10-18,24,Married,Pune,Maharashtra,8762453504,deepak.patel838@hotmail.com,DEP009,Deputy General Manager,M.Tech,11.8,2015-08-08,On Notice Period,,60000,4.0
EMP00295,Ishaan Chopra,Male,2004-10-07,21,Single,Ahmedabad,Gujarat,8968948076,ishaan.chopra11@yahoo.com,DEP002,Associate,Diploma,10.6,2018-12-05,Active,,35000,4.0
EMP00296,Riya Iyer,Other,1984-11-15,41,Married,Chennai,Tamil Nadu,9385887425,riya.iyer411@gmail.com,DEP011,Team Lead,M.Tech,18.7,2024-05-19,Active,,60000,4.0
EMP00297,Kritika Kapoor,Other,1972-10-12,53,Married,Hyderabad,Telangana,6514019314,,DEP010,Senior Analyst,B.Sc,23.5,2019-06-06,On Notice Period,,100000,3.0
EMP00298,Suresh Shetty,Other,1984-01-23,42,Married,Indore,Madhya Pradesh,7874481204,suresh.shetty954@rediffmail.com,DEP012,Assistant Manager,Diploma,15.7,2022-11-21,Active,,100000,4.0
EMP00299,Deepak Verma,Other,1993-05-16,33,Married,Indore,Madhya Pradesh,8023816898,deepak.verma@hotmail.com,DEP003,Senior Associate,M.Sc,4.2,2023-03-27,Active,,80000,2.0
EMP00300,Karan Kumar,Male,1975-01-05,51,Married,Pune,Maharashtra,7536904174,karan.kumar983@outlook.com,DEP004,Deputy General Manager,PhD,20.9,2025-01-19,Active,,60000,4.0
EMP00301,Rohan Rao,Male,1971-12-02,54,Single,Pune,Maharashtra,,rohan.rao10@gmail.com,DEP009,Senior Associate,M.Tech,22.4,2026-06-26,Resigned,,250000,4.0
EMP00302,Priya Joshi,Other,1991-06-11,35,Single,Indore,Madhya Pradesh,8739737819,priya.joshi667@outlook.com,DEP007,General Manager,Diploma,8.9,2016-05-21,Active,,320000,2.0
EMP00303,Saurabh Joshi,Other,1996-03-01,30,Married,Delhi,Delhi,,saurabh.joshi57@hotmail.com,DEP009,Senior Analyst,B.Tech,15.7,2020-08-09,Resigned,2023-11-22,60000,3.0
EMP00304,Swati Chopra,Female,1981-05-22,45,Married,Ghaziabad,Uttar Pradesh,9361957403,swati.chopra299@gmail.com,DEP004,Deputy General Manager,M.Sc,4.9,2015-05-04,Active,,320000,3.0
EMP00305,Reyansh Nair,Other,1997-05-19,29,Single,Surat,Gujarat,9533604641,reyansh.nair382@hotmail.com,DEP002,Senior Analyst,M.Sc,15.5,2022-03-26,Terminated,2026-01-21,80000,2.0
EMP00306,Meera Menon,Other,1969-01-12,57,Divorced,Pune,Maharashtra,8559604412,meera.menon431@gmail.com,DEP012,General Manager,B.A.,3.9,2018-07-14,Active,,60000,4.0
EMP00307,Reyansh Kumar,Male,2001-12-20,24,Married,Mumbai,Maharashtra,8796338932,reyansh.kumar607@hotmail.com,DEP008,Manager,M.Tech,3.2,2021-08-14,Active,,80000,2.0
EMP00308,priya chaudhary,Female,1982-12-27,43,Married,Noida,Uttar Pradesh,7939037664,priya.chaudhary780@rediffmail.com,DEP012,Manager,Diploma,28.8,2018-03-05,Terminated,2024-05-19,45000,2.0
EMP00309,kavita pillai,Female,1984-10-25,41,Divorced,Surat,Gujarat,9988572597,kavita.pillai741@outlook.com,DEP007,Vice President,B.Tech,20.4,2019-09-20,Active,,130000,4.0
EMP00310,Naveen Reddy,Male,1976-09-12,49,Divorced,Surat,Gujarat,7206763518,naveen.reddy659@rediffmail.com,DEP012,Senior Associate,M.Tech,13.7,2025-12-23,On Notice Period,,160000,2.0
EMP00311,Meera Yadav,Other,1977-12-27,48,Married,Nagpur,Maharashtra,7809756278,meera.yadav807@hotmail.com,DEP004,Intern,M.Tech,24.2,2020-06-28,Active,,80000,1.0
EMP00312,Aarav Shetty,Other,1969-05-06,57,Married,Noida,Uttar Pradesh,7730855659,aarav.shetty@hotmail.com,DEP007,Team Lead,B.Sc,44.4,2016-01-29,Resigned,2016-11-27,80000,4.0
EMP00313,Suresh Reddy,Other,1993-05-04,33,Divorced,Lucknow,Uttar Pradesh,8003752441,suresh.reddy685@outlook.com,DEP006,Senior Associate,M.Tech,3.2,2015-11-02,On Notice Period,,80000,2.0
EMP00314,Aditya Mishra,Male,1976-10-11,49,Divorced,Mumbai,Maharashtra,8344237142,aditya.mishra119@yahoo.com,DEP010,Manager,B.Sc,29.7,2026-06-17,Resigned,,80000,2.0
EMP00315,Ajay Menon,Male,1988-07-15,38,Married,Ghaziabad,Uttar Pradesh,8551639484,ajay.menon994@gmail.com,DEP012,Senior Analyst,M.Sc,18.8,2019-07-07,Terminated,2024-12-02,160000,3.0
EMP00316,Vihaan Chopra,Male,1975-08-14,51,Divorced,Bengaluru,Karnataka,6825550841,vihaan.chopra616@rediffmail.com,DEP012,Senior Associate,B.Sc,18.3,2017-04-13,On Notice Period,,60000,5.0
EMP00317,Sanjay Desai,Male,1991-01-04,35,Married,Nagpur,Maharashtra,6873808998,sanjay.desai897@rediffmail.com,DEP006,Deputy General Manager,B.Com,5.2,2018-01-21,On Notice Period,,200000,1.0
EMP00318,DEEPAK PILLAI,Male,1984-07-02,42,Married,Bengaluru,Karnataka,7912620572,deepak.pillai431@yahoo.com,DEP009,Executive,PhD,25.5,2026-06-24,Active,,130000,1.0
EMP00319,Deepak Verma,Male,1982-07-04,44,Single,Lucknow,Uttar Pradesh,6831833833,deepak.verma22@hotmail.com,DEP003,Assistant Manager,PhD,28.3,2022-03-22,Resigned,2025-08-19,130000,5.0
EMP00320,Sanjay Menon,Male,1996-11-27,29,Married,Mumbai,Maharashtra,6392459387,sanjay.menon905@outlook.com,DEP004,Vice President,Diploma,15.9,2021-03-27,Active,,320000,3.0
EMP00321,Isha Kumar,Female,1995-07-01,31,Divorced,Noida,Uttar Pradesh,6577737411,isha.kumar485@outlook.com,DEP011,Consultant,Diploma,24.9,2023-12-11,On Notice Period,,35000,4.0
EMP00322,Rahul Gupta,Other,1976-03-18,50,Divorced,Chennai,Tamil Nadu,7165614862,rahul.gupta604@gmail.com,DEP008,Senior Manager,Diploma,10.0,2025-08-22,Resigned,,25000,4.0
EMP00323,Sarika Menon,Female,1977-08-02,49,Single,Nagpur,Maharashtra,7035758950,sarika.menon134@hotmail.com,DEP007,Intern,B.Tech,26.7,2024-06-25,Active,,130000,5.0
EMP00324,Isha Sharma,Other,2001-06-14,25,Married,Ghaziabad,Uttar Pradesh,8136906458,isha.sharma437@rediffmail.com,DEP006,Assistant Manager,PhD,10.0,2022-08-04,On Notice Period,,35000,4.0
EMP00325,Naveen Chopra,Other,1990-12-23,35,Divorced,Mumbai,Maharashtra,8232911489,naveen.chopra49@gmail.com,DEP010,Consultant,PhD,26.4,2018-05-13,On Notice Period,,100000,4.0
EMP00326,Suresh Rao,Other,1995-09-28,30,Divorced,Delhi,Delhi,6993972358,suresh.rao687@rediffmail.com,DEP002,Deputy General Manager,B.Tech,3.2,2023-01-16,Active,,45000,4.0
EMP00327,Shreya Singh,Female,2004-06-10,22,Single,Pune,Maharashtra,7500287244,shreya.singh665@outlook.com,DEP006,Manager,Diploma,,2019-05-04,Active,,130000,2.0
EMP00328,Vivaan Patel,Male,1969-01-08,57,Divorced,Noida,Uttar Pradesh,6228918278,vivaan.patel900@gmail.com,DEP010,General Manager,MBA,16.8,2023-09-11,Active,,100000,4.0
EMP00329,Karan Patel,Male,1984-11-23,41,Married,Nagpur,Maharashtra,8445344631,karan.patel501@hotmail.com,DEP008,Manager,B.Tech,3.3,2025-06-19,Resigned,,320000,2.0
EMP00330,Karan Yadav,Other,2002-01-28,24,Divorced,Chandigarh,Chandigarh,8448704900,karan.yadav104@outlook.com,DEP002,Deputy General Manager,B.Com,3.1,2018-06-12,Active,,80000,5.0
EMP00331,Ritu Shetty,Female,1975-05-03,51,Married,Bengaluru,Karnataka,6066148253,ritu.shetty377@hotmail.com,DEP006,Senior Analyst,PhD,6.6,2019-09-11,Active,,80000,4.0
EMP00332,Kavita Ghosh,Other,1978-09-15,47,Married,Chennai,Tamil Nadu,6968561866,kavita.ghosh540@yahoo.com,DEP012,Team Lead,MBA,11.0,2021-01-18,On Notice Period,,45000,5.0
EMP00333,Saurabh Rao,Other,1979-11-22,46,Married,Delhi,Delhi,9414946264,,DEP008,Manager,M.Sc,9.0,2024-10-02,Resigned,,100000,3.0
EMP00334,Suresh Rao,Male,2002-10-17,23,Married,Surat,Gujarat,9220827870,suresh.rao648@hotmail.com,DEP010,Senior Manager,M.Com,19.2,2019-12-27,Terminated,2023-07-30,130000,1.0
EMP00335,Meera Chopra,Female,2000-08-21,26,Single,Chennai,Tamil Nadu,9653071657,meera.chopra766@gmail.com,DEP006,Consultant,B.A.,5.3,2015-09-02,Active,,130000,5.0
EMP00336,Shreya Singh,Female,1999-12-27,26,Single,Chandigarh,Chandigarh,9242776105,shreya.singh561@outlook.com,DEP007,Associate,M.Com,10.0,2018-05-25,Terminated,2022-09-13,60000,5.0
EMP00337,Manish Mishra,Other,2003-03-26,23,Married,Nagpur,Maharashtra,8292282724,manish.mishra330@yahoo.com,DEP012,Team Lead,M.Tech,15.5,2021-10-07,Resigned,,320000,2.0
EMP00338,Sanjay Iyer,Other,1990-02-13,36,Married,Nagpur,Maharashtra,6621557199,sanjay.iyer553@rediffmail.com,DEP001,General Manager,MBA,10.4,2024-03-31,On Notice Period,,45000,2.0
EMP00339,Ritu Pillai,Other,1993-03-11,33,Married,Nagpur,Maharashtra,9105557443,ritu.pillai352@hotmail.com,DEP009,Assistant Manager,MBA,9.8,2023-02-26,Active,,25000,2.0
EMP00340,Divya Mishra,Other,1968-04-14,58,Divorced,Surat,Gujarat,7726825702,divya.mishra315@outlook.com,DEP009,Analyst,Diploma,17.0,2025-03-20,On Notice Period,,200000,2.0
EMP00341,Sneha Gupta,Female,1982-12-19,43,Single,Lucknow,Uttar Pradesh,7195962763,sneha.gupta697@rediffmail.com,DEP011,Senior Analyst,MBA,12.8,2019-02-17,Active,,60000,4.0
EMP00342,Riya Agarwal,Female,1994-08-15,32,Single,Ahmedabad,Gujarat,9242083293,riya.agarwal73@yahoo.com,DEP007,Intern,M.Tech,7.1,2018-03-29,Active,,25000,4.0
EMP00343,Saurabh Desai,Male,1982-04-23,44,Single,Coimbatore,Tamil Nadu,7187442163,saurabh.desai873@outlook.com,DEP005,Assistant Manager,B.A.,16.1,2015-08-11,Active,,160000,1.0
EMP00344,Rahul Nair,Male,1995-09-15,30,Married,Ahmedabad,Gujarat,8028298914,rahul.nair274@outlook.com,DEP004,Senior Manager,B.Tech,5.6,2017-10-26,Active,,200000,5.0
EMP00345,Sunita Iyer,Female,2002-08-28,24,Married,Chennai,Tamil Nadu,6752279352,sunita.iyer41@rediffmail.com,DEP005,General Manager,PhD,23.6,2022-06-30,Active,,160000,1.0
EMP00346,Kavya Bose,Female,1968-11-10,57,Divorced,Surat,Gujarat,8541477859,kavya.bose580@gmail.com,DEP007,Deputy General Manager,Diploma,3.5,2022-03-27,Resigned,,250000,3.0
EMP00347,Sanjay Patel,Other,1997-06-17,29,Divorced,Ghaziabad,Uttar Pradesh,7920533382,sanjay.patel369@rediffmail.com,DEP005,Manager,M.Tech,1.7,2020-01-07,Active,,45000,4.0
EMP00348,Rahul Desai,Other,2000-10-17,25,Married,Bengaluru,Karnataka,6764084909,rahul.desai740@hotmail.com,DEP009,Team Lead,MBA,1.6,2022-07-26,Terminated,,25000,2.0
EMP00349,Saurabh Joshi,Other,1978-06-15,48,Married,Ghaziabad,Uttar Pradesh,6530189929,saurabh.joshi693@outlook.com,DEP005,Consultant,M.Tech,11.1,2021-01-22,Active,,250000,3.0
EMP00350,Vikram Yadav,Other,1992-06-18,34,Single,Ghaziabad,Uttar Pradesh,6130444109,vikram.yadav557@gmail.com,DEP004,Assistant Manager,B.Com,0.3,2015-01-26,On Notice Period,,200000,2.0
EMP00351,Aman Rao,Male,1981-12-04,44,Single,Delhi,Delhi,9367663732,aman.rao41@rediffmail.com,DEP003,Team Lead,M.Tech,9.8,2019-10-05,Resigned,2023-01-01,250000,3.0
EMP00352,Divya Agarwal,Female,2005-09-16,20,Single,Nagpur,Maharashtra,6509252093,divya.agarwal795@rediffmail.com,DEP005,Analyst,M.Com,2.9,2026-06-29,Resigned,,60000,3.0
EMP00353,Isha Shetty,Female,1981-01-28,45,Single,Jaipur,Rajasthan,8723561123,isha.shetty410@hotmail.com,DEP009,Senior Associate,B.A.,13.0,2024-03-17,Active,,320000,1.0
EMP00354,Karan Menon,Other,1979-10-20,46,Married,Delhi,Delhi,6564465934,karan.menon568@yahoo.com,DEP005,Executive,B.A.,13.0,2022-09-06,Terminated,,100000,4.0
EMP00355,Nisha Bansal,Female,1999-11-26,26,Single,Pune,Maharashtra,9009185356,nisha.bansal662@rediffmail.com,DEP012,Intern,PhD,7.5,2019-05-19,On Notice Period,,25000,4.0
EMP00356,Aadhya Yadav,Female,1989-07-06,37,Single,Ahmedabad,Gujarat,9830131268,aadhya.yadav895@rediffmail.com,DEP009,General Manager,B.Tech,6.1,2015-07-13,Active,,200000,2.0
EMP00357,RAHUL GUPTA,Male,1984-11-21,41,Divorced,Chennai,Tamil Nadu,6935339999,rahul.gupta930@rediffmail.com,DEP007,Senior Associate,M.Tech,14.1,2021-09-14,Active,,45000,3.0
EMP00358,Rohan Shetty,Male,2001-02-21,25,Married,Kolkata,West Bengal,7391831450,rohan.shetty200@rediffmail.com,DEP004,Manager,B.Com,15.1,2021-08-04,Resigned,2025-06-02,320000,1.0
EMP00359,Ramesh Nair,Male,1971-08-09,55,Married,Nagpur,Maharashtra,7868909477,ramesh.nair930@rediffmail.com,DEP002,Vice President,MBA,6.6,2019-02-23,Resigned,2023-04-09,25000,3.0
EMP00360,Neha Chaudhary,Other,1971-10-04,54,Divorced,Chennai,Tamil Nadu,8175025377,neha.chaudhary766@gmail.com,DEP005,Assistant Manager,M.Tech,29.6,2021-09-17,Resigned,2025-02-12,200000,3.0
EMP00361,Vivaan Kapoor,Male,2004-05-04,22,Single,Surat,Gujarat,9396361184,vivaan.kapoor650@yahoo.com,DEP008,Consultant,B.Sc,,2022-01-08,On Notice Period,,130000,4.0
EMP00362,Manish Reddy,Male,1994-05-08,32,Married,Lucknow,Uttar Pradesh,9743214614,manish.reddy516@rediffmail.com,DEP006,Executive,B.Com,20.5,2017-05-06,Resigned,2021-12-01,80000,5.0
EMP00363,Deepak Rao,Male,1968-07-15,58,Divorced,Hyderabad,Telangana,9445142157,deepak.rao489@hotmail.com,DEP011,Deputy General Manager,M.Com,16.2,2023-03-15,Active,,320000,2.0
EMP00364,Anjali Yadav,Other,1984-04-08,42,Divorced,Chandigarh,Chandigarh,6175999218,anjali.yadav180@rediffmail.com,DEP007,Vice President,M.Tech,10.2,2016-06-20,On Notice Period,,25000,1.0
EMP00365,Manish Pillai,Male,1997-12-04,28,Married,Ahmedabad,Gujarat,8932609695,manish.pillai338@hotmail.com,DEP010,Consultant,B.A.,13.9,2023-08-24,Active,,100000,1.0
EMP00366,Aditya Mishra,Male,1984-10-01,41,Divorced,Ghaziabad,Uttar Pradesh,9227503922,aditya.mishra395@hotmail.com,DEP005,General Manager,Diploma,3.7,2018-04-30,Active,,160000,1.0
EMP00367,Kavya Verma,Female,1994-05-02,32,Married,Coimbatore,Tamil Nadu,8832489883,kavya.verma456@rediffmail.com,DEP001,Executive,B.Sc,7.4,2018-10-20,Active,,80000,1.0
EMP00368,Anjali Kapoor,Other,1973-07-02,53,Divorced,Lucknow,Uttar Pradesh,,anjali.kapoor38@gmail.com,DEP010,Vice President,B.Sc,3.8,2023-09-08,Active,,160000,3.0
EMP00369,Aditya Kapoor,Other,1968-11-23,57,Single,Ghaziabad,Uttar Pradesh,6903618672,aditya.kapoor107@hotmail.com,DEP004,Assistant Manager,PhD,12.3,2017-11-14,Active,,200000,5.0
EMP00370,Myra Bansal,Female,1982-01-24,44,Married,Indore,Madhya Pradesh,,myra.bansal252@rediffmail.com,DEP004,Senior Analyst,M.Com,21.7,2018-05-02,Active,,60000,2.0
EMP00371,Krishna Chaudhary,Male,1982-06-07,44,Married,Chennai,Tamil Nadu,7990612149,krishna.chaudhary380@outlook.com,DEP012,General Manager,B.Com,21.9,2020-10-10,Resigned,,60000,1.0
EMP00372,Karan Malhotra,Other,1971-05-16,55,Single,Surat,Gujarat,9468582607,karan.malhotra396@hotmail.com,DEP004,Analyst,B.Tech,22.1,2017-12-30,Active,,250000,2.0
EMP00373,Gaurav Chaudhary,Male,2005-06-20,21,Married,Jaipur,Rajasthan,,gaurav.chaudhary591@outlook.com,DEP009,Senior Analyst,B.Com,5.1,2018-05-06,Active,,80000,1.0
EMP00374,Deepak Desai,Male,2000-02-05,26,Divorced,Surat,Gujarat,7168453860,deepak.desai911@yahoo.com,DEP008,Team Lead,B.A.,15.9,2015-03-20,Active,,45000,4.0
EMP00375,Vivaan Verma,Male,1988-09-20,37,Divorced,Chandigarh,Chandigarh,7169597905,vivaan.verma283@rediffmail.com,DEP007,Intern,B.A.,4.6,2023-10-14,On Notice Period,,60000,3.0
EMP00376,Karan Chopra,Male,1998-01-01,28,Single,Mumbai,Maharashtra,8122728414,karan.chopra24@rediffmail.com,DEP009,Assistant Manager,B.Com,25.4,2017-01-10,Terminated,2023-06-14,130000,4.0
EMP00377,Kritika Sharma,Other,1972-12-05,53,Divorced,Ahmedabad,Gujarat,7748235928,kritika.sharma308@yahoo.com,DEP003,General Manager,MBA,21.5,2026-06-22,On Notice Period,,250000,1.0
EMP00378,Ramesh Rao,Other,1983-01-12,43,Married,Jaipur,Rajasthan,8737824299,ramesh.rao686@rediffmail.com,DEP001,Senior Analyst,PhD,7.2,2021-10-23,Active,,45000,3.0
EMP00379,Sneha Bose,Other,2004-11-01,21,Single,Kolkata,West Bengal,7151236143,sneha.bose945@rediffmail.com,DEP010,Senior Manager,PhD,2.2,2022-10-31,Active,,320000,2.0
EMP00380,Aman Agarwal,Male,1972-01-24,54,Divorced,Jaipur,Rajasthan,7408095399,aman.agarwal@yahoo.com,DEP008,Associate,B.Sc,13.9,2022-08-24,Active,,130000,1.0
EMP00381,Ananya Agarwal,Female,1993-06-16,33,Divorced,Chennai,Tamil Nadu,6724781127,ananya.agarwal240@gmail.com,DEP008,Vice President,B.Tech,26.7,2018-06-10,Active,,35000,3.0
EMP00382,Riya Joshi,Female,1986-11-01,39,Single,Chandigarh,Chandigarh,6686785512,riya.joshi575@gmail.com,DEP007,Deputy General Manager,M.Tech,12.0,2019-12-22,Resigned,,25000,5.0
EMP00383,RIYA BANSAL,Other,1993-08-03,33,Married,Delhi,Delhi,6002702003,riya.bansal928@yahoo.com,DEP001,Analyst,B.Sc,24.4,2021-03-08,Active,,320000,5.0
EMP00384,Priya Ghosh,Other,1979-03-26,47,Single,Bengaluru,Karnataka,8244865583,priya.ghosh962@yahoo.com,DEP004,Vice President,B.Com,16.0,2018-02-07,Resigned,2024-05-19,250000,4.0
EMP00385,Ishaan Ghosh,Other,1979-09-13,46,Divorced,Bengaluru,Karnataka,7309152719,ishaan.ghosh722@gmail.com,DEP001,Deputy General Manager,B.A.,14.4,2018-04-28,Terminated,2018-11-23,130000,2.0
EMP00386,Manish Verma,Other,2004-05-09,22,Single,Hyderabad,Telangana,7640081132,manish.verma734@yahoo.com,DEP005,Executive,B.A.,,2018-08-28,Active,,80000,3.0
EMP00387,Manish Kumar,Other,1973-07-15,53,Divorced,Chennai,Tamil Nadu,6195423948,manish.kumar4@rediffmail.com,DEP005,Associate,B.Sc,16.4,2023-04-06,Active,,25000,4.0
EMP00388,Diya Kumar,Female,1978-09-13,47,Divorced,Delhi,Delhi,9979328884,diya.kumar147@yahoo.com,DEP003,Senior Analyst,B.A.,26.8,2020-10-08,Active,,320000,3.0
EMP00389,Ananya Rao,Female,1973-02-02,53,Married,Ghaziabad,Uttar Pradesh,6963724627,ananya.rao588@yahoo.com,DEP011,Vice President,B.Tech,20.4,2024-11-25,Active,,160000,5.0
EMP00390,Anjali Iyer,Female,1976-02-25,50,Divorced,Chandigarh,Chandigarh,9889936036,anjali.iyer152@gmail.com,DEP009,General Manager,M.Tech,4.4,2025-08-19,Active,,25000,2.0
EMP00391,Ishaan Agarwal,Male,1992-03-23,34,Single,Kolkata,West Bengal,6262241000,ishaan.agarwal317@gmail.com,DEP008,Senior Analyst,PhD,16.3,2019-07-24,Active,,320000,3.0
EMP00392,Rahul Patel,Other,1996-09-07,30,Single,Chennai,Tamil Nadu,9652321372,rahul.patel914@rediffmail.com,DEP005,Manager,B.Sc,11.7,2024-04-07,Active,,250000,1.0
EMP00393,Vivaan Chopra,Male,1988-07-03,38,Single,Chandigarh,Chandigarh,9095892921,vivaan.chopra849@outlook.com,DEP008,Manager,B.A.,27.9,2024-06-02,On Notice Period,,320000,4.0
EMP00394,Deepak Joshi,Other,1973-04-08,53,Divorced,Kolkata,West Bengal,9458893658,deepak.joshi386@hotmail.com,DEP005,Senior Analyst,M.Tech,11.2,2023-01-08,On Notice Period,,80000,5.0
EMP00395,Anjali Nair,Female,1981-10-13,44,Divorced,Pune,Maharashtra,9359290457,anjali.nair194@yahoo.com,DEP001,Assistant Manager,M.Sc,13.3,2016-08-19,Active,,100000,5.0
EMP00396,Ananya Bansal,Female,1994-11-09,31,Single,Coimbatore,Tamil Nadu,8960071466,ananya.bansal936@hotmail.com,DEP011,Manager,M.Com,28.3,2023-06-28,Active,,35000,5.0
EMP00397,Deepak Iyer,Male,1998-04-04,28,Single,Ahmedabad,Gujarat,8195373998,deepak.iyer382@rediffmail.com,DEP003,Team Lead,M.Tech,,2022-08-29,Active,,80000,1.0
EMP00398,Manish Reddy,Other,1994-02-27,32,Single,Hyderabad,Telangana,7109701614,manish.reddy171@gmail.com,DEP008,Assistant Manager,Diploma,,2019-08-13,Active,,60000,3.0
EMP00399,Reyansh Ghosh,Other,1977-11-28,48,Single,Ghaziabad,Uttar Pradesh,7035518306,reyansh.ghosh207@yahoo.com,DEP005,Analyst,B.Com,20.5,2019-07-10,On Notice Period,,35000,5.0
EMP00400,Gaurav Rao,Male,1994-09-28,31,Single,Kolkata,West Bengal,9418128823,gaurav.rao819@outlook.com,DEP011,General Manager,B.Com,3.5,2018-04-16,Resigned,2019-09-01,45000,4.0
EMP00401,Sneha Agarwal,Other,1974-07-10,52,Married,Chennai,Tamil Nadu,7455682176,,DEP002,Analyst,PhD,12.9,2024-05-16,Active,,130000,2.0
EMP00402,Suresh Mishra,Male,1990-11-08,35,Single,Nagpur,Maharashtra,7806054588,suresh.mishra279@outlook.com,DEP008,Manager,B.Com,7.6,2025-06-16,On Notice Period,,25000,2.0
EMP00403,Divya Pillai,Other,1966-03-07,60,Divorced,Delhi,Delhi,7668838361,divya.pillai965@outlook.com,DEP011,Assistant Manager,Diploma,25.4,2025-05-24,Active,,60000,5.0
EMP00404,Rahul Joshi,Male,1998-01-28,28,Married,Noida,Uttar Pradesh,6213024371,rahul.joshi690@rediffmail.com,DEP011,Intern,MBA,19.1,2017-03-27,Active,,200000,3.0
EMP00405,Sneha Joshi,Female,1984-11-24,41,Married,Ahmedabad,Gujarat,6427873891,sneha.joshi337@yahoo.com,DEP009,Intern,M.Com,14.2,2021-05-14,Active,,130000,3.0
EMP00406,Manish Patel,Male,1995-04-17,31,Single,Jaipur,Rajasthan,9501817215,manish.patel710@rediffmail.com,DEP006,Senior Associate,B.Com,27.1,2024-05-24,Resigned,,45000,2.0
EMP00407,Anil Verma,Other,1977-10-11,48,Married,Coimbatore,Tamil Nadu,9264078997,anil.verma115@outlook.com,DEP012,Senior Associate,M.Com,15.7,2024-08-16,Active,,45000,4.0
EMP00408,Sneha Kumar,Other,1992-09-21,33,Divorced,Bengaluru,Karnataka,8573669765,sneha.kumar667@rediffmail.com,DEP012,Consultant,M.Tech,26.5,2022-01-30,Active,,130000,1.0
EMP00409,Manish Rao,Male,1993-11-19,32,Single,Lucknow,Uttar Pradesh,,manish.rao239@gmail.com,DEP007,Associate,M.Com,8.8,2023-04-24,Active,,250000,5.0
EMP00410,Meera Pillai,Female,1976-03-20,50,Married,Jaipur,Rajasthan,6730650019,meera.pillai290@yahoo.com,DEP011,Team Lead,B.Com,16.2,2016-09-16,Active,,200000,1.0
EMP00411,Meera Joshi,Female,2005-03-01,21,Divorced,Ghaziabad,Uttar Pradesh,9148564302,meera.joshi732@gmail.com,DEP001,Associate,B.Com,1.3,2023-09-25,Resigned,2024-10-28,320000,1.0
EMP00412,Nisha Agarwal,Female,1986-09-08,40,Married,Ahmedabad,Gujarat,9959440340,nisha.agarwal306@gmail.com,DEP005,Deputy General Manager,M.Tech,21.8,2020-10-19,Active,,130000,5.0
EMP00413,Aman Menon,Male,1978-10-10,47,Married,Hyderabad,Telangana,9865747357,aman.menon980@rediffmail.com,DEP007,Team Lead,B.A.,18.4,2016-06-25,On Notice Period,,250000,1.0
EMP00414,Sunita Reddy,Female,1998-11-12,27,Divorced,Kolkata,West Bengal,7966371844,sunita.reddy521@rediffmail.com,DEP002,Intern,B.Com,12.0,2023-05-24,Terminated,,25000,4.0
EMP00415,Divya Kumar,Female,1974-06-28,52,Single,Lucknow,Uttar Pradesh,8150237127,divya.kumar749@rediffmail.com,DEP004,Senior Manager,B.Sc,7.6,2020-01-22,Active,,45000,2.0
EMP00416,Rahul Rao,Other,1990-11-04,35,Divorced,Jaipur,Rajasthan,8627183012,rahul.rao561@outlook.com,DEP006,Vice President,M.Com,1.4,2015-07-20,Active,,25000,5.0
EMP00417,Shreya Patel,Other,1994-12-15,31,Divorced,Coimbatore,Tamil Nadu,8860120959,shreya.patel329@yahoo.com,DEP003,Analyst,B.Tech,21.3,2023-12-11,Active,,160000,4.0
EMP00418,Ishaan Ghosh,Other,1996-06-17,30,Divorced,Lucknow,Uttar Pradesh,8139358509,ishaan.ghosh873@outlook.com,DEP012,Vice President,M.Tech,3.7,2015-11-07,Resigned,2019-09-30,130000,4.0
EMP00419,Naveen Agarwal,Male,1986-09-02,40,Divorced,Nagpur,Maharashtra,8497591753,naveen.agarwal745@rediffmail.com,DEP003,Associate,B.A.,3.5,2026-02-08,Active,,130000,2.0
EMP00420,Myra Singh,Female,2002-05-16,24,Married,Jaipur,Rajasthan,,,DEP012,Vice President,B.A.,22.9,2026-03-13,Active,,160000,2.0
EMP00421,Anjali Gupta,Other,1985-09-28,40,Married,Ghaziabad,Uttar Pradesh,8080815798,anjali.gupta441@gmail.com,DEP003,Assistant Manager,M.Sc,4.3,2023-12-17,Resigned,2026-03-05,320000,5.0
EMP00422,Arjun Malhotra,Other,1990-11-28,35,Single,Indore,Madhya Pradesh,7440438878,arjun.malhotra275@rediffmail.com,DEP008,Executive,B.Tech,8.8,2017-06-06,Terminated,2023-11-08,25000,4.0
EMP00423,Nisha Rao,Female,1994-12-04,31,Single,Ghaziabad,Uttar Pradesh,7373329417,nisha.rao855@yahoo.com,DEP009,Vice President,Diploma,24.9,2018-10-07,Active,,35000,3.0
EMP00424,Arjun Rao,Other,1991-12-13,34,Married,Pune,Maharashtra,7375058686,arjun.rao569@gmail.com,DEP007,Senior Manager,B.Sc,21.6,2015-05-08,Active,,100000,4.0
EMP00425,Aadhya Chopra,Other,1984-09-09,42,Single,Ahmedabad,Gujarat,,aadhya.chopra192@gmail.com,DEP009,Executive,B.A.,19.0,2024-09-25,Terminated,2025-03-13,60000,5.0
EMP00426,Reyansh Yadav,Male,1988-01-12,38,Married,Surat,Gujarat,6654751256,reyansh.yadav367@outlook.com,DEP008,Intern,M.Com,1.0,2025-12-04,Active,,250000,5.0
EMP00427,Suresh Desai,Male,1999-10-15,26,Divorced,Pune,Maharashtra,6702673462,suresh.desai893@hotmail.com,DEP002,Vice President,B.Com,8.9,2020-07-03,Active,,80000,5.0
EMP00428,Shreya Shetty,Female,1985-09-11,40,Divorced,Coimbatore,Tamil Nadu,9353707271,shreya.shetty675@yahoo.com,DEP002,Associate,B.A.,7.0,2016-04-11,Active,,200000,5.0
EMP00429,arjun desai,Other,2004-10-01,21,Married,Mumbai,Maharashtra,7816161192,arjun.desai781@gmail.com,DEP009,General Manager,B.Com,15.0,2015-01-20,Active,,35000,4.0
EMP00430,Karan Agarwal,Male,1990-01-13,36,Single,Ghaziabad,Uttar Pradesh,6601028710,karan.agarwal235@rediffmail.com,DEP003,Assistant Manager,Diploma,5.0,2026-01-27,Active,,160000,5.0
EMP00431,Arjun Bansal,Other,1978-01-04,48,Single,Bengaluru,Karnataka,9855382924,arjun.bansal163@hotmail.com,DEP003,Executive,PhD,28.9,2024-01-29,Resigned,,60000,3.0
EMP00432,Nisha Singh,Female,1966-04-21,60,Divorced,Surat,Gujarat,6326639017,nisha.singh589@hotmail.com,DEP007,Team Lead,M.Sc,25.1,2024-07-30,On Notice Period,,160000,5.0
EMP00433,Myra Nair,Other,1986-12-12,39,Single,Chennai,Tamil Nadu,,myra.nair822@rediffmail.com,DEP007,Senior Manager,MBA,14.6,2023-02-19,Resigned,,45000,1.0
EMP00434,Suresh Malhotra,Other,1988-11-18,37,Single,Indore,Madhya Pradesh,7501361367,suresh.malhotra196@hotmail.com,DEP011,Senior Manager,M.Tech,29.5,2019-04-12,Resigned,2022-01-18,200000,5.0
EMP00435,Saanvi Ghosh,Female,1967-11-09,58,Single,Mumbai,Maharashtra,6945584874,saanvi.ghosh862@outlook.com,DEP001,Analyst,M.Sc,18.4,2021-01-12,Resigned,2021-04-16,200000,1.0
EMP00436,Krishna Patel,Male,1977-10-05,48,Married,Noida,Uttar Pradesh,7148010862,krishna.patel878@yahoo.com,DEP008,Vice President,B.Sc,12.6,2017-08-26,On Notice Period,,25000,5.0
EMP00437,Sneha Nair,Female,2002-05-21,24,Married,Lucknow,Uttar Pradesh,9752196970,sneha.nair819@gmail.com,DEP004,General Manager,M.Tech,,2019-06-13,Active,,320000,4.0
EMP00438,Anil Kumar,Male,1989-01-19,37,Married,Delhi,Delhi,7485174951,anil.kumar@hotmail.com,DEP007,Consultant,M.Com,16.6,2019-04-09,On Notice Period,,80000,5.0
EMP00439,Riya Agarwal,Female,2002-10-06,23,Married,Chandigarh,Chandigarh,6928196852,riya.agarwal514@yahoo.com,DEP007,Intern,B.Tech,21.6,2019-12-01,Active,,200000,3.0
EMP00440,Anil Kumar,Male,1975-05-12,51,Married,Jaipur,Rajasthan,9211130282,anil.kumar609@gmail.com,DEP012,Vice President,Diploma,27.5,2019-04-08,Active,,35000,3.0
EMP00441,Reyansh Desai,Male,1992-05-01,34,Married,Chandigarh,Chandigarh,,reyansh.desai329@gmail.com,DEP005,Associate,M.Tech,24.0,2022-02-16,Terminated,2024-05-28,160000,4.0
EMP00442,Vivaan Yadav,Male,1990-10-02,35,Married,Jaipur,Rajasthan,6804562867,vivaan.yadav305@yahoo.com,DEP007,Executive,MBA,9.9,2015-07-18,Active,,200000,3.0
EMP00443,Riya Singh,Other,1967-07-22,59,Single,Surat,Gujarat,9014553708,riya.singh234@hotmail.com,DEP003,Consultant,B.Sc,24.8,2018-12-17,Terminated,2023-05-03,200000,5.0
EMP00444,Karan Rao,Other,2005-07-26,21,Married,Chandigarh,Chandigarh,8311531804,karan.rao722@gmail.com,DEP005,Consultant,M.Sc,9.2,2021-01-15,Active,,320000,4.0
EMP00445,Anil Singh,Male,1985-04-12,41,Divorced,Chandigarh,Chandigarh,,anil.singh595@yahoo.com,DEP012,Senior Analyst,M.Sc,25.5,2020-05-18,Active,,100000,5.0
EMP00446,Meera Chaudhary,Female,1975-03-19,51,Single,Mumbai,Maharashtra,6606534819,meera.chaudhary391@outlook.com,DEP003,General Manager,PhD,24.1,2021-11-29,Active,,45000,3.0
EMP00447,Rekha Bose,Other,1977-03-15,49,Married,Indore,Madhya Pradesh,7580873015,rekha.bose134@hotmail.com,DEP006,Team Lead,B.Sc,29.0,2018-06-27,Active,,25000,4.0
EMP00448,Riya Kapoor,Female,1988-07-12,38,Single,Indore,Madhya Pradesh,8380406562,riya.kapoor938@outlook.com,DEP004,Deputy General Manager,M.Sc,22.0,2017-10-24,Active,,100000,4.0
EMP00449,manish yadav,Male,1986-06-20,40,Married,Hyderabad,Telangana,8832227707,,DEP009,Team Lead,B.A.,18.0,2018-05-21,Active,,60000,3.0
EMP00450,Nikhil Chopra,Male,1994-03-17,32,Married,Nagpur,Maharashtra,,nikhil.chopra443@rediffmail.com,DEP002,Associate,PhD,3.3,2019-12-15,Resigned,2020-04-27,250000,2.0
EMP00451,Sanjay Menon,Male,2003-02-05,23,Single,Mumbai,Maharashtra,6638730236,sanjay.menon366@yahoo.com,DEP006,General Manager,MBA,,2021-03-16,On Notice Period,,320000,2.0
EMP00452,Kritika Reddy,Other,1968-05-16,58,Married,Ghaziabad,Uttar Pradesh,7991100704,kritika.reddy48@gmail.com,DEP003,Vice President,M.Sc,25.1,2025-12-30,Resigned,,200000,3.0
EMP00453,Saanvi Desai,Female,1975-07-05,51,Married,Ahmedabad,Gujarat,9078900845,saanvi.desai30@outlook.com,DEP007,Manager,M.Tech,18.5,2016-07-08,Resigned,2021-03-05,320000,4.0
EMP00454,Vivaan Verma,Male,1986-12-12,39,Married,Mumbai,Maharashtra,6345220853,vivaan.verma608@hotmail.com,DEP007,Senior Analyst,MBA,26.3,2019-07-01,Active,,320000,4.0
EMP00455,Pooja Singh,Other,1989-07-02,37,Divorced,Jaipur,Rajasthan,6930056244,pooja.singh716@yahoo.com,DEP009,General Manager,M.Sc,11.7,2024-02-02,Terminated,,130000,1.0
EMP00456,Krishna Yadav,Male,1980-07-19,46,Married,Lucknow,Uttar Pradesh,8108343720,krishna.yadav@hotmail.com,DEP007,General Manager,M.Tech,15.2,2024-02-24,Active,,35000,3.0
EMP00457,Deepak Nair,Male,1975-06-02,51,Married,Coimbatore,Tamil Nadu,9130070249,deepak.nair143@gmail.com,DEP012,Team Lead,B.Com,0.5,2025-02-01,Active,,160000,2.0
EMP00458,Nisha Menon,Female,1983-11-19,42,Divorced,Bengaluru,Karnataka,6711202248,nisha.menon636@outlook.com,DEP004,Vice President,M.Tech,21.7,2022-12-14,Active,,80000,3.0
EMP00459,Manish Gupta,Male,1996-09-19,29,Married,Hyderabad,Telangana,9610077133,manish.gupta473@hotmail.com,DEP012,Vice President,B.Com,3.5,2017-09-19,Active,,80000,1.0
EMP00460,Sanjay Kumar,Other,2000-02-13,26,Married,Ahmedabad,Gujarat,,sanjay.kumar408@hotmail.com,DEP011,Senior Manager,B.Sc,,2024-06-17,Active,,200000,4.0
EMP00461,Riya Chaudhary,Female,2000-10-24,25,Married,Kolkata,West Bengal,,riya.chaudhary595@hotmail.com,DEP002,Senior Analyst,B.Tech,,2025-11-09,Active,,250000,5.0
EMP00462,SAURABH GUPTA,Male,1968-01-02,58,Married,Bengaluru,Karnataka,8618758902,saurabh.gupta453@rediffmail.com,DEP007,Deputy General Manager,M.Com,1.3,2023-09-24,Active,,130000,1.0
EMP00463,Aarav Sharma,Male,1985-03-03,41,Single,Ahmedabad,Gujarat,9474045331,aarav.sharma@yahoo.com,DEP002,Team Lead,B.Sc,16.3,2016-02-12,On Notice Period,,130000,4.0
EMP00464,Shreya Agarwal,Other,2000-07-21,26,Divorced,Nagpur,Maharashtra,7024817034,shreya.agarwal903@rediffmail.com,DEP006,Vice President,B.Sc,14.6,2021-01-26,Active,,320000,4.0
EMP00465,Myra Malhotra,Female,1992-05-10,34,Single,Ahmedabad,Gujarat,,myra.malhotra597@yahoo.com,DEP004,Vice President,Diploma,12.6,2020-07-02,Active,,60000,2.0
EMP00466,Riya Bose,Female,1998-03-21,28,Divorced,Kolkata,West Bengal,6087027858,riya.bose176@outlook.com,DEP012,Intern,B.Tech,21.8,2022-04-23,Active,,25000,2.0
EMP00467,Nisha Rao,Female,1982-10-23,43,Married,Mumbai,Maharashtra,6944723264,nisha.rao411@rediffmail.com,DEP002,Analyst,PhD,15.0,2020-11-18,Active,,60000,1.0
EMP00468,Anjali Gupta,Other,1992-08-18,34,Single,Chennai,Tamil Nadu,8015494017,anjali.gupta241@rediffmail.com,DEP008,Team Lead,M.Com,6.6,2018-06-09,Active,,130000,4.0
EMP00469,Sunita Desai,Female,1981-02-22,45,Divorced,Chennai,Tamil Nadu,9891556317,sunita.desai573@hotmail.com,DEP004,General Manager,B.Sc,15.9,2019-08-21,Resigned,2021-02-22,35000,3.0
EMP00470,Ramesh Singh,Other,1967-02-10,59,Single,Noida,Uttar Pradesh,8224272834,ramesh.singh235@gmail.com,DEP003,Consultant,M.Sc,26.3,2024-01-04,Active,,60000,1.0
EMP00471,Myra Nair,Female,1974-09-18,51,Single,Pune,Maharashtra,,myra.nair131@rediffmail.com,DEP005,Consultant,M.Tech,12.1,2019-06-01,Terminated,2024-11-01,100000,2.0
EMP00472,Ananya Kumar,Female,1987-06-01,39,Married,Noida,Uttar Pradesh,8756377656,ananya.kumar207@gmail.com,DEP002,Deputy General Manager,Diploma,22.8,2025-02-06,Active,,200000,4.0
EMP00473,Vihaan Joshi,Other,1986-09-12,39,Married,Mumbai,Maharashtra,7316284252,vihaan.joshi976@gmail.com,DEP004,Intern,B.Sc,24.7,2017-03-05,Active,,25000,1.0
EMP00474,Ajay Nair,Other,1966-08-28,60,Married,Hyderabad,Telangana,9238166789,ajay.nair25@rediffmail.com,DEP005,Assistant Manager,M.Com,17.7,2020-09-21,Active,,25000,4.0
EMP00475,Neha Pillai,Other,2002-11-02,23,Married,Pune,Maharashtra,9140742235,neha.pillai139@hotmail.com,DEP012,Assistant Manager,PhD,20.1,2021-05-08,Active,,100000,4.0
EMP00476,Saurabh Mishra,Male,1971-01-06,55,Married,Bengaluru,Karnataka,6644385686,saurabh.mishra802@hotmail.com,DEP012,Assistant Manager,M.Sc,4.6,2022-09-09,Active,,45000,3.0
EMP00477,Kritika Singh,Other,1971-05-26,55,Single,Lucknow,Uttar Pradesh,8416634195,kritika.singh877@rediffmail.com,DEP012,Associate,B.Sc,0.5,2018-09-16,Terminated,2024-11-16,200000,3.0
EMP00478,Gaurav Rao,Other,1998-01-26,28,Married,Noida,Uttar Pradesh,8549475389,gaurav.rao@rediffmail.com,DEP007,Senior Manager,M.Com,6.0,2015-09-08,On Notice Period,,160000,1.0
EMP00479,Aditya Nair,Male,1980-07-26,46,Divorced,Jaipur,Rajasthan,9275812204,aditya.nair@yahoo.com,DEP007,Senior Analyst,PhD,7.2,2019-03-05,Terminated,2022-06-23,45000,4.0
EMP00480,Krishna Bose,Other,2003-12-25,22,Single,Chandigarh,Chandigarh,6996602012,krishna.bose215@gmail.com,DEP011,Manager,B.Com,11.7,2015-05-11,Active,,200000,5.0
EMP00481,Saanvi Gupta,Other,1966-01-12,60,Married,Indore,Madhya Pradesh,9903212008,saanvi.gupta597@yahoo.com,DEP012,Analyst,M.Sc,24.5,2021-12-25,Active,,25000,3.0
EMP00482,Vivaan Nair,Male,2001-06-25,25,Single,Nagpur,Maharashtra,9658058339,vivaan.nair707@rediffmail.com,DEP010,Analyst,B.A.,9.6,2021-09-25,Active,,250000,2.0
EMP00483,Deepak Reddy,Other,1971-06-05,55,Single,Ghaziabad,Uttar Pradesh,,deepak.reddy165@yahoo.com,DEP006,Intern,B.Sc,22.0,2015-04-06,Active,,60000,3.0
EMP00484,Priya Mishra,Other,1969-11-11,56,Divorced,Delhi,Delhi,,priya.mishra737@gmail.com,DEP001,Senior Associate,B.Com,12.3,2019-09-17,Active,,250000,4.0
EMP00485,Vivaan Desai,Male,2005-07-06,21,Married,Bengaluru,Karnataka,7500939377,vivaan.desai330@outlook.com,DEP004,Executive,B.Com,9.0,2017-11-29,Active,,25000,3.0
EMP00486,Saurabh Shetty,Male,1997-12-17,28,Divorced,Jaipur,Rajasthan,7552172172,saurabh.shetty38@hotmail.com,DEP010,Analyst,M.Sc,16.8,2022-01-26,Resigned,2024-02-27,25000,1.0
EMP00487,Suresh Bansal,Male,1984-01-10,42,Married,Coimbatore,Tamil Nadu,7097790681,suresh.bansal164@yahoo.com,DEP007,Manager,M.Tech,18.4,2023-03-02,Active,,320000,1.0
EMP00488,Rekha Gupta,Female,1985-04-25,41,Single,Indore,Madhya Pradesh,8286373815,rekha.gupta664@hotmail.com,DEP002,Team Lead,M.Sc,,2022-03-09,Resigned,2026-01-04,35000,4.0
EMP00489,Rohan Chopra,Male,1996-10-01,29,Single,Kolkata,West Bengal,8577735823,rohan.chopra@rediffmail.com,DEP008,Intern,B.A.,2.2,2017-04-05,Active,,80000,2.0
EMP00490,Swati Malhotra,Other,1976-11-06,49,Single,Surat,Gujarat,6794113385,swati.malhotra702@yahoo.com,DEP006,Analyst,M.Sc,12.5,2015-11-27,Active,,100000,1.0
EMP00491,Priya Desai,Female,1984-10-05,41,Single,Pune,Maharashtra,6602345120,priya.desai495@gmail.com,DEP004,Analyst,B.Tech,0.1,2018-06-21,Active,,100000,2.0
EMP00492,Ajay Desai,Male,1993-11-07,32,Married,Ahmedabad,Gujarat,9774112503,ajay.desai853@rediffmail.com,DEP004,Consultant,M.Com,15.0,2022-11-08,Active,,25000,1.0
EMP00493,SAURABH CHAUDHARY,Male,1987-04-02,39,Divorced,Ghaziabad,Uttar Pradesh,,saurabh.chaudhary743@yahoo.com,DEP003,Vice President,Diploma,6.9,2016-05-05,Terminated,2016-10-06,45000,3.0
EMP00494,Saanvi Rao,Female,1966-03-04,60,Divorced,Mumbai,Maharashtra,6089199159,saanvi.rao956@gmail.com,DEP001,General Manager,B.A.,14.2,2018-12-15,Active,,80000,4.0
EMP00495,Sunita Agarwal,Other,1973-05-19,53,Single,Pune,Maharashtra,9435618445,sunita.agarwal122@yahoo.com,DEP003,Consultant,M.Sc,28.9,2020-10-07,Active,,80000,2.0
EMP00496,Saurabh Mishra,Male,1989-10-21,36,Married,Noida,Uttar Pradesh,8890534845,saurabh.mishra560@rediffmail.com,DEP009,Analyst,B.Com,19.1,2021-04-13,On Notice Period,,200000,4.0
EMP00497,Gaurav Bansal,Other,1981-07-22,45,Divorced,Coimbatore,Tamil Nadu,7919326329,gaurav.bansal97@gmail.com,DEP007,Analyst,M.Sc,15.9,2023-03-21,On Notice Period,,130000,4.0
EMP00498,Krishna Pillai,Male,1989-06-06,37,Married,Pune,Maharashtra,,krishna.pillai357@yahoo.com,DEP003,General Manager,PhD,22.3,2020-03-10,On Notice Period,,250000,1.0
EMP00499,Saanvi Kapoor,Female,1994-07-27,32,Divorced,Noida,Uttar Pradesh,6785797735,saanvi.kapoor330@outlook.com,DEP012,Consultant,B.Com,10.1,2024-12-02,Active,,100000,2.0
EMP00500,Pooja Bansal,Female,1996-08-23,30,Married,Pune,Maharashtra,7365931108,pooja.bansal746@outlook.com,DEP005,Intern,B.Tech,19.6,2024-08-10,Active,,25000,4.0
EMP00501,Sanjay Bose,Other,1975-09-23,50,Married,Ahmedabad,Gujarat,7577956543,sanjay.bose996@outlook.com,DEP009,Consultant,M.Sc,21.7,2024-04-09,Resigned,,100000,5.0
EMP00502,Divya Chopra,Other,1977-08-27,49,Married,Pune,Maharashtra,8453652798,divya.chopra286@rediffmail.com,DEP004,Vice President,B.Com,2.2,2020-04-19,Resigned,2026-03-04,160000,3.0
EMP00503,Sunita Mishra,Female,2000-09-09,26,Married,Chandigarh,Chandigarh,6935673263,sunita.mishra547@rediffmail.com,DEP006,Team Lead,B.Sc,4.6,2016-01-15,Terminated,2020-04-04,45000,4.0
EMP00504,Reyansh Nair,Male,1996-03-05,30,Married,Noida,Uttar Pradesh,9133875525,reyansh.nair@yahoo.com,DEP008,Deputy General Manager,PhD,20.9,2018-11-26,On Notice Period,,200000,1.0
EMP00505,Sarika Singh,Female,1967-02-09,59,Single,Lucknow,Uttar Pradesh,8876201067,sarika.singh425@hotmail.com,DEP006,Team Lead,B.Com,24.7,2017-10-26,Active,,25000,4.0
EMP00506,Ramesh Agarwal,Male,1971-12-05,54,Single,Ghaziabad,Uttar Pradesh,6294823201,ramesh.agarwal388@rediffmail.com,DEP008,Consultant,B.Com,1.6,2016-12-28,Active,,250000,2.0
EMP00507,Kritika Chopra,Female,1978-08-17,48,Married,Noida,Uttar Pradesh,9874158709,kritika.chopra666@rediffmail.com,DEP001,Intern,PhD,28.9,2023-12-14,Resigned,2024-12-17,25000,5.0
EMP00508,Kavita Bansal,Female,2003-03-26,23,Divorced,Ghaziabad,Uttar Pradesh,6451401805,kavita.bansal573@hotmail.com,DEP001,Senior Analyst,Diploma,6.8,2021-02-21,On Notice Period,,200000,2.0
EMP00509,Vivaan Patel,Male,2003-05-01,23,Divorced,Surat,Gujarat,9959338316,vivaan.patel264@outlook.com,DEP004,Senior Analyst,M.Com,8.2,2025-05-15,Active,,100000,2.0
EMP00510,Sanjay Rao,Male,1997-09-03,29,Divorced,Jaipur,Rajasthan,6067346598,sanjay.rao451@outlook.com,DEP001,Analyst,M.Sc,5.2,2023-10-24,Active,,60000,2.0
EMP00511,Vivaan Malhotra,Male,1984-06-06,42,Single,Lucknow,Uttar Pradesh,7132509390,vivaan.malhotra451@hotmail.com,DEP010,Team Lead,M.Sc,25.0,2020-10-10,Active,,160000,5.0
EMP00512,Anil Ghosh,Male,1976-07-26,50,Single,Surat,Gujarat,,anil.ghosh341@yahoo.com,DEP003,Team Lead,M.Com,8.4,2024-08-30,Terminated,2026-01-12,80000,2.0
EMP00513,Sneha Agarwal,Female,1985-08-20,41,Divorced,Indore,Madhya Pradesh,9313519190,sneha.agarwal940@gmail.com,DEP009,Team Lead,B.Com,16.5,2026-04-28,Active,,100000,2.0
EMP00514,Nikhil Patel,Other,2003-05-18,23,Divorced,Noida,Uttar Pradesh,7455331682,nikhil.patel534@hotmail.com,DEP003,Associate,B.Com,,2017-08-16,Active,,80000,5.0
EMP00515,Ananya Kapoor,Female,1993-07-19,33,Married,Bengaluru,Karnataka,8045414936,ananya.kapoor596@rediffmail.com,DEP004,Consultant,Diploma,23.7,2017-07-04,Active,,320000,3.0
EMP00516,Kritika Joshi,Female,1997-01-24,29,Divorced,Coimbatore,Tamil Nadu,9530190072,kritika.joshi475@yahoo.com,DEP005,Senior Analyst,M.Com,23.3,2018-09-07,Resigned,2025-01-21,200000,2.0
EMP00517,Aarav Yadav,Other,1992-06-18,34,Single,Pune,Maharashtra,,aarav.yadav660@hotmail.com,DEP010,Executive,B.Tech,25.4,2026-01-27,Active,,25000,4.0
EMP00518,Gaurav Yadav,Male,1986-06-24,40,Divorced,Chandigarh,Chandigarh,9406154261,gaurav.yadav784@rediffmail.com,DEP010,General Manager,M.Sc,1.2,2019-10-03,Active,,160000,2.0
EMP00519,Reyansh Sharma,Male,1993-10-06,32,Married,Ahmedabad,Gujarat,9063715727,reyansh.sharma27@yahoo.com,DEP005,Executive,M.Tech,16.1,2022-10-11,Active,,320000,1.0
EMP00520,NIKHIL RAO,Male,1997-02-04,29,Single,Bengaluru,Karnataka,6237513042,nikhil.rao592@outlook.com,DEP007,Senior Associate,B.Com,28.9,2026-03-20,Terminated,,160000,4.0
EMP00521,Kavya Sharma,Other,1994-04-09,32,Single,Chennai,Tamil Nadu,8535945407,kavya.sharma962@gmail.com,DEP010,Manager,M.Tech,6.4,2023-07-09,Active,,25000,1.0
EMP00522,Suresh Singh,Male,1991-08-18,35,Single,Hyderabad,Telangana,6481318460,suresh.singh422@hotmail.com,DEP012,Analyst,B.Sc,10.8,2023-11-21,Resigned,2026-06-17,160000,2.0
EMP00523,Priya Rao,Female,2002-02-02,24,Single,Kolkata,West Bengal,,priya.rao650@rediffmail.com,DEP002,Executive,Diploma,4.0,2025-08-01,Terminated,,60000,1.0
EMP00524,Sneha Singh,Female,1969-10-23,56,Married,Nagpur,Maharashtra,6317080174,sneha.singh888@hotmail.com,DEP006,General Manager,Diploma,23.6,2025-05-28,Active,,130000,3.0
EMP00525,Kavita Sharma,Other,1972-05-21,54,Divorced,Kolkata,West Bengal,6397914998,kavita.sharma781@outlook.com,DEP012,Vice President,B.Com,5.2,2015-10-18,On Notice Period,,200000,3.0
EMP00526,Nikhil Menon,Male,1971-06-17,55,Divorced,Lucknow,Uttar Pradesh,8545055722,nikhil.menon521@rediffmail.com,DEP002,Team Lead,Diploma,3.3,2024-05-28,Resigned,,100000,3.0
EMP00527,Sanjay Nair,Other,1997-08-02,29,Divorced,Hyderabad,Telangana,9615130954,sanjay.nair756@gmail.com,DEP012,Senior Analyst,M.Tech,5.9,2025-12-12,On Notice Period,,60000,2.0
EMP00528,Naveen Malhotra,Other,1969-06-12,57,Married,Bengaluru,Karnataka,7965437385,naveen.malhotra551@hotmail.com,DEP002,Senior Analyst,M.Tech,7.1,2025-11-20,Resigned,,130000,2.0
EMP00529,Saurabh Desai,Male,2004-12-02,21,Single,Jaipur,Rajasthan,8093204807,saurabh.desai907@gmail.com,DEP002,Senior Analyst,B.Tech,8.7,2025-05-16,Active,,200000,3.0
EMP00530,Kavya Menon,Female,2004-04-25,22,Divorced,Bengaluru,Karnataka,7719710873,kavya.menon525@gmail.com,DEP001,Team Lead,M.Sc,20.1,2015-01-27,Resigned,2021-04-16,100000,3.0
EMP00531,Isha Kumar,Female,2005-09-22,20,Single,Jaipur,Rajasthan,8187368914,isha.kumar122@hotmail.com,DEP009,Intern,M.Sc,,2022-11-11,On Notice Period,,60000,1.0
EMP00532,Nisha Chaudhary,Female,1996-08-13,30,Married,Coimbatore,Tamil Nadu,7945752268,nisha.chaudhary636@hotmail.com,DEP006,General Manager,B.Sc,0.2,2020-03-17,Active,,100000,2.0
EMP00533,Rekha Verma,Female,1967-10-20,58,Divorced,Ghaziabad,Uttar Pradesh,7142871921,rekha.verma369@hotmail.com,DEP009,Associate,MBA,18.7,2024-08-29,On Notice Period,,25000,3.0
EMP00534,Anjali Gupta,Female,1992-12-28,33,Married,Noida,Uttar Pradesh,8769987098,anjali.gupta@rediffmail.com,DEP004,Deputy General Manager,B.A.,23.6,2024-06-02,Terminated,2025-12-22,60000,3.0
EMP00535,Aditya Patel,Male,1974-02-20,52,Divorced,Chennai,Tamil Nadu,6844504097,aditya.patel779@yahoo.com,DEP011,Analyst,Diploma,13.1,2015-12-07,Active,,25000,2.0
EMP00536,Meera Verma,Female,1990-12-01,35,Married,Pune,Maharashtra,6760316341,meera.verma327@outlook.com,DEP003,Senior Analyst,MBA,13.9,2020-05-08,Terminated,2022-10-28,250000,3.0
EMP00537,Aadhya Chopra,Female,1982-09-12,43,Single,Bengaluru,Karnataka,6128658459,aadhya.chopra981@rediffmail.com,DEP003,Analyst,M.Com,5.2,2020-10-16,On Notice Period,,60000,5.0
EMP00538,Diya Kapoor,Other,1975-03-02,51,Single,Mumbai,Maharashtra,7177343402,diya.kapoor625@outlook.com,DEP012,General Manager,PhD,27.8,2026-03-06,Resigned,,160000,4.0
EMP00539,Myra Menon,Female,1976-08-23,50,Single,Ahmedabad,Gujarat,8257314903,myra.menon803@hotmail.com,DEP012,Senior Manager,B.A.,28.9,2024-04-02,Active,,160000,3.0
EMP00540,Pooja Sharma,Female,1973-10-14,52,Divorced,Jaipur,Rajasthan,8296041484,pooja.sharma450@yahoo.com,DEP008,Consultant,B.Sc,23.1,2022-08-24,Active,,200000,3.0
EMP00541,Shreya Bansal,Other,1972-05-16,54,Divorced,Delhi,Delhi,8321380408,shreya.bansal622@outlook.com,DEP007,Executive,PhD,19.9,2019-03-07,Terminated,2020-05-21,160000,5.0
EMP00542,Sanjay Nair,Male,1973-11-16,52,Married,Hyderabad,Telangana,6840473997,sanjay.nair283@rediffmail.com,DEP004,Assistant Manager,M.Tech,0.7,2019-10-12,Active,,45000,1.0
EMP00543,Nisha Pillai,Other,1971-08-22,55,Married,Jaipur,Rajasthan,8370747533,nisha.pillai546@yahoo.com,DEP005,Senior Manager,B.Sc,11.7,2022-12-28,Active,,130000,3.0
EMP00544,Sneha Chaudhary,Female,2005-05-26,21,Divorced,Hyderabad,Telangana,9946978858,sneha.chaudhary587@hotmail.com,DEP004,General Manager,MBA,,2022-04-30,Active,,320000,5.0
EMP00545,Sanjay Chopra,Male,1986-02-28,40,Divorced,Delhi,Delhi,8140884718,sanjay.chopra35@gmail.com,DEP004,Executive,MBA,1.4,2018-02-15,On Notice Period,,160000,4.0
EMP00546,Priya Bansal,Female,1987-09-07,39,Married,Pune,Maharashtra,7265207322,priya.bansal358@gmail.com,DEP011,Deputy General Manager,Diploma,18.8,2020-03-12,On Notice Period,,35000,3.0
EMP00547,Sneha Pillai,Other,1972-06-04,54,Divorced,Ahmedabad,Gujarat,6845382207,sneha.pillai151@outlook.com,DEP011,Executive,MBA,17.3,2022-03-11,Active,,60000,3.0
EMP00548,Anil Mishra,Male,1980-10-14,45,Single,Noida,Uttar Pradesh,8649512009,anil.mishra519@outlook.com,DEP006,Deputy General Manager,MBA,4.6,2026-01-25,Terminated,,130000,1.0
EMP00549,Vihaan Gupta,Other,1974-11-04,51,Married,Lucknow,Uttar Pradesh,8297935512,vihaan.gupta595@gmail.com,DEP006,Vice President,Diploma,19.4,2019-02-22,On Notice Period,,200000,4.0
EMP00550,Ananya Joshi,Female,1997-02-07,29,Single,Lucknow,Uttar Pradesh,7253920296,ananya.joshi15@hotmail.com,DEP012,Assistant Manager,PhD,22.4,2022-07-26,Terminated,,320000,5.0
EMP00551,Anil Ghosh,Male,2003-04-22,23,Divorced,Chennai,Tamil Nadu,6639292939,anil.ghosh185@rediffmail.com,DEP001,Senior Manager,MBA,14.2,2022-07-21,Active,,320000,4.0
EMP00552,Myra Verma,Female,1973-04-17,53,Divorced,Kolkata,West Bengal,9420337481,myra.verma498@yahoo.com,DEP003,Analyst,M.Sc,24.6,2018-05-25,Active,,250000,5.0
EMP00553,Neha Patel,Female,1976-03-11,50,Divorced,Surat,Gujarat,8627759430,neha.patel441@outlook.com,DEP008,Senior Manager,PhD,20.7,2016-10-09,Active,,80000,1.0
EMP00554,Ajay Malhotra,Other,1979-01-21,47,Divorced,Nagpur,Maharashtra,9220821864,ajay.malhotra351@gmail.com,DEP012,Senior Analyst,MBA,29.6,2018-11-09,Terminated,2022-09-09,320000,4.0
EMP00555,Saanvi Patel,Female,1979-08-16,47,Single,Mumbai,Maharashtra,8361404693,saanvi.patel248@hotmail.com,DEP001,Consultant,M.Com,10.4,2016-10-11,Terminated,2017-08-13,80000,5.0
EMP00556,Ananya Pillai,Other,1983-01-25,43,Married,Jaipur,Rajasthan,7934560901,ananya.pillai773@outlook.com,DEP011,Intern,Diploma,17.2,2020-06-01,Resigned,2023-08-13,35000,4.0
EMP00557,Swati Sharma,Female,1987-08-01,39,Single,Bengaluru,Karnataka,7851274126,swati.sharma922@gmail.com,DEP002,Analyst,B.Tech,16.3,2015-08-26,Active,,160000,2.0
EMP00558,Saanvi Pillai,Female,1990-08-13,36,Married,Ghaziabad,Uttar Pradesh,7200753739,saanvi.pillai946@yahoo.com,DEP004,Vice President,M.Tech,20.2,2017-11-28,Active,,45000,2.0
EMP00559,Divya Nair,Other,1990-09-17,35,Single,Ahmedabad,Gujarat,7303142973,divya.nair272@gmail.com,DEP001,Senior Analyst,B.Com,12.5,2025-04-24,Active,,200000,3.0
EMP00560,Saanvi Agarwal,Female,1990-11-10,35,Single,Hyderabad,Telangana,9008948937,saanvi.agarwal237@gmail.com,DEP010,Associate,Diploma,27.9,2020-05-16,Active,,250000,3.0
EMP00561,Saurabh Joshi,Male,1997-05-20,29,Divorced,Ghaziabad,Uttar Pradesh,7772604104,saurabh.joshi28@hotmail.com,DEP006,Consultant,M.Tech,22.6,2021-08-29,Active,,160000,2.0
EMP00562,Ritu Chopra,Female,1979-03-08,47,Divorced,Ahmedabad,Gujarat,,ritu.chopra990@outlook.com,DEP005,Senior Associate,Diploma,4.3,2018-10-11,Active,,45000,1.0
EMP00563,Reyansh Yadav,Other,1974-02-07,52,Divorced,Chandigarh,Chandigarh,8961885504,reyansh.yadav805@rediffmail.com,DEP001,Vice President,M.Tech,12.8,2017-05-27,On Notice Period,,250000,2.0
EMP00564,Anil Desai,Male,1981-11-11,44,Divorced,Coimbatore,Tamil Nadu,7147212578,anil.desai984@yahoo.com,DEP004,Manager,M.Sc,9.4,2025-02-16,On Notice Period,,100000,3.0
EMP00565,Sunita Patel,Other,1998-12-09,27,Single,Chandigarh,Chandigarh,9478705402,sunita.patel@yahoo.com,DEP009,Consultant,B.Com,10.6,2025-03-06,Terminated,,45000,3.0
EMP00566,Sanjay Reddy,Other,1986-01-16,40,Divorced,Nagpur,Maharashtra,6984955513,sanjay.reddy575@hotmail.com,DEP006,Team Lead,M.Com,28.9,2017-11-18,Active,,200000,1.0
EMP00567,Kavya Yadav,Other,1979-11-03,46,Single,Ahmedabad,Gujarat,8582565374,kavya.yadav97@hotmail.com,DEP001,Assistant Manager,MBA,28.2,2020-12-05,Resigned,2025-12-14,250000,3.0
EMP00568,Nisha Kumar,Female,1985-05-10,41,Divorced,Mumbai,Maharashtra,9902763273,nisha.kumar156@yahoo.com,DEP012,General Manager,B.A.,6.5,2021-03-21,Active,,60000,2.0
EMP00569,Aditya Rao,Male,1987-01-18,39,Single,Ghaziabad,Uttar Pradesh,6506530152,aditya.rao370@outlook.com,DEP003,Analyst,B.A.,26.7,2024-12-14,Active,,25000,2.0
EMP00570,Gaurav Nair,Male,1987-12-09,38,Divorced,Nagpur,Maharashtra,8036330631,gaurav.nair60@rediffmail.com,DEP003,Senior Analyst,B.Sc,15.8,2022-03-08,Terminated,2024-11-27,130000,2.0
EMP00571,Vihaan Patel,Male,1978-12-26,47,Married,Chennai,Tamil Nadu,8185393798,vihaan.patel166@hotmail.com,DEP005,Consultant,M.Tech,5.9,2021-01-01,Active,,160000,4.0
EMP00572,Vikram Yadav,Other,1986-01-06,40,Single,Indore,Madhya Pradesh,,vikram.yadav511@yahoo.com,DEP007,Analyst,Diploma,19.9,2022-06-13,Resigned,,45000,2.0
EMP00573,REYANSH IYER,Other,1976-12-24,49,Divorced,Delhi,Delhi,6704946590,reyansh.iyer85@yahoo.com,DEP011,Senior Analyst,M.Tech,8.9,2022-10-25,Active,,200000,2.0
EMP00574,Shreya Yadav,Other,1986-06-20,40,Single,Surat,Gujarat,8472394352,shreya.yadav553@yahoo.com,DEP007,General Manager,M.Tech,1.0,2025-03-23,On Notice Period,,25000,4.0
EMP00575,Ajay Chaudhary,Male,1972-04-24,54,Divorced,Lucknow,Uttar Pradesh,,ajay.chaudhary699@gmail.com,DEP010,Assistant Manager,Diploma,4.1,2017-06-06,Active,,60000,3.0
EMP00576,Rekha Chopra,Female,1967-11-25,58,Single,Mumbai,Maharashtra,9656791924,rekha.chopra686@outlook.com,DEP005,Senior Associate,Diploma,28.2,2021-04-24,On Notice Period,,250000,4.0
EMP00577,Manish Mishra,Male,1994-06-04,32,Single,Bengaluru,Karnataka,7684205592,manish.mishra@rediffmail.com,DEP004,Team Lead,M.Tech,3.1,2019-06-01,On Notice Period,,80000,2.0
EMP00578,Ananya Mishra,Female,2004-09-27,21,Married,Jaipur,Rajasthan,7373911634,ananya.mishra543@yahoo.com,DEP004,Deputy General Manager,M.Com,,2025-05-23,On Notice Period,,100000,2.0
EMP00579,Sunita Ghosh,Female,1984-11-10,41,Married,Mumbai,Maharashtra,9402533174,sunita.ghosh95@rediffmail.com,DEP001,General Manager,M.Com,25.9,2026-03-13,On Notice Period,,80000,4.0
EMP00580,Rekha Patel,Other,1985-12-21,40,Single,Surat,Gujarat,6472971727,,DEP012,General Manager,B.Com,2.3,2026-03-21,On Notice Period,,25000,5.0
EMP00581,Neha Verma,Female,1972-06-11,54,Married,Ahmedabad,Gujarat,9197180797,neha.verma951@rediffmail.com,DEP006,Senior Manager,B.A.,10.6,2025-12-05,Active,,200000,5.0
EMP00582,Priya Joshi,Female,1976-02-20,50,Divorced,Bengaluru,Karnataka,6713485469,priya.joshi184@yahoo.com,DEP009,Manager,B.A.,19.0,2020-02-17,Active,,80000,3.0
EMP00583,Sanjay Sharma,Male,1970-10-16,55,Divorced,Surat,Gujarat,9245355944,sanjay.sharma532@gmail.com,DEP001,Executive,B.Tech,29.7,2015-03-15,Active,,130000,5.0
EMP00584,Rekha Kumar,Female,1975-11-04,50,Single,Coimbatore,Tamil Nadu,6616271741,rekha.kumar970@rediffmail.com,DEP001,Team Lead,B.Tech,6.0,2024-12-22,Resigned,2026-04-04,320000,4.0
EMP00585,Gaurav Agarwal,Other,2000-07-23,26,Single,Mumbai,Maharashtra,6605812624,gaurav.agarwal46@outlook.com,DEP003,Associate,Diploma,22.8,2017-09-02,Active,,130000,4.0
EMP00586,Ishaan Singh,Other,1975-10-15,50,Married,Ahmedabad,Gujarat,6731609451,ishaan.singh948@hotmail.com,DEP011,General Manager,B.Com,21.8,2025-07-04,Active,,130000,3.0
EMP00587,Aarav Yadav,Male,1982-01-27,44,Single,Bengaluru,Karnataka,7816528170,aarav.yadav961@outlook.com,DEP012,Assistant Manager,B.Com,27.0,2023-01-24,Resigned,2026-03-06,250000,5.0
EMP00588,Myra Mishra,Other,2000-09-05,26,Married,Ghaziabad,Uttar Pradesh,8095105405,myra.mishra718@rediffmail.com,DEP002,Vice President,B.Tech,,2023-12-27,Resigned,,320000,4.0
EMP00589,Krishna Kumar,Other,1985-04-25,41,Divorced,Ahmedabad,Gujarat,,krishna.kumar@hotmail.com,DEP012,Intern,M.Com,1.2,2024-08-24,Active,,45000,5.0
EMP00590,Aarav Bansal,Male,1985-05-22,41,Married,Coimbatore,Tamil Nadu,7491674212,aarav.bansal73@hotmail.com,DEP003,Assistant Manager,B.Tech,29.6,2019-06-10,Terminated,2022-07-05,130000,4.0
EMP00591,Pooja Malhotra,Other,1980-09-17,45,Divorced,Jaipur,Rajasthan,8303428766,pooja.malhotra812@yahoo.com,DEP010,Analyst,Diploma,12.8,2023-09-22,Active,,35000,3.0
EMP00592,Sunita Agarwal,Female,1967-06-18,59,Divorced,Surat,Gujarat,8657566550,sunita.agarwal577@gmail.com,DEP002,Vice President,B.Sc,10.4,2019-09-21,On Notice Period,,250000,4.0
EMP00593,Anil Pillai,Other,1971-11-27,54,Married,Lucknow,Uttar Pradesh,9475630608,anil.pillai603@gmail.com,DEP005,Executive,Diploma,1.6,2022-04-20,Active,,320000,2.0
EMP00594,Vivaan Bansal,Male,1995-11-16,30,Single,Mumbai,Maharashtra,9568810595,vivaan.bansal694@rediffmail.com,DEP008,Executive,B.Tech,28.1,2017-01-19,Active,,35000,3.0
EMP00595,Manish Menon,Other,1980-10-09,45,Divorced,Chennai,Tamil Nadu,,manish.menon970@yahoo.com,DEP001,Consultant,B.Tech,28.9,2015-05-11,Active,,130000,2.0
EMP00596,Vivaan Rao,Other,1982-12-21,43,Divorced,Noida,Uttar Pradesh,7679998814,vivaan.rao758@gmail.com,DEP007,General Manager,B.Com,11.1,2017-12-07,Active,,160000,1.0
EMP00597,Anjali Bansal,Other,1978-06-22,48,Married,Noida,Uttar Pradesh,7086483679,anjali.bansal31@yahoo.com,DEP005,Deputy General Manager,B.Com,9.2,2019-12-19,Active,,200000,1.0
EMP00598,Vivaan Shetty,Male,1985-09-19,40,Single,Surat,Gujarat,6609105147,vivaan.shetty169@yahoo.com,DEP008,Manager,M.Sc,6.2,2025-06-04,Active,,160000,4.0
EMP00599,Shreya Patel,Female,1970-08-13,56,Single,Chennai,Tamil Nadu,7566099217,shreya.patel317@hotmail.com,DEP005,Executive,B.A.,22.6,2019-10-12,Active,,130000,2.0
EMP00600,Deepak Kumar,Other,1987-05-08,39,Divorced,Nagpur,Maharashtra,6612196777,deepak.kumar449@yahoo.com,DEP006,Deputy General Manager,M.Sc,,2020-09-13,On Notice Period,,25000,5.0
EMP00601,Diya Joshi,Female,2000-09-14,25,Single,Nagpur,Maharashtra,7684936817,diya.joshi312@hotmail.com,DEP003,Senior Analyst,M.Tech,14.5,2020-05-10,On Notice Period,,320000,4.0
EMP00602,Manish Joshi,Other,1987-04-25,39,Married,Coimbatore,Tamil Nadu,6247993203,manish.joshi613@gmail.com,DEP005,Analyst,M.Com,24.4,2015-04-02,Active,,200000,4.0
EMP00603,Meera Yadav,Female,1976-03-09,50,Single,Chennai,Tamil Nadu,8692976479,meera.yadav780@gmail.com,DEP011,Consultant,B.Com,13.1,2023-12-23,Active,,45000,3.0
EMP00604,Vihaan Reddy,Other,1990-04-06,36,Single,Bengaluru,Karnataka,9002505430,vihaan.reddy757@hotmail.com,DEP004,Vice President,M.Tech,21.0,2023-03-30,Active,,250000,4.0
EMP00605,Anjali Chaudhary,Female,2003-01-10,23,Married,Kolkata,West Bengal,6253277955,anjali.chaudhary874@outlook.com,DEP010,Senior Manager,PhD,,2022-06-02,Resigned,,60000,2.0
EMP00606,Kavya Patel,Female,1984-03-05,42,Divorced,Nagpur,Maharashtra,9459103107,kavya.patel749@gmail.com,DEP003,Senior Analyst,M.Com,18.3,2025-08-07,Active,,45000,2.0
EMP00607,ajay rao,Other,2003-03-23,23,Divorced,Jaipur,Rajasthan,9911377505,ajay.rao157@yahoo.com,DEP004,Vice President,M.Com,0.8,2022-10-02,Active,,160000,5.0
EMP00608,Manish Shetty,Other,2001-07-08,25,Married,Jaipur,Rajasthan,8849458067,manish.shetty306@hotmail.com,DEP005,Senior Manager,M.Sc,14.7,2025-11-28,Terminated,,160000,3.0
EMP00609,Sanjay Rao,Male,1976-10-11,49,Divorced,Lucknow,Uttar Pradesh,6561725253,sanjay.rao169@rediffmail.com,DEP011,Executive,Diploma,9.7,2016-02-19,Active,,60000,4.0
EMP00610,Arjun Kumar,Male,1987-11-19,38,Single,Ghaziabad,Uttar Pradesh,9548854491,arjun.kumar687@hotmail.com,DEP002,Team Lead,Diploma,6.4,2018-04-12,Terminated,2019-07-18,60000,2.0
EMP00611,Sarika Reddy,Female,2002-09-14,23,Divorced,Ahmedabad,Gujarat,6346661677,sarika.reddy762@rediffmail.com,DEP004,Team Lead,PhD,1.1,2016-07-28,Active,,320000,3.0
EMP00612,Diya Mishra,Other,1972-09-07,54,Single,Hyderabad,Telangana,6930490712,diya.mishra915@gmail.com,DEP009,Assistant Manager,M.Com,16.5,2015-08-24,Terminated,2016-02-13,35000,3.0
EMP00613,Rahul Sharma,Other,1983-06-21,43,Divorced,Indore,Madhya Pradesh,7171018755,rahul.sharma437@gmail.com,DEP008,Deputy General Manager,B.Tech,2.5,2017-09-09,On Notice Period,,100000,4.0
EMP00614,Rahul Gupta,Male,1978-05-05,48,Married,Pune,Maharashtra,7097759694,rahul.gupta995@rediffmail.com,DEP006,Associate,MBA,9.2,2024-11-23,Active,,100000,5.0
EMP00615,Kavita Kumar,Female,2005-09-02,21,Married,Nagpur,Maharashtra,7300340287,kavita.kumar656@gmail.com,DEP008,Senior Associate,B.A.,7.5,2020-02-18,On Notice Period,,35000,3.0
EMP00616,Neha Patel,Female,2005-12-21,20,Divorced,Bengaluru,Karnataka,9281562706,neha.patel897@yahoo.com,DEP007,Associate,MBA,15.5,2024-12-04,Resigned,,320000,3.0
EMP00617,Priya Shetty,Female,2003-04-26,23,Married,Delhi,Delhi,7658902862,priya.shetty892@outlook.com,DEP010,Analyst,M.Com,,2020-01-01,Active,,60000,4.0
EMP00618,Meera Ghosh,Other,1994-08-24,32,Married,Lucknow,Uttar Pradesh,9005902446,meera.ghosh84@gmail.com,DEP003,Senior Analyst,MBA,11.9,2020-04-12,Active,,130000,3.0
EMP00619,Pooja Reddy,Female,2001-10-26,24,Divorced,Jaipur,Rajasthan,9940556746,pooja.reddy665@rediffmail.com,DEP010,Senior Associate,M.Sc,2.4,2015-08-15,Active,,80000,5.0
EMP00620,Ajay Joshi,Other,1987-04-18,39,Single,Chandigarh,Chandigarh,9390900618,ajay.joshi808@outlook.com,DEP005,Senior Associate,MBA,20.2,2024-05-16,Resigned,2024-12-25,200000,1.0
EMP00621,Krishna Kapoor,Other,1990-08-01,36,Divorced,Jaipur,Rajasthan,8552962323,krishna.kapoor289@rediffmail.com,DEP011,Analyst,B.Com,11.3,2017-12-09,On Notice Period,,80000,5.0
EMP00622,Meera Mishra,Female,1985-02-14,41,Married,Delhi,Delhi,7344753849,meera.mishra621@gmail.com,DEP012,Associate,B.Tech,28.2,2018-12-22,Resigned,2019-08-06,160000,1.0
EMP00623,Pooja Bansal,Other,1981-04-11,45,Single,Hyderabad,Telangana,9715539877,pooja.bansal161@yahoo.com,DEP011,Executive,M.Sc,22.6,2016-07-09,On Notice Period,,60000,1.0
EMP00624,Manish Chopra,Male,2001-06-10,25,Divorced,Delhi,Delhi,9849283880,manish.chopra411@gmail.com,DEP002,Consultant,B.Com,10.2,2018-07-14,On Notice Period,,200000,4.0
EMP00625,Rohan Mishra,Male,1976-03-13,50,Divorced,Pune,Maharashtra,8523942415,rohan.mishra5@hotmail.com,DEP007,Senior Analyst,M.Com,22.1,2025-04-01,On Notice Period,,35000,1.0
EMP00626,Reyansh Chaudhary,Male,2005-11-22,20,Divorced,Jaipur,Rajasthan,6670326311,reyansh.chaudhary54@rediffmail.com,DEP011,Deputy General Manager,B.Tech,13.7,2015-01-13,Terminated,2015-07-17,35000,2.0
EMP00627,Ritu Shetty,Female,1981-05-03,45,Divorced,Kolkata,West Bengal,7073090465,ritu.shetty254@yahoo.com,DEP012,Senior Associate,M.Com,1.7,2016-06-03,Resigned,2021-01-29,160000,2.0
EMP00628,Arjun Malhotra,Male,2003-09-08,23,Divorced,Chennai,Tamil Nadu,9982053909,arjun.malhotra746@hotmail.com,DEP003,Manager,PhD,8.7,2015-03-17,Active,,250000,3.0
EMP00629,Ishaan Agarwal,Other,1991-03-28,35,Married,Lucknow,Uttar Pradesh,9401512605,ishaan.agarwal395@hotmail.com,DEP008,Senior Manager,B.Sc,21.7,2020-10-16,Terminated,2023-04-05,200000,1.0
EMP00630,Ajay Ghosh,Male,1977-08-07,49,Single,Noida,Uttar Pradesh,9753496935,ajay.ghosh192@outlook.com,DEP012,Senior Manager,B.Tech,18.5,2024-10-09,Active,,160000,2.0
EMP00631,Krishna Malhotra,Male,1985-12-19,40,Single,Hyderabad,Telangana,6751599160,krishna.malhotra228@outlook.com,DEP011,Team Lead,M.Sc,23.1,2019-01-06,Active,,80000,3.0
EMP00632,Kavita Gupta,Female,1971-06-03,55,Divorced,Pune,Maharashtra,8339119292,kavita.gupta818@outlook.com,DEP009,Consultant,PhD,19.8,2021-03-02,Active,,60000,2.0
EMP00633,Isha Kumar,Female,1977-06-04,49,Divorced,Nagpur,Maharashtra,6737525216,isha.kumar40@hotmail.com,DEP003,Team Lead,PhD,27.7,2025-05-28,Active,,45000,5.0
EMP00634,Ajay Mishra,Other,1969-08-08,57,Divorced,Hyderabad,Telangana,7470824787,ajay.mishra525@hotmail.com,DEP012,Executive,B.Com,3.1,2016-01-14,Active,,60000,3.0
EMP00635,Vikram Chaudhary,Other,1985-05-12,41,Married,Delhi,Delhi,9139290999,vikram.chaudhary810@rediffmail.com,DEP009,Analyst,Diploma,13.2,2024-07-03,Active,,35000,3.0
EMP00636,Pooja Bose,Other,1972-07-23,54,Married,Ahmedabad,Gujarat,7982630620,,DEP010,Manager,B.Sc,0.5,2018-01-08,Active,,160000,5.0
EMP00637,Isha Bose,Female,1987-11-10,38,Married,Lucknow,Uttar Pradesh,6288104201,isha.bose387@hotmail.com,DEP011,Manager,B.Com,10.6,2019-11-07,On Notice Period,,160000,4.0
EMP00638,Kavita Menon,Female,1998-08-06,28,Married,Indore,Madhya Pradesh,,kavita.menon887@rediffmail.com,DEP002,Executive,Diploma,19.3,2015-11-06,Resigned,2020-10-13,80000,3.0
EMP00639,Vikram Rao,Other,1968-10-23,57,Divorced,Bengaluru,Karnataka,8525199515,vikram.rao126@rediffmail.com,DEP012,Analyst,B.Tech,28.2,2017-05-24,Active,,25000,3.0
EMP00640,Aditya Reddy,Other,1985-01-14,41,Single,Jaipur,Rajasthan,8097618794,aditya.reddy435@outlook.com,DEP006,General Manager,Diploma,5.5,2026-02-11,On Notice Period,,25000,3.0
EMP00641,Aman Joshi,Other,2005-06-22,21,Single,Chennai,Tamil Nadu,6562705851,aman.joshi38@rediffmail.com,DEP002,Senior Associate,B.Sc,9.4,2017-02-22,Active,,25000,5.0
EMP00642,Ajay Kapoor,Other,1999-02-13,27,Married,Coimbatore,Tamil Nadu,,ajay.kapoor481@yahoo.com,DEP007,Senior Analyst,B.Sc,0.3,2022-02-27,On Notice Period,,130000,3.0
EMP00643,Vivaan Kumar,Male,1996-04-16,30,Single,Pune,Maharashtra,7109999225,vivaan.kumar@outlook.com,DEP005,Associate,B.Sc,6.1,2019-01-11,Resigned,2025-07-16,200000,5.0
EMP00644,Kritika Singh,Female,1974-03-09,52,Divorced,Mumbai,Maharashtra,9740831581,kritika.singh99@outlook.com,DEP007,Manager,B.Com,6.6,2021-08-19,Terminated,2023-11-27,60000,2.0
EMP00645,Rekha Chaudhary,Other,1996-04-03,30,Married,Mumbai,Maharashtra,,rekha.chaudhary900@hotmail.com,DEP010,Manager,B.A.,1.7,2024-07-14,Active,,200000,1.0
EMP00646,Karan Chaudhary,Male,1975-11-28,50,Married,Lucknow,Uttar Pradesh,6723031845,karan.chaudhary489@gmail.com,DEP008,Senior Associate,MBA,5.7,2017-03-24,Active,,25000,5.0
EMP00647,Neha Ghosh,Female,2003-11-04,22,Single,Hyderabad,Telangana,9772674731,neha.ghosh876@rediffmail.com,DEP005,Analyst,B.Tech,1.1,2017-08-20,Resigned,2021-01-19,60000,2.0
EMP00648,Krishna Agarwal,Male,2000-10-01,25,Single,Indore,Madhya Pradesh,6991679882,krishna.agarwal421@hotmail.com,DEP008,Analyst,B.A.,2.0,2022-06-22,On Notice Period,,320000,5.0
EMP00649,Nisha Iyer,Female,1991-11-16,34,Married,Surat,Gujarat,7899206532,nisha.iyer151@rediffmail.com,DEP005,Team Lead,M.Tech,25.9,2024-06-14,Active,,200000,3.0
EMP00650,Riya Reddy,Other,1986-07-28,40,Married,Pune,Maharashtra,8400583516,riya.reddy56@hotmail.com,DEP004,Analyst,M.Sc,21.1,2018-11-14,Active,,320000,2.0
EMP00651,Ajay Ghosh,Other,1977-01-13,49,Single,Surat,Gujarat,7866214659,ajay.ghosh278@gmail.com,DEP011,Senior Manager,MBA,26.0,2017-12-10,Active,,320000,2.0
EMP00652,Ritu Chaudhary,Female,1993-05-25,33,Married,Hyderabad,Telangana,8613958910,ritu.chaudhary322@yahoo.com,DEP008,Intern,M.Sc,5.6,2024-10-22,Active,,60000,2.0
EMP00653,Ajay Singh,Other,2004-02-11,22,Married,Kolkata,West Bengal,8955729563,ajay.singh173@hotmail.com,DEP003,Senior Analyst,M.Tech,,2016-06-02,Active,,250000,1.0
EMP00654,Suresh Menon,Male,1985-12-12,40,Single,Noida,Uttar Pradesh,6046317865,suresh.menon70@yahoo.com,DEP005,Assistant Manager,PhD,10.3,2018-06-08,Resigned,2023-06-30,60000,2.0
EMP00655,Rahul Verma,Male,1989-12-05,36,Divorced,Lucknow,Uttar Pradesh,7491853111,rahul.verma557@rediffmail.com,DEP003,Senior Manager,B.Com,5.8,2015-01-22,Active,,160000,2.0
EMP00656,Ramesh Agarwal,Male,1997-09-14,28,Divorced,Chandigarh,Chandigarh,6548250725,ramesh.agarwal213@gmail.com,DEP002,General Manager,Diploma,3.0,2019-01-25,Active,,200000,3.0
EMP00657,Reyansh Chopra,Other,1988-01-24,38,Single,Kolkata,West Bengal,7600789704,reyansh.chopra@hotmail.com,DEP009,General Manager,PhD,24.0,2015-03-19,Active,,60000,2.0
EMP00658,Shreya Kapoor,Female,1982-06-28,44,Single,Coimbatore,Tamil Nadu,9457461718,,DEP002,General Manager,MBA,8.5,2024-10-19,Active,,160000,3.0
EMP00659,Diya Reddy,Other,1987-01-18,39,Single,Delhi,Delhi,,diya.reddy794@hotmail.com,DEP008,Associate,Diploma,11.2,2016-06-26,Active,,25000,1.0
EMP00660,Kritika Menon,Other,2000-08-10,26,Divorced,Nagpur,Maharashtra,7655578510,kritika.menon583@outlook.com,DEP007,Team Lead,B.A.,19.9,2022-07-03,On Notice Period,,100000,4.0
EMP00661,Rahul Reddy,Male,1980-10-07,45,Married,Bengaluru,Karnataka,6878732465,rahul.reddy698@gmail.com,DEP005,Team Lead,M.Com,4.0,2018-12-12,Active,,160000,4.0
EMP00662,Anil Kapoor,Male,1977-11-04,48,Married,Noida,Uttar Pradesh,8738974814,,DEP010,Assistant Manager,B.Tech,9.5,2025-03-05,Active,,130000,1.0
EMP00663,Pooja Kumar,Female,2005-05-17,21,Married,Mumbai,Maharashtra,7041247126,pooja.kumar794@outlook.com,DEP005,Manager,M.Com,9.8,2022-01-31,On Notice Period,,250000,3.0
EMP00664,Ramesh Singh,Male,1985-10-06,40,Single,Chennai,Tamil Nadu,,ramesh.singh724@gmail.com,DEP008,Vice President,B.Tech,4.6,2021-04-28,Active,,320000,5.0
EMP00665,Deepak Reddy,Male,1978-11-19,47,Married,Mumbai,Maharashtra,9372307286,deepak.reddy187@hotmail.com,DEP012,Associate,MBA,16.0,2015-10-29,Terminated,2020-10-14,60000,3.0
EMP00666,Diya Mishra,Other,1991-12-13,34,Single,Surat,Gujarat,6400252759,diya.mishra158@yahoo.com,DEP009,Manager,Diploma,15.6,2018-04-25,Active,,35000,2.0
EMP00667,Anil Menon,Other,1989-02-10,37,Single,Delhi,Delhi,7688750866,anil.menon697@gmail.com,DEP002,Analyst,M.Sc,22.3,2022-04-15,Active,,160000,4.0
EMP00668,Saurabh Menon,Male,1985-10-20,40,Married,Surat,Gujarat,,saurabh.menon@outlook.com,DEP001,Vice President,PhD,28.1,2025-10-15,Active,,80000,3.0
EMP00669,Vikram Chopra,Other,2004-05-28,22,Single,Chandigarh,Chandigarh,9031868048,vikram.chopra632@outlook.com,DEP011,Consultant,M.Tech,21.6,2026-04-04,Active,,45000,2.0
EMP00670,Anil Gupta,Male,1997-08-15,29,Divorced,Mumbai,Maharashtra,6537503080,anil.gupta217@hotmail.com,DEP001,Intern,B.Sc,26.5,2016-01-18,Active,,200000,5.0
EMP00671,Arjun Gupta,Male,1967-07-13,59,Divorced,Ahmedabad,Gujarat,7015223751,arjun.gupta254@yahoo.com,DEP001,Senior Manager,M.Tech,16.2,2023-08-11,Active,,60000,4.0
EMP00672,Reyansh Bansal,Male,1988-09-07,38,Divorced,Bengaluru,Karnataka,7996468843,reyansh.bansal543@outlook.com,DEP012,Vice President,B.Com,9.3,2026-06-07,Active,,80000,4.0
EMP00673,Reyansh Joshi,Male,1982-02-16,44,Married,Delhi,Delhi,9647622651,reyansh.joshi427@hotmail.com,DEP005,Deputy General Manager,PhD,26.4,2015-09-08,Active,,60000,4.0
EMP00674,Arjun Kumar,Male,1966-04-03,60,Divorced,Noida,Uttar Pradesh,7702687295,arjun.kumar619@hotmail.com,DEP004,Vice President,B.Com,15.4,2015-11-26,Active,,250000,3.0
EMP00675,Sarika Kumar,Other,1982-05-04,44,Married,Surat,Gujarat,6029442985,sarika.kumar@rediffmail.com,DEP009,Senior Analyst,B.Tech,13.5,2025-04-08,Active,,80000,2.0
EMP00676,Ritu Rao,Other,1989-02-02,37,Married,Lucknow,Uttar Pradesh,7873711243,ritu.rao508@hotmail.com,DEP002,General Manager,M.Sc,29.9,2025-02-22,Resigned,2026-04-02,25000,1.0
EMP00677,Deepak Chopra,Male,1975-07-23,51,Single,Pune,Maharashtra,8393769517,deepak.chopra417@gmail.com,DEP010,Vice President,MBA,28.9,2020-09-02,On Notice Period,,160000,3.0
EMP00678,Kavita Agarwal,Female,2001-03-04,25,Single,Ghaziabad,Uttar Pradesh,9388477656,kavita.agarwal@gmail.com,DEP006,Intern,Diploma,24.9,2016-09-27,Active,,45000,4.0
EMP00679,aarav chopra,Other,1986-12-08,39,Divorced,Hyderabad,Telangana,7988660509,aarav.chopra60@gmail.com,DEP009,Consultant,B.Com,26.8,2025-02-24,Terminated,,45000,2.0
EMP00680,Vikram Bose,Male,1998-07-15,28,Single,Lucknow,Uttar Pradesh,6607871069,vikram.bose881@gmail.com,DEP011,Deputy General Manager,B.Com,15.3,2015-03-15,Terminated,2017-07-03,100000,2.0
EMP00681,ritu reddy,Other,1975-06-03,51,Married,Noida,Uttar Pradesh,7974816289,ritu.reddy674@gmail.com,DEP004,Manager,PhD,1.9,2016-11-06,Active,,45000,3.0
EMP00682,Ramesh Chopra,Other,1975-08-15,51,Divorced,Bengaluru,Karnataka,9841703277,ramesh.chopra@gmail.com,DEP005,Assistant Manager,B.Com,18.7,2022-06-28,Active,,250000,3.0
EMP00683,Swati Rao,Female,1989-12-24,36,Single,Coimbatore,Tamil Nadu,8644177680,swati.rao489@yahoo.com,DEP001,Assistant Manager,B.Tech,1.4,2023-07-16,Active,,200000,3.0
EMP00684,Priya Verma,Other,1990-11-18,35,Single,Kolkata,West Bengal,7558021315,priya.verma538@gmail.com,DEP001,Intern,Diploma,19.9,2017-02-04,Active,,80000,3.0
EMP00685,Manish Agarwal,Male,1997-02-01,29,Married,Kolkata,West Bengal,6635874001,manish.agarwal@yahoo.com,DEP001,Senior Associate,B.Sc,7.8,2021-03-06,Active,,100000,4.0
EMP00686,Gaurav Bose,Other,1985-12-13,40,Single,Jaipur,Rajasthan,9790780596,gaurav.bose253@hotmail.com,DEP008,Manager,M.Tech,25.3,2016-10-28,Active,,160000,1.0
EMP00687,Aadhya Kapoor,Female,1995-06-03,31,Divorced,Chandigarh,Chandigarh,8774748284,aadhya.kapoor196@rediffmail.com,DEP003,Team Lead,MBA,9.1,2020-10-21,Resigned,2021-02-08,130000,2.0
EMP00688,Ananya Reddy,Female,1983-06-19,43,Divorced,Hyderabad,Telangana,6686065980,ananya.reddy314@yahoo.com,DEP007,Executive,B.Com,20.8,2015-02-13,Active,,100000,1.0
EMP00689,Ajay Menon,Male,1968-03-22,58,Divorced,Coimbatore,Tamil Nadu,7449181314,ajay.menon185@outlook.com,DEP007,Senior Associate,PhD,5.5,2026-04-09,On Notice Period,,80000,4.0
EMP00690,Aman Bansal,Male,1967-02-24,59,Divorced,Surat,Gujarat,8557245810,aman.bansal86@gmail.com,DEP006,Assistant Manager,Diploma,28.7,2016-06-16,Resigned,2022-03-23,200000,2.0
EMP00691,Aman Joshi,Male,1999-02-08,27,Married,Kolkata,West Bengal,6030274248,aman.joshi91@gmail.com,DEP009,Consultant,Diploma,6.0,2025-02-13,Active,,320000,4.0
EMP00692,Suresh Nair,Other,1995-12-04,30,Divorced,Hyderabad,Telangana,9554848449,suresh.nair60@hotmail.com,DEP001,Intern,M.Com,1.8,2015-05-15,Terminated,2018-04-13,35000,5.0
EMP00693,Sunita Mishra,Female,1968-10-20,57,Divorced,Ghaziabad,Uttar Pradesh,6094021011,sunita.mishra20@hotmail.com,DEP012,Consultant,M.Sc,4.1,2017-06-24,Active,,80000,5.0
EMP00694,Arjun Rao,Other,1980-02-20,46,Divorced,Surat,Gujarat,9372684926,arjun.rao161@hotmail.com,DEP004,Intern,Diploma,20.2,2020-11-04,Active,,25000,1.0
EMP00695,SANJAY CHAUDHARY,Other,1984-11-17,41,Married,Delhi,Delhi,6695185625,sanjay.chaudhary152@outlook.com,DEP001,Executive,PhD,5.4,2018-07-14,Active,,160000,1.0
EMP00696,Saanvi Yadav,Female,1967-12-10,58,Single,Delhi,Delhi,7074953477,saanvi.yadav328@yahoo.com,DEP011,Manager,B.Tech,28.3,2022-02-19,Active,,100000,3.0
EMP00697,Kavya Patel,Female,1980-09-28,45,Divorced,Kolkata,West Bengal,9142092952,kavya.patel37@gmail.com,DEP009,Senior Manager,M.Tech,28.7,2026-03-11,Resigned,,80000,3.0
EMP00698,Manish Chopra,Male,1980-03-17,46,Married,Noida,Uttar Pradesh,7158100235,manish.chopra580@hotmail.com,DEP003,Manager,B.Sc,19.5,2025-07-23,Active,,60000,3.0
EMP00699,Aman Rao,Other,1973-08-27,53,Divorced,Pune,Maharashtra,8477790369,aman.rao501@gmail.com,DEP008,Vice President,M.Tech,28.2,2019-07-20,Active,,250000,4.0
EMP00700,Ananya Pillai,Female,1972-06-27,54,Divorced,Noida,Uttar Pradesh,7048073176,ananya.pillai767@hotmail.com,DEP008,Consultant,B.A.,15.1,2021-06-01,Active,,200000,1.0
EMP00701,Neha Bose,Other,1987-07-12,39,Divorced,Ahmedabad,Gujarat,9035527329,neha.bose865@hotmail.com,DEP001,Consultant,M.Com,3.4,2018-01-24,Active,,130000,3.0
EMP00702,Gaurav Nair,Other,2003-10-03,22,Married,Mumbai,Maharashtra,,gaurav.nair331@outlook.com,DEP004,Senior Manager,PhD,17.6,2019-10-17,Terminated,2022-04-23,130000,5.0
EMP00703,Riya Chopra,Female,1972-12-16,53,Divorced,Pune,Maharashtra,6390627549,riya.chopra651@outlook.com,DEP006,Executive,PhD,16.7,2019-05-13,Active,,100000,3.0
EMP00704,kavita agarwal,Other,1976-05-12,50,Single,Bengaluru,Karnataka,9921660976,kavita.agarwal799@gmail.com,DEP004,Senior Analyst,B.Com,24.3,2024-09-08,On Notice Period,,250000,4.0
EMP00705,Kritika Agarwal,Female,2001-06-03,25,Single,Nagpur,Maharashtra,,kritika.agarwal828@rediffmail.com,DEP003,Associate,MBA,9.0,2018-06-24,Active,,35000,1.0
EMP00706,Kritika Agarwal,Other,1968-01-20,58,Single,Pune,Maharashtra,8976054171,kritika.agarwal82@gmail.com,DEP005,Manager,M.Tech,14.4,2016-07-22,Active,,60000,3.0
EMP00707,Sarika Kapoor,Other,2002-05-21,24,Divorced,Lucknow,Uttar Pradesh,9214636547,sarika.kapoor172@gmail.com,DEP011,Associate,B.Tech,19.7,2025-01-06,Active,,250000,1.0
EMP00708,Sanjay Sharma,Male,1989-06-23,37,Divorced,Mumbai,Maharashtra,9643655931,sanjay.sharma679@yahoo.com,DEP005,Manager,PhD,1.3,2022-12-16,Resigned,,45000,2.0
EMP00709,Meera Singh,Female,2000-06-17,26,Divorced,Chandigarh,Chandigarh,8089702458,meera.singh530@yahoo.com,DEP002,Consultant,B.Tech,2.5,2024-03-16,Terminated,,200000,2.0
EMP00710,Swati Ghosh,Other,1966-09-04,60,Divorced,Surat,Gujarat,7761423280,swati.ghosh76@hotmail.com,DEP011,Manager,M.Com,16.0,2020-11-19,Active,,130000,1.0
EMP00711,Ishaan Verma,Male,1986-10-07,39,Single,Pune,Maharashtra,9047371493,ishaan.verma@rediffmail.com,DEP012,Senior Manager,B.Com,21.1,2017-09-24,Resigned,2018-11-03,100000,1.0
EMP00712,Pooja Malhotra,Other,1977-01-01,49,Divorced,Surat,Gujarat,9082747801,pooja.malhotra549@gmail.com,DEP001,Executive,M.Com,10.2,2020-06-26,Resigned,2023-10-16,200000,1.0
EMP00713,Rekha Nair,Female,2000-04-01,26,Single,Jaipur,Rajasthan,9751843035,rekha.nair614@outlook.com,DEP010,Analyst,B.Sc,0.0,2023-02-19,Active,,80000,2.0
EMP00714,Sanjay Verma,Other,1968-09-04,58,Single,Lucknow,Uttar Pradesh,7186925484,sanjay.verma122@hotmail.com,DEP002,Senior Manager,M.Sc,8.1,2022-01-21,Active,,25000,3.0
EMP00715,Manish Gupta,Other,1989-06-09,37,Married,Nagpur,Maharashtra,9923405181,manish.gupta179@yahoo.com,DEP012,Intern,Diploma,7.9,2021-06-21,Resigned,,250000,3.0
EMP00716,Isha Gupta,Female,1975-03-03,51,Single,Jaipur,Rajasthan,6872861948,isha.gupta@outlook.com,DEP007,Senior Manager,B.Tech,28.9,2023-02-22,Active,,45000,1.0
EMP00717,Gaurav Gupta,Male,1980-01-24,46,Married,Ahmedabad,Gujarat,6875873197,gaurav.gupta856@rediffmail.com,DEP007,Senior Associate,MBA,7.8,2025-01-16,Active,,80000,5.0
EMP00718,Ishaan Yadav,Male,1974-04-07,52,Married,Ghaziabad,Uttar Pradesh,9154557172,ishaan.yadav353@outlook.com,DEP009,Deputy General Manager,PhD,9.6,2017-02-24,Active,,60000,1.0
EMP00719,Swati Agarwal,Female,1986-06-08,40,Single,Kolkata,West Bengal,7871082749,swati.agarwal314@yahoo.com,DEP012,Analyst,M.Sc,29.8,2020-11-08,Active,,130000,5.0
EMP00720,Diya Kapoor,Other,1988-01-06,38,Divorced,Hyderabad,Telangana,7438978985,diya.kapoor709@gmail.com,DEP008,Senior Associate,MBA,12.3,2017-05-24,Terminated,2023-01-27,250000,3.0
EMP00721,Meera Iyer,Other,1969-12-04,56,Single,Coimbatore,Tamil Nadu,7826196920,meera.iyer871@hotmail.com,DEP011,Assistant Manager,B.A.,8.4,2026-02-07,Terminated,,80000,4.0
EMP00722,Kritika Patel,Other,1991-11-23,34,Married,Lucknow,Uttar Pradesh,8733655687,kritika.patel921@rediffmail.com,DEP008,Deputy General Manager,PhD,14.5,2022-05-28,Active,,35000,3.0
EMP00723,Riya Malhotra,Female,1974-05-02,52,Divorced,Delhi,Delhi,,riya.malhotra777@hotmail.com,DEP007,Senior Associate,M.Com,18.2,2021-03-28,Active,,200000,4.0
EMP00724,Saurabh Agarwal,Male,1973-10-16,52,Divorced,Noida,Uttar Pradesh,8956989220,saurabh.agarwal963@gmail.com,DEP012,Associate,M.Tech,18.6,2015-07-22,Terminated,2019-12-21,60000,2.0
EMP00725,Ramesh Shetty,Male,1982-07-17,44,Married,Jaipur,Rajasthan,9436122312,ramesh.shetty274@rediffmail.com,DEP012,Vice President,PhD,18.9,2023-07-26,Active,,320000,5.0
EMP00726,Karan Malhotra,Male,2000-11-22,25,Single,Ghaziabad,Uttar Pradesh,8327961524,karan.malhotra388@yahoo.com,DEP011,Senior Analyst,PhD,24.3,2016-06-09,Active,,130000,1.0
EMP00727,Ramesh Menon,Other,1988-03-01,38,Single,Delhi,Delhi,8701962496,ramesh.menon478@outlook.com,DEP001,Associate,M.Com,21.1,2017-10-19,Active,,130000,1.0
EMP00728,Kavya Rao,Other,1990-02-05,36,Single,Mumbai,Maharashtra,,kavya.rao938@rediffmail.com,DEP010,Vice President,M.Sc,5.6,2024-10-26,Resigned,,35000,3.0
EMP00729,Shreya Shetty,Female,1985-07-06,41,Single,Ahmedabad,Gujarat,9686693952,shreya.shetty900@yahoo.com,DEP008,Intern,B.A.,27.0,2025-02-25,Active,,200000,3.0
EMP00730,Ajay Kumar,Male,1971-05-15,55,Married,Bengaluru,Karnataka,7436053118,ajay.kumar@rediffmail.com,DEP006,Vice President,M.Com,11.1,2015-11-01,Active,,320000,5.0
EMP00731,Saurabh Menon,Male,1996-01-26,30,Divorced,Ghaziabad,Uttar Pradesh,9162014283,saurabh.menon627@gmail.com,DEP001,Associate,M.Tech,28.9,2024-02-27,Active,,320000,1.0
EMP00732,Saurabh Agarwal,Other,2002-04-21,24,Married,Chennai,Tamil Nadu,7096243930,saurabh.agarwal170@outlook.com,DEP011,Vice President,B.Com,8.4,2015-06-03,Active,,250000,2.0
EMP00733,Anil Malhotra,Male,1975-11-22,50,Married,Pune,Maharashtra,6175077297,anil.malhotra439@hotmail.com,DEP003,Deputy General Manager,M.Tech,26.9,2023-04-09,On Notice Period,,60000,1.0
EMP00734,Ramesh Rao,Other,1979-12-19,46,Single,Bengaluru,Karnataka,8622581797,ramesh.rao758@gmail.com,DEP006,Deputy General Manager,Diploma,29.1,2018-10-26,Active,,320000,2.0
EMP00735,Gaurav Malhotra,Male,1989-12-17,36,Divorced,Kolkata,West Bengal,6757734524,,DEP002,Intern,MBA,28.6,2015-04-08,Terminated,2020-06-04,100000,2.0
EMP00736,Ritu Iyer,Female,1976-07-07,50,Divorced,Chandigarh,Chandigarh,7476563998,ritu.iyer915@gmail.com,DEP006,Team Lead,M.Tech,0.3,2025-03-08,Resigned,,130000,4.0
EMP00737,Divya Bose,Female,1988-05-08,38,Divorced,Ahmedabad,Gujarat,,divya.bose105@outlook.com,DEP003,Vice President,PhD,23.0,2023-06-12,Active,,25000,5.0
EMP00738,Kritika Desai,Female,1986-12-27,39,Single,Hyderabad,Telangana,8622139019,kritika.desai13@hotmail.com,DEP005,Consultant,B.Tech,13.7,2022-09-02,Resigned,2025-04-30,250000,5.0
EMP00739,Ananya Shetty,Female,1986-01-17,40,Divorced,Bengaluru,Karnataka,8074239147,ananya.shetty259@gmail.com,DEP003,Manager,M.Tech,16.4,2023-06-03,Active,,250000,3.0
EMP00740,Saanvi Kumar,Female,2003-02-05,23,Married,Surat,Gujarat,,saanvi.kumar512@gmail.com,DEP010,Senior Associate,Diploma,5.3,2018-05-27,Resigned,2023-10-01,200000,3.0
EMP00741,Sneha Pillai,Female,1973-11-14,52,Single,Lucknow,Uttar Pradesh,,sneha.pillai177@gmail.com,DEP007,Executive,MBA,11.7,2016-02-20,Active,,320000,3.0
EMP00742,Swati Ghosh,Female,1988-05-08,38,Single,Chennai,Tamil Nadu,,swati.ghosh451@hotmail.com,DEP012,Senior Manager,B.Sc,7.4,2024-06-17,Resigned,,250000,5.0
EMP00743,Krishna Agarwal,Male,1986-08-09,40,Divorced,Jaipur,Rajasthan,7602066010,krishna.agarwal110@hotmail.com,DEP003,Intern,M.Com,0.5,2024-06-29,Active,,80000,4.0
EMP00744,Kavya Agarwal,Other,1997-09-08,29,Single,Chandigarh,Chandigarh,8121521878,kavya.agarwal496@gmail.com,DEP003,Team Lead,B.A.,15.6,2022-04-30,Active,,130000,4.0
EMP00745,Vihaan Yadav,Male,1990-10-20,35,Single,Nagpur,Maharashtra,8356673483,vihaan.yadav507@outlook.com,DEP004,Assistant Manager,M.Sc,8.0,2024-01-27,Active,,130000,3.0
EMP00746,Aditya Reddy,Male,1986-10-07,39,Single,Mumbai,Maharashtra,8665195060,aditya.reddy988@hotmail.com,DEP010,Vice President,B.Sc,10.8,2016-01-29,Resigned,2017-10-12,25000,3.0
EMP00747,Rohan Rao,Male,1999-10-27,26,Divorced,Surat,Gujarat,8272219917,rohan.rao992@outlook.com,DEP010,Senior Analyst,MBA,,2016-08-20,Terminated,2020-12-15,200000,5.0
EMP00748,Rahul Sharma,Male,1977-01-22,49,Married,Chennai,Tamil Nadu,,rahul.sharma336@yahoo.com,DEP003,Vice President,B.A.,10.2,2020-10-12,Resigned,,45000,2.0
EMP00749,Rohan Singh,Other,1968-07-27,58,Single,Ahmedabad,Gujarat,7488587884,rohan.singh725@yahoo.com,DEP004,Associate,B.Tech,22.1,2018-03-12,Active,,130000,5.0
EMP00750,Krishna Yadav,Other,1985-10-25,40,Divorced,Noida,Uttar Pradesh,8976095423,krishna.yadav@gmail.com,DEP009,Deputy General Manager,M.Tech,23.9,2026-01-21,Terminated,,80000,5.0
EMP00751,Manish Menon,Male,1984-07-18,42,Single,Bengaluru,Karnataka,7703470988,manish.menon714@yahoo.com,DEP003,Manager,PhD,27.0,2015-07-26,On Notice Period,,60000,1.0
EMP00752,Riya Reddy,Female,1968-05-13,58,Single,Pune,Maharashtra,8835558360,riya.reddy162@outlook.com,DEP010,Team Lead,M.Tech,10.4,2026-01-21,Active,,250000,3.0
EMP00753,AARAV NAIR,Other,1967-01-26,59,Single,Chandigarh,Chandigarh,,aarav.nair449@outlook.com,DEP002,Consultant,B.Sc,2.9,2020-10-18,Resigned,2021-01-16,130000,2.0
EMP00754,Sanjay Ghosh,Male,1995-10-16,30,Divorced,Kolkata,West Bengal,8102538290,sanjay.ghosh289@hotmail.com,DEP008,Senior Associate,B.Sc,12.4,2023-05-22,On Notice Period,,80000,5.0
EMP00755,Aman Gupta,Male,1971-07-01,55,Single,Jaipur,Rajasthan,7578035869,aman.gupta375@yahoo.com,DEP008,Senior Manager,B.A.,1.0,2019-02-20,Active,,45000,2.0
EMP00756,Naveen Sharma,Male,1990-12-07,35,Married,Ghaziabad,Uttar Pradesh,9432766928,naveen.sharma434@outlook.com,DEP010,Vice President,B.Tech,1.4,2017-02-19,Active,,25000,1.0
EMP00757,Naveen Bose,Other,2002-04-18,24,Married,Delhi,Delhi,7908425867,naveen.bose673@outlook.com,DEP011,Deputy General Manager,M.Com,7.4,2024-04-27,Terminated,,320000,2.0
EMP00758,Reyansh Patel,Male,1968-03-28,58,Divorced,Bengaluru,Karnataka,9773257038,reyansh.patel140@gmail.com,DEP011,Senior Analyst,PhD,16.2,2023-09-03,Active,,100000,5.0
EMP00759,Ishaan Bansal,Other,1968-08-08,58,Married,Jaipur,Rajasthan,8879347451,ishaan.bansal947@hotmail.com,DEP010,Deputy General Manager,B.A.,22.7,2015-05-13,Terminated,2019-06-29,160000,3.0
EMP00760,Myra Malhotra,Female,1979-03-12,47,Single,Ghaziabad,Uttar Pradesh,6932553680,myra.malhotra672@rediffmail.com,DEP003,Senior Associate,Diploma,9.7,2017-06-09,Terminated,2020-03-09,250000,1.0
EMP00761,Aarav Rao,Male,1967-06-05,59,Divorced,Delhi,Delhi,7774040710,aarav.rao@gmail.com,DEP004,Deputy General Manager,M.Sc,19.7,2023-12-13,Active,,250000,1.0
EMP00762,Rahul Joshi,Male,1969-06-01,57,Married,Noida,Uttar Pradesh,8218654539,rahul.joshi661@yahoo.com,DEP006,Team Lead,MBA,23.2,2023-12-18,On Notice Period,,250000,5.0
EMP00763,Aditya Desai,Male,1983-05-19,43,Married,Pune,Maharashtra,9303491050,aditya.desai634@outlook.com,DEP012,Team Lead,M.Com,23.2,2016-01-18,On Notice Period,,25000,3.0
EMP00764,Saurabh Nair,Other,2004-04-22,22,Divorced,Chandigarh,Chandigarh,8149597038,saurabh.nair574@yahoo.com,DEP005,Associate,MBA,5.4,2019-07-06,Active,,60000,2.0
EMP00765,Ramesh Malhotra,Male,2005-10-01,20,Married,Delhi,Delhi,9928868681,ramesh.malhotra948@gmail.com,DEP004,Manager,PhD,12.0,2015-10-13,Terminated,2017-10-30,100000,1.0
EMP00766,Diya Rao,Other,2004-02-18,22,Single,Ahmedabad,Gujarat,8119563063,diya.rao968@gmail.com,DEP012,Vice President,Diploma,,2018-04-12,Resigned,2025-01-27,320000,3.0
EMP00767,Nikhil Patel,Other,1969-04-23,57,Divorced,Noida,Uttar Pradesh,7402218345,nikhil.patel391@yahoo.com,DEP006,General Manager,MBA,29.3,2020-11-19,Active,,25000,5.0
EMP00768,Sanjay Agarwal,Male,1979-03-13,47,Single,Bengaluru,Karnataka,9905152681,sanjay.agarwal741@outlook.com,DEP001,Team Lead,B.Tech,25.1,2022-09-06,Active,,160000,5.0
EMP00769,Manish Nair,Male,1991-11-22,34,Divorced,Pune,Maharashtra,6332812118,manish.nair@gmail.com,DEP005,Executive,B.A.,29.8,2017-06-13,On Notice Period,,35000,4.0
EMP00770,Aadhya Rao,Other,1989-03-15,37,Married,Chandigarh,Chandigarh,6485957961,aadhya.rao617@outlook.com,DEP006,Consultant,PhD,23.8,2015-11-06,Active,,25000,4.0
EMP00771,Rahul Bansal,Male,1990-12-27,35,Single,Ahmedabad,Gujarat,6055757182,rahul.bansal892@rediffmail.com,DEP002,Executive,Diploma,15.2,2018-03-11,Resigned,2022-09-25,60000,3.0
EMP00772,Saanvi Singh,Other,1966-12-25,59,Divorced,Hyderabad,Telangana,9800752903,saanvi.singh150@yahoo.com,DEP004,Senior Manager,M.Sc,28.5,2022-05-09,Resigned,2023-07-21,320000,1.0
EMP00773,Nikhil Joshi,Other,2005-10-10,20,Divorced,Indore,Madhya Pradesh,9119580144,nikhil.joshi486@outlook.com,DEP001,General Manager,M.Tech,,2017-06-06,Active,,60000,2.0
EMP00774,Kavita Bansal,Other,1986-04-13,40,Married,Chennai,Tamil Nadu,,kavita.bansal85@hotmail.com,DEP006,Executive,M.Com,24.1,2019-03-20,Active,,320000,4.0
EMP00775,Deepak Bansal,Male,1976-05-26,50,Divorced,Chennai,Tamil Nadu,7569998177,deepak.bansal213@hotmail.com,DEP007,Senior Analyst,M.Com,18.4,2024-07-07,Resigned,,80000,5.0
EMP00776,Kavya Singh,Other,1979-08-25,47,Divorced,Coimbatore,Tamil Nadu,9101883445,kavya.singh672@gmail.com,DEP009,Senior Manager,M.Sc,13.7,2025-06-21,Active,,45000,5.0
EMP00777,Rekha Pillai,Female,1975-12-26,50,Married,Kolkata,West Bengal,,rekha.pillai177@yahoo.com,DEP006,Associate,M.Com,28.4,2019-01-01,On Notice Period,,320000,3.0
EMP00778,Swati Rao,Female,1972-03-12,54,Divorced,Hyderabad,Telangana,8886539011,swati.rao959@rediffmail.com,DEP011,General Manager,B.Sc,2.3,2021-06-13,Active,,60000,5.0
EMP00779,Rahul Kapoor,Male,2000-06-04,26,Single,Indore,Madhya Pradesh,8664546009,rahul.kapoor665@yahoo.com,DEP003,Consultant,M.Com,21.8,2025-05-14,Active,,130000,1.0
EMP00780,Aman Agarwal,Other,1976-12-16,49,Married,Hyderabad,Telangana,6579752538,aman.agarwal570@yahoo.com,DEP009,General Manager,M.Com,26.5,2026-03-31,Active,,60000,3.0
EMP00781,Saurabh Yadav,Male,1970-01-19,56,Divorced,Hyderabad,Telangana,8000505116,saurabh.yadav60@hotmail.com,DEP001,Senior Manager,B.Sc,21.3,2020-12-30,Active,,60000,2.0
EMP00782,Rekha Mishra,Female,1992-03-15,34,Single,Bengaluru,Karnataka,9092334625,rekha.mishra350@yahoo.com,DEP003,Associate,PhD,22.1,2016-06-18,Active,,130000,4.0
EMP00783,Priya Chopra,Other,1977-05-24,49,Divorced,Pune,Maharashtra,8464725643,priya.chopra854@rediffmail.com,DEP008,Intern,B.Tech,5.3,2022-12-02,On Notice Period,,100000,3.0
EMP00784,Saanvi Bansal,Other,1996-07-08,30,Married,Indore,Madhya Pradesh,9287284055,saanvi.bansal324@gmail.com,DEP003,General Manager,B.Com,14.2,2016-03-03,Active,,100000,4.0
EMP00785,Reyansh Gupta,Other,1983-05-17,43,Married,Noida,Uttar Pradesh,,reyansh.gupta789@outlook.com,DEP002,Consultant,M.Com,5.1,2018-12-03,Active,,250000,1.0
EMP00786,Divya Rao,Female,1968-11-01,57,Single,Jaipur,Rajasthan,9967278629,divya.rao47@rediffmail.com,DEP006,Manager,B.Tech,8.4,2016-07-23,Active,,130000,5.0
EMP00787,Rohan Joshi,Male,1991-04-26,35,Married,Jaipur,Rajasthan,,,DEP010,Manager,M.Tech,5.2,2015-05-13,Terminated,2019-12-22,130000,3.0
EMP00788,ramesh desai,Male,1998-11-11,27,Single,Ahmedabad,Gujarat,7388766066,,DEP005,Team Lead,M.Sc,24.2,2017-04-30,Active,,200000,1.0
EMP00789,Vivaan Rao,Male,1981-08-17,45,Single,Surat,Gujarat,6728530078,vivaan.rao192@rediffmail.com,DEP008,Vice President,B.Tech,1.7,2022-05-12,Active,,160000,3.0
EMP00790,Myra Bansal,Female,1967-03-22,59,Single,Ghaziabad,Uttar Pradesh,9449856796,myra.bansal814@gmail.com,DEP001,Intern,M.Tech,29.8,2024-05-24,Active,,160000,1.0
EMP00791,Aadhya Reddy,Other,1974-08-05,52,Single,Ahmedabad,Gujarat,9510513299,aadhya.reddy120@rediffmail.com,DEP009,Executive,M.Sc,19.2,2025-10-29,Active,,45000,5.0
EMP00792,Saurabh Ghosh,Male,1988-05-11,38,Married,Delhi,Delhi,6064357165,saurabh.ghosh51@rediffmail.com,DEP010,Manager,M.Sc,19.5,2021-04-21,Active,,35000,2.0
EMP00793,Reyansh Singh,Male,1989-08-20,37,Divorced,Noida,Uttar Pradesh,6413985757,reyansh.singh@yahoo.com,DEP012,Vice President,MBA,12.7,2016-01-04,Resigned,2017-04-02,80000,5.0
EMP00794,vikram shetty,Male,2005-07-21,21,Divorced,Indore,Madhya Pradesh,6890320434,vikram.shetty224@yahoo.com,DEP008,Senior Analyst,B.Com,10.2,2026-02-11,Terminated,,250000,5.0
EMP00795,Karan Pillai,Male,1975-12-24,50,Divorced,Ahmedabad,Gujarat,8071842874,karan.pillai395@outlook.com,DEP008,Deputy General Manager,B.Com,3.4,2022-10-02,Active,,35000,1.0
EMP00796,Pooja Bose,Female,1993-02-28,33,Divorced,Mumbai,Maharashtra,7381545825,pooja.bose923@hotmail.com,DEP002,Analyst,B.Com,19.3,2015-01-29,Active,,25000,3.0
EMP00797,Ananya Kapoor,Other,2004-03-23,22,Married,Kolkata,West Bengal,8884682270,ananya.kapoor@rediffmail.com,DEP001,Vice President,MBA,2.1,2025-05-27,Active,,100000,5.0
EMP00798,Aadhya Mishra,Female,1976-06-02,50,Single,Ahmedabad,Gujarat,8440741746,,DEP002,Deputy General Manager,Diploma,11.2,2018-07-13,Active,,160000,3.0
EMP00799,Kavita Shetty,Other,1986-02-18,40,Married,Delhi,Delhi,8648899631,kavita.shetty595@gmail.com,DEP012,Associate,B.Com,21.0,2023-06-13,Active,,250000,5.0
EMP00800,Myra Malhotra,Other,1985-05-27,41,Divorced,Kolkata,West Bengal,7053564559,myra.malhotra579@outlook.com,DEP003,Senior Associate,M.Tech,21.0,2022-03-11,Active,,25000,1.0
EMP00801,Rohan Iyer,Male,1979-11-04,46,Married,Bengaluru,Karnataka,7672872145,rohan.iyer913@hotmail.com,DEP004,Assistant Manager,PhD,21.7,2020-11-19,Active,,130000,4.0
EMP00802,Isha Sharma,Female,1984-01-06,42,Single,Indore,Madhya Pradesh,9060886817,isha.sharma845@outlook.com,DEP009,Deputy General Manager,B.A.,27.5,2015-06-06,Active,,35000,3.0
EMP00803,Riya Iyer,Female,1972-02-03,54,Single,Ahmedabad,Gujarat,6779216690,riya.iyer111@rediffmail.com,DEP006,Senior Analyst,M.Com,18.2,2018-03-29,Active,,250000,1.0
EMP00804,SANJAY IYER,Male,1968-09-08,58,Married,Pune,Maharashtra,9530158236,sanjay.iyer948@rediffmail.com,DEP004,Team Lead,M.Tech,18.1,2022-08-03,Active,,35000,2.0
EMP00805,naveen gupta,Male,1980-01-08,46,Single,Bengaluru,Karnataka,8927031425,naveen.gupta364@gmail.com,DEP004,Team Lead,B.Sc,15.1,2015-07-11,On Notice Period,,80000,1.0
EMP00806,Suresh Gupta,Male,1969-10-17,56,Single,Surat,Gujarat,,,DEP001,Intern,PhD,23.2,2023-11-11,Active,,100000,1.0
EMP00807,Rahul Menon,Other,2002-10-07,23,Single,Indore,Madhya Pradesh,7057235284,rahul.menon255@yahoo.com,DEP002,Senior Manager,Diploma,10.7,2018-06-12,Active,,60000,2.0
EMP00808,Swati Agarwal,Female,1968-08-14,58,Divorced,Ahmedabad,Gujarat,,swati.agarwal135@yahoo.com,DEP005,Senior Associate,B.Tech,10.2,2023-05-21,Active,,250000,5.0
EMP00809,Ritu Joshi,Female,1973-04-15,53,Married,Indore,Madhya Pradesh,7209964925,ritu.joshi699@yahoo.com,DEP005,Assistant Manager,B.Sc,26.5,2018-02-13,Active,,60000,4.0
EMP00810,Myra Shetty,Female,1971-07-14,55,Divorced,Delhi,Delhi,8510899758,myra.shetty675@gmail.com,DEP010,Senior Manager,MBA,23.8,2019-08-31,Active,,45000,4.0
EMP00811,Neha Chopra,Female,2000-10-28,25,Single,Kolkata,West Bengal,9671195055,neha.chopra373@outlook.com,DEP011,Senior Manager,M.Sc,2.4,2023-09-09,Terminated,,130000,4.0
EMP00812,Vivaan Mishra,Male,1975-04-04,51,Divorced,Surat,Gujarat,9284973787,vivaan.mishra887@hotmail.com,DEP005,Executive,B.Sc,3.0,2024-05-11,On Notice Period,,320000,2.0
EMP00813,Swati Iyer,Female,1984-10-08,41,Divorced,Kolkata,West Bengal,6804097105,swati.iyer178@gmail.com,DEP010,Intern,PhD,17.3,2015-02-12,On Notice Period,,320000,3.0
EMP00814,Myra Reddy,Other,1968-09-09,58,Single,Ahmedabad,Gujarat,9497915633,myra.reddy404@yahoo.com,DEP006,Senior Associate,M.Com,24.8,2016-08-26,Resigned,2022-05-27,25000,1.0
EMP00815,Swati Mishra,Other,1977-04-19,49,Married,Indore,Madhya Pradesh,9469051611,swati.mishra475@outlook.com,DEP012,Team Lead,M.Tech,18.7,2022-11-05,On Notice Period,,100000,2.0
EMP00816,Anil Patel,Male,1990-06-22,36,Divorced,Delhi,Delhi,6508465330,anil.patel540@gmail.com,DEP008,Senior Associate,MBA,7.8,2016-11-09,Active,,320000,5.0
EMP00817,Deepak Sharma,Male,1969-04-02,57,Divorced,Coimbatore,Tamil Nadu,9664116245,deepak.sharma673@yahoo.com,DEP011,Intern,M.Com,1.0,2018-10-02,Resigned,2023-10-29,35000,5.0
EMP00818,Kritika Chaudhary,Other,1980-10-15,45,Married,Ahmedabad,Gujarat,9183413283,kritika.chaudhary@gmail.com,DEP010,Senior Manager,M.Sc,18.2,2020-01-02,Active,,250000,5.0
EMP00819,Gaurav Joshi,Male,1976-03-16,50,Married,Coimbatore,Tamil Nadu,8540998774,gaurav.joshi162@hotmail.com,DEP002,Consultant,M.Tech,12.0,2025-11-21,Active,,130000,3.0
EMP00820,Gaurav Kumar,Other,1974-08-03,52,Married,Bengaluru,Karnataka,6020954104,gaurav.kumar767@gmail.com,DEP001,Executive,MBA,21.6,2015-06-23,Active,,80000,4.0
EMP00821,Sanjay Malhotra,Other,1971-03-13,55,Divorced,Jaipur,Rajasthan,9841334281,sanjay.malhotra146@gmail.com,DEP005,Senior Associate,M.Sc,23.7,2017-11-13,Resigned,2024-04-26,200000,4.0
EMP00822,Aarav Menon,Male,1983-05-27,43,Divorced,Mumbai,Maharashtra,,aarav.menon375@yahoo.com,DEP003,Consultant,B.A.,14.9,2017-04-17,Active,,45000,3.0
EMP00823,Rekha Chaudhary,Female,1967-10-24,58,Divorced,Ahmedabad,Gujarat,9164045992,rekha.chaudhary202@hotmail.com,DEP002,Manager,M.Sc,4.2,2017-03-08,Active,,25000,2.0
EMP00824,Rohan Chopra,Male,2005-07-19,21,Divorced,Noida,Uttar Pradesh,9265929282,rohan.chopra212@yahoo.com,DEP007,Intern,MBA,4.9,2024-07-26,Resigned,,25000,1.0
EMP00825,Vihaan Agarwal,Male,1992-10-23,33,Single,Noida,Uttar Pradesh,9736328030,vihaan.agarwal328@outlook.com,DEP008,Vice President,B.A.,3.7,2018-08-13,Active,,35000,4.0
EMP00826,Arjun Joshi,Male,1968-08-09,58,Married,Jaipur,Rajasthan,8568639361,arjun.joshi661@gmail.com,DEP009,Consultant,Diploma,23.3,2023-06-02,Active,,160000,4.0
EMP00827,Kavita Bose,Other,1984-04-25,42,Married,Coimbatore,Tamil Nadu,9308227461,kavita.bose@rediffmail.com,DEP006,Intern,MBA,18.0,2019-12-02,Resigned,2024-05-02,250000,4.0
EMP00828,Sarika Ghosh,Other,1968-10-01,57,Divorced,Ghaziabad,Uttar Pradesh,7178300515,sarika.ghosh940@gmail.com,DEP003,Intern,M.Tech,19.0,2016-03-28,Active,,320000,2.0
EMP00829,Ritu Bansal,Other,1986-11-13,39,Married,Lucknow,Uttar Pradesh,9313723314,ritu.bansal58@hotmail.com,DEP008,Executive,B.Com,17.6,2016-07-04,Active,,200000,1.0
EMP00830,Anjali Pillai,Other,2005-03-08,21,Divorced,Surat,Gujarat,6678851951,anjali.pillai97@rediffmail.com,DEP002,Associate,M.Sc,8.0,2018-07-09,On Notice Period,,35000,3.0
EMP00831,Divya Kapoor,Other,1999-01-21,27,Single,Nagpur,Maharashtra,6173203693,divya.kapoor411@yahoo.com,DEP003,General Manager,B.Tech,25.1,2015-02-10,Active,,160000,2.0
EMP00832,Deepak Patel,Other,1977-11-19,48,Single,Indore,Madhya Pradesh,6499396954,deepak.patel876@rediffmail.com,DEP012,Senior Analyst,PhD,13.7,2016-06-17,Active,,160000,2.0
EMP00833,Myra Gupta,Other,1966-09-25,59,Married,Ghaziabad,Uttar Pradesh,8409361364,myra.gupta980@outlook.com,DEP007,Intern,B.Com,6.2,2021-02-09,Terminated,2022-09-16,80000,1.0
EMP00834,Suresh Chopra,Male,1969-05-10,57,Divorced,Indore,Madhya Pradesh,9638553307,suresh.chopra892@hotmail.com,DEP004,Deputy General Manager,B.A.,27.9,2019-12-30,Active,,100000,4.0
EMP00835,Nisha Chaudhary,Other,1974-11-10,51,Divorced,Ahmedabad,Gujarat,6291660711,nisha.chaudhary977@rediffmail.com,DEP008,Deputy General Manager,B.Tech,6.7,2019-04-01,Active,,45000,1.0
EMP00836,Meera Joshi,Other,1981-05-20,45,Married,Lucknow,Uttar Pradesh,7329250457,meera.joshi272@rediffmail.com,DEP003,Associate,M.Sc,2.7,2017-11-24,Active,,35000,5.0
EMP00837,manish ghosh,Male,1975-01-03,51,Single,Chennai,Tamil Nadu,7097757437,manish.ghosh238@gmail.com,DEP008,Associate,B.Com,2.5,2021-07-12,Active,,80000,3.0
EMP00838,Sarika Rao,Female,1973-07-08,53,Single,Ghaziabad,Uttar Pradesh,9549876336,sarika.rao93@yahoo.com,DEP005,Executive,MBA,24.3,2021-04-22,Resigned,2022-09-13,320000,4.0
EMP00839,Divya Singh,Female,1978-08-27,48,Divorced,Coimbatore,Tamil Nadu,6752086557,divya.singh838@rediffmail.com,DEP002,Senior Associate,B.Tech,3.0,2019-08-18,Active,,200000,5.0
EMP00840,Saurabh Yadav,Male,1974-02-20,52,Married,Ghaziabad,Uttar Pradesh,,saurabh.yadav153@yahoo.com,DEP004,Vice President,B.Sc,19.3,2021-10-18,On Notice Period,,250000,2.0
EMP00841,Shreya Menon,Female,1974-02-25,52,Divorced,Chennai,Tamil Nadu,9653925550,shreya.menon155@yahoo.com,DEP009,Consultant,Diploma,6.3,2026-01-04,On Notice Period,,60000,1.0
EMP00842,Anil Verma,Male,1966-09-25,59,Single,Pune,Maharashtra,9437949373,anil.verma18@hotmail.com,DEP011,Consultant,B.A.,1.1,2021-07-30,On Notice Period,,160000,2.0
EMP00843,Ishaan Reddy,Other,2005-06-13,21,Divorced,Pune,Maharashtra,8362757241,ishaan.reddy826@gmail.com,DEP004,Senior Associate,B.Com,17.7,2020-07-12,Active,,100000,2.0
EMP00844,Krishna Verma,Male,1992-12-24,33,Married,Kolkata,West Bengal,9247101449,krishna.verma@rediffmail.com,DEP011,Senior Analyst,M.Com,15.7,2021-08-25,Terminated,2022-03-14,45000,2.0
EMP00845,Suresh Desai,Other,1968-05-19,58,Married,Indore,Madhya Pradesh,9070231730,suresh.desai59@rediffmail.com,DEP009,Associate,B.Com,4.1,2019-02-05,Active,,25000,5.0
EMP00846,Rohan Desai,Male,1980-08-07,46,Divorced,Noida,Uttar Pradesh,9795568840,rohan.desai407@yahoo.com,DEP002,Vice President,B.A.,10.0,2023-11-07,Active,,25000,2.0
EMP00847,Myra Verma,Female,1983-02-15,43,Married,Surat,Gujarat,,myra.verma179@yahoo.com,DEP012,Consultant,M.Com,24.5,2019-05-05,Resigned,2020-05-07,250000,2.0
EMP00848,Saanvi Chopra,Female,1976-01-10,50,Single,Coimbatore,Tamil Nadu,8561971957,saanvi.chopra776@hotmail.com,DEP008,Senior Associate,B.Tech,5.5,2024-07-15,Active,,35000,2.0
EMP00849,Ritu Chaudhary,Other,1972-06-18,54,Single,Kolkata,West Bengal,6010602924,ritu.chaudhary335@gmail.com,DEP007,Manager,B.Tech,16.8,2023-07-28,Terminated,,60000,2.0
EMP00850,Nisha Patel,Female,1995-10-14,30,Divorced,Indore,Madhya Pradesh,8716631306,nisha.patel975@outlook.com,DEP006,Intern,B.A.,10.5,2026-04-19,Active,,45000,1.0
EMP00851,ANIL GUPTA,Male,1973-04-19,53,Married,Coimbatore,Tamil Nadu,,anil.gupta923@outlook.com,DEP007,Deputy General Manager,M.Sc,0.6,2019-03-10,Terminated,2025-02-09,25000,5.0
EMP00852,Karan Chaudhary,Other,1980-07-20,46,Married,Bengaluru,Karnataka,6427442215,karan.chaudhary661@hotmail.com,DEP007,Executive,PhD,7.5,2021-09-27,Active,,25000,3.0
EMP00853,Vivaan Bansal,Male,1981-12-06,44,Married,Chandigarh,Chandigarh,7184351892,vivaan.bansal504@outlook.com,DEP007,General Manager,B.A.,17.5,2015-05-02,On Notice Period,,60000,2.0
EMP00854,Riya Kumar,Other,1994-11-27,31,Divorced,Hyderabad,Telangana,8532643052,riya.kumar232@gmail.com,DEP002,Intern,B.Com,0.8,2021-07-21,On Notice Period,,200000,5.0
EMP00855,Suresh Mishra,Other,1975-05-04,51,Divorced,Hyderabad,Telangana,8177661869,suresh.mishra@hotmail.com,DEP008,Vice President,Diploma,15.4,2020-05-05,Terminated,2021-12-20,130000,4.0
EMP00856,Aadhya Sharma,Female,1967-03-15,59,Divorced,Hyderabad,Telangana,8593540282,aadhya.sharma59@gmail.com,DEP007,Analyst,B.A.,9.3,2025-01-09,Active,,250000,4.0
EMP00857,Krishna Bansal,Male,1968-01-22,58,Single,Chandigarh,Chandigarh,7970736184,krishna.bansal42@rediffmail.com,DEP001,Assistant Manager,M.Sc,21.6,2020-12-24,Active,,60000,5.0
EMP00858,Meera Nair,Female,1983-05-08,43,Divorced,Indore,Madhya Pradesh,8740069838,meera.nair875@rediffmail.com,DEP007,Senior Analyst,Diploma,13.1,2018-01-15,Active,,45000,5.0
EMP00859,Ishaan Ghosh,Other,1987-05-17,39,Married,Pune,Maharashtra,9425822796,ishaan.ghosh231@rediffmail.com,DEP011,Senior Manager,Diploma,13.6,2016-04-19,Active,,35000,3.0
EMP00860,Aadhya Gupta,Other,1971-06-03,55,Married,Pune,Maharashtra,7307367417,aadhya.gupta609@outlook.com,DEP012,Vice President,MBA,11.7,2024-07-10,Active,,60000,3.0
EMP00861,Rahul Agarwal,Male,1976-04-22,50,Married,Bengaluru,Karnataka,8459268958,rahul.agarwal273@yahoo.com,DEP004,Senior Associate,B.A.,7.1,2019-01-23,Terminated,2022-09-01,130000,2.0
EMP00862,Vivaan Singh,Male,1999-11-21,26,Married,Noida,Uttar Pradesh,6791162587,,DEP004,Senior Associate,M.Tech,8.1,2020-08-15,Resigned,,80000,2.0
EMP00863,Kavita Pillai,Other,2004-08-20,22,Married,Pune,Maharashtra,7430959235,kavita.pillai851@hotmail.com,DEP006,Senior Associate,B.Com,15.7,2025-07-10,Active,,80000,4.0
EMP00864,Kritika Reddy,Female,1977-09-15,48,Single,Delhi,Delhi,6206625705,kritika.reddy752@outlook.com,DEP003,Deputy General Manager,B.Com,29.8,2015-05-19,Active,,250000,2.0
EMP00865,Karan Gupta,Male,2000-10-25,25,Married,Chennai,Tamil Nadu,9532607672,karan.gupta989@outlook.com,DEP007,Team Lead,PhD,,2020-08-08,Active,,80000,3.0
EMP00866,Sunita Mishra,Female,1995-05-15,31,Divorced,Bengaluru,Karnataka,6915252420,,DEP002,Analyst,B.A.,2.3,2020-10-27,On Notice Period,,160000,2.0
EMP00867,Manish Chopra,Male,2001-04-18,25,Divorced,Mumbai,Maharashtra,7495247443,manish.chopra126@outlook.com,DEP006,Deputy General Manager,PhD,24.8,2021-01-31,On Notice Period,,160000,5.0
EMP00868,Priya Joshi,Female,2005-10-19,20,Divorced,Jaipur,Rajasthan,8024321700,priya.joshi550@yahoo.com,DEP004,Consultant,B.Com,,2026-03-03,Terminated,,35000,4.0
EMP00869,Rohan Bansal,Other,1976-08-05,50,Single,Chennai,Tamil Nadu,7307054021,rohan.bansal3@rediffmail.com,DEP004,Executive,M.Tech,8.6,2026-05-02,Active,,25000,5.0
EMP00870,Reyansh Shetty,Male,1997-01-06,29,Married,Pune,Maharashtra,8585991704,reyansh.shetty691@hotmail.com,DEP008,Consultant,MBA,17.1,2016-12-17,Terminated,2017-06-05,80000,5.0
EMP00871,Ishaan Nair,Male,1969-12-27,56,Married,Noida,Uttar Pradesh,8979155004,ishaan.nair983@outlook.com,DEP009,Associate,M.Sc,29.1,2016-08-23,Active,,80000,4.0
EMP00872,Ramesh Bansal,Male,1983-10-07,42,Single,Lucknow,Uttar Pradesh,7291222713,ramesh.bansal679@gmail.com,DEP004,Consultant,Diploma,38.7,2025-03-16,Terminated,,320000,5.0
EMP00873,Vihaan Patel,Male,1984-08-22,42,Single,Lucknow,Uttar Pradesh,6781261553,vihaan.patel@rediffmail.com,DEP001,Vice President,B.Tech,13.4,2025-11-14,Active,,200000,2.0
EMP00874,Isha Nair,Female,1971-09-04,55,Divorced,Chandigarh,Chandigarh,8515856512,isha.nair816@hotmail.com,DEP002,Consultant,Diploma,35.3,2019-09-23,On Notice Period,,130000,2.0
EMP00875,Anil Kapoor,Male,1978-07-23,48,Divorced,Lucknow,Uttar Pradesh,,anil.kapoor171@outlook.com,DEP005,Consultant,Diploma,9.4,2018-11-30,Active,,250000,1.0
EMP00876,ananya verma,Other,1981-10-17,44,Single,Lucknow,Uttar Pradesh,6601203111,ananya.verma661@outlook.com,DEP010,Associate,B.A.,16.2,2026-05-04,Active,,130000,5.0
EMP00877,Krishna Iyer,Other,1979-08-18,47,Divorced,Jaipur,Rajasthan,9672973728,krishna.iyer983@yahoo.com,DEP009,Vice President,MBA,0.0,2018-08-31,Terminated,2020-01-09,45000,4.0
EMP00878,Krishna Gupta,Male,1974-03-17,52,Married,Chennai,Tamil Nadu,9627180858,krishna.gupta596@outlook.com,DEP009,Associate,MBA,20.2,2022-02-09,Active,,130000,1.0
EMP00879,Myra Verma,Female,1971-09-28,54,Married,Delhi,Delhi,9519003660,myra.verma714@outlook.com,DEP010,Team Lead,MBA,27.5,2026-06-08,Active,,130000,3.0
EMP00880,Riya Desai,Female,1983-01-06,43,Married,Surat,Gujarat,6330928727,riya.desai404@gmail.com,DEP006,General Manager,B.Com,24.8,2022-11-20,Resigned,,100000,2.0
EMP00881,Divya Bose,Female,2001-12-02,24,Married,Coimbatore,Tamil Nadu,8524283530,divya.bose745@yahoo.com,DEP006,General Manager,M.Tech,,2019-08-28,Resigned,2020-08-26,320000,4.0
EMP00882,Anil Sharma,Male,1982-08-25,44,Married,Hyderabad,Telangana,6273337583,anil.sharma97@yahoo.com,DEP010,Vice President,B.Sc,0.8,2025-03-21,On Notice Period,,25000,1.0
EMP00883,Saanvi Kumar,Female,2004-02-11,22,Divorced,Indore,Madhya Pradesh,6437948085,saanvi.kumar859@outlook.com,DEP002,Vice President,MBA,16.5,2016-10-09,Active,,45000,5.0
EMP00884,Anjali Rao,Female,1985-12-05,40,Single,Nagpur,Maharashtra,6829344645,anjali.rao471@yahoo.com,DEP010,General Manager,M.Sc,22.9,2024-12-11,Active,,130000,4.0
EMP00885,Ananya Bose,Female,2005-07-12,21,Married,Ahmedabad,Gujarat,7278947318,ananya.bose900@rediffmail.com,DEP011,General Manager,Diploma,14.6,2025-10-03,On Notice Period,,200000,1.0
EMP00886,Saanvi Rao,Female,1985-03-01,41,Divorced,Pune,Maharashtra,6357321056,saanvi.rao13@rediffmail.com,DEP008,General Manager,B.A.,5.6,2023-07-25,Active,,320000,2.0
EMP00887,Vikram Yadav,Male,1981-09-02,45,Divorced,Indore,Madhya Pradesh,6653649314,vikram.yadav975@outlook.com,DEP001,Manager,M.Sc,15.7,2022-03-31,Active,,45000,1.0
EMP00888,Riya Verma,Female,1992-05-27,34,Single,Lucknow,Uttar Pradesh,,riya.verma822@hotmail.com,DEP007,Assistant Manager,M.Tech,27.2,2025-12-12,Active,,130000,1.0
EMP00889,Ananya Mishra,Female,1999-06-28,27,Divorced,Chandigarh,Chandigarh,9105680847,ananya.mishra447@hotmail.com,DEP012,General Manager,MBA,1.8,2018-09-05,Terminated,2023-01-12,45000,4.0
EMP00890,Ishaan Reddy,Male,1971-04-03,55,Single,Coimbatore,Tamil Nadu,8198986287,ishaan.reddy63@rediffmail.com,DEP007,Consultant,B.Tech,8.3,2018-12-18,Active,,80000,4.0
EMP00891,Ramesh Sharma,Male,1970-01-28,56,Divorced,Chandigarh,Chandigarh,8948021551,ramesh.sharma142@yahoo.com,DEP011,Deputy General Manager,B.Com,28.5,2016-04-24,Active,,35000,2.0
EMP00892,Karan Shetty,Male,1991-03-25,35,Married,Nagpur,Maharashtra,7490385181,karan.shetty173@rediffmail.com,DEP009,Executive,B.Com,10.3,2019-07-12,Active,,45000,2.0
EMP00893,Vivaan Shetty,Other,1980-04-13,46,Single,Coimbatore,Tamil Nadu,,vivaan.shetty364@gmail.com,DEP007,Senior Manager,B.Com,16.8,2022-10-16,Resigned,2025-10-28,250000,2.0
EMP00894,Pooja Joshi,Female,1993-04-21,33,Single,Chandigarh,Chandigarh,9138592575,pooja.joshi@yahoo.com,DEP002,Senior Analyst,MBA,21.6,2024-10-14,Resigned,,320000,1.0
EMP00895,Rekha Gupta,Female,1983-10-21,42,Single,Lucknow,Uttar Pradesh,8449743178,rekha.gupta766@yahoo.com,DEP012,Executive,B.Sc,25.1,2024-01-17,Terminated,2025-12-30,250000,3.0
EMP00896,Ritu Menon,Female,1979-08-11,47,Single,Hyderabad,Telangana,7671824382,ritu.menon533@hotmail.com,DEP009,Vice President,M.Sc,7.1,2016-12-31,Resigned,2019-12-02,100000,1.0
EMP00897,Aman Verma,Male,1984-12-04,41,Divorced,Ahmedabad,Gujarat,8580973439,aman.verma15@gmail.com,DEP005,Associate,MBA,11.5,2024-02-21,Active,,80000,4.0
EMP00898,Gaurav Gupta,Male,1994-07-26,32,Married,Ahmedabad,Gujarat,,gaurav.gupta450@gmail.com,DEP008,Manager,B.A.,1.9,2019-11-12,Resigned,2024-05-02,35000,3.0
EMP00899,Naveen Bose,Male,1985-10-21,40,Single,Jaipur,Rajasthan,9044335278,naveen.bose258@outlook.com,DEP012,Vice President,B.A.,18.0,2017-07-23,On Notice Period,,25000,4.0
EMP00900,Krishna Yadav,Male,1979-08-02,47,Divorced,Kolkata,West Bengal,6567790528,krishna.yadav45@yahoo.com,DEP007,Analyst,B.A.,17.0,2016-03-20,Terminated,2019-01-15,35000,2.0
EMP00901,Ritu Chaudhary,Other,1980-04-01,46,Married,Nagpur,Maharashtra,8796181941,ritu.chaudhary687@yahoo.com,DEP009,Manager,B.Sc,10.2,2024-02-17,Active,,45000,2.0
EMP00902,Ritu Chopra,Female,1975-07-18,51,Divorced,Delhi,Delhi,,ritu.chopra713@gmail.com,DEP005,Senior Manager,B.Sc,10.2,2025-08-03,Terminated,,80000,1.0
EMP00903,Sneha Yadav,Female,1992-05-08,34,Single,Jaipur,Rajasthan,8996641434,sneha.yadav580@rediffmail.com,DEP010,Executive,M.Tech,1.7,2017-06-25,On Notice Period,,45000,3.0
EMP00904,Rahul Ghosh,Male,1969-05-22,57,Single,Noida,Uttar Pradesh,6581196260,rahul.ghosh364@hotmail.com,DEP010,Executive,B.A.,15.8,2020-02-10,Active,,250000,1.0
EMP00905,Neha Desai,Other,1968-11-23,57,Divorced,Surat,Gujarat,8062610777,neha.desai674@gmail.com,DEP012,Team Lead,Diploma,23.2,2019-06-04,Active,,160000,2.0
EMP00906,Myra Agarwal,Other,1967-11-26,58,Married,Kolkata,West Bengal,7704826608,myra.agarwal191@hotmail.com,DEP010,Deputy General Manager,B.Sc,1.7,2025-02-14,Active,,250000,3.0
EMP00907,Neha Bose,Other,2002-03-10,24,Married,Indore,Madhya Pradesh,9493218128,neha.bose824@gmail.com,DEP005,Assistant Manager,B.A.,18.5,2018-12-25,Active,,100000,4.0
EMP00908,Ananya Singh,Female,1998-07-17,28,Single,Delhi,Delhi,9354340535,ananya.singh453@outlook.com,DEP002,Senior Manager,M.Com,11.8,2018-02-09,On Notice Period,,320000,3.0
EMP00909,Meera Yadav,Female,1985-03-15,41,Married,Surat,Gujarat,8596502481,,DEP009,Senior Analyst,B.Com,13.5,2021-11-06,Active,,60000,2.0
EMP00910,Nikhil Kapoor,Other,2003-11-11,22,Divorced,Kolkata,West Bengal,6629858270,nikhil.kapoor319@rediffmail.com,DEP009,Executive,M.Tech,6.3,2026-01-14,Active,,60000,1.0
EMP00911,Suresh Mishra,Male,1986-08-14,40,Single,Lucknow,Uttar Pradesh,8333397405,suresh.mishra735@gmail.com,DEP001,Consultant,B.Com,1.2,2022-11-02,On Notice Period,,45000,5.0
EMP00912,Anil Chaudhary,Male,1989-03-06,37,Single,Ghaziabad,Uttar Pradesh,8603460599,anil.chaudhary669@hotmail.com,DEP004,Vice President,M.Sc,20.2,2019-03-09,On Notice Period,,35000,3.0
EMP00913,Aarav Sharma,Male,1983-03-11,43,Single,Bengaluru,Karnataka,7555864934,aarav.sharma348@rediffmail.com,DEP002,Team Lead,PhD,6.8,2026-06-30,Active,,25000,3.0
EMP00914,Rekha Kapoor,Female,1985-12-10,40,Married,Kolkata,West Bengal,9855512600,rekha.kapoor894@yahoo.com,DEP002,Senior Analyst,Diploma,20.7,2024-01-12,Active,,200000,4.0
EMP00915,Ananya Patel,Female,1982-01-27,44,Divorced,Indore,Madhya Pradesh,6017391737,ananya.patel978@rediffmail.com,DEP009,Intern,B.Sc,3.8,2022-01-11,Active,,60000,1.0
EMP00916,Nikhil Malhotra,Male,2002-12-27,23,Married,Hyderabad,Telangana,7751815494,nikhil.malhotra390@gmail.com,DEP001,Intern,B.Sc,3.1,2021-04-15,Resigned,2022-06-20,160000,1.0
EMP00917,Shreya Verma,Other,2002-10-09,23,Single,Ghaziabad,Uttar Pradesh,9589581251,shreya.verma749@outlook.com,DEP007,Senior Associate,M.Sc,,2018-07-16,On Notice Period,,320000,4.0
EMP00918,Manish Joshi,Other,1993-06-28,33,Single,Lucknow,Uttar Pradesh,6013770681,manish.joshi237@rediffmail.com,DEP010,Manager,B.Sc,18.3,2016-03-11,Active,,250000,3.0
EMP00919,Gaurav Reddy,Male,1997-03-22,29,Single,Coimbatore,Tamil Nadu,9168151741,gaurav.reddy296@outlook.com,DEP008,General Manager,B.A.,21.5,2022-05-02,Active,,35000,4.0
EMP00920,Arjun Patel,Male,1988-05-21,38,Divorced,Delhi,Delhi,9037613040,arjun.patel966@gmail.com,DEP007,Associate,B.A.,23.2,2023-09-23,Active,,60000,3.0
EMP00921,Isha Chopra,Female,2002-04-14,24,Single,Ghaziabad,Uttar Pradesh,8378874009,isha.chopra944@hotmail.com,DEP008,Vice President,M.Tech,9.9,2016-06-03,Resigned,2023-03-29,80000,2.0
EMP00922,Arjun Mishra,Male,1986-05-26,40,Married,Pune,Maharashtra,6127374514,arjun.mishra223@hotmail.com,DEP001,Team Lead,B.Tech,21.3,2025-01-06,Active,,25000,4.0
EMP00923,Ajay Kapoor,Male,1982-02-13,44,Single,Pune,Maharashtra,6533547232,ajay.kapoor@gmail.com,DEP002,Analyst,M.Sc,16.6,2017-05-17,On Notice Period,,25000,3.0
EMP00924,Swati Singh,Other,1985-07-26,41,Married,Noida,Uttar Pradesh,9355252293,swati.singh644@outlook.com,DEP008,Senior Manager,PhD,10.7,2015-01-19,Active,,45000,3.0
EMP00925,Aditya Joshi,Other,1995-04-10,31,Married,Jaipur,Rajasthan,9806937333,aditya.joshi744@hotmail.com,DEP001,Consultant,B.Com,4.3,2017-07-15,On Notice Period,,130000,2.0
EMP00926,KARAN IYER,Male,1988-07-27,38,Married,Lucknow,Uttar Pradesh,6664710852,karan.iyer644@rediffmail.com,DEP002,General Manager,B.Tech,25.6,2019-09-07,Terminated,2024-04-28,60000,4.0
EMP00927,Ajay Joshi,Other,2000-06-27,26,Single,Kolkata,West Bengal,6694608970,ajay.joshi9@rediffmail.com,DEP004,Senior Associate,MBA,20.8,2021-10-10,Terminated,2025-06-09,25000,5.0
EMP00928,Manish Menon,Male,1988-08-04,38,Married,Mumbai,Maharashtra,6947713189,manish.menon10@rediffmail.com,DEP001,Senior Manager,MBA,28.7,2024-10-09,Active,,35000,2.0
EMP00929,Myra Patel,Female,1982-02-09,44,Single,Lucknow,Uttar Pradesh,,myra.patel722@yahoo.com,DEP005,Assistant Manager,B.Tech,11.8,2021-03-25,Terminated,2022-03-03,250000,3.0
EMP00930,Ananya Singh,Other,1968-10-06,57,Divorced,Noida,Uttar Pradesh,7638110521,ananya.singh491@yahoo.com,DEP012,Analyst,B.Tech,13.9,2019-01-06,On Notice Period,,35000,1.0
EMP00931,ANANYA GHOSH,Other,1988-08-14,38,Married,Surat,Gujarat,8277821993,ananya.ghosh568@rediffmail.com,DEP009,Deputy General Manager,MBA,25.1,2016-07-18,Active,,250000,5.0
EMP00932,Deepak Gupta,Male,2001-08-15,25,Married,Coimbatore,Tamil Nadu,,deepak.gupta236@gmail.com,DEP012,Executive,M.Tech,14.9,2015-12-27,Active,,160000,4.0
EMP00933,Riya Joshi,Other,1984-10-16,41,Single,Chennai,Tamil Nadu,8085454632,riya.joshi535@outlook.com,DEP008,Manager,Diploma,13.1,2019-10-18,On Notice Period,,80000,1.0
EMP00934,Suresh Ghosh,Male,1974-04-26,52,Married,Delhi,Delhi,7695375675,suresh.ghosh929@gmail.com,DEP006,Analyst,MBA,27.7,2023-03-30,Active,,45000,5.0
EMP00935,Krishna Iyer,Other,1987-05-17,39,Single,Pune,Maharashtra,9745187338,krishna.iyer141@yahoo.com,DEP011,Executive,B.Sc,20.7,2022-08-23,Terminated,2024-05-30,100000,1.0
EMP00936,suresh menon,Other,1994-03-23,32,Single,Kolkata,West Bengal,9088846337,suresh.menon197@yahoo.com,DEP007,Deputy General Manager,M.Tech,25.6,2023-02-12,Active,,100000,2.0
EMP00937,Aarav Gupta,Male,1993-12-15,32,Divorced,Surat,Gujarat,9184499244,aarav.gupta339@rediffmail.com,DEP008,Intern,M.Com,26.7,2020-06-12,Active,,250000,5.0
EMP00938,Aadhya Agarwal,Female,1985-01-28,41,Single,Pune,Maharashtra,8940878196,aadhya.agarwal541@outlook.com,DEP008,Vice President,MBA,26.6,2025-03-01,Active,,160000,4.0
EMP00939,Karan Malhotra,Male,1973-10-04,52,Single,Chennai,Tamil Nadu,8182679934,karan.malhotra595@rediffmail.com,DEP004,Executive,M.Tech,18.7,2015-05-22,Active,,35000,1.0
EMP00940,Aditya Shetty,Male,1998-05-25,28,Single,Kolkata,West Bengal,7766222487,aditya.shetty369@hotmail.com,DEP009,General Manager,M.Tech,3.8,2022-10-08,Resigned,,200000,1.0
EMP00941,Sunita Nair,Female,1988-03-09,38,Single,Mumbai,Maharashtra,8016201845,sunita.nair459@rediffmail.com,DEP003,General Manager,M.Com,24.2,2020-07-30,Active,,35000,5.0
EMP00942,Arjun Mishra,Male,1967-02-02,59,Divorced,Chandigarh,Chandigarh,,,DEP011,Senior Analyst,M.Com,21.7,2021-09-02,Active,,45000,3.0
EMP00943,Sunita Desai,Female,2001-11-24,24,Divorced,Hyderabad,Telangana,8751302092,sunita.desai29@gmail.com,DEP001,Consultant,B.A.,13.8,2022-03-13,On Notice Period,,80000,1.0
EMP00944,ritu shetty,Female,1987-01-03,39,Single,Coimbatore,Tamil Nadu,9926622206,ritu.shetty199@yahoo.com,DEP009,Deputy General Manager,B.Tech,8.0,2021-04-26,Active,,35000,1.0
EMP00945,Nisha Kumar,Other,1973-09-04,53,Single,Jaipur,Rajasthan,6833772554,nisha.kumar976@outlook.com,DEP011,Executive,B.Com,8.0,2025-02-03,Terminated,,130000,5.0
EMP00946,Krishna Bansal,Other,2005-07-16,21,Divorced,Pune,Maharashtra,7455695759,krishna.bansal165@rediffmail.com,DEP004,Team Lead,B.Com,,2015-10-07,On Notice Period,,160000,3.0
EMP00947,Naveen Iyer,Male,1985-03-12,41,Single,Ahmedabad,Gujarat,7701336575,naveen.iyer447@gmail.com,DEP012,Analyst,M.Com,20.4,2016-01-18,On Notice Period,,130000,3.0
EMP00948,Aarav Bose,Male,1967-05-27,59,Married,Kolkata,West Bengal,8856103053,aarav.bose422@yahoo.com,DEP012,Intern,MBA,15.1,2025-06-27,Active,,160000,3.0
EMP00949,Nisha Malhotra,Female,1981-12-04,44,Single,Indore,Madhya Pradesh,7775374698,nisha.malhotra818@hotmail.com,DEP006,Associate,M.Tech,26.7,2026-02-27,Resigned,,45000,2.0
EMP00950,Ajay Verma,Male,2001-10-23,24,Married,Kolkata,West Bengal,9607025882,ajay.verma229@gmail.com,DEP008,Team Lead,B.Com,0.6,2019-03-29,Resigned,2022-04-23,35000,4.0
EMP00951,Kritika Iyer,Female,1975-09-05,51,Divorced,Lucknow,Uttar Pradesh,9538476413,kritika.iyer231@outlook.com,DEP003,Manager,M.Sc,15.7,2021-03-29,Resigned,2026-06-18,250000,3.0
EMP00952,Vihaan Nair,Male,1988-12-11,37,Divorced,Delhi,Delhi,8651198160,vihaan.nair473@yahoo.com,DEP003,Associate,PhD,17.8,2016-06-11,On Notice Period,,100000,4.0
EMP00953,Nikhil Chopra,Male,1991-12-07,34,Divorced,Coimbatore,Tamil Nadu,7489678037,nikhil.chopra779@rediffmail.com,DEP005,Associate,PhD,27.3,2021-04-01,Active,,100000,1.0
EMP00954,Kavya Desai,Other,1993-02-11,33,Single,Hyderabad,Telangana,9221601964,kavya.desai66@rediffmail.com,DEP009,Consultant,B.Com,12.5,2020-03-07,On Notice Period,,35000,4.0
EMP00955,Sneha Singh,Female,1972-11-13,53,Married,Ahmedabad,Gujarat,9142897395,sneha.singh841@yahoo.com,DEP007,Consultant,M.Tech,1.8,2018-06-13,Active,,160000,3.0
EMP00956,Ajay Nair,Male,1977-08-06,49,Married,Chennai,Tamil Nadu,9393019010,ajay.nair280@outlook.com,DEP006,Assistant Manager,Diploma,20.2,2019-03-07,Terminated,2021-08-05,160000,5.0
EMP00957,rahul verma,Male,1979-08-02,47,Divorced,Hyderabad,Telangana,6569886586,rahul.verma563@rediffmail.com,DEP009,Intern,B.A.,10.6,2021-04-13,Active,,25000,3.0
EMP00958,Shreya Iyer,Female,1995-10-23,30,Divorced,Chennai,Tamil Nadu,9848184647,shreya.iyer405@rediffmail.com,DEP010,Senior Manager,B.Com,10.4,2016-11-02,Active,,80000,3.0
EMP00959,Vivaan Bansal,Other,1997-10-10,28,Single,Hyderabad,Telangana,8117687331,vivaan.bansal472@hotmail.com,DEP004,Intern,M.Tech,19.3,2025-10-24,Active,,80000,1.0
EMP00960,Aadhya Malhotra,Female,2002-04-09,24,Divorced,Bengaluru,Karnataka,7886945071,aadhya.malhotra70@rediffmail.com,DEP004,Vice President,MBA,5.2,2025-12-22,Terminated,,35000,2.0
EMP00961,Deepak Chaudhary,Male,1986-02-08,40,Divorced,Noida,Uttar Pradesh,9110249524,deepak.chaudhary517@gmail.com,DEP012,Analyst,B.A.,9.6,2018-07-21,Active,,200000,5.0
EMP00962,Rekha Verma,Other,2004-06-27,22,Married,Surat,Gujarat,6627816872,rekha.verma553@hotmail.com,DEP007,Vice President,Diploma,18.0,2016-08-18,Active,,60000,4.0
EMP00963,Kavya Iyer,Other,2003-02-12,23,Divorced,Pune,Maharashtra,6419663170,kavya.iyer881@rediffmail.com,DEP006,Associate,B.Sc,6.7,2018-11-02,Active,,100000,3.0
EMP00964,Anil Iyer,Male,1973-02-05,53,Divorced,Kolkata,West Bengal,8302047865,anil.iyer958@rediffmail.com,DEP006,Consultant,B.Com,11.1,2021-09-24,Active,,250000,1.0
EMP00965,Ajay Rao,Male,1975-07-01,51,Married,Delhi,Delhi,7609255090,ajay.rao100@rediffmail.com,DEP002,Senior Associate,M.Com,8.7,2020-11-21,Terminated,2026-02-12,100000,5.0
EMP00966,Aditya Nair,Male,2005-05-04,21,Single,Hyderabad,Telangana,8838113896,aditya.nair@outlook.com,DEP001,Senior Associate,M.Com,0.7,2019-09-02,Active,,130000,3.0
EMP00967,Sunita Nair,Female,1993-11-22,32,Married,Kolkata,West Bengal,6723569206,sunita.nair813@gmail.com,DEP008,Intern,M.Sc,6.9,2022-06-23,Active,,320000,5.0
EMP00968,Vikram Pillai,Male,1971-04-22,55,Divorced,Coimbatore,Tamil Nadu,,vikram.pillai640@yahoo.com,DEP008,Senior Analyst,B.A.,6.9,2023-03-06,Active,,80000,4.0
EMP00969,Saanvi Mishra,Other,1995-11-21,30,Married,Kolkata,West Bengal,9811946792,saanvi.mishra358@outlook.com,DEP011,Associate,B.A.,0.5,2015-11-30,Active,,80000,2.0
EMP00970,kritika shetty,Female,1974-04-21,52,Married,Chandigarh,Chandigarh,7249654792,kritika.shetty441@yahoo.com,DEP009,General Manager,M.Tech,6.4,2016-05-25,Active,,160000,2.0
EMP00971,Aman Gupta,Male,2001-02-22,25,Married,Surat,Gujarat,9308481369,aman.gupta160@outlook.com,DEP007,Deputy General Manager,M.Com,20.5,2018-08-01,Active,,100000,2.0
EMP00972,Manish Bansal,Male,2000-10-03,25,Married,Indore,Madhya Pradesh,8184262108,manish.bansal655@gmail.com,DEP003,Senior Associate,M.Sc,3.6,2023-04-19,Active,,130000,3.0
EMP00973,Saurabh Bansal,Male,1987-08-06,39,Single,Chennai,Tamil Nadu,7533750383,saurabh.bansal198@gmail.com,DEP001,Senior Associate,B.Com,14.5,2021-02-19,Active,,130000,2.0
EMP00974,Divya Bose,Other,1981-12-18,44,Married,Chandigarh,Chandigarh,,divya.bose580@gmail.com,DEP001,Executive,B.Sc,6.8,2020-12-16,Active,,100000,1.0
EMP00975,Gaurav Agarwal,Male,1981-07-28,45,Divorced,Nagpur,Maharashtra,9957999240,gaurav.agarwal@hotmail.com,DEP009,Deputy General Manager,M.Com,29.1,2017-04-20,Resigned,2019-09-30,45000,5.0
EMP00976,Rekha Patel,Female,1976-03-06,50,Married,Indore,Madhya Pradesh,8917866805,rekha.patel303@hotmail.com,DEP011,Senior Associate,MBA,19.9,2017-07-28,On Notice Period,,45000,4.0
EMP00977,Arjun Pillai,Male,1995-09-12,30,Married,Delhi,Delhi,7275737695,arjun.pillai924@outlook.com,DEP008,Consultant,PhD,20.0,2016-09-24,On Notice Period,,250000,5.0
EMP00978,Neha Nair,Other,1995-03-27,31,Married,Kolkata,West Bengal,8725182252,neha.nair@outlook.com,DEP003,Senior Analyst,B.A.,25.4,2026-01-13,Terminated,,80000,2.0
EMP00979,Anjali Kapoor,Female,1976-10-09,49,Married,Kolkata,West Bengal,8148266804,anjali.kapoor718@rediffmail.com,DEP001,Senior Manager,B.Tech,1.0,2017-07-17,On Notice Period,,250000,1.0
EMP00980,Ajay Kumar,Male,1983-09-10,42,Married,Noida,Uttar Pradesh,8886163211,ajay.kumar@outlook.com,DEP006,Manager,B.Tech,12.4,2021-06-25,Active,,100000,3.0
EMP00981,Ajay Chaudhary,Male,1990-05-17,36,Married,Noida,Uttar Pradesh,8127252606,ajay.chaudhary638@gmail.com,DEP008,Team Lead,B.Com,22.8,2016-06-25,Active,,160000,5.0
EMP00982,Arjun Yadav,Male,1968-08-03,58,Divorced,Noida,Uttar Pradesh,8837036262,arjun.yadav206@yahoo.com,DEP006,Analyst,B.Tech,23.1,2024-05-03,Terminated,,25000,5.0
EMP00983,Vihaan Sharma,Other,1981-04-05,45,Single,Indore,Madhya Pradesh,6225082713,vihaan.sharma496@yahoo.com,DEP002,Consultant,M.Com,17.9,2017-08-07,Resigned,2019-11-27,35000,3.0
EMP00984,Sarika Malhotra,Female,1967-01-02,59,Divorced,Ahmedabad,Gujarat,8926980142,sarika.malhotra592@rediffmail.com,DEP004,Senior Analyst,B.Sc,13.6,2016-06-18,Active,,80000,3.0
EMP00985,Kavita Joshi,Other,1987-07-16,39,Single,Pune,Maharashtra,8674887241,kavita.joshi899@yahoo.com,DEP002,Team Lead,M.Sc,2.3,2017-04-27,Resigned,2023-11-19,45000,2.0
EMP00986,Ritu Pillai,Other,1967-09-23,58,Married,Delhi,Delhi,9246135492,ritu.pillai890@hotmail.com,DEP002,Associate,Diploma,12.6,2019-07-17,Resigned,2025-05-16,250000,1.0
EMP00987,Neha Agarwal,Female,1974-11-21,51,Single,Ahmedabad,Gujarat,7041832328,,DEP001,Executive,Diploma,7.7,2018-01-18,Resigned,2024-10-12,130000,2.0
EMP00988,Nisha Gupta,Other,1976-05-17,50,Divorced,Lucknow,Uttar Pradesh,9098621628,nisha.gupta324@outlook.com,DEP006,Intern,M.Tech,22.1,2025-04-04,Active,,130000,4.0
EMP00989,Krishna Iyer,Male,1966-11-12,59,Single,Indore,Madhya Pradesh,9641832679,krishna.iyer694@gmail.com,DEP006,Associate,Diploma,8.8,2017-10-10,Active,,25000,4.0
EMP00990,Deepak Kapoor,Other,1992-01-27,34,Divorced,Surat,Gujarat,9363086631,deepak.kapoor247@rediffmail.com,DEP010,Intern,Diploma,24.6,2015-08-23,On Notice Period,,320000,1.0
EMP00991,Saurabh Pillai,Male,1994-08-07,32,Married,Ghaziabad,Uttar Pradesh,9299780619,saurabh.pillai301@outlook.com,DEP010,Associate,PhD,2.4,2021-11-11,Active,,320000,4.0
EMP00992,Divya Menon,Other,1977-03-05,49,Divorced,Mumbai,Maharashtra,6177395008,divya.menon782@rediffmail.com,DEP001,Analyst,B.Com,24.8,2026-02-17,Active,,200000,4.0
EMP00993,Riya Yadav,Female,1995-05-21,31,Married,Coimbatore,Tamil Nadu,7161913034,riya.yadav103@gmail.com,DEP006,Intern,Diploma,15.4,2021-02-20,On Notice Period,,200000,4.0
EMP00994,Diya Kapoor,Female,1983-10-28,42,Single,Surat,Gujarat,8855258330,diya.kapoor@outlook.com,DEP004,Associate,M.Com,7.9,2022-03-12,Active,,80000,2.0
EMP00995,Riya Chaudhary,Female,2003-01-06,23,Married,Ghaziabad,Uttar Pradesh,8884615828,riya.chaudhary289@gmail.com,DEP003,Senior Manager,M.Com,11.4,2024-04-27,Active,,45000,4.0
EMP00996,Arjun Chopra,Other,1986-04-28,40,Single,Jaipur,Rajasthan,8967577197,arjun.chopra516@yahoo.com,DEP005,Vice President,MBA,12.2,2021-08-14,Active,,35000,2.0
EMP00997,Naveen Patel,Other,1977-08-22,49,Divorced,Indore,Madhya Pradesh,9572724340,naveen.patel551@gmail.com,DEP012,Analyst,MBA,8.9,2016-07-26,Active,,320000,1.0
EMP00998,Ramesh Singh,Other,2001-09-18,24,Single,Surat,Gujarat,8234684943,ramesh.singh886@outlook.com,DEP011,Intern,B.Tech,,2024-07-23,Terminated,,80000,3.0
EMP00999,Nisha Nair,Female,2004-08-26,22,Married,Noida,Uttar Pradesh,,nisha.nair29@rediffmail.com,DEP001,Vice President,B.Tech,,2017-03-19,Active,,100000,1.0
EMP01000,Naveen Patel,Male,1983-11-10,42,Married,Noida,Uttar Pradesh,7321811459,naveen.patel266@gmail.com,DEP002,Senior Manager,B.Com,22.1,2023-04-25,On Notice Period,,100000,1.0
EMP01001,Saurabh Shetty,Other,1983-04-12,43,Single,Surat,Gujarat,6926469338,saurabh.shetty109@yahoo.com,DEP002,Senior Analyst,Diploma,28.8,2024-12-03,Terminated,,130000,3.0
EMP01002,Aditya Sharma,Male,1991-03-06,35,Divorced,Chandigarh,Chandigarh,9437628403,aditya.sharma807@outlook.com,DEP010,Senior Manager,PhD,28.4,2022-02-18,Active,,100000,5.0
EMP01003,Anjali Bose,Other,1993-04-01,33,Divorced,Indore,Madhya Pradesh,7795974584,anjali.bose929@yahoo.com,DEP006,Assistant Manager,PhD,5.6,2021-09-09,Active,,250000,1.0
EMP01004,Kavya Menon,Female,2001-09-07,25,Married,Hyderabad,Telangana,,kavya.menon844@hotmail.com,DEP011,Team Lead,Diploma,12.5,2016-08-27,Active,,320000,3.0
EMP01005,Vivaan Bansal,Male,2005-09-13,20,Single,Chennai,Tamil Nadu,9543194156,vivaan.bansal698@gmail.com,DEP005,Manager,M.Sc,19.3,2022-02-20,Active,,250000,3.0
EMP01006,Saurabh Bose,Male,1967-08-17,59,Divorced,Mumbai,Maharashtra,7522562822,saurabh.bose158@yahoo.com,DEP004,Intern,MBA,39.9,2016-05-12,Resigned,2021-12-12,60000,2.0
EMP01007,Nikhil Bose,Male,1993-12-23,32,Married,Indore,Madhya Pradesh,7415895786,nikhil.bose427@gmail.com,DEP008,Consultant,Diploma,14.5,2023-02-24,Active,,200000,1.0
EMP01008,Shreya Ghosh,Female,2004-03-02,22,Married,Chandigarh,Chandigarh,9711769415,shreya.ghosh39@gmail.com,DEP012,Associate,M.Sc,15.0,2018-01-13,Active,,320000,4.0
EMP01009,Aarav Chaudhary,Other,1979-08-18,47,Divorced,Kolkata,West Bengal,8055091357,aarav.chaudhary429@rediffmail.com,DEP008,Assistant Manager,PhD,14.5,2019-12-02,Resigned,2021-05-25,60000,2.0
EMP01010,Reyansh Kapoor,Male,2004-11-13,21,Married,Kolkata,West Bengal,6500767792,reyansh.kapoor887@outlook.com,DEP003,Team Lead,B.A.,10.6,2017-02-25,On Notice Period,,25000,5.0
EMP01011,Gaurav Chaudhary,Other,1981-10-04,44,Single,Nagpur,Maharashtra,8276820292,gaurav.chaudhary794@yahoo.com,DEP003,Analyst,Diploma,9.2,2018-05-19,Terminated,2019-05-21,60000,1.0
EMP01012,rekha yadav,Other,1983-05-20,43,Divorced,Pune,Maharashtra,,rekha.yadav852@yahoo.com,DEP001,Vice President,B.A.,23.4,2016-02-18,Active,,100000,2.0
EMP01013,Aarav Malhotra,Male,1992-03-18,34,Divorced,Ahmedabad,Gujarat,6185214748,aarav.malhotra510@yahoo.com,DEP006,General Manager,M.Com,14.7,2021-06-11,On Notice Period,,25000,1.0
EMP01014,Vikram Verma,Other,1967-08-11,59,Divorced,Coimbatore,Tamil Nadu,9631460058,vikram.verma182@gmail.com,DEP001,Associate,M.Sc,15.7,2020-10-11,Active,,160000,2.0
EMP01015,Divya Pillai,Female,1968-12-03,57,Single,Mumbai,Maharashtra,6118179137,divya.pillai580@gmail.com,DEP004,Assistant Manager,Diploma,5.0,2024-12-13,Active,,250000,2.0
EMP01016,Aditya Mishra,Male,1974-04-18,52,Married,Jaipur,Rajasthan,9443216122,aditya.mishra317@hotmail.com,DEP005,Vice President,B.Com,12.1,2016-08-02,Terminated,2021-03-17,25000,1.0
EMP01017,Sunita Patel,Other,1973-03-01,53,Single,Chennai,Tamil Nadu,9564486800,sunita.patel142@yahoo.com,DEP012,Manager,B.Sc,27.1,2017-07-19,Active,,250000,3.0
EMP01018,Saurabh Iyer,Male,1994-07-14,32,Married,Mumbai,Maharashtra,7149462759,saurabh.iyer202@rediffmail.com,DEP008,Senior Analyst,B.A.,15.4,2015-05-15,Active,,160000,3.0
EMP01019,Vihaan Chopra,Other,1978-11-06,47,Divorced,Pune,Maharashtra,8187737753,vihaan.chopra148@outlook.com,DEP004,Senior Associate,B.Sc,27.7,2021-09-15,Active,,320000,1.0
EMP01020,Kavita Joshi,Other,2005-08-03,21,Single,Ghaziabad,Uttar Pradesh,7134810825,kavita.joshi782@outlook.com,DEP008,Senior Manager,Diploma,,2016-08-31,Terminated,2020-05-09,130000,3.0
EMP01021,Anil Reddy,Other,1987-04-18,39,Divorced,Chennai,Tamil Nadu,8333865701,anil.reddy755@yahoo.com,DEP001,Senior Manager,B.Com,24.6,2015-03-22,Terminated,2017-02-04,320000,3.0
EMP01022,Rohan Gupta,Male,1978-09-06,48,Single,Surat,Gujarat,7112582376,rohan.gupta400@rediffmail.com,DEP010,Senior Analyst,B.Com,15.7,2019-01-05,Resigned,2019-06-29,60000,3.0
EMP01023,Deepak Nair,Male,1989-09-10,36,Married,Coimbatore,Tamil Nadu,9710572386,deepak.nair699@hotmail.com,DEP006,Assistant Manager,B.Tech,7.2,2017-09-20,On Notice Period,,160000,1.0
EMP01024,Aman Nair,Male,1973-04-24,53,Single,Indore,Madhya Pradesh,8616430692,aman.nair563@rediffmail.com,DEP009,Senior Manager,B.Tech,26.4,2025-08-14,On Notice Period,,160000,3.0
EMP01025,Rohan Chopra,Male,1981-02-19,45,Divorced,Coimbatore,Tamil Nadu,7105034486,rohan.chopra412@hotmail.com,DEP002,Senior Manager,M.Sc,3.3,2015-03-19,On Notice Period,,130000,3.0
EMP01026,Ajay Gupta,Male,1995-07-09,31,Married,Ghaziabad,Uttar Pradesh,6952618000,ajay.gupta397@yahoo.com,DEP003,Analyst,Diploma,29.6,2015-07-11,On Notice Period,,250000,5.0
EMP01027,Ajay Malhotra,Male,1995-12-21,30,Married,Pune,Maharashtra,8599583989,ajay.malhotra76@yahoo.com,DEP006,Senior Manager,Diploma,5.9,2026-04-10,Active,,35000,1.0
EMP01028,Riya Mishra,Female,1980-03-13,46,Divorced,Jaipur,Rajasthan,8566930969,riya.mishra658@rediffmail.com,DEP006,Manager,B.A.,13.5,2019-09-21,Active,,130000,1.0
EMP01029,Saurabh Yadav,Other,1993-01-23,33,Single,Mumbai,Maharashtra,9396243416,saurabh.yadav286@hotmail.com,DEP002,Intern,B.A.,24.6,2016-07-30,Active,,250000,5.0
EMP01030,Aadhya Nair,Female,1970-03-13,56,Married,Noida,Uttar Pradesh,9211166974,aadhya.nair555@hotmail.com,DEP011,Team Lead,M.Com,42.9,2017-08-23,On Notice Period,,100000,3.0
EMP01031,Isha Ghosh,Female,1986-09-13,39,Single,Chennai,Tamil Nadu,6709706311,isha.ghosh529@gmail.com,DEP010,Associate,B.A.,10.4,2015-06-15,Active,,320000,3.0
EMP01032,Karan Malhotra,Male,1998-11-04,27,Married,Jaipur,Rajasthan,6095088494,karan.malhotra684@outlook.com,DEP003,Analyst,M.Sc,10.0,2024-04-27,Terminated,2025-01-04,80000,2.0
EMP01033,Kavya Kumar,Female,1972-01-14,54,Married,Ghaziabad,Uttar Pradesh,,kavya.kumar601@outlook.com,DEP002,Senior Manager,B.A.,7.6,2016-06-17,Terminated,2021-08-03,25000,1.0
EMP01034,Anil Gupta,Other,2004-01-22,22,Divorced,Ghaziabad,Uttar Pradesh,7253484970,anil.gupta853@rediffmail.com,DEP011,Team Lead,Diploma,17.4,2025-09-23,On Notice Period,,130000,3.0
EMP01035,Shreya Bansal,Other,1968-10-19,57,Divorced,Chennai,Tamil Nadu,6687171315,shreya.bansal187@outlook.com,DEP011,Manager,Diploma,27.1,2017-06-22,Active,,100000,2.0
EMP01036,nikhil kapoor,Other,1998-10-10,27,Married,Chennai,Tamil Nadu,7085482551,nikhil.kapoor464@rediffmail.com,DEP010,Executive,B.Tech,12.7,2024-06-25,Resigned,2025-03-06,250000,5.0
EMP01037,Priya Chopra,Female,1967-07-10,59,Divorced,Mumbai,Maharashtra,7752692543,priya.chopra915@rediffmail.com,DEP011,General Manager,MBA,26.0,2024-08-13,Active,,25000,3.0
EMP01038,Nikhil Patel,Male,1984-03-05,42,Married,Mumbai,Maharashtra,9744554069,nikhil.patel718@hotmail.com,DEP005,Senior Analyst,PhD,21.4,2018-04-15,Active,,45000,3.0
EMP01039,Ananya Ghosh,Female,1967-11-20,58,Single,Bengaluru,Karnataka,6635494946,ananya.ghosh216@outlook.com,DEP008,Deputy General Manager,M.Tech,13.6,2018-12-31,Resigned,2020-10-04,160000,1.0
EMP01040,Riya Menon,Other,1971-01-20,55,Single,Jaipur,Rajasthan,9039558144,riya.menon459@outlook.com,DEP005,Assistant Manager,B.A.,25.4,2021-07-17,Active,,200000,1.0
EMP01041,Shreya Mishra,Female,1972-07-18,54,Single,Delhi,Delhi,9800372895,shreya.mishra345@outlook.com,DEP005,Consultant,B.Sc,11.7,2025-03-13,Resigned,,35000,2.0
EMP01042,Krishna Ghosh,Male,1994-06-10,32,Married,Chandigarh,Chandigarh,6688479342,krishna.ghosh262@hotmail.com,DEP011,Senior Manager,B.Tech,0.7,2020-12-09,Terminated,,80000,1.0
EMP01043,Ananya Yadav,Female,1984-11-02,41,Single,Hyderabad,Telangana,9589410793,ananya.yadav@rediffmail.com,DEP010,Manager,M.Tech,8.7,2020-01-26,Resigned,,130000,1.0
EMP01044,Vihaan Nair,Male,1995-06-06,31,Divorced,Pune,Maharashtra,8775356057,vihaan.nair176@hotmail.com,DEP004,Vice President,MBA,24.3,2024-01-27,Active,,200000,2.0
EMP01045,Myra Chaudhary,Other,2003-07-07,23,Divorced,Bengaluru,Karnataka,9161477297,myra.chaudhary490@rediffmail.com,DEP004,Analyst,B.A.,13.9,2015-03-04,Terminated,2018-06-19,45000,1.0
EMP01046,Sunita Yadav,Female,1969-06-07,57,Divorced,Chandigarh,Chandigarh,7202746854,sunita.yadav@gmail.com,DEP004,Deputy General Manager,M.Com,4.3,2016-07-04,Active,,25000,2.0
EMP01047,Sarika Kumar,Female,1997-10-23,28,Married,Pune,Maharashtra,7605880360,sarika.kumar635@rediffmail.com,DEP004,Executive,MBA,9.2,2015-11-20,Active,,130000,4.0
EMP01048,Vikram Chopra,Male,1968-10-02,57,Single,Ahmedabad,Gujarat,7420585844,vikram.chopra930@yahoo.com,DEP008,Associate,M.Sc,18.5,2022-02-28,On Notice Period,,35000,1.0
EMP01049,Krishna Malhotra,Other,1983-10-03,42,Divorced,Noida,Uttar Pradesh,8118129323,krishna.malhotra16@yahoo.com,DEP001,Executive,B.Tech,18.1,2022-12-31,Active,,45000,1.0
EMP01050,Aarav Nair,Male,1970-11-24,55,Married,Bengaluru,Karnataka,6321699178,aarav.nair958@gmail.com,DEP005,Vice President,Diploma,4.9,2019-08-19,On Notice Period,,35000,2.0
EMP01051,Aadhya Sharma,Female,1985-06-21,41,Single,Ahmedabad,Gujarat,9947714693,aadhya.sharma350@gmail.com,DEP006,Senior Manager,Diploma,29.9,2025-11-04,On Notice Period,,60000,2.0
EMP01052,Reyansh Nair,Male,1996-07-12,30,Divorced,Hyderabad,Telangana,8097383494,reyansh.nair547@yahoo.com,DEP005,Analyst,B.Sc,2.7,2021-01-30,Resigned,2025-08-16,100000,1.0
EMP01053,Sunita Joshi,Other,1969-02-22,57,Divorced,Lucknow,Uttar Pradesh,8545422738,sunita.joshi738@hotmail.com,DEP004,Manager,PhD,4.1,2025-06-01,Active,,250000,4.0
EMP01054,Nikhil Malhotra,Other,1976-12-16,49,Married,Kolkata,West Bengal,6987656869,nikhil.malhotra96@hotmail.com,DEP011,Manager,Diploma,5.7,2023-10-16,Active,,160000,4.0
EMP01055,Myra Gupta,Other,1979-09-23,46,Single,Ahmedabad,Gujarat,8134093052,myra.gupta313@rediffmail.com,DEP005,Vice President,M.Com,17.7,2015-08-23,Active,,200000,3.0
EMP01056,Vikram Ghosh,Male,1980-09-16,45,Married,Delhi,Delhi,8395954209,vikram.ghosh@rediffmail.com,DEP006,Executive,M.Com,11.8,2024-10-27,Terminated,,160000,3.0
EMP01057,Sarika Kumar,Other,1976-05-17,50,Divorced,Hyderabad,Telangana,7827928299,sarika.kumar719@rediffmail.com,DEP012,Senior Analyst,B.Sc,21.9,2021-04-21,Terminated,2025-08-01,35000,2.0
EMP01058,Shreya Bansal,Female,1999-07-02,27,Divorced,Indore,Madhya Pradesh,9313771826,shreya.bansal325@gmail.com,DEP005,Consultant,B.Com,17.7,2020-01-27,On Notice Period,,100000,2.0
EMP01059,Deepak Reddy,Male,1968-07-20,58,Divorced,Ahmedabad,Gujarat,8172822176,deepak.reddy243@gmail.com,DEP006,Intern,B.A.,13.5,2019-03-06,On Notice Period,,160000,3.0
EMP01060,Vikram Menon,Male,1996-03-24,30,Single,Chennai,Tamil Nadu,9260402260,vikram.menon954@gmail.com,DEP007,Analyst,M.Sc,24.8,2021-10-01,Active,,35000,5.0
EMP01061,Suresh Reddy,Other,2005-10-26,20,Divorced,Delhi,Delhi,,suresh.reddy531@yahoo.com,DEP009,Consultant,PhD,,2020-04-06,Resigned,2025-01-16,200000,4.0
EMP01062,Arjun Shetty,Male,1996-02-21,30,Divorced,Coimbatore,Tamil Nadu,,arjun.shetty251@yahoo.com,DEP008,Analyst,M.Sc,0.8,2023-07-07,Active,,25000,4.0
EMP01063,Rekha Sharma,Female,2001-10-05,24,Divorced,Coimbatore,Tamil Nadu,9528147236,rekha.sharma265@gmail.com,DEP010,Consultant,B.Sc,4.9,2025-07-23,Active,,35000,4.0
EMP01064,Divya Bansal,Female,1978-09-17,47,Married,Kolkata,West Bengal,8501012350,divya.bansal391@gmail.com,DEP001,Senior Manager,PhD,0.2,2026-02-24,On Notice Period,,130000,1.0
EMP01065,Rohan Patel,Male,1988-01-24,38,Divorced,Chennai,Tamil Nadu,7081106767,rohan.patel118@hotmail.com,DEP012,Vice President,B.Com,2.6,2025-03-30,Active,,160000,4.0
EMP01066,Aman Pillai,Male,1981-09-11,44,Single,Hyderabad,Telangana,9964421103,aman.pillai54@outlook.com,DEP007,Intern,PhD,5.2,2019-01-12,Active,,35000,2.0
EMP01067,Ramesh Desai,Male,2001-07-06,25,Single,Bengaluru,Karnataka,8624728228,ramesh.desai408@gmail.com,DEP009,Deputy General Manager,B.Com,9.9,2022-04-26,Terminated,,100000,3.0
EMP01068,Ishaan Mishra,Other,2004-04-02,22,Single,Lucknow,Uttar Pradesh,7025568907,ishaan.mishra933@hotmail.com,DEP003,Consultant,M.Tech,14.4,2015-11-14,Active,,250000,1.0
EMP01069,Naveen Menon,Male,1988-07-03,38,Single,Lucknow,Uttar Pradesh,7254855182,naveen.menon23@gmail.com,DEP008,Associate,B.Com,6.7,2015-11-27,Resigned,2022-08-16,200000,3.0
EMP01070,Suresh Gupta,Male,1976-04-04,50,Married,Chennai,Tamil Nadu,9108627288,suresh.gupta554@rediffmail.com,DEP006,Team Lead,B.Sc,2.1,2015-09-01,Active,,320000,5.0
EMP01071,Reyansh Nair,Male,1993-06-21,33,Married,Surat,Gujarat,6188681601,reyansh.nair68@hotmail.com,DEP010,Manager,M.Tech,28.8,2018-03-30,Active,,25000,3.0
EMP01072,Arjun Patel,Male,1982-04-08,44,Divorced,Kolkata,West Bengal,6877157524,arjun.patel760@yahoo.com,DEP011,Executive,Diploma,15.9,2025-11-23,Active,,35000,2.0
EMP01073,SUNITA IYER,Female,1982-04-05,44,Married,Mumbai,Maharashtra,9855752856,sunita.iyer655@hotmail.com,DEP005,Assistant Manager,B.Com,23.4,2016-08-11,Active,,100000,3.0
EMP01074,Pooja Mishra,Female,2002-03-11,24,Divorced,Coimbatore,Tamil Nadu,9029428998,pooja.mishra297@outlook.com,DEP005,Senior Analyst,Diploma,14.5,2023-09-04,Active,,250000,1.0
EMP01075,Vihaan Chopra,Male,1988-03-25,38,Married,Coimbatore,Tamil Nadu,7197219666,vihaan.chopra584@gmail.com,DEP012,Senior Analyst,Diploma,9.7,2019-07-19,Active,,130000,4.0
EMP01076,Ishaan Chaudhary,Male,1985-03-13,41,Divorced,Kolkata,West Bengal,,ishaan.chaudhary902@outlook.com,DEP006,Assistant Manager,M.Sc,10.7,2024-03-11,Active,,100000,2.0
EMP01077,Kritika Reddy,Female,1985-11-27,40,Married,Jaipur,Rajasthan,6891376026,kritika.reddy525@outlook.com,DEP008,Associate,M.Com,28.0,2020-11-06,Active,,160000,5.0
EMP01078,Swati Agarwal,Other,1969-01-18,57,Married,Noida,Uttar Pradesh,7025395455,swati.agarwal605@yahoo.com,DEP002,Intern,M.Tech,21.4,2016-10-25,Active,,250000,4.0
EMP01079,Isha Shetty,Female,1968-03-17,58,Divorced,Delhi,Delhi,6202766434,isha.shetty652@gmail.com,DEP005,Vice President,B.Sc,9.1,2021-05-10,Active,,60000,3.0
EMP01080,Arjun Chaudhary,Male,1976-05-20,50,Single,Kolkata,West Bengal,7939458437,arjun.chaudhary374@yahoo.com,DEP006,Assistant Manager,B.Sc,25.4,2024-07-10,Active,,250000,5.0
EMP01081,Suresh Menon,Other,1979-07-20,47,Single,Kolkata,West Bengal,8473480182,suresh.menon645@hotmail.com,DEP001,General Manager,M.Com,29.9,2026-05-02,Resigned,,320000,4.0
EMP01082,Divya Pillai,Female,2000-10-10,25,Single,Chennai,Tamil Nadu,6835712558,divya.pillai374@gmail.com,DEP008,General Manager,Diploma,18.5,2016-03-10,Resigned,2018-08-15,25000,3.0
EMP01083,Gaurav Agarwal,Male,2000-09-03,26,Married,Noida,Uttar Pradesh,9748472536,gaurav.agarwal711@hotmail.com,DEP011,Intern,M.Com,3.4,2019-10-08,Active,,100000,5.0
EMP01084,Anil Kapoor,Other,1997-09-22,28,Married,Ghaziabad,Uttar Pradesh,6451266190,anil.kapoor952@outlook.com,DEP010,Team Lead,B.Com,,2016-02-16,Active,,80000,3.0
EMP01085,Deepak Singh,Male,1989-02-07,37,Divorced,Ghaziabad,Uttar Pradesh,7401603758,deepak.singh644@rediffmail.com,DEP007,Manager,MBA,9.4,2020-08-15,Active,,130000,5.0
EMP01086,Swati Patel,Other,2002-11-11,23,Single,Delhi,Delhi,9510931997,swati.patel625@hotmail.com,DEP002,Senior Associate,M.Sc,7.2,2021-10-14,On Notice Period,,200000,2.0
EMP01087,Kritika Agarwal,Other,1972-01-11,54,Single,Chennai,Tamil Nadu,7287903884,kritika.agarwal232@gmail.com,DEP003,Executive,B.A.,19.9,2019-10-08,Active,,60000,2.0
EMP01088,Reyansh Patel,Other,1979-05-27,47,Divorced,Chandigarh,Chandigarh,8276368331,reyansh.patel769@rediffmail.com,DEP003,Deputy General Manager,B.Com,15.4,2024-01-18,Active,,250000,3.0
EMP01089,Gaurav Iyer,Male,2000-08-12,26,Married,Bengaluru,Karnataka,9330903874,gaurav.iyer779@yahoo.com,DEP004,Senior Analyst,B.Sc,7.1,2017-08-14,Active,,80000,4.0
EMP01090,Aadhya Ghosh,Other,1994-07-12,32,Divorced,Ahmedabad,Gujarat,7448354647,aadhya.ghosh767@yahoo.com,DEP007,Team Lead,B.Com,28.9,2023-02-28,Active,,100000,3.0
EMP01091,Rahul Chopra,Other,1967-07-10,59,Single,Nagpur,Maharashtra,,rahul.chopra17@yahoo.com,DEP009,General Manager,M.Tech,18.3,2024-02-14,On Notice Period,,25000,4.0
EMP01092,Vihaan Singh,Male,1995-11-18,30,Divorced,Pune,Maharashtra,6661692291,vihaan.singh333@rediffmail.com,DEP001,Senior Analyst,PhD,17.8,2025-12-04,Active,,100000,2.0
EMP01093,Ritu Singh,Female,1981-05-19,45,Married,Surat,Gujarat,6601803333,ritu.singh828@yahoo.com,DEP007,General Manager,B.Sc,25.7,2015-12-24,Active,,250000,4.0
EMP01094,Ritu Nair,Other,1976-06-13,50,Single,Hyderabad,Telangana,6983232342,ritu.nair200@rediffmail.com,DEP006,Associate,Diploma,4.5,2019-03-12,Terminated,2021-01-07,130000,2.0
EMP01095,Anil Nair,Male,1968-09-15,57,Divorced,Mumbai,Maharashtra,7845244961,anil.nair222@outlook.com,DEP009,Senior Associate,PhD,12.4,2024-12-02,On Notice Period,,320000,3.0
EMP01096,Manish Chopra,Male,1993-02-17,33,Married,Chennai,Tamil Nadu,8609251165,manish.chopra161@outlook.com,DEP012,Senior Associate,Diploma,23.8,2020-07-06,On Notice Period,,35000,5.0
EMP01097,Deepak Joshi,Male,1978-09-16,47,Divorced,Coimbatore,Tamil Nadu,6193027691,deepak.joshi499@gmail.com,DEP009,Senior Associate,M.Sc,6.0,2017-11-12,On Notice Period,,160000,3.0
EMP01098,Suresh Joshi,Other,1968-04-08,58,Single,Kolkata,West Bengal,6093054753,suresh.joshi658@yahoo.com,DEP008,General Manager,B.Com,16.1,2015-04-13,Active,,160000,2.0
EMP01099,Anjali Kumar,Other,1981-10-02,44,Married,Kolkata,West Bengal,8422945413,anjali.kumar651@hotmail.com,DEP007,Manager,B.Com,28.2,2023-08-03,Resigned,,250000,4.0
EMP01100,Sunita Patel,Female,2004-01-10,22,Divorced,Jaipur,Rajasthan,6903007320,sunita.patel968@yahoo.com,DEP001,Team Lead,B.A.,17.0,2023-05-08,Resigned,2025-10-05,130000,4.0
EMP01101,Sunita Sharma,Female,1975-07-16,51,Single,Nagpur,Maharashtra,9695514243,sunita.sharma930@yahoo.com,DEP006,Executive,B.A.,11.4,2021-03-23,Resigned,2025-04-25,25000,5.0
EMP01102,Aman Verma,Other,1986-06-25,40,Married,Coimbatore,Tamil Nadu,8277936412,aman.verma533@gmail.com,DEP011,Senior Analyst,M.Com,21.8,2017-10-12,Terminated,2023-09-24,25000,1.0
EMP01103,Aadhya Patel,Other,1968-11-19,57,Married,Hyderabad,Telangana,,aadhya.patel522@rediffmail.com,DEP007,Manager,M.Tech,24.0,2017-08-28,Active,,100000,5.0
EMP01104,Sanjay Chopra,Other,2004-01-25,22,Divorced,Kolkata,West Bengal,6031735278,sanjay.chopra997@gmail.com,DEP004,Intern,Diploma,16.0,2018-02-25,On Notice Period,,130000,3.0
EMP01105,Sunita Nair,Other,1996-11-06,29,Single,Coimbatore,Tamil Nadu,,sunita.nair25@yahoo.com,DEP004,Manager,Diploma,1.5,2025-10-27,Active,,100000,2.0
EMP01106,Diya Desai,Female,1981-12-19,44,Divorced,Ahmedabad,Gujarat,7669603181,diya.desai82@hotmail.com,DEP004,Deputy General Manager,M.Com,6.6,2026-02-27,Active,,25000,1.0
EMP01107,REYANSH SINGH,Male,2003-05-28,23,Single,Delhi,Delhi,9178408224,,DEP003,Associate,B.A.,,2017-05-08,Terminated,2020-08-09,25000,1.0
EMP01108,Naveen Reddy,Male,1997-04-13,29,Single,Pune,Maharashtra,6523019056,naveen.reddy357@hotmail.com,DEP002,Associate,B.Com,2.3,2021-08-07,Active,,60000,2.0
EMP01109,Manish Chopra,Male,1982-10-22,43,Married,Nagpur,Maharashtra,,manish.chopra977@gmail.com,DEP008,Assistant Manager,Diploma,16.7,2019-12-30,Active,,160000,3.0
EMP01110,Myra Menon,Female,1988-02-24,38,Divorced,Coimbatore,Tamil Nadu,8937056532,myra.menon736@rediffmail.com,DEP012,Senior Analyst,B.Com,20.2,2017-09-25,Resigned,2019-10-31,60000,2.0
EMP01111,Reyansh Ghosh,Male,1998-11-25,27,Divorced,Coimbatore,Tamil Nadu,7172011221,reyansh.ghosh53@outlook.com,DEP011,Senior Manager,PhD,14.7,2022-02-07,Active,,45000,4.0
EMP01112,Ajay Kapoor,Other,1971-01-20,55,Divorced,Delhi,Delhi,,ajay.kapoor683@rediffmail.com,DEP004,Analyst,Diploma,3.4,2019-11-29,Active,,250000,5.0
EMP01113,Neha Kapoor,Other,1981-01-25,45,Married,Delhi,Delhi,9768677807,neha.kapoor423@outlook.com,DEP008,Assistant Manager,MBA,6.8,2024-11-29,Active,,25000,2.0
EMP01114,Saanvi Bansal,Female,2001-05-19,25,Divorced,Hyderabad,Telangana,6154465964,saanvi.bansal826@yahoo.com,DEP009,Associate,M.Com,,2015-12-14,Active,,35000,1.0
EMP01115,Kritika Joshi,Female,1986-10-14,39,Married,Bengaluru,Karnataka,6055107853,,DEP003,Vice President,B.Sc,24.1,2024-04-11,Active,,80000,3.0
EMP01116,Rahul Iyer,Male,1983-08-17,43,Married,Ghaziabad,Uttar Pradesh,8483866351,rahul.iyer852@hotmail.com,DEP012,Associate,MBA,24.2,2017-02-16,Active,,60000,5.0
EMP01117,Diya Pillai,Female,1995-09-06,31,Married,Surat,Gujarat,7431223640,diya.pillai222@outlook.com,DEP009,Deputy General Manager,B.A.,28.8,2018-11-07,Active,,25000,3.0
EMP01118,Gaurav Pillai,Other,1971-09-16,54,Single,Delhi,Delhi,9310509408,gaurav.pillai542@rediffmail.com,DEP003,Intern,PhD,18.3,2018-04-19,On Notice Period,,35000,5.0
EMP01119,Pooja Malhotra,Female,1983-04-19,43,Divorced,Chennai,Tamil Nadu,6144903813,pooja.malhotra98@hotmail.com,DEP012,Vice President,Diploma,16.7,2025-08-12,Terminated,,60000,4.0
EMP01120,Aman Gupta,Male,1981-05-10,45,Married,Ahmedabad,Gujarat,9383804242,aman.gupta@hotmail.com,DEP005,Senior Manager,B.Com,25.2,2025-01-27,Active,,25000,4.0
EMP01121,Gaurav Malhotra,Male,1994-05-05,32,Single,Mumbai,Maharashtra,6180369757,gaurav.malhotra764@outlook.com,DEP003,Executive,MBA,26.3,2022-02-26,Active,,80000,1.0
EMP01122,Swati Desai,Female,1997-02-16,29,Divorced,Hyderabad,Telangana,8501886007,swati.desai50@outlook.com,DEP006,Senior Manager,B.Tech,20.1,2017-05-10,Active,,25000,4.0
EMP01123,Myra Shetty,Female,2002-06-27,24,Married,Jaipur,Rajasthan,7756772087,myra.shetty324@gmail.com,DEP011,Assistant Manager,B.Tech,,2020-08-03,Active,,60000,4.0
EMP01124,Neha Desai,Other,1996-09-23,29,Single,Lucknow,Uttar Pradesh,7534236135,,DEP002,Associate,MBA,17.7,2021-07-25,Terminated,2024-07-08,100000,5.0
EMP01125,Aarav Yadav,Male,1972-08-23,54,Single,Chandigarh,Chandigarh,6263513106,aarav.yadav992@hotmail.com,DEP008,Executive,M.Com,10.8,2019-04-04,Resigned,2025-05-27,130000,4.0
EMP01126,Nisha Chaudhary,Female,1994-03-21,32,Married,Noida,Uttar Pradesh,9799311005,nisha.chaudhary861@rediffmail.com,DEP012,General Manager,MBA,19.5,2024-06-23,Resigned,2026-04-25,250000,4.0
EMP01127,myra chopra,Other,1977-07-13,49,Divorced,Ghaziabad,Uttar Pradesh,9258480350,myra.chopra514@yahoo.com,DEP010,Associate,B.Com,11.9,2022-08-31,Terminated,,100000,1.0
EMP01128,Ananya Rao,Female,1971-02-24,55,Married,Chandigarh,Chandigarh,8069330784,ananya.rao465@rediffmail.com,DEP012,Manager,B.A.,10.4,2015-05-01,Resigned,2018-10-20,320000,5.0
EMP01129,Ajay Yadav,Other,1978-08-16,48,Single,Surat,Gujarat,7310320145,ajay.yadav287@yahoo.com,DEP004,Senior Associate,Diploma,0.3,2021-08-30,Active,,160000,3.0
EMP01130,Saanvi Yadav,Female,2004-12-07,21,Single,Delhi,Delhi,7705411007,saanvi.yadav865@hotmail.com,DEP003,Vice President,B.A.,0.9,2025-09-06,Resigned,2026-05-18,130000,4.0
EMP01131,Sunita Yadav,Female,1985-05-08,41,Married,Pune,Maharashtra,9834109919,sunita.yadav467@gmail.com,DEP012,Associate,B.A.,26.4,2018-04-25,Active,,200000,5.0
EMP01132,Ramesh Joshi,Male,1985-08-16,41,Single,Jaipur,Rajasthan,,ramesh.joshi345@yahoo.com,DEP004,Team Lead,M.Sc,17.5,2019-12-07,Terminated,2020-03-07,160000,2.0
EMP01133,Saurabh Joshi,Male,1970-11-26,55,Married,Noida,Uttar Pradesh,6429407878,,DEP012,Team Lead,M.Tech,19.8,2023-10-27,Resigned,,45000,4.0
EMP01134,Rohan Chaudhary,Other,1972-11-04,53,Married,Lucknow,Uttar Pradesh,7844560133,rohan.chaudhary240@rediffmail.com,DEP002,Senior Associate,PhD,15.2,2017-12-25,Terminated,2020-01-30,250000,3.0
EMP01135,Saanvi Kumar,Female,1973-05-02,53,Married,Delhi,Delhi,9677212414,saanvi.kumar69@hotmail.com,DEP007,Team Lead,M.Sc,14.5,2015-05-31,Terminated,2017-01-28,80000,5.0
EMP01136,Nikhil Chaudhary,Other,1980-01-25,46,Married,Chandigarh,Chandigarh,6575838680,nikhil.chaudhary817@hotmail.com,DEP006,Executive,B.Com,21.1,2022-07-12,Active,,100000,4.0
EMP01137,Pooja Bansal,Female,1992-07-28,34,Single,Indore,Madhya Pradesh,8347215272,pooja.bansal984@outlook.com,DEP005,Deputy General Manager,M.Com,18.7,2019-07-10,Active,,200000,2.0
EMP01138,Anil Bansal,Male,1990-09-05,36,Single,Ahmedabad,Gujarat,9559147241,anil.bansal527@gmail.com,DEP009,Consultant,M.Com,8.1,2021-01-01,On Notice Period,,25000,3.0
EMP01139,Nikhil Menon,Male,1980-08-11,46,Divorced,Bengaluru,Karnataka,9087193848,nikhil.menon107@outlook.com,DEP007,Deputy General Manager,M.Com,1.2,2019-05-21,On Notice Period,,25000,2.0
EMP01140,Krishna Desai,Male,1992-03-04,34,Married,Coimbatore,Tamil Nadu,8184578256,krishna.desai39@rediffmail.com,DEP009,Vice President,B.Com,10.1,2015-12-28,Resigned,2020-09-04,200000,2.0
EMP01141,Nikhil Mishra,Male,1982-08-16,44,Divorced,Chandigarh,Chandigarh,9504130573,nikhil.mishra792@yahoo.com,DEP011,Team Lead,B.Sc,2.8,2021-06-01,Active,,200000,5.0
EMP01142,Swati Kumar,Female,1985-07-21,41,Single,Nagpur,Maharashtra,9708443837,swati.kumar@rediffmail.com,DEP002,Executive,B.Tech,24.9,2018-08-20,Resigned,2020-12-10,200000,5.0
EMP01143,Isha Joshi,Other,1995-03-05,31,Single,Jaipur,Rajasthan,,isha.joshi727@hotmail.com,DEP010,Manager,MBA,21.4,2022-02-20,Terminated,2023-01-26,80000,2.0
EMP01144,Ramesh Bansal,Other,1994-02-27,32,Divorced,Chennai,Tamil Nadu,7210224633,ramesh.bansal920@yahoo.com,DEP007,Intern,M.Com,27.6,2015-03-31,Active,,130000,3.0
EMP01145,Divya Joshi,Other,2000-08-05,26,Divorced,Kolkata,West Bengal,8639255466,divya.joshi275@yahoo.com,DEP012,Deputy General Manager,B.A.,11.8,2022-12-09,Active,,320000,3.0
EMP01146,Kavita Nair,Other,1976-12-27,49,Single,Coimbatore,Tamil Nadu,9864934332,kavita.nair@gmail.com,DEP005,Deputy General Manager,MBA,2.8,2021-05-23,Resigned,2021-12-02,320000,1.0
EMP01147,Rahul Bose,Male,1989-10-20,36,Married,Hyderabad,Telangana,8555001967,rahul.bose663@rediffmail.com,DEP008,Team Lead,B.Tech,22.9,2026-01-09,Active,,160000,5.0
EMP01148,Aman Malhotra,Male,1993-08-27,33,Divorced,Bengaluru,Karnataka,8244060127,aman.malhotra684@rediffmail.com,DEP005,Vice President,M.Sc,18.6,2016-01-09,Active,,130000,4.0
EMP01149,Vikram Menon,Male,2003-04-28,23,Divorced,Lucknow,Uttar Pradesh,7249982892,vikram.menon@hotmail.com,DEP003,General Manager,M.Sc,8.1,2021-09-16,On Notice Period,,130000,2.0
EMP01150,Ananya Sharma,Female,2001-04-17,25,Single,Delhi,Delhi,7214137856,ananya.sharma394@hotmail.com,DEP005,Associate,MBA,1.8,2017-01-28,Active,,100000,3.0
EMP01151,Neha Malhotra,Other,1976-10-20,49,Single,Chennai,Tamil Nadu,,neha.malhotra816@gmail.com,DEP006,Vice President,PhD,25.1,2016-06-02,Active,,250000,4.0
EMP01152,Kritika Iyer,Female,1982-05-17,44,Divorced,Surat,Gujarat,8596817692,kritika.iyer@outlook.com,DEP008,Manager,B.Sc,17.5,2026-04-29,Terminated,,25000,5.0
EMP01153,Reyansh Chaudhary,Other,1995-05-11,31,Divorced,Noida,Uttar Pradesh,9669637492,reyansh.chaudhary965@gmail.com,DEP010,Manager,M.Tech,10.7,2017-10-03,Active,,80000,5.0
EMP01154,Suresh Kapoor,Male,1971-12-15,54,Single,Indore,Madhya Pradesh,6623433486,suresh.kapoor710@rediffmail.com,DEP009,Senior Analyst,PhD,29.7,2020-08-10,Active,,320000,4.0
EMP01155,Pooja Malhotra,Female,1971-12-14,54,Single,Delhi,Delhi,7371650399,pooja.malhotra946@yahoo.com,DEP001,Team Lead,M.Tech,13.1,2015-03-31,Active,,200000,3.0
EMP01156,Aditya Sharma,Other,1985-10-24,40,Single,Lucknow,Uttar Pradesh,6101265854,aditya.sharma388@yahoo.com,DEP004,Assistant Manager,MBA,26.2,2020-03-03,Terminated,2022-11-30,45000,1.0
EMP01157,Sarika Joshi,Other,1992-01-03,34,Married,Ghaziabad,Uttar Pradesh,7029001476,sarika.joshi953@yahoo.com,DEP005,Senior Associate,PhD,,2023-10-22,Terminated,2025-06-22,25000,3.0
EMP01158,Rahul Sharma,Male,1997-05-28,29,Single,Bengaluru,Karnataka,6595931799,rahul.sharma847@outlook.com,DEP008,Associate,B.Sc,17.2,2017-10-26,Resigned,2019-09-23,100000,2.0
EMP01159,Vikram Gupta,Other,2002-06-10,24,Single,Chandigarh,Chandigarh,7312438456,vikram.gupta@gmail.com,DEP009,Executive,B.Sc,4.3,2015-02-22,Active,,80000,1.0
EMP01160,Swati Chopra,Female,1991-11-18,34,Married,Delhi,Delhi,9536709455,swati.chopra36@hotmail.com,DEP007,Team Lead,B.A.,2.2,2026-03-08,Resigned,,100000,3.0
EMP01161,Aman Kumar,Male,1969-04-01,57,Divorced,Chandigarh,Chandigarh,8164806363,aman.kumar653@outlook.com,DEP004,Assistant Manager,M.Sc,27.1,2015-06-15,Active,,130000,1.0
EMP01162,Ananya Ghosh,Female,2005-02-12,21,Divorced,Chandigarh,Chandigarh,9575528545,ananya.ghosh738@outlook.com,DEP003,Assistant Manager,B.A.,3.6,2017-09-16,Resigned,2019-09-11,250000,3.0
EMP01163,Deepak Joshi,Male,2004-05-25,22,Married,Ahmedabad,Gujarat,,deepak.joshi706@rediffmail.com,DEP003,Deputy General Manager,B.Com,11.5,2017-06-26,Terminated,2021-04-26,320000,4.0
EMP01164,Aadhya Verma,Female,2001-02-11,25,Married,Noida,Uttar Pradesh,8416607007,aadhya.verma17@gmail.com,DEP010,Senior Associate,B.Tech,22.4,2016-01-12,On Notice Period,,60000,1.0
EMP01165,Ajay Gupta,Male,1979-12-04,46,Single,Bengaluru,Karnataka,,ajay.gupta798@outlook.com,DEP004,Executive,Diploma,24.6,2019-12-27,Active,,250000,3.0
EMP01166,Nikhil Menon,Male,1985-08-02,41,Single,Kolkata,West Bengal,,nikhil.menon450@rediffmail.com,DEP009,Assistant Manager,M.Com,5.0,2015-06-06,Active,,80000,5.0
EMP01167,Meera Chopra,Female,1966-11-05,59,Single,Bengaluru,Karnataka,9279646696,meera.chopra@yahoo.com,DEP007,Senior Associate,B.Com,19.8,2022-08-03,Active,,35000,4.0
EMP01168,Ritu Chaudhary,Other,1981-09-25,44,Married,Lucknow,Uttar Pradesh,9815032402,ritu.chaudhary205@gmail.com,DEP006,Senior Analyst,MBA,23.9,2020-04-29,Active,,160000,4.0
EMP01169,Ajay Singh,Male,1973-04-05,53,Single,Lucknow,Uttar Pradesh,7188219802,ajay.singh247@yahoo.com,DEP012,Executive,B.A.,28.9,2015-03-13,Active,,45000,4.0
EMP01170,Ramesh Bose,Male,1999-11-22,26,Single,Ahmedabad,Gujarat,8589210177,ramesh.bose603@gmail.com,DEP009,Senior Manager,M.Com,10.9,2023-08-10,Active,,80000,5.0
EMP01171,Nisha Sharma,Female,1972-12-09,53,Divorced,Kolkata,West Bengal,6761726694,nisha.sharma68@rediffmail.com,DEP007,Analyst,Diploma,25.4,2023-11-25,Active,,60000,3.0
EMP01172,Suresh Reddy,Male,1975-10-02,50,Single,Pune,Maharashtra,6023849973,suresh.reddy735@outlook.com,DEP010,Team Lead,B.Sc,5.5,2019-01-01,Active,,80000,5.0
EMP01173,Meera Chopra,Female,2005-11-27,20,Single,Indore,Madhya Pradesh,8581871071,meera.chopra155@hotmail.com,DEP009,Senior Analyst,B.Sc,16.9,2016-10-07,Active,,200000,2.0
EMP01174,Gaurav Gupta,Male,1981-04-26,45,Divorced,Surat,Gujarat,8975144368,gaurav.gupta55@rediffmail.com,DEP008,General Manager,M.Tech,8.0,2024-01-04,Active,,60000,4.0
EMP01175,Reyansh Joshi,Other,1967-07-12,59,Single,Mumbai,Maharashtra,6197198011,reyansh.joshi606@yahoo.com,DEP008,Senior Analyst,M.Com,6.6,2023-08-24,Resigned,,250000,4.0
EMP01176,Aman Singh,Male,1991-07-14,35,Single,Nagpur,Maharashtra,8955029453,aman.singh117@hotmail.com,DEP010,Executive,MBA,1.4,2024-07-01,Active,,45000,1.0
EMP01177,Deepak Joshi,Male,1967-06-20,59,Divorced,Ahmedabad,Gujarat,8697925000,deepak.joshi210@hotmail.com,DEP004,Intern,M.Sc,24.3,2019-04-11,Terminated,2024-12-27,100000,5.0
EMP01178,Nikhil Bose,Male,2003-04-28,23,Divorced,Mumbai,Maharashtra,8753758494,nikhil.bose813@hotmail.com,DEP010,Analyst,Diploma,12.2,2024-01-02,Active,,130000,3.0
EMP01179,Rahul Mishra,Male,1980-08-25,46,Divorced,Coimbatore,Tamil Nadu,6966037318,rahul.mishra644@hotmail.com,DEP006,Senior Manager,M.Sc,16.2,2016-07-08,Active,,45000,5.0
EMP01180,Diya Bose,Female,1988-04-12,38,Married,Jaipur,Rajasthan,9187753478,,DEP005,Executive,M.Com,15.6,2016-05-18,Active,,25000,2.0
EMP01181,Aarav Yadav,Other,1985-12-16,40,Divorced,Lucknow,Uttar Pradesh,9524163905,aarav.yadav821@yahoo.com,DEP004,Associate,B.A.,12.7,2016-09-15,Terminated,2018-05-15,200000,4.0
EMP01182,Karan Singh,Male,1972-02-24,54,Single,Chandigarh,Chandigarh,6362202435,karan.singh169@gmail.com,DEP007,Assistant Manager,M.Tech,15.8,2018-07-02,Active,,200000,5.0
EMP01183,Krishna Chaudhary,Male,1985-11-26,40,Single,Chandigarh,Chandigarh,6086912647,krishna.chaudhary789@gmail.com,DEP008,Assistant Manager,B.Tech,1.6,2024-04-18,Active,,250000,1.0
EMP01184,Diya Yadav,Other,1991-07-20,35,Single,Surat,Gujarat,7612996619,diya.yadav938@rediffmail.com,DEP001,Senior Analyst,B.Sc,30.0,2018-10-05,Resigned,2019-04-02,320000,2.0
EMP01185,Kavya Joshi,Female,1967-05-08,59,Married,Jaipur,Rajasthan,6662385987,kavya.joshi300@gmail.com,DEP006,Senior Associate,B.Sc,10.6,2018-10-08,Active,,250000,1.0
EMP01186,Gaurav Mishra,Male,2005-07-01,21,Married,Hyderabad,Telangana,8523317700,gaurav.mishra955@yahoo.com,DEP002,Manager,M.Tech,,2018-12-29,On Notice Period,,80000,1.0
EMP01187,Ajay Sharma,Male,1983-04-02,43,Divorced,Lucknow,Uttar Pradesh,6920515788,ajay.sharma155@gmail.com,DEP007,Senior Manager,MBA,28.1,2015-08-01,On Notice Period,,100000,5.0
EMP01188,Karan Chopra,Other,1979-11-11,46,Married,Kolkata,West Bengal,,karan.chopra746@hotmail.com,DEP006,Vice President,M.Tech,10.4,2015-05-10,Active,,130000,4.0
EMP01189,Manish Kumar,Other,1978-10-02,47,Single,Indore,Madhya Pradesh,6278001911,manish.kumar89@outlook.com,DEP009,Senior Manager,B.Tech,8.3,2022-04-10,Active,,100000,5.0
EMP01190,Vihaan Desai,Male,1982-05-15,44,Divorced,Indore,Madhya Pradesh,7342910997,vihaan.desai806@rediffmail.com,DEP005,Deputy General Manager,M.Sc,2.2,2024-01-20,Active,,100000,1.0
EMP01191,Anjali Singh,Female,1997-02-09,29,Married,Chandigarh,Chandigarh,9844499586,anjali.singh149@gmail.com,DEP010,Intern,MBA,16.5,2016-11-18,Terminated,2020-08-15,35000,4.0
EMP01192,Aarav Desai,Other,1985-10-21,40,Single,Indore,Madhya Pradesh,6864713555,aarav.desai97@rediffmail.com,DEP002,Manager,M.Tech,23.7,2025-09-05,On Notice Period,,320000,2.0
EMP01193,Aman Rao,Male,1992-09-24,33,Single,Mumbai,Maharashtra,8780592540,aman.rao581@outlook.com,DEP002,Team Lead,PhD,25.1,2024-01-11,On Notice Period,,130000,2.0
EMP01194,Nikhil Bansal,Male,1998-12-18,27,Single,Lucknow,Uttar Pradesh,6241278558,nikhil.bansal507@yahoo.com,DEP011,Associate,Diploma,10.3,2025-04-20,Active,,130000,4.0
EMP01195,Diya Kumar,Female,1984-10-20,41,Married,Bengaluru,Karnataka,7797032522,diya.kumar168@yahoo.com,DEP010,Intern,Diploma,21.4,2025-02-28,Resigned,2026-04-30,200000,2.0
EMP01196,Nisha Agarwal,Female,1975-10-09,50,Divorced,Indore,Madhya Pradesh,8825287772,nisha.agarwal370@outlook.com,DEP002,Senior Manager,MBA,8.4,2017-11-26,Terminated,2019-02-02,100000,3.0
EMP01197,Reyansh Chaudhary,Male,1992-01-13,34,Single,Coimbatore,Tamil Nadu,8377169978,reyansh.chaudhary889@gmail.com,DEP010,Intern,M.Com,16.7,2017-01-08,Active,,80000,4.0
EMP01198,Sanjay Agarwal,Other,1990-02-11,36,Single,Jaipur,Rajasthan,9948755207,sanjay.agarwal246@hotmail.com,DEP012,Deputy General Manager,B.Sc,19.9,2018-06-10,On Notice Period,,35000,2.0
EMP01199,Ishaan Malhotra,Male,1969-03-18,57,Single,Pune,Maharashtra,8061435767,ishaan.malhotra225@rediffmail.com,DEP009,Assistant Manager,B.Sc,37.7,2018-07-06,Active,,200000,1.0
EMP01200,Sanjay Chopra,Other,1987-09-20,38,Single,Bengaluru,Karnataka,8740926754,sanjay.chopra861@outlook.com,DEP002,Senior Analyst,M.Tech,0.4,2015-06-26,On Notice Period,,100000,3.0
EMP01201,Vivaan Pillai,Other,1973-03-16,53,Divorced,Jaipur,Rajasthan,7007033409,vivaan.pillai16@gmail.com,DEP007,General Manager,MBA,14.9,2017-12-09,Active,,100000,4.0
EMP01202,Suresh Agarwal,Other,1997-09-08,29,Married,Indore,Madhya Pradesh,6760444866,suresh.agarwal126@hotmail.com,DEP006,Manager,B.Com,11.4,2015-05-26,Active,,160000,3.0
EMP01203,Anil Singh,Other,1980-02-24,46,Divorced,Indore,Madhya Pradesh,9526186056,anil.singh256@outlook.com,DEP010,Team Lead,M.Sc,18.6,2015-10-19,Resigned,2021-03-08,160000,1.0
EMP01204,Ananya Rao,Female,1987-07-03,39,Divorced,Pune,Maharashtra,,ananya.rao977@hotmail.com,DEP007,Consultant,M.Com,,2021-12-29,Active,,200000,3.0
EMP01205,Ishaan Menon,Other,1979-04-20,47,Single,Ghaziabad,Uttar Pradesh,6492257959,ishaan.menon673@gmail.com,DEP003,Analyst,M.Com,0.2,2022-01-17,Active,,25000,3.0
EMP01206,Saanvi Singh,Other,1979-05-05,47,Married,Nagpur,Maharashtra,8526772302,saanvi.singh693@rediffmail.com,DEP007,General Manager,Diploma,17.3,2022-12-24,On Notice Period,,35000,3.0
EMP01207,Riya Gupta,Female,1992-11-09,33,Married,Bengaluru,Karnataka,7071621005,riya.gupta464@outlook.com,DEP012,Intern,M.Sc,27.3,2019-05-12,Active,,200000,5.0
EMP01208,Neha Bansal,Female,1976-07-21,50,Divorced,Hyderabad,Telangana,7011948333,neha.bansal408@gmail.com,DEP009,Executive,B.A.,12.0,2016-06-29,Active,,200000,3.0
EMP01209,Myra Pillai,Female,1973-03-28,53,Single,Nagpur,Maharashtra,9954638503,myra.pillai283@outlook.com,DEP001,Associate,PhD,15.4,2025-08-19,Terminated,,25000,1.0
EMP01210,Priya Patel,Female,1977-09-19,48,Married,Ahmedabad,Gujarat,8799004634,priya.patel147@rediffmail.com,DEP012,Executive,M.Com,25.1,2017-08-26,Resigned,2019-08-01,130000,2.0
EMP01211,Diya Pillai,Other,1983-06-12,43,Divorced,Jaipur,Rajasthan,6029651965,diya.pillai460@rediffmail.com,DEP012,Assistant Manager,PhD,7.0,2025-07-07,Active,,60000,1.0
EMP01212,Aadhya Bose,Other,1996-11-01,29,Single,Coimbatore,Tamil Nadu,8762017327,aadhya.bose737@rediffmail.com,DEP009,Team Lead,Diploma,10.9,2019-08-27,Active,,80000,5.0
EMP01213,Neha Kumar,Other,1976-06-18,50,Divorced,Hyderabad,Telangana,9653823739,neha.kumar896@yahoo.com,DEP004,Senior Manager,M.Tech,19.1,2018-04-07,Active,,60000,3.0
EMP01214,Rahul Chaudhary,Male,1969-04-04,57,Divorced,Mumbai,Maharashtra,,rahul.chaudhary661@rediffmail.com,DEP012,Senior Manager,B.Sc,21.1,2015-06-28,On Notice Period,,320000,2.0
EMP01215,Ajay Gupta,Other,1981-01-20,45,Married,Nagpur,Maharashtra,6306129397,ajay.gupta36@outlook.com,DEP011,Deputy General Manager,MBA,18.2,2023-10-19,Active,,160000,4.0
EMP01216,Rekha Menon,Other,1972-03-25,54,Married,Noida,Uttar Pradesh,8493600574,rekha.menon176@yahoo.com,DEP005,Senior Manager,M.Tech,16.6,2019-05-31,Active,,45000,4.0
EMP01217,Riya Reddy,Female,1966-11-15,59,Single,Bengaluru,Karnataka,8855888520,riya.reddy81@rediffmail.com,DEP002,Manager,M.Sc,10.5,2015-03-07,Active,,200000,4.0
EMP01218,Divya Nair,Other,1987-03-17,39,Married,Bengaluru,Karnataka,8688781490,divya.nair325@hotmail.com,DEP004,Senior Manager,M.Com,3.7,2017-09-05,On Notice Period,,45000,4.0
EMP01219,Pooja Sharma,Female,1977-09-12,48,Divorced,Delhi,Delhi,8426607061,pooja.sharma312@gmail.com,DEP010,General Manager,Diploma,2.2,2024-11-28,Resigned,,60000,2.0
EMP01220,Shreya Mishra,Female,1988-01-02,38,Single,Delhi,Delhi,6845176960,shreya.mishra438@hotmail.com,DEP006,General Manager,B.Tech,27.9,2018-10-30,Resigned,2022-12-11,25000,3.0
EMP01221,Aditya Shetty,Male,1989-08-17,37,Married,Coimbatore,Tamil Nadu,8216812217,aditya.shetty974@hotmail.com,DEP005,Senior Associate,B.Com,15.5,2016-02-15,Active,,250000,5.0
EMP01222,Rahul Gupta,Male,1990-10-09,35,Married,Coimbatore,Tamil Nadu,7836819817,rahul.gupta@rediffmail.com,DEP012,General Manager,B.Com,4.9,2017-07-02,Active,,100000,2.0
EMP01223,Ananya Nair,Female,1971-10-08,54,Married,Kolkata,West Bengal,6655896450,ananya.nair610@outlook.com,DEP004,Executive,B.Tech,21.1,2017-02-26,Resigned,2020-10-13,80000,3.0
EMP01224,Myra Reddy,Other,1986-06-13,40,Divorced,Kolkata,West Bengal,8233442257,myra.reddy670@hotmail.com,DEP004,Vice President,B.Com,22.1,2015-06-08,Active,,80000,5.0
EMP01225,Pooja Reddy,Female,2002-01-20,24,Divorced,Chandigarh,Chandigarh,9804471329,pooja.reddy48@outlook.com,DEP007,Senior Analyst,B.Tech,,2023-04-05,Active,,320000,2.0
EMP01226,Nisha Iyer,Female,2004-08-20,22,Single,Hyderabad,Telangana,7465099859,nisha.iyer223@yahoo.com,DEP006,Manager,PhD,16.2,2020-11-17,Terminated,2021-03-04,25000,3.0
EMP01227,Diya Kumar,Other,1999-08-15,27,Divorced,Pune,Maharashtra,8672457076,diya.kumar212@rediffmail.com,DEP009,Manager,B.Sc,8.0,2020-11-24,Resigned,2023-06-27,130000,3.0
EMP01228,Vikram Patel,Other,1993-09-28,32,Divorced,Ahmedabad,Gujarat,8596064836,vikram.patel179@hotmail.com,DEP001,Senior Analyst,B.Sc,10.9,2016-02-01,Active,,200000,3.0
EMP01229,Divya Pillai,Female,1976-02-28,50,Single,Surat,Gujarat,6871737039,divya.pillai292@yahoo.com,DEP004,Team Lead,B.Tech,25.3,2022-09-12,Active,,60000,3.0
EMP01230,Reyansh Chaudhary,Male,1980-01-04,46,Married,Nagpur,Maharashtra,8669156023,reyansh.chaudhary217@outlook.com,DEP005,Team Lead,M.Com,16.6,2015-07-24,Active,,35000,5.0
EMP01231,Aarav Yadav,Male,2001-06-03,25,Divorced,Coimbatore,Tamil Nadu,6702797662,aarav.yadav956@yahoo.com,DEP007,General Manager,M.Tech,,2020-11-13,Active,,200000,1.0
EMP01232,Shreya Nair,Female,1979-02-12,47,Married,Delhi,Delhi,9013714548,shreya.nair82@gmail.com,DEP001,Assistant Manager,B.Tech,26.7,2018-08-16,Active,,200000,5.0
EMP01233,Vivaan Agarwal,Other,1969-10-19,56,Single,Bengaluru,Karnataka,6730923686,vivaan.agarwal757@outlook.com,DEP004,Senior Associate,B.Sc,18.2,2015-06-14,Resigned,2021-12-25,250000,3.0
EMP01234,Sneha Desai,Female,2005-04-18,21,Divorced,Chandigarh,Chandigarh,6421154428,sneha.desai883@yahoo.com,DEP011,Senior Manager,M.Sc,3.5,2024-02-19,Active,,35000,1.0
EMP01235,Shreya Iyer,Female,1983-04-02,43,Married,Mumbai,Maharashtra,8152256434,shreya.iyer204@hotmail.com,DEP006,Senior Analyst,M.Com,19.3,2019-08-25,Resigned,2020-04-29,25000,1.0
EMP01236,Vivaan Singh,Male,1992-11-16,33,Single,Bengaluru,Karnataka,9802334191,vivaan.singh@hotmail.com,DEP004,Intern,B.A.,0.2,2025-04-09,Active,,130000,1.0
EMP01237,priya iyer,Female,1982-02-07,44,Single,Indore,Madhya Pradesh,,priya.iyer150@rediffmail.com,DEP009,General Manager,M.Sc,3.1,2022-06-19,Resigned,,200000,3.0
EMP01238,Anil Mishra,Male,2004-02-10,22,Single,Bengaluru,Karnataka,9336740167,anil.mishra632@outlook.com,DEP010,Associate,MBA,1.3,2021-03-24,Terminated,2024-09-05,35000,5.0
EMP01239,Karan Rao,Male,1972-09-16,53,Divorced,Indore,Madhya Pradesh,9436006665,karan.rao376@hotmail.com,DEP005,Consultant,B.Sc,14.3,2022-05-14,On Notice Period,,35000,2.0
EMP01240,Pooja Reddy,Other,1990-06-28,36,Married,Ghaziabad,Uttar Pradesh,9074493729,pooja.reddy812@yahoo.com,DEP004,Manager,M.Com,24.1,2015-07-19,Terminated,2015-11-02,60000,3.0
EMP01241,Divya Rao,Female,1989-01-01,37,Divorced,Noida,Uttar Pradesh,8024507868,divya.rao414@yahoo.com,DEP003,Deputy General Manager,M.Sc,16.3,2016-10-31,Terminated,2020-08-09,25000,1.0
EMP01242,Vikram Chopra,Male,1984-06-13,42,Married,Bengaluru,Karnataka,6069174980,vikram.chopra118@outlook.com,DEP009,Manager,B.Com,24.2,2016-01-12,On Notice Period,,250000,2.0
EMP01243,Sunita Desai,Other,2000-10-26,25,Married,Delhi,Delhi,,sunita.desai877@hotmail.com,DEP010,General Manager,B.Tech,5.0,2020-08-24,On Notice Period,,100000,1.0
EMP01244,Vivaan Patel,Male,1980-04-24,46,Married,Noida,Uttar Pradesh,9420316495,vivaan.patel106@rediffmail.com,DEP001,Vice President,PhD,21.7,2017-02-04,Active,,320000,4.0
EMP01245,Gaurav Bansal,Male,1978-06-14,48,Single,Surat,Gujarat,8139124150,gaurav.bansal333@gmail.com,DEP006,Executive,M.Tech,23.3,2026-04-21,Active,,320000,5.0
EMP01246,Shreya Malhotra,Female,1980-07-22,46,Married,Chandigarh,Chandigarh,7567308196,shreya.malhotra450@yahoo.com,DEP007,Analyst,B.A.,12.7,2015-09-12,Active,,160000,1.0
EMP01247,Naveen Kapoor,Male,1984-06-09,42,Single,Pune,Maharashtra,7176167909,naveen.kapoor219@outlook.com,DEP004,Executive,M.Sc,10.0,2015-10-13,On Notice Period,,25000,4.0
EMP01248,aman kapoor,Male,1974-09-15,51,Divorced,Lucknow,Uttar Pradesh,6818768831,aman.kapoor566@outlook.com,DEP008,General Manager,PhD,11.2,2024-11-19,Active,,25000,4.0
EMP01249,Kavita Shetty,Female,2004-10-05,21,Married,Delhi,Delhi,6320225610,kavita.shetty488@yahoo.com,DEP001,Deputy General Manager,Diploma,9.2,2018-06-14,Active,,160000,5.0
EMP01250,Arjun Rao,Other,1986-04-17,40,Divorced,Coimbatore,Tamil Nadu,6993422540,arjun.rao929@yahoo.com,DEP005,Senior Analyst,M.Sc,23.2,2024-08-04,Active,,35000,2.0
EMP01251,Saurabh Bose,Male,1995-11-07,30,Married,Ghaziabad,Uttar Pradesh,6388123973,saurabh.bose525@hotmail.com,DEP007,Associate,M.Sc,12.0,2025-01-03,Resigned,,100000,2.0
EMP01252,Riya Menon,Other,1980-10-20,45,Divorced,Nagpur,Maharashtra,9777210677,riya.menon279@rediffmail.com,DEP009,Manager,M.Tech,2.6,2016-06-21,Active,,60000,3.0
EMP01253,Anjali Chaudhary,Female,1986-05-10,40,Married,Noida,Uttar Pradesh,7953158659,anjali.chaudhary376@outlook.com,DEP010,Team Lead,PhD,23.0,2025-01-15,On Notice Period,,35000,4.0
EMP01254,Aditya Desai,Male,2001-04-13,25,Married,Pune,Maharashtra,9942472964,aditya.desai443@rediffmail.com,DEP011,Senior Associate,Diploma,17.2,2015-02-02,Terminated,2016-09-23,320000,2.0
EMP01255,Nisha Bose,Female,1985-08-12,41,Divorced,Indore,Madhya Pradesh,6092862126,,DEP002,Senior Associate,B.Tech,24.4,2026-06-23,On Notice Period,,320000,5.0
EMP01256,Sunita Shetty,Female,1967-03-04,59,Divorced,Coimbatore,Tamil Nadu,9158113852,sunita.shetty765@gmail.com,DEP012,General Manager,B.Sc,11.0,2021-04-14,Active,,25000,2.0
EMP01257,Kavita Rao,Female,2003-06-02,23,Married,Hyderabad,Telangana,9402847596,kavita.rao341@outlook.com,DEP012,Deputy General Manager,M.Com,7.7,2018-09-26,Resigned,2025-05-09,160000,3.0
EMP01258,Isha Ghosh,Other,1997-01-27,29,Married,Pune,Maharashtra,6198884286,isha.ghosh760@gmail.com,DEP011,Intern,M.Tech,17.5,2015-01-11,Active,,45000,1.0
EMP01259,Swati Bose,Female,1980-02-26,46,Single,Indore,Madhya Pradesh,9041017095,swati.bose@rediffmail.com,DEP009,Senior Associate,PhD,1.1,2016-07-19,On Notice Period,,80000,3.0
EMP01260,Saanvi Nair,Female,1988-09-14,37,Divorced,Kolkata,West Bengal,6240633023,saanvi.nair203@yahoo.com,DEP003,Assistant Manager,B.A.,16.3,2025-01-01,On Notice Period,,35000,3.0
EMP01261,Isha Chaudhary,Female,1970-11-26,55,Single,Chandigarh,Chandigarh,,isha.chaudhary582@rediffmail.com,DEP006,Associate,MBA,1.4,2024-06-18,On Notice Period,,200000,1.0
EMP01262,Arjun Shetty,Male,1980-11-26,45,Married,Ghaziabad,Uttar Pradesh,8942660109,arjun.shetty211@gmail.com,DEP005,Executive,M.Sc,6.8,2021-02-03,Active,,200000,3.0
EMP01263,Priya Ghosh,Female,2004-05-07,22,Divorced,Kolkata,West Bengal,9277118231,priya.ghosh@gmail.com,DEP001,Associate,B.Sc,1.6,2019-03-05,Resigned,2024-05-22,80000,3.0
EMP01264,Ishaan Mishra,Other,1967-10-17,58,Divorced,Pune,Maharashtra,,ishaan.mishra7@gmail.com,DEP011,Intern,M.Com,17.1,2019-08-28,Active,,160000,3.0
EMP01265,Neha Gupta,Female,1997-07-22,29,Single,Pune,Maharashtra,9163692428,neha.gupta886@rediffmail.com,DEP001,Analyst,B.Sc,24.5,2016-05-09,On Notice Period,,35000,1.0
EMP01266,Kavita Yadav,Female,2002-10-26,23,Single,Chennai,Tamil Nadu,6486424387,kavita.yadav168@yahoo.com,DEP004,Senior Manager,M.Sc,1.1,2025-07-25,Terminated,,35000,4.0
EMP01267,Reyansh Desai,Male,1979-05-22,47,Divorced,Kolkata,West Bengal,9724295507,reyansh.desai106@yahoo.com,DEP010,Consultant,B.Sc,27.7,2025-03-20,Active,,35000,3.0
EMP01268,Sunita Ghosh,Other,1997-03-01,29,Married,Indore,Madhya Pradesh,6713665031,sunita.ghosh444@hotmail.com,DEP008,Team Lead,M.Com,23.7,2020-05-04,On Notice Period,,35000,3.0
EMP01269,Isha Agarwal,Female,1998-07-06,28,Married,Hyderabad,Telangana,9248426363,isha.agarwal599@rediffmail.com,DEP006,General Manager,M.Sc,10.8,2017-06-19,Resigned,2018-06-22,45000,3.0
EMP01270,Sunita Singh,Female,1977-01-26,49,Single,Noida,Uttar Pradesh,6425080760,sunita.singh593@rediffmail.com,DEP003,Analyst,M.Tech,6.0,2022-03-16,Active,,250000,3.0
EMP01271,Meera Sharma,Other,2004-03-18,22,Married,Pune,Maharashtra,9332301435,meera.sharma772@rediffmail.com,DEP004,Associate,M.Sc,21.8,2025-08-01,Resigned,2025-12-01,160000,4.0
EMP01272,Kavita Menon,Other,1968-12-03,57,Married,Chennai,Tamil Nadu,6307483284,kavita.menon936@rediffmail.com,DEP002,General Manager,B.Sc,5.0,2024-03-11,Resigned,,60000,1.0
EMP01273,Anil Singh,Other,1982-07-01,44,Married,Coimbatore,Tamil Nadu,6211076934,anil.singh176@outlook.com,DEP004,Analyst,PhD,29.1,2022-02-05,Terminated,2023-06-17,35000,1.0
EMP01274,Pooja Mishra,Female,1994-04-24,32,Single,Chandigarh,Chandigarh,8090829319,pooja.mishra516@gmail.com,DEP001,Assistant Manager,M.Sc,11.1,2016-04-17,Terminated,2019-07-07,250000,1.0
EMP01275,Swati Joshi,Female,1971-09-05,55,Single,Mumbai,Maharashtra,,swati.joshi670@gmail.com,DEP012,Team Lead,M.Com,17.8,2017-09-09,Active,,250000,4.0
EMP01276,Manish Shetty,Male,1990-06-21,36,Single,Mumbai,Maharashtra,6462499202,manish.shetty104@hotmail.com,DEP007,Associate,B.A.,26.2,2019-05-09,Active,,80000,2.0
EMP01277,Diya Iyer,Female,1976-07-03,50,Divorced,Coimbatore,Tamil Nadu,9072235740,diya.iyer510@rediffmail.com,DEP001,Associate,M.Sc,8.5,2021-04-23,On Notice Period,,130000,4.0
EMP01278,Deepak Pillai,Male,2003-11-20,22,Divorced,Noida,Uttar Pradesh,9221298437,deepak.pillai306@hotmail.com,DEP002,Vice President,Diploma,9.0,2021-06-28,Terminated,2023-09-30,200000,5.0
EMP01279,Aadhya Rao,Female,2003-04-20,23,Married,Mumbai,Maharashtra,8187287618,aadhya.rao812@yahoo.com,DEP007,Intern,B.A.,19.9,2015-10-02,Active,,25000,3.0
EMP01280,Priya Kapoor,Female,1997-07-05,29,Single,Kolkata,West Bengal,9152844320,priya.kapoor518@gmail.com,DEP012,Vice President,M.Sc,27.6,2023-07-27,Active,,200000,3.0
EMP01281,Saanvi Gupta,Female,1979-12-11,46,Single,Kolkata,West Bengal,9519611716,saanvi.gupta294@yahoo.com,DEP005,Senior Analyst,B.Com,18.5,2019-08-22,On Notice Period,,200000,1.0
EMP01282,Suresh Desai,Male,1969-04-05,57,Divorced,Chennai,Tamil Nadu,,suresh.desai@outlook.com,DEP006,Senior Analyst,Diploma,9.0,2022-06-23,Active,,160000,2.0
EMP01283,Saanvi Reddy,Female,1987-09-18,38,Married,Bengaluru,Karnataka,9282910482,saanvi.reddy301@outlook.com,DEP001,Assistant Manager,PhD,27.7,2025-09-12,Active,,80000,2.0
EMP01284,Pooja Yadav,Other,1973-04-10,53,Single,Lucknow,Uttar Pradesh,6491894955,pooja.yadav470@gmail.com,DEP011,Manager,B.Com,1.1,2016-05-04,Terminated,2021-11-16,25000,4.0
EMP01285,Kavita Iyer,Female,2000-08-20,26,Divorced,Indore,Madhya Pradesh,9282074033,kavita.iyer220@hotmail.com,DEP012,Manager,M.Sc,21.7,2021-02-03,Terminated,2024-06-17,60000,5.0
EMP01286,Ajay Yadav,Male,1974-05-06,52,Married,Surat,Gujarat,9885315153,ajay.yadav832@hotmail.com,DEP009,General Manager,B.Com,5.1,2024-12-16,Resigned,,130000,3.0
EMP01287,Ananya Rao,Other,1993-01-22,33,Divorced,Delhi,Delhi,8684537413,ananya.rao200@gmail.com,DEP004,Senior Analyst,Diploma,22.0,2017-04-26,On Notice Period,,45000,3.0
EMP01288,Aadhya Iyer,Other,1993-05-07,33,Single,Delhi,Delhi,6224430570,aadhya.iyer417@yahoo.com,DEP001,General Manager,M.Tech,13.2,2021-08-22,Active,,100000,1.0
EMP01289,Rahul Gupta,Other,1987-09-02,39,Divorced,Ghaziabad,Uttar Pradesh,7136892668,rahul.gupta757@yahoo.com,DEP005,Deputy General Manager,M.Sc,2.7,2022-10-19,Resigned,,100000,2.0
EMP01290,Diya Desai,Female,2001-10-17,24,Married,Chandigarh,Chandigarh,9104210978,diya.desai868@hotmail.com,DEP005,Senior Manager,B.Sc,15.7,2021-12-24,Active,,250000,4.0
EMP01291,Diya Reddy,Other,1987-07-20,39,Single,Coimbatore,Tamil Nadu,6685046896,diya.reddy880@yahoo.com,DEP007,Manager,MBA,27.4,2023-07-28,Terminated,2024-11-08,100000,2.0
EMP01292,Reyansh Yadav,Male,1981-11-18,44,Married,Hyderabad,Telangana,6195399669,reyansh.yadav882@outlook.com,DEP003,Senior Manager,PhD,12.6,2020-08-27,Active,,45000,2.0
EMP01293,Swati Ghosh,Female,1989-12-16,36,Married,Chennai,Tamil Nadu,6509466064,swati.ghosh146@gmail.com,DEP004,General Manager,B.Sc,16.6,2025-09-27,Active,,25000,3.0
EMP01294,Arjun Iyer,Other,1987-06-26,39,Single,Bengaluru,Karnataka,7404086199,arjun.iyer692@outlook.com,DEP008,Team Lead,M.Sc,24.7,2022-09-17,Active,,25000,2.0
EMP01295,Isha Reddy,Female,2002-04-18,24,Divorced,Ahmedabad,Gujarat,8701302843,isha.reddy142@gmail.com,DEP004,Deputy General Manager,B.Tech,14.4,2015-10-13,Active,,35000,1.0
EMP01296,Diya Nair,Other,1997-09-07,29,Divorced,Noida,Uttar Pradesh,7601504736,diya.nair895@yahoo.com,DEP011,General Manager,M.Com,13.4,2024-05-13,On Notice Period,,80000,4.0
EMP01297,Kavya Pillai,Other,1976-09-20,49,Single,Chennai,Tamil Nadu,8766918454,kavya.pillai382@rediffmail.com,DEP001,Assistant Manager,B.A.,28.2,2023-05-15,Active,,250000,3.0
EMP01298,Ramesh Patel,Other,1994-02-15,32,Single,Bengaluru,Karnataka,8886459490,ramesh.patel482@hotmail.com,DEP004,Assistant Manager,B.Com,23.3,2024-10-07,Terminated,,25000,3.0
EMP01299,Kritika Kapoor,Female,2004-08-05,22,Married,Hyderabad,Telangana,6218463097,kritika.kapoor249@yahoo.com,DEP011,Vice President,B.A.,,2018-08-28,Active,,25000,4.0
EMP01300,Rekha Bose,Other,1967-11-05,58,Single,Nagpur,Maharashtra,6211021651,rekha.bose760@outlook.com,DEP007,Associate,M.Tech,3.9,2020-12-08,Active,,100000,5.0
EMP01301,Ananya Iyer,Female,1978-06-19,48,Married,Mumbai,Maharashtra,9240140868,ananya.iyer661@rediffmail.com,DEP006,Deputy General Manager,B.Sc,3.4,2026-06-02,Active,,160000,5.0
EMP01302,Riya Chopra,Female,1981-01-09,45,Married,Noida,Uttar Pradesh,9937528024,riya.chopra570@outlook.com,DEP002,Associate,M.Com,14.6,2017-10-29,Resigned,2020-12-13,60000,1.0
EMP01303,Karan Yadav,Other,1982-08-23,44,Married,Coimbatore,Tamil Nadu,8165261732,karan.yadav100@gmail.com,DEP010,Senior Analyst,Diploma,13.8,2025-07-09,On Notice Period,,25000,3.0
EMP01304,Shreya Verma,Female,1993-12-27,32,Married,Chandigarh,Chandigarh,9426201752,shreya.verma808@hotmail.com,DEP008,Senior Analyst,M.Sc,16.5,2026-04-15,Active,,80000,2.0
EMP01305,Saurabh Bose,Other,1998-12-18,27,Single,Coimbatore,Tamil Nadu,6635509543,,DEP005,Senior Analyst,B.Sc,,2021-07-22,Active,,35000,4.0
EMP01306,Aarav Reddy,Male,1966-09-17,59,Divorced,Chandigarh,Chandigarh,7579137732,aarav.reddy793@outlook.com,DEP011,Analyst,PhD,29.8,2022-11-13,Active,,250000,4.0
EMP01307,Diya Nair,Female,1998-04-08,28,Married,Jaipur,Rajasthan,8548810022,diya.nair199@rediffmail.com,DEP004,Analyst,PhD,16.0,2019-04-05,Active,,60000,1.0
EMP01308,Diya Verma,Female,1992-11-06,33,Married,Lucknow,Uttar Pradesh,9350470790,diya.verma228@outlook.com,DEP011,Assistant Manager,B.A.,4.0,2026-04-26,Terminated,,250000,2.0
EMP01309,Manish Pillai,Other,2005-07-02,21,Married,Jaipur,Rajasthan,8674888946,manish.pillai333@outlook.com,DEP002,Deputy General Manager,M.Tech,,2022-07-16,Terminated,,160000,3.0
EMP01310,Rahul Rao,Male,1987-10-10,38,Married,Kolkata,West Bengal,8857722105,rahul.rao588@gmail.com,DEP011,Intern,B.Tech,18.0,2024-04-22,Resigned,,250000,4.0
EMP01311,Swati Pillai,Female,2004-04-01,22,Single,Hyderabad,Telangana,8706040974,swati.pillai938@gmail.com,DEP012,Vice President,B.A.,8.8,2017-02-24,On Notice Period,,320000,3.0
EMP01312,Nisha Shetty,Female,1981-03-06,45,Single,Noida,Uttar Pradesh,9580110011,nisha.shetty70@hotmail.com,DEP008,Manager,MBA,3.8,2020-10-05,Active,,160000,1.0
EMP01313,Shreya Sharma,Other,1976-09-06,50,Single,Delhi,Delhi,6784423352,shreya.sharma865@outlook.com,DEP011,General Manager,M.Com,13.3,2021-04-12,Active,,200000,4.0
EMP01314,Meera Mishra,Female,1976-10-17,49,Single,Mumbai,Maharashtra,8550108269,meera.mishra805@yahoo.com,DEP012,Manager,PhD,12.4,2016-11-27,Active,,35000,1.0
EMP01315,Kavita Agarwal,Female,1976-08-22,50,Single,Ghaziabad,Uttar Pradesh,9289781709,kavita.agarwal37@rediffmail.com,DEP009,Deputy General Manager,B.Tech,28.4,2022-09-12,Active,,130000,3.0
EMP01316,Pooja Patel,Female,1966-10-19,59,Divorced,Hyderabad,Telangana,6185981966,pooja.patel139@outlook.com,DEP006,Associate,PhD,28.7,2022-10-24,Active,,200000,1.0
EMP01317,Ananya Kapoor,Other,1983-02-18,43,Divorced,Kolkata,West Bengal,8903705213,ananya.kapoor716@gmail.com,DEP009,Executive,PhD,8.2,2021-03-01,On Notice Period,,45000,5.0
EMP01318,Ritu Bose,Female,2000-12-11,25,Divorced,Chennai,Tamil Nadu,8752308912,ritu.bose187@yahoo.com,DEP001,Deputy General Manager,MBA,,2016-04-07,On Notice Period,,35000,1.0
EMP01319,Aman Verma,Other,1989-01-25,37,Married,Nagpur,Maharashtra,7280879695,aman.verma339@outlook.com,DEP001,General Manager,M.Com,11.8,2021-08-09,On Notice Period,,60000,5.0
EMP01320,Rohan Menon,Other,2000-12-03,25,Married,Ghaziabad,Uttar Pradesh,,,DEP010,Senior Associate,B.Tech,22.1,2018-06-26,Active,,160000,3.0
EMP01321,Karan Pillai,Other,1966-01-05,60,Divorced,Nagpur,Maharashtra,7302029044,karan.pillai501@hotmail.com,DEP006,Assistant Manager,PhD,29.8,2024-07-02,Active,,250000,1.0
EMP01322,Kavya Patel,Other,1976-10-26,49,Married,Lucknow,Uttar Pradesh,,kavya.patel686@gmail.com,DEP007,General Manager,B.A.,25.6,2021-12-31,Active,,60000,4.0
EMP01323,Nikhil Bansal,Other,1969-03-20,57,Divorced,Hyderabad,Telangana,6136597011,nikhil.bansal464@gmail.com,DEP008,Senior Associate,M.Tech,20.0,2026-03-26,On Notice Period,,250000,5.0
EMP01324,Aarav Agarwal,Male,1967-06-26,59,Married,Indore,Madhya Pradesh,6379511409,aarav.agarwal133@rediffmail.com,DEP003,Deputy General Manager,B.Com,25.4,2016-10-13,Terminated,2020-12-26,250000,1.0
EMP01325,Aditya Reddy,Other,1970-11-05,55,Divorced,Indore,Madhya Pradesh,8841797017,aditya.reddy63@gmail.com,DEP007,Intern,B.Sc,3.6,2026-03-11,Active,,80000,4.0
EMP01326,Saurabh Verma,Other,1989-07-28,37,Married,Ahmedabad,Gujarat,,saurabh.verma130@outlook.com,DEP009,Assistant Manager,B.Tech,19.7,2018-07-19,Terminated,2025-03-15,320000,2.0
EMP01327,Vihaan Bansal,Male,1991-05-16,35,Divorced,Hyderabad,Telangana,7442984188,vihaan.bansal630@rediffmail.com,DEP002,Deputy General Manager,B.A.,15.4,2023-05-14,Resigned,2023-09-15,45000,5.0
EMP01328,Pooja Mishra,Other,1981-01-20,45,Married,Bengaluru,Karnataka,6443744948,pooja.mishra900@gmail.com,DEP012,Senior Associate,B.Tech,1.6,2016-05-24,Resigned,2017-02-07,200000,3.0
EMP01329,Nisha Yadav,Other,1976-07-12,50,Married,Nagpur,Maharashtra,9734909888,nisha.yadav41@hotmail.com,DEP007,Manager,Diploma,15.4,2016-07-30,Active,,200000,5.0
EMP01330,Gaurav Kapoor,Male,2001-12-06,24,Single,Pune,Maharashtra,9851949781,gaurav.kapoor336@hotmail.com,DEP006,General Manager,MBA,18.9,2023-08-31,Active,,250000,3.0
EMP01331,Ajay Pillai,Male,1993-04-27,33,Divorced,Coimbatore,Tamil Nadu,,ajay.pillai912@yahoo.com,DEP004,Analyst,Diploma,22.5,2024-06-26,On Notice Period,,45000,1.0
EMP01332,Myra Verma,Female,1966-05-01,60,Married,Nagpur,Maharashtra,7711801682,myra.verma208@gmail.com,DEP001,Intern,B.A.,21.1,2025-05-16,On Notice Period,,60000,4.0
EMP01333,Krishna Patel,Male,1966-03-05,60,Married,Mumbai,Maharashtra,6166570281,krishna.patel368@outlook.com,DEP002,Consultant,B.Sc,29.7,2020-02-03,Active,,45000,5.0
EMP01334,Krishna Bansal,Male,1998-08-10,28,Divorced,Chennai,Tamil Nadu,9535636997,krishna.bansal628@rediffmail.com,DEP001,Senior Analyst,M.Tech,0.3,2023-08-23,Active,,160000,1.0
EMP01335,Sarika Joshi,Female,1975-01-23,51,Divorced,Chennai,Tamil Nadu,8433779106,sarika.joshi17@rediffmail.com,DEP012,Manager,B.Sc,24.5,2017-07-08,Active,,320000,4.0
EMP01336,Sneha Pillai,Other,1995-03-03,31,Married,Coimbatore,Tamil Nadu,9348309912,sneha.pillai351@yahoo.com,DEP007,Executive,M.Com,19.3,2026-01-31,Active,,100000,4.0
EMP01337,Meera Chaudhary,Female,1974-07-20,52,Divorced,Surat,Gujarat,8389221007,meera.chaudhary690@outlook.com,DEP006,Deputy General Manager,B.Com,20.7,2024-05-25,Resigned,,250000,4.0
EMP01338,Pooja Gupta,Other,1994-10-28,31,Single,Kolkata,West Bengal,9488970204,pooja.gupta604@rediffmail.com,DEP007,Intern,B.Com,6.0,2015-03-08,Active,,60000,1.0
EMP01339,Sanjay Iyer,Male,1992-05-16,34,Divorced,Kolkata,West Bengal,9809944379,sanjay.iyer175@rediffmail.com,DEP010,General Manager,B.Sc,7.8,2021-02-23,Active,,250000,3.0
EMP01340,Naveen Iyer,Male,1984-11-02,41,Divorced,Surat,Gujarat,6512081096,naveen.iyer287@outlook.com,DEP005,Senior Analyst,B.Sc,23.0,2020-01-05,Active,,130000,2.0
EMP01341,Divya Sharma,Female,1996-10-21,29,Married,Pune,Maharashtra,,divya.sharma710@outlook.com,DEP002,Vice President,Diploma,,2018-06-23,Active,,320000,3.0
EMP01342,Diya Shetty,Other,1972-11-05,53,Divorced,Delhi,Delhi,8998869509,diya.shetty793@yahoo.com,DEP002,Team Lead,M.Com,28.7,2019-06-17,On Notice Period,,35000,4.0
EMP01343,Myra Sharma,Female,1983-12-23,42,Divorced,Noida,Uttar Pradesh,9768966749,myra.sharma483@outlook.com,DEP002,Vice President,M.Sc,1.7,2022-02-06,On Notice Period,,320000,2.0
EMP01344,Nisha Sharma,Other,1999-08-09,27,Married,Surat,Gujarat,7144015785,nisha.sharma741@gmail.com,DEP007,Executive,MBA,11.0,2016-02-21,Resigned,2016-07-22,35000,4.0
EMP01345,Rahul Desai,Male,1994-09-05,32,Divorced,Pune,Maharashtra,6078542522,rahul.desai74@rediffmail.com,DEP004,Consultant,M.Com,28.0,2024-08-13,On Notice Period,,250000,2.0
EMP01346,Reyansh Desai,Male,1978-05-25,48,Single,Nagpur,Maharashtra,8042422321,reyansh.desai@outlook.com,DEP008,General Manager,Diploma,29.4,2021-07-14,Active,,25000,2.0
EMP01347,Pooja Iyer,Other,1978-06-05,48,Married,Bengaluru,Karnataka,9679367965,pooja.iyer884@outlook.com,DEP012,Executive,M.Tech,6.9,2026-01-17,Active,,250000,3.0
EMP01348,ADITYA MALHOTRA,Male,1982-07-15,44,Divorced,Coimbatore,Tamil Nadu,6904824352,aditya.malhotra784@yahoo.com,DEP008,Associate,B.Com,20.8,2021-02-14,Terminated,2024-06-22,80000,2.0
EMP01349,Shreya Malhotra,Female,1979-11-19,46,Married,Hyderabad,Telangana,7778972895,shreya.malhotra@hotmail.com,DEP005,Senior Associate,B.Sc,24.6,2023-03-01,Active,,60000,2.0
EMP01350,Sneha Chaudhary,Female,1987-04-13,39,Married,Pune,Maharashtra,6381885553,sneha.chaudhary772@rediffmail.com,DEP006,Analyst,M.Com,12.2,2026-05-25,Terminated,,250000,4.0
EMP01351,SAURABH VERMA,Male,1989-10-08,36,Single,Chandigarh,Chandigarh,8075203240,saurabh.verma897@outlook.com,DEP001,Senior Associate,B.Com,22.5,2026-06-07,On Notice Period,,160000,5.0
EMP01352,Aman Bose,Male,1966-05-11,60,Divorced,Mumbai,Maharashtra,9428834129,aman.bose699@gmail.com,DEP007,Senior Analyst,MBA,20.2,2018-08-10,Terminated,2020-12-30,35000,4.0
EMP01353,Rohan Chopra,Other,2004-05-05,22,Divorced,Delhi,Delhi,6236024651,rohan.chopra@outlook.com,DEP009,General Manager,M.Sc,,2016-01-16,Active,,200000,5.0
EMP01354,Rohan Sharma,Other,1989-01-20,37,Married,Indore,Madhya Pradesh,6104533725,rohan.sharma46@gmail.com,DEP003,Manager,MBA,28.5,2018-08-18,Active,,320000,2.0
EMP01355,Sarika Reddy,Other,2001-11-22,24,Married,Hyderabad,Telangana,9949110638,sarika.reddy482@hotmail.com,DEP005,Vice President,B.Sc,1.2,2022-02-09,Active,,35000,2.0
EMP01356,Aarav Bose,Male,1972-12-22,53,Single,Hyderabad,Telangana,,aarav.bose701@outlook.com,DEP006,Deputy General Manager,B.A.,18.6,2021-04-29,Active,,320000,2.0
EMP01357,Rohan Patel,Other,1997-04-22,29,Single,Bengaluru,Karnataka,8782310164,rohan.patel809@gmail.com,DEP009,Executive,MBA,2.4,2021-11-05,Active,,45000,1.0
EMP01358,Deepak Yadav,Male,1972-06-11,54,Divorced,Noida,Uttar Pradesh,7095415614,deepak.yadav868@outlook.com,DEP006,Team Lead,B.Tech,28.7,2016-05-31,Active,,60000,1.0
EMP01359,Aarav Mishra,Other,1985-10-04,40,Divorced,Noida,Uttar Pradesh,,aarav.mishra240@hotmail.com,DEP005,Deputy General Manager,B.Tech,13.7,2021-12-11,Active,,80000,4.0
EMP01360,Anil Pillai,Male,1975-07-08,51,Married,Hyderabad,Telangana,7564507051,,DEP001,Vice President,M.Sc,1.3,2019-07-01,Active,,100000,4.0
EMP01361,Ananya Sharma,Female,1971-02-20,55,Divorced,Noida,Uttar Pradesh,7766706523,ananya.sharma847@hotmail.com,DEP006,Consultant,B.Com,20.1,2025-06-05,On Notice Period,,80000,1.0
EMP01362,Sneha Shetty,Female,1981-02-24,45,Divorced,Hyderabad,Telangana,9697892520,sneha.shetty123@gmail.com,DEP006,Senior Associate,MBA,14.4,2024-08-22,Active,,130000,2.0
EMP01363,Aditya Patel,Male,1991-01-17,35,Married,Surat,Gujarat,8085602242,aditya.patel752@hotmail.com,DEP001,Senior Associate,M.Com,12.4,2023-07-27,Active,,45000,5.0
EMP01364,Rekha Kumar,Female,1994-04-17,32,Married,Indore,Madhya Pradesh,7137499945,rekha.kumar519@rediffmail.com,DEP009,Vice President,B.Tech,24.7,2018-05-08,Terminated,2021-01-29,60000,1.0
EMP01365,Manish Joshi,Male,1997-04-22,29,Single,Nagpur,Maharashtra,8245718923,manish.joshi847@rediffmail.com,DEP005,Intern,B.Sc,2.5,2024-06-02,Active,,250000,4.0
EMP01366,Sneha Gupta,Female,1998-11-19,27,Married,Bengaluru,Karnataka,,sneha.gupta412@outlook.com,DEP008,Senior Manager,B.Com,5.2,2023-09-07,Active,,35000,1.0
EMP01367,Priya Chopra,Female,2000-07-17,26,Divorced,Chandigarh,Chandigarh,8478262589,priya.chopra429@yahoo.com,DEP009,Senior Analyst,Diploma,23.5,2021-10-06,On Notice Period,,35000,4.0
EMP01368,Saanvi Gupta,Female,1966-02-27,60,Single,Ahmedabad,Gujarat,6299697321,saanvi.gupta898@outlook.com,DEP009,Consultant,B.Tech,27.8,2022-10-20,Resigned,2025-10-29,25000,2.0
EMP01369,Swati Patel,Female,1973-04-10,53,Single,Ahmedabad,Gujarat,7465464308,swati.patel744@rediffmail.com,DEP007,General Manager,B.Tech,23.2,2021-03-21,Active,,35000,2.0
EMP01370,Rohan Sharma,Other,1972-07-26,54,Married,Hyderabad,Telangana,9698898318,rohan.sharma153@outlook.com,DEP005,Associate,B.Tech,9.6,2023-10-23,On Notice Period,,160000,2.0
EMP01371,Kritika Bose,Female,1998-01-11,28,Single,Kolkata,West Bengal,7813404355,kritika.bose591@outlook.com,DEP011,Senior Associate,B.Sc,9.2,2026-03-22,Active,,200000,2.0
EMP01372,Sneha Chopra,Other,1979-12-24,46,Divorced,Chennai,Tamil Nadu,,sneha.chopra561@rediffmail.com,DEP010,Team Lead,B.Com,22.0,2016-01-10,Resigned,2018-01-13,250000,4.0
EMP01373,Shreya Pillai,Female,1966-07-09,60,Divorced,Indore,Madhya Pradesh,8372630043,shreya.pillai722@outlook.com,DEP012,Intern,Diploma,29.4,2018-01-02,On Notice Period,,250000,2.0
EMP01374,Naveen Singh,Male,1986-11-16,39,Married,Pune,Maharashtra,,naveen.singh576@outlook.com,DEP009,Associate,B.Com,20.0,2017-05-31,Terminated,2020-08-04,80000,1.0
EMP01375,Ramesh Bansal,Other,1986-08-19,40,Single,Mumbai,Maharashtra,,ramesh.bansal288@yahoo.com,DEP008,Assistant Manager,MBA,18.2,2020-08-05,Resigned,2025-01-29,60000,3.0
EMP01376,Nisha Nair,Female,1980-08-27,46,Married,Hyderabad,Telangana,8749321384,nisha.nair575@gmail.com,DEP008,Assistant Manager,B.A.,2.4,2017-06-25,Active,,45000,4.0
EMP01377,Priya Rao,Female,1990-02-04,36,Single,Kolkata,West Bengal,6977127671,priya.rao275@hotmail.com,DEP007,Consultant,MBA,26.0,2018-08-29,Active,,60000,2.0
EMP01378,Ramesh Joshi,Male,1985-03-27,41,Single,Bengaluru,Karnataka,,ramesh.joshi868@gmail.com,DEP005,Senior Analyst,B.Com,14.4,2018-06-20,Active,,160000,2.0
EMP01379,Sanjay Bansal,Male,1969-12-01,56,Divorced,Noida,Uttar Pradesh,8827123631,sanjay.bansal20@gmail.com,DEP007,Manager,B.A.,22.7,2020-05-20,Terminated,2025-07-20,80000,4.0
EMP01380,Rohan Desai,Other,1967-08-10,59,Divorced,Mumbai,Maharashtra,8025486129,rohan.desai796@gmail.com,DEP007,Consultant,B.Sc,24.6,2026-01-26,On Notice Period,,100000,1.0
EMP01381,SURESH GHOSH,Male,1993-10-19,32,Divorced,Indore,Madhya Pradesh,6844716544,suresh.ghosh100@rediffmail.com,DEP012,Assistant Manager,B.Sc,26.2,2021-07-27,Resigned,2024-10-14,45000,1.0
EMP01382,Naveen Gupta,Male,1991-01-21,35,Married,Nagpur,Maharashtra,8738910617,naveen.gupta740@rediffmail.com,DEP001,Team Lead,M.Com,11.8,2022-11-15,Active,,100000,1.0
EMP01383,Anjali Rao,Female,1998-10-13,27,Married,Chandigarh,Chandigarh,8845499287,anjali.rao@outlook.com,DEP003,General Manager,B.A.,15.8,2020-06-08,Active,,250000,2.0
EMP01384,Suresh Yadav,Other,1990-12-25,35,Single,Bengaluru,Karnataka,7184981939,suresh.yadav807@outlook.com,DEP002,Intern,B.Sc,4.8,2016-06-28,On Notice Period,,45000,3.0
EMP01385,Saurabh Nair,Male,1983-08-09,43,Married,Ahmedabad,Gujarat,8503445394,saurabh.nair341@rediffmail.com,DEP005,Team Lead,M.Sc,6.1,2024-05-15,Resigned,,250000,4.0
EMP01386,Priya Menon,Female,1994-07-10,32,Single,Jaipur,Rajasthan,,priya.menon426@outlook.com,DEP004,Deputy General Manager,B.Sc,27.2,2021-01-06,On Notice Period,,250000,4.0
EMP01387,Aman Yadav,Other,1999-06-04,27,Single,Surat,Gujarat,9205581749,aman.yadav66@rediffmail.com,DEP010,Manager,B.Sc,14.7,2024-12-17,On Notice Period,,60000,5.0
EMP01388,Kavita Joshi,Other,1998-01-11,28,Single,Indore,Madhya Pradesh,8464248847,kavita.joshi893@outlook.com,DEP003,Associate,B.Com,8.0,2024-05-27,Active,,160000,5.0
EMP01389,Sneha Rao,Other,1997-06-22,29,Divorced,Chandigarh,Chandigarh,7671374612,sneha.rao864@outlook.com,DEP012,Assistant Manager,Diploma,15.7,2017-03-07,Active,,160000,4.0
EMP01390,Ritu Bansal,Female,1968-01-26,58,Single,Chandigarh,Chandigarh,9327932534,ritu.bansal786@hotmail.com,DEP005,Executive,M.Sc,13.0,2018-01-07,On Notice Period,,250000,2.0
EMP01391,Gaurav Bansal,Other,1971-07-11,55,Divorced,Nagpur,Maharashtra,8526192778,gaurav.bansal4@outlook.com,DEP012,General Manager,B.Sc,2.0,2022-05-28,Terminated,2025-10-30,35000,2.0
EMP01392,Diya Desai,Female,1972-03-21,54,Single,Pune,Maharashtra,8690811681,,DEP009,Senior Associate,MBA,18.1,2022-12-14,Resigned,2026-05-18,130000,5.0
EMP01393,Sanjay Desai,Male,1993-09-18,32,Single,Chennai,Tamil Nadu,7931388145,sanjay.desai@rediffmail.com,DEP008,Manager,M.Tech,20.1,2022-06-28,Active,,60000,3.0
EMP01394,Rohan Kumar,Male,2004-06-17,22,Divorced,Coimbatore,Tamil Nadu,6532017682,rohan.kumar130@rediffmail.com,DEP006,General Manager,Diploma,5.9,2019-11-02,Active,,320000,5.0
EMP01395,Riya Iyer,Female,1967-11-26,58,Married,Hyderabad,Telangana,9502024505,riya.iyer341@rediffmail.com,DEP007,Executive,M.Sc,16.5,2020-12-23,Active,,160000,1.0
EMP01396,Sarika Ghosh,Other,1979-08-04,47,Married,Noida,Uttar Pradesh,6060314796,sarika.ghosh738@yahoo.com,DEP011,Assistant Manager,MBA,27.2,2016-08-31,Active,,25000,3.0
EMP01397,Saanvi Reddy,Female,1975-04-24,51,Divorced,Indore,Madhya Pradesh,8879363017,saanvi.reddy256@gmail.com,DEP012,Intern,B.Com,19.0,2022-11-29,Active,,80000,4.0
EMP01398,Kritika Singh,Female,1972-02-19,54,Single,Hyderabad,Telangana,6282622366,kritika.singh842@gmail.com,DEP010,Vice President,M.Com,3.1,2024-01-06,Active,,25000,1.0
EMP01399,Meera Menon,Other,1971-02-04,55,Divorced,Kolkata,West Bengal,8092184578,meera.menon279@outlook.com,DEP001,Deputy General Manager,M.Com,11.0,2018-06-06,Terminated,2024-03-19,45000,3.0
EMP01400,Rahul Rao,Male,1990-06-10,36,Married,Jaipur,Rajasthan,9894443390,rahul.rao@outlook.com,DEP010,Executive,B.Com,28.6,2022-09-10,On Notice Period,,80000,1.0
EMP01401,Ananya Yadav,Other,1998-04-28,28,Married,Kolkata,West Bengal,6777556883,ananya.yadav450@gmail.com,DEP005,Assistant Manager,B.Com,23.0,2017-10-27,On Notice Period,,130000,5.0
EMP01402,Aarav Mishra,Male,1977-09-14,48,Married,Indore,Madhya Pradesh,9020487225,aarav.mishra682@rediffmail.com,DEP002,Associate,Diploma,18.0,2024-12-01,Active,,320000,3.0
EMP01403,sunita nair,Other,1967-09-21,58,Married,Indore,Madhya Pradesh,,sunita.nair3@outlook.com,DEP005,Intern,PhD,23.2,2023-10-03,Resigned,,130000,4.0
EMP01404,Karan Chopra,Male,2004-02-23,22,Single,Nagpur,Maharashtra,8585288024,karan.chopra328@yahoo.com,DEP004,Assistant Manager,M.Sc,21.0,2021-03-17,On Notice Period,,35000,2.0
EMP01405,Sunita Joshi,Female,1968-03-28,58,Married,Lucknow,Uttar Pradesh,6273426025,sunita.joshi930@gmail.com,DEP003,Senior Analyst,Diploma,7.5,2017-01-25,Resigned,2021-03-03,25000,1.0
EMP01406,Arjun Bansal,Other,2002-05-11,24,Married,Noida,Uttar Pradesh,9190635398,arjun.bansal269@rediffmail.com,DEP011,Consultant,M.Tech,,2018-08-25,Active,,130000,2.0
EMP01407,Deepak Menon,Male,1990-07-07,36,Married,Chennai,Tamil Nadu,8795413442,deepak.menon908@gmail.com,DEP007,Consultant,B.A.,28.9,2017-04-08,Resigned,2022-03-18,130000,1.0
EMP01408,Vihaan Kumar,Other,2005-10-27,20,Married,Jaipur,Rajasthan,7893426751,vihaan.kumar@outlook.com,DEP006,Vice President,B.Sc,15.8,2017-11-08,Active,,200000,2.0
EMP01409,Ajay Agarwal,Male,2001-11-23,24,Single,Delhi,Delhi,7847705883,ajay.agarwal512@yahoo.com,DEP006,Senior Associate,B.Com,2.3,2016-02-15,Resigned,2016-07-12,25000,5.0
EMP01410,Divya Shetty,Female,1983-12-06,42,Married,Delhi,Delhi,6079890796,divya.shetty444@yahoo.com,DEP003,Senior Manager,M.Com,21.4,2017-12-18,Resigned,2024-08-12,25000,5.0
EMP01411,Kavita Singh,Other,1975-04-22,51,Single,Kolkata,West Bengal,6736429378,kavita.singh118@hotmail.com,DEP001,Analyst,B.Com,1.4,2022-08-23,Resigned,2024-02-02,60000,3.0
EMP01412,Rahul Iyer,Male,1977-02-03,49,Married,Nagpur,Maharashtra,8475573644,rahul.iyer706@gmail.com,DEP008,General Manager,M.Com,26.4,2020-09-17,Resigned,2026-03-14,45000,5.0
EMP01413,Vikram Chaudhary,Male,1977-06-19,49,Single,Hyderabad,Telangana,7657724631,vikram.chaudhary404@hotmail.com,DEP010,Executive,MBA,28.7,2019-10-24,Resigned,2023-03-20,100000,5.0
EMP01414,Anjali Patel,Female,1989-05-25,37,Married,Ahmedabad,Gujarat,8942963207,anjali.patel761@yahoo.com,DEP006,Associate,B.A.,15.1,2020-11-06,Resigned,,35000,5.0
EMP01415,Deepak Ghosh,Male,1968-02-06,58,Married,Indore,Madhya Pradesh,6479431493,deepak.ghosh312@rediffmail.com,DEP004,Assistant Manager,B.Sc,8.6,2023-06-09,Active,,160000,4.0
EMP01416,Sarika Singh,Other,1992-08-20,34,Divorced,Bengaluru,Karnataka,7980282478,sarika.singh151@gmail.com,DEP010,Senior Manager,MBA,10.4,2025-01-20,Active,,80000,1.0
EMP01417,Meera Mishra,Female,1980-01-15,46,Single,Nagpur,Maharashtra,7501913216,,DEP005,Deputy General Manager,MBA,16.7,2023-10-26,Active,,160000,1.0
EMP01418,Swati Agarwal,Female,1982-07-12,44,Married,Chennai,Tamil Nadu,9615529821,swati.agarwal382@outlook.com,DEP009,Manager,B.Com,26.5,2015-08-16,Active,,45000,5.0
EMP01419,Priya Rao,Female,1973-08-15,53,Divorced,Kolkata,West Bengal,6525123402,priya.rao302@outlook.com,DEP003,Consultant,M.Sc,24.0,2026-06-20,Active,,160000,4.0
EMP01420,Ishaan Bansal,Male,1994-10-27,31,Single,Ghaziabad,Uttar Pradesh,8936378495,,DEP011,Team Lead,B.Tech,3.7,2025-11-21,On Notice Period,,45000,2.0
EMP01421,Aditya Bansal,Male,1990-03-17,36,Married,Chandigarh,Chandigarh,8541440622,aditya.bansal195@gmail.com,DEP009,Intern,PhD,7.2,2015-01-03,Active,,80000,3.0
EMP01422,Meera Bansal,Female,1999-12-18,26,Married,Lucknow,Uttar Pradesh,6099415866,meera.bansal873@hotmail.com,DEP009,Intern,MBA,20.6,2019-03-15,Terminated,2020-04-12,60000,5.0
EMP01423,Ishaan Chaudhary,Male,1988-03-18,38,Divorced,Surat,Gujarat,8954066271,ishaan.chaudhary906@gmail.com,DEP002,Senior Analyst,PhD,7.2,2016-01-11,Active,,200000,1.0
EMP01424,Rohan Chopra,Male,1967-11-26,58,Married,Lucknow,Uttar Pradesh,9044528396,rohan.chopra968@rediffmail.com,DEP003,Senior Manager,B.Com,24.6,2021-08-31,Resigned,2021-12-21,25000,1.0
EMP01425,Swati Pillai,Female,1990-10-09,35,Single,Coimbatore,Tamil Nadu,7437675120,swati.pillai528@outlook.com,DEP001,Consultant,B.Sc,12.7,2021-03-22,On Notice Period,,80000,4.0
EMP01426,Nikhil Joshi,Other,1985-04-04,41,Single,Chandigarh,Chandigarh,6783785580,nikhil.joshi666@hotmail.com,DEP008,Deputy General Manager,B.A.,22.8,2017-02-02,Active,,130000,3.0
EMP01427,Diya Menon,Female,2003-04-25,23,Married,Lucknow,Uttar Pradesh,6708029121,diya.menon960@rediffmail.com,DEP012,Team Lead,B.Com,0.0,2020-10-25,Active,,35000,1.0
EMP01428,Aarav Iyer,Male,1998-11-15,27,Married,Chandigarh,Chandigarh,,aarav.iyer513@rediffmail.com,DEP001,Senior Associate,B.A.,1.8,2020-08-21,Active,,60000,2.0
EMP01429,Swati Kumar,Female,1977-11-07,48,Married,Chennai,Tamil Nadu,8561986245,swati.kumar883@gmail.com,DEP003,Vice President,M.Tech,23.4,2022-03-17,Active,,320000,5.0
EMP01430,AJAY RAO,Male,1985-06-05,41,Married,Chandigarh,Chandigarh,7216766389,ajay.rao956@outlook.com,DEP006,Senior Manager,PhD,23.8,2019-10-03,Active,,80000,2.0
EMP01431,Kritika Gupta,Female,1999-06-16,27,Single,Delhi,Delhi,8822572796,kritika.gupta163@hotmail.com,DEP012,Consultant,M.Tech,13.6,2025-08-09,On Notice Period,,60000,1.0
EMP01432,Sneha Verma,Female,1987-05-12,39,Married,Delhi,Delhi,7304623833,sneha.verma525@outlook.com,DEP004,Vice President,Diploma,9.6,2016-09-05,On Notice Period,,100000,2.0
EMP01433,Riya Mishra,Female,1985-06-15,41,Single,Delhi,Delhi,7263951144,riya.mishra527@outlook.com,DEP001,Senior Analyst,M.Tech,13.0,2018-12-02,Active,,80000,1.0
EMP01434,Kritika Reddy,Female,1991-10-23,34,Single,Hyderabad,Telangana,7096333928,kritika.reddy843@gmail.com,DEP001,Associate,B.Tech,12.2,2017-05-25,Active,,320000,2.0
EMP01435,Arjun Agarwal,Male,1984-04-20,42,Married,Mumbai,Maharashtra,7560524927,arjun.agarwal910@hotmail.com,DEP005,Deputy General Manager,B.A.,2.4,2018-03-18,Active,,35000,2.0
EMP01436,Reyansh Joshi,Male,1997-06-27,29,Married,Jaipur,Rajasthan,8591752153,reyansh.joshi853@yahoo.com,DEP008,Senior Associate,PhD,16.8,2024-06-12,Active,,100000,2.0
EMP01437,Nisha Kumar,Female,2002-10-25,23,Married,Ghaziabad,Uttar Pradesh,,nisha.kumar402@outlook.com,DEP004,Analyst,PhD,0.0,2015-07-11,Terminated,2019-01-05,60000,5.0
EMP01438,Arjun Ghosh,Male,1972-03-06,54,Married,Nagpur,Maharashtra,8534151502,arjun.ghosh939@rediffmail.com,DEP007,General Manager,M.Com,10.1,2019-06-27,Active,,80000,3.0
EMP01439,Reyansh Singh,Male,1991-12-01,34,Single,Ghaziabad,Uttar Pradesh,9109287882,reyansh.singh922@rediffmail.com,DEP001,Deputy General Manager,B.A.,9.1,2025-10-18,Active,,200000,2.0
EMP01440,Ananya Gupta,Other,1973-10-21,52,Married,Indore,Madhya Pradesh,,ananya.gupta675@rediffmail.com,DEP006,Assistant Manager,B.A.,11.6,2019-09-19,Active,,60000,2.0
EMP01441,Krishna Gupta,Other,2004-06-13,22,Divorced,Indore,Madhya Pradesh,8252830880,krishna.gupta760@gmail.com,DEP005,Intern,B.Com,22.0,2024-07-13,Active,,35000,1.0
EMP01442,Anil Kumar,Male,1982-01-09,44,Divorced,Delhi,Delhi,6710677476,anil.kumar85@gmail.com,DEP003,Vice President,M.Tech,0.6,2020-12-27,Active,,130000,2.0
EMP01443,Isha Malhotra,Other,2005-06-20,21,Single,Pune,Maharashtra,6735762648,isha.malhotra227@yahoo.com,DEP001,Analyst,M.Sc,11.7,2020-08-30,Active,,25000,2.0
EMP01444,Saanvi Agarwal,Female,1975-03-27,51,Married,Bengaluru,Karnataka,,saanvi.agarwal24@gmail.com,DEP010,Senior Analyst,M.Sc,4.1,2019-08-12,On Notice Period,,100000,2.0
EMP01445,Manish Chaudhary,Other,2002-07-11,24,Single,Delhi,Delhi,9281554445,manish.chaudhary373@hotmail.com,DEP002,Associate,M.Tech,2.7,2020-03-30,Terminated,2021-04-07,25000,4.0
EMP01446,Swati Kumar,Other,1992-05-13,34,Married,Pune,Maharashtra,9994158659,swati.kumar234@gmail.com,DEP011,Consultant,PhD,16.9,2021-01-08,Resigned,2022-11-10,160000,5.0
EMP01447,Vihaan Verma,Male,1980-10-02,45,Married,Noida,Uttar Pradesh,,vihaan.verma474@gmail.com,DEP008,Associate,M.Com,11.5,2016-06-18,Active,,250000,1.0
EMP01448,Riya Yadav,Female,1990-03-28,36,Divorced,Jaipur,Rajasthan,,riya.yadav589@rediffmail.com,DEP004,Associate,M.Com,5.7,2019-07-10,Active,,250000,3.0
EMP01449,Aarav Verma,Male,1970-09-05,56,Divorced,Mumbai,Maharashtra,6239812964,aarav.verma103@outlook.com,DEP005,Manager,B.Tech,16.1,2022-03-29,Terminated,,130000,3.0
EMP01450,Ajay Pillai,Male,2002-08-19,24,Single,Coimbatore,Tamil Nadu,8284983121,ajay.pillai69@yahoo.com,DEP004,Intern,B.Com,3.2,2017-04-22,Resigned,2021-09-24,25000,3.0
EMP01451,Ajay Mishra,Male,1972-04-15,54,Single,Hyderabad,Telangana,8406004919,ajay.mishra297@yahoo.com,DEP002,Senior Analyst,B.Com,28.1,2024-10-02,Terminated,,35000,3.0
EMP01452,Krishna Chaudhary,Other,1998-08-19,28,Married,Indore,Madhya Pradesh,8255278293,krishna.chaudhary229@gmail.com,DEP009,Associate,Diploma,18.3,2019-05-27,Active,,200000,2.0
EMP01453,Myra Ghosh,Other,1969-06-21,57,Divorced,Surat,Gujarat,9703017917,myra.ghosh553@outlook.com,DEP001,General Manager,PhD,4.5,2015-07-01,On Notice Period,,160000,2.0
EMP01454,SANJAY BANSAL,Other,1984-11-18,41,Single,Chandigarh,Chandigarh,,sanjay.bansal107@yahoo.com,DEP007,Senior Manager,B.Sc,27.7,2016-01-06,Active,,45000,5.0
EMP01455,Aman Nair,Male,1983-12-02,42,Married,Hyderabad,Telangana,9077635655,aman.nair299@yahoo.com,DEP006,Deputy General Manager,M.Tech,29.7,2025-07-03,Resigned,2026-02-15,35000,3.0
EMP01456,Myra Chopra,Female,2005-08-14,21,Divorced,Noida,Uttar Pradesh,9646442915,myra.chopra@outlook.com,DEP002,Team Lead,M.Sc,,2025-11-30,Terminated,,45000,5.0
EMP01457,Ajay Chaudhary,Male,2005-04-21,21,Divorced,Delhi,Delhi,,ajay.chaudhary223@hotmail.com,DEP009,Manager,B.Sc,,2016-11-09,Active,,100000,3.0
EMP01458,Meera Singh,Female,1995-12-28,30,Divorced,Indore,Madhya Pradesh,7856390095,meera.singh295@gmail.com,DEP004,Intern,M.Tech,21.0,2018-08-03,Resigned,2023-06-29,200000,5.0
EMP01459,Sarika Joshi,Other,1971-02-10,55,Married,Chennai,Tamil Nadu,6172775056,sarika.joshi380@yahoo.com,DEP012,General Manager,Diploma,0.4,2016-09-26,On Notice Period,,160000,4.0
EMP01460,Manish Pillai,Male,2004-07-15,22,Single,Ghaziabad,Uttar Pradesh,7339552300,manish.pillai845@outlook.com,DEP010,General Manager,M.Sc,4.5,2019-11-27,Terminated,2026-03-08,200000,3.0
EMP01461,Divya Shetty,Other,1979-12-15,46,Single,Noida,Uttar Pradesh,8350623220,divya.shetty547@yahoo.com,DEP008,Senior Analyst,B.Tech,3.9,2020-07-06,Active,,320000,2.0
EMP01462,MYRA MALHOTRA,Other,1987-02-21,39,Divorced,Indore,Madhya Pradesh,8659231703,myra.malhotra376@rediffmail.com,DEP003,Vice President,M.Tech,21.6,2021-10-23,Active,,100000,5.0
EMP01463,Arjun Kapoor,Other,1996-09-07,30,Married,Indore,Madhya Pradesh,8775680714,arjun.kapoor501@hotmail.com,DEP009,Intern,B.A.,,2018-09-26,Terminated,2025-04-04,100000,1.0
EMP01464,Neha Yadav,Female,1997-10-21,28,Married,Hyderabad,Telangana,8564905760,neha.yadav484@outlook.com,DEP007,Consultant,M.Com,14.9,2026-06-05,Resigned,,25000,3.0
EMP01465,Swati Patel,Female,1995-03-04,31,Married,Pune,Maharashtra,8657054874,swati.patel460@rediffmail.com,DEP011,Senior Analyst,B.A.,8.2,2022-04-09,Active,,45000,4.0
EMP01466,Ritu Sharma,Other,1972-11-13,53,Married,Chennai,Tamil Nadu,6129963143,ritu.sharma785@gmail.com,DEP010,Team Lead,PhD,29.4,2023-04-23,Active,,25000,2.0
EMP01467,GAURAV MISHRA,Male,1982-03-27,44,Divorced,Jaipur,Rajasthan,6603849539,gaurav.mishra859@hotmail.com,DEP007,General Manager,M.Com,26.6,2023-02-06,On Notice Period,,100000,2.0
EMP01468,Sarika Rao,Female,2004-04-05,22,Married,Chennai,Tamil Nadu,6115408665,sarika.rao165@rediffmail.com,DEP002,Manager,M.Tech,9.5,2018-07-15,Active,,45000,4.0
EMP01469,Karan Ghosh,Male,1975-12-09,50,Divorced,Surat,Gujarat,6924405792,karan.ghosh806@hotmail.com,DEP010,Intern,B.Tech,25.4,2021-12-20,Terminated,2022-09-24,100000,4.0
EMP01470,Aditya Yadav,Male,1980-06-08,46,Divorced,Pune,Maharashtra,9711332534,aditya.yadav215@yahoo.com,DEP006,Deputy General Manager,M.Tech,16.8,2016-03-31,Active,,100000,4.0
EMP01471,Anjali Mishra,Female,1989-07-27,37,Divorced,Hyderabad,Telangana,9455873756,anjali.mishra911@yahoo.com,DEP003,Intern,B.Com,8.5,2023-03-12,Resigned,,60000,4.0
EMP01472,Neha Nair,Female,1972-01-20,54,Single,Coimbatore,Tamil Nadu,6557685427,neha.nair227@hotmail.com,DEP002,Intern,MBA,18.7,2015-11-17,Active,,200000,2.0
EMP01473,Sneha Pillai,Other,1984-11-24,41,Divorced,Ghaziabad,Uttar Pradesh,6809805338,sneha.pillai810@gmail.com,DEP001,Intern,Diploma,30.0,2016-01-04,Active,,200000,5.0
EMP01474,Sarika Yadav,Female,1972-07-15,54,Single,Coimbatore,Tamil Nadu,8724737381,sarika.yadav658@rediffmail.com,DEP012,Manager,M.Sc,14.1,2018-04-03,On Notice Period,,130000,5.0
EMP01475,Rekha Yadav,Female,2002-07-20,24,Divorced,Coimbatore,Tamil Nadu,6628126095,rekha.yadav674@yahoo.com,DEP002,Team Lead,MBA,23.4,2020-01-15,Active,,25000,1.0
EMP01476,Ishaan Bansal,Male,1972-06-22,54,Divorced,Surat,Gujarat,,,DEP010,Team Lead,B.Tech,0.9,2020-01-17,Terminated,2025-09-21,25000,1.0
EMP01477,Vihaan Singh,Male,1984-10-05,41,Divorced,Pune,Maharashtra,,vihaan.singh886@yahoo.com,DEP007,General Manager,B.Sc,29.4,2015-10-08,Active,,250000,1.0
EMP01478,Suresh Joshi,Male,2005-08-02,21,Divorced,Kolkata,West Bengal,6726750217,suresh.joshi965@gmail.com,DEP008,Executive,B.Tech,4.6,2025-08-07,On Notice Period,,160000,5.0
EMP01479,Ishaan Chaudhary,Male,2003-12-02,22,Single,Nagpur,Maharashtra,9501650889,ishaan.chaudhary720@rediffmail.com,DEP002,Associate,B.A.,1.2,2018-05-05,Active,,60000,3.0
EMP01480,Kritika Bose,Other,1985-05-24,41,Divorced,Lucknow,Uttar Pradesh,9102358772,kritika.bose929@rediffmail.com,DEP001,General Manager,B.Tech,24.2,2015-10-19,Active,,60000,3.0
EMP01481,SWATI GUPTA,Female,1989-02-03,37,Married,Pune,Maharashtra,8013139195,swati.gupta63@outlook.com,DEP003,Manager,B.Sc,18.1,2019-04-02,Active,,100000,2.0
EMP01482,Isha Shetty,Female,1979-11-02,46,Divorced,Noida,Uttar Pradesh,,isha.shetty478@gmail.com,DEP002,General Manager,PhD,8.3,2019-01-20,Resigned,2022-09-15,25000,2.0
EMP01483,Riya Singh,Female,1966-03-15,60,Married,Kolkata,West Bengal,9587659672,riya.singh557@outlook.com,DEP005,Consultant,B.A.,23.8,2015-09-20,Resigned,2021-10-12,80000,5.0
EMP01484,Shreya Pillai,Female,1966-11-20,59,Married,Jaipur,Rajasthan,7838546330,shreya.pillai800@rediffmail.com,DEP008,Deputy General Manager,M.Com,5.6,2026-02-21,Active,,200000,1.0
EMP01485,Karan Rao,Male,1992-04-06,34,Single,Noida,Uttar Pradesh,9436701221,karan.rao4@gmail.com,DEP010,Senior Associate,M.Sc,26.3,2015-10-25,On Notice Period,,35000,3.0
EMP01486,Deepak Chopra,Other,1985-04-10,41,Married,Pune,Maharashtra,7761145068,deepak.chopra686@rediffmail.com,DEP006,Associate,B.Tech,22.3,2021-08-30,Active,,100000,5.0
EMP01487,Rahul Gupta,Male,1972-04-17,54,Married,Jaipur,Rajasthan,,,DEP012,Analyst,B.Tech,1.3,2024-11-16,Active,,45000,3.0
EMP01488,Sarika Yadav,Other,2000-05-07,26,Married,Mumbai,Maharashtra,6778486556,sarika.yadav889@rediffmail.com,DEP011,Senior Analyst,M.Com,,2021-11-15,Active,,80000,5.0
EMP01489,Deepak Gupta,Male,1987-09-18,38,Single,Pune,Maharashtra,9464167074,deepak.gupta447@gmail.com,DEP008,Deputy General Manager,M.Tech,13.0,2020-11-07,Resigned,2024-10-27,80000,5.0
EMP01490,Kritika Patel,Female,1986-08-13,40,Divorced,Mumbai,Maharashtra,8441447916,kritika.patel203@outlook.com,DEP006,Team Lead,M.Sc,6.4,2022-04-07,Terminated,2024-10-08,200000,4.0
EMP01491,Naveen Kapoor,Male,1967-05-26,59,Married,Indore,Madhya Pradesh,,naveen.kapoor625@hotmail.com,DEP011,Team Lead,Diploma,8.6,2021-04-03,Resigned,,35000,2.0
EMP01492,Kavita Shetty,Female,1991-09-03,35,Single,Nagpur,Maharashtra,7605151285,kavita.shetty884@hotmail.com,DEP012,Executive,MBA,8.1,2017-04-30,Active,,25000,5.0
EMP01493,Aman Chaudhary,Other,2001-06-02,25,Single,Kolkata,West Bengal,9956802327,aman.chaudhary853@rediffmail.com,DEP005,General Manager,M.Com,18.2,2020-08-30,Active,,130000,5.0
EMP01494,Rahul Shetty,Other,2001-11-13,24,Single,Delhi,Delhi,7278954437,rahul.shetty158@yahoo.com,DEP004,Senior Manager,Diploma,15.0,2017-12-15,Resigned,2024-06-21,35000,2.0
EMP01495,Sunita Verma,Other,1990-12-28,35,Married,Ahmedabad,Gujarat,7640901874,sunita.verma68@yahoo.com,DEP007,Senior Analyst,MBA,14.0,2019-08-09,Active,,320000,5.0
EMP01496,Meera Joshi,Female,1988-07-18,38,Single,Ahmedabad,Gujarat,9053525664,meera.joshi971@yahoo.com,DEP011,Executive,B.Com,23.7,2018-06-10,Active,,60000,3.0
EMP01497,Saanvi Gupta,Female,2004-12-18,21,Divorced,Mumbai,Maharashtra,8383411127,saanvi.gupta713@gmail.com,DEP010,General Manager,B.Com,17.1,2026-06-19,Active,,100000,1.0
EMP01498,Shreya Agarwal,Other,1970-12-20,55,Divorced,Bengaluru,Karnataka,7750793209,shreya.agarwal396@yahoo.com,DEP011,Assistant Manager,MBA,9.5,2017-01-26,Resigned,2019-10-07,45000,3.0
EMP01499,Kavya Ghosh,Other,1973-10-24,52,Single,Bengaluru,Karnataka,,kavya.ghosh993@hotmail.com,DEP001,Senior Analyst,B.Sc,29.5,2019-02-05,Resigned,2022-05-18,80000,1.0
EMP01500,Neha Reddy,Other,1992-07-19,34,Single,Bengaluru,Karnataka,,neha.reddy46@yahoo.com,DEP004,Intern,B.Sc,15.1,2017-12-23,Active,,200000,4.0
EMP01501,Suresh Bose,Male,1991-01-13,35,Single,Mumbai,Maharashtra,7662940770,suresh.bose243@yahoo.com,DEP004,Analyst,M.Tech,16.0,2021-12-15,Terminated,,200000,5.0
EMP01502,Sanjay Chaudhary,Male,1992-12-28,33,Married,Delhi,Delhi,9356303422,sanjay.chaudhary957@hotmail.com,DEP009,Manager,M.Tech,26.0,2025-06-14,On Notice Period,,320000,3.0
EMP01503,Kavita Bose,Other,1967-03-14,59,Divorced,Hyderabad,Telangana,7076239410,kavita.bose42@yahoo.com,DEP008,Senior Analyst,B.Com,7.4,2021-09-07,Active,,35000,5.0
EMP01504,Gaurav Yadav,Other,1991-02-19,35,Divorced,Delhi,Delhi,7384544094,gaurav.yadav@hotmail.com,DEP004,Senior Analyst,M.Com,20.0,2025-12-15,Active,,100000,5.0
EMP01505,Arjun Agarwal,Male,1973-11-02,52,Divorced,Nagpur,Maharashtra,9215240053,arjun.agarwal954@gmail.com,DEP012,Senior Associate,PhD,19.9,2022-04-03,Active,,25000,2.0
EMP01506,Anil Chaudhary,Male,1974-02-10,52,Married,Delhi,Delhi,8117783870,anil.chaudhary208@yahoo.com,DEP005,Assistant Manager,M.Com,22.2,2016-10-08,Active,,250000,5.0
EMP01507,Sarika Mishra,Female,2001-12-02,24,Single,Ahmedabad,Gujarat,8308486139,sarika.mishra205@yahoo.com,DEP001,Team Lead,M.Sc,,2018-01-15,On Notice Period,,80000,2.0
EMP01508,Aditya Iyer,Other,1995-07-21,31,Divorced,Hyderabad,Telangana,6608844940,aditya.iyer776@rediffmail.com,DEP003,Manager,B.A.,23.4,2016-07-05,Resigned,2021-06-16,100000,2.0
EMP01509,Sarika Chaudhary,Other,1982-03-11,44,Married,Mumbai,Maharashtra,,,DEP011,Analyst,B.Tech,20.0,2015-01-13,Active,,100000,5.0
EMP01510,Ajay Bose,Other,2000-10-16,25,Single,Indore,Madhya Pradesh,6236872808,ajay.bose555@outlook.com,DEP007,Analyst,B.Com,16.5,2015-11-01,Active,,60000,2.0
EMP01511,Aarav Desai,Male,1975-06-11,51,Divorced,Chandigarh,Chandigarh,7259563849,aarav.desai538@yahoo.com,DEP011,Vice President,B.A.,22.9,2025-08-13,Active,,130000,1.0
EMP01512,Diya Singh,Female,2004-09-17,21,Single,Coimbatore,Tamil Nadu,7526272080,diya.singh779@outlook.com,DEP004,Analyst,B.A.,,2019-01-14,Active,,250000,4.0
EMP01513,Ajay Reddy,Male,1973-12-23,52,Single,Chennai,Tamil Nadu,6296382351,ajay.reddy108@yahoo.com,DEP002,Intern,M.Tech,23.4,2016-12-13,On Notice Period,,80000,3.0
EMP01514,Aman Yadav,Male,1985-05-18,41,Single,Jaipur,Rajasthan,9213557708,aman.yadav731@yahoo.com,DEP001,Manager,B.Com,16.0,2024-09-28,Active,,130000,5.0
EMP01515,Rahul Mishra,Male,1990-03-01,36,Divorced,Hyderabad,Telangana,,rahul.mishra900@yahoo.com,DEP001,Assistant Manager,MBA,20.5,2021-10-25,Resigned,,100000,3.0
EMP01516,Sneha Shetty,Female,1980-08-20,46,Single,Nagpur,Maharashtra,6252284410,sneha.shetty684@gmail.com,DEP010,Associate,B.Com,23.7,2016-05-12,Active,,80000,4.0
EMP01517,Neha Desai,Other,1980-07-21,46,Single,Nagpur,Maharashtra,9226175085,neha.desai509@yahoo.com,DEP007,Senior Manager,M.Tech,26.3,2019-05-28,Terminated,2025-01-06,60000,1.0
EMP01518,Sanjay Malhotra,Male,2001-04-22,25,Divorced,Kolkata,West Bengal,9306913090,sanjay.malhotra778@yahoo.com,DEP012,Analyst,PhD,8.2,2024-07-29,Resigned,,130000,3.0
EMP01519,Priya Bose,Other,2000-06-10,26,Divorced,Mumbai,Maharashtra,6925340455,priya.bose827@hotmail.com,DEP007,Senior Analyst,B.A.,25.4,2019-07-11,Terminated,2025-11-18,60000,2.0
EMP01520,Kavita Yadav,Female,1967-09-09,59,Married,Delhi,Delhi,9149497259,kavita.yadav53@hotmail.com,DEP012,Vice President,M.Tech,22.0,2020-04-03,Active,,130000,1.0
EMP01521,Aadhya Rao,Female,1980-10-03,45,Divorced,Surat,Gujarat,8051154724,aadhya.rao718@rediffmail.com,DEP008,Analyst,M.Sc,13.3,2015-11-26,Resigned,2022-09-16,130000,3.0
EMP01522,Nisha Bansal,Female,2000-02-17,26,Single,Indore,Madhya Pradesh,7770864566,nisha.bansal977@gmail.com,DEP003,Analyst,Diploma,3.8,2022-04-03,Terminated,2025-02-18,45000,1.0
EMP01523,Naveen Nair,Male,1985-05-28,41,Divorced,Delhi,Delhi,7040498314,,DEP011,Senior Analyst,B.A.,19.2,2017-03-30,Active,,80000,5.0
EMP01524,Meera Iyer,Other,1977-06-01,49,Married,Nagpur,Maharashtra,7864844244,meera.iyer346@yahoo.com,DEP009,Deputy General Manager,B.Com,24.8,2026-03-20,Active,,250000,3.0
EMP01525,Isha Agarwal,Other,1984-05-16,42,Married,Indore,Madhya Pradesh,6246389160,isha.agarwal525@hotmail.com,DEP012,Vice President,MBA,20.5,2015-07-10,Resigned,2018-02-23,200000,3.0
EMP01526,Kavita Patel,Female,1985-06-01,41,Divorced,Ghaziabad,Uttar Pradesh,6840924753,kavita.patel706@hotmail.com,DEP012,Senior Associate,B.Sc,9.0,2023-08-03,Resigned,,320000,1.0
EMP01527,Manish Kapoor,Male,1998-09-24,27,Divorced,Delhi,Delhi,7676375993,manish.kapoor924@hotmail.com,DEP008,Executive,M.Tech,14.3,2015-01-18,Resigned,2020-08-26,250000,5.0
EMP01528,Reyansh Chaudhary,Male,1993-10-02,32,Married,Nagpur,Maharashtra,8078091485,reyansh.chaudhary199@yahoo.com,DEP011,Team Lead,B.A.,6.7,2015-02-02,Active,,25000,4.0
EMP01529,Vikram Reddy,Male,1986-05-21,40,Divorced,Mumbai,Maharashtra,8384078063,vikram.reddy789@hotmail.com,DEP002,Team Lead,PhD,17.3,2016-10-17,Resigned,2020-09-14,200000,5.0
EMP01530,Rahul Bose,Other,1993-03-05,33,Married,Chennai,Tamil Nadu,7304561521,rahul.bose737@gmail.com,DEP007,Intern,M.Tech,9.0,2015-10-21,Terminated,2020-03-14,60000,3.0
EMP01531,Meera Gupta,Other,1988-04-15,38,Married,Surat,Gujarat,9102368975,meera.gupta583@hotmail.com,DEP003,Intern,MBA,,2023-12-21,Terminated,,80000,5.0
EMP01532,Saurabh Patel,Male,1984-02-27,42,Divorced,Ghaziabad,Uttar Pradesh,9800419418,saurabh.patel374@gmail.com,DEP011,Assistant Manager,B.Com,29.8,2023-11-26,On Notice Period,,45000,5.0
EMP01533,Gaurav Chaudhary,Other,1994-12-24,31,Married,Nagpur,Maharashtra,8096892109,gaurav.chaudhary108@gmail.com,DEP004,Senior Manager,B.Sc,24.6,2025-08-08,Active,,320000,4.0
EMP01534,Manish Sharma,Male,2002-05-17,24,Married,Chennai,Tamil Nadu,6325018652,manish.sharma395@hotmail.com,DEP007,Team Lead,MBA,,2022-06-20,Active,,80000,4.0
EMP01535,Pooja Chopra,Female,1996-08-13,30,Married,Nagpur,Maharashtra,6191775171,pooja.chopra788@hotmail.com,DEP009,Senior Associate,Diploma,6.6,2022-08-15,Terminated,,250000,1.0
EMP01536,Saanvi Bose,Female,1998-05-10,28,Single,Noida,Uttar Pradesh,8340327377,saanvi.bose788@rediffmail.com,DEP006,Senior Manager,M.Com,1.0,2018-02-13,Active,,130000,1.0
EMP01537,Gaurav Gupta,Male,1982-01-28,44,Single,Surat,Gujarat,9554657784,gaurav.gupta775@yahoo.com,DEP011,Manager,B.A.,6.5,2021-11-18,On Notice Period,,250000,5.0
EMP01538,Divya Bansal,Other,1986-12-07,39,Single,Pune,Maharashtra,7462247685,divya.bansal581@gmail.com,DEP006,Deputy General Manager,Diploma,24.9,2024-01-25,Active,,25000,1.0
EMP01539,Karan Pillai,Other,1971-12-06,54,Single,Ahmedabad,Gujarat,8688690065,karan.pillai316@gmail.com,DEP011,Executive,B.Tech,24.9,2018-06-08,Active,,160000,5.0
EMP01540,Divya Mishra,Female,1968-08-15,58,Single,Ghaziabad,Uttar Pradesh,6015780156,divya.mishra823@hotmail.com,DEP007,Senior Manager,M.Com,3.7,2021-06-02,Active,,200000,4.0
EMP01541,Rohan Ghosh,Male,1970-07-04,56,Divorced,Ghaziabad,Uttar Pradesh,9583212119,rohan.ghosh777@gmail.com,DEP003,Executive,M.Tech,25.3,2016-02-06,Active,,25000,4.0
EMP01542,Rohan Yadav,Other,1989-09-07,37,Married,Delhi,Delhi,7797467541,rohan.yadav564@outlook.com,DEP003,Senior Associate,M.Sc,7.8,2023-01-24,Active,,80000,1.0
EMP01543,Aditya Mishra,Male,1982-09-13,43,Married,Ahmedabad,Gujarat,6989497534,aditya.mishra47@yahoo.com,DEP008,Associate,M.Com,18.8,2019-07-21,Resigned,2021-01-02,35000,1.0
EMP01544,Karan Menon,Other,1992-09-21,33,Single,Jaipur,Rajasthan,9604432315,,DEP009,Intern,B.Tech,23.1,2021-10-14,On Notice Period,,80000,1.0
EMP01545,Naveen Mishra,Other,1976-09-23,49,Married,Surat,Gujarat,9666160352,naveen.mishra768@hotmail.com,DEP012,Team Lead,M.Com,9.7,2017-12-06,Active,,100000,4.0
EMP01546,Saanvi Rao,Female,1992-08-03,34,Married,Mumbai,Maharashtra,,saanvi.rao618@outlook.com,DEP006,Analyst,M.Tech,19.1,2020-04-05,Active,,35000,5.0
EMP01547,Gaurav Reddy,Male,1991-08-01,35,Single,Bengaluru,Karnataka,6990167622,gaurav.reddy741@yahoo.com,DEP001,Executive,M.Tech,1.7,2019-06-26,On Notice Period,,35000,5.0
EMP01548,Saanvi Kumar,Female,1970-01-07,56,Married,Jaipur,Rajasthan,9243850402,saanvi.kumar585@hotmail.com,DEP009,Assistant Manager,B.A.,10.3,2016-06-10,Active,,130000,3.0
EMP01549,Suresh Malhotra,Male,1994-06-17,32,Married,Chandigarh,Chandigarh,6940915634,suresh.malhotra347@yahoo.com,DEP003,Consultant,B.Sc,27.6,2024-12-25,Active,,160000,3.0
EMP01550,Shreya Shetty,Female,2003-11-24,22,Single,Noida,Uttar Pradesh,9368082652,shreya.shetty200@hotmail.com,DEP002,Assistant Manager,M.Com,22.0,2021-08-25,Resigned,2025-09-29,35000,5.0
EMP01551,ishaan bose,Male,1967-12-24,58,Divorced,Ahmedabad,Gujarat,8413551793,ishaan.bose803@outlook.com,DEP012,Consultant,Diploma,8.1,2018-04-16,Resigned,2025-01-31,200000,1.0
EMP01552,RITU JOSHI,Other,2002-03-10,24,Single,Hyderabad,Telangana,6299143310,ritu.joshi@outlook.com,DEP004,Consultant,B.Com,,2017-01-28,On Notice Period,,80000,2.0
EMP01553,Sanjay Iyer,Male,1991-08-27,35,Single,Coimbatore,Tamil Nadu,8059677727,sanjay.iyer528@rediffmail.com,DEP012,Executive,Diploma,8.9,2020-05-27,Resigned,2021-12-26,35000,1.0
EMP01554,Krishna Sharma,Other,1998-11-15,27,Single,Kolkata,West Bengal,9084578701,krishna.sharma767@outlook.com,DEP010,Associate,B.Sc,21.3,2019-10-27,Active,,200000,3.0
EMP01555,Ramesh Pillai,Male,2004-10-13,21,Divorced,Delhi,Delhi,7683905711,ramesh.pillai394@gmail.com,DEP007,Consultant,B.Sc,7.9,2021-01-21,On Notice Period,,45000,5.0
EMP01556,Vihaan Kapoor,Other,2002-01-24,24,Single,Ahmedabad,Gujarat,,vihaan.kapoor10@rediffmail.com,DEP012,Senior Analyst,B.Tech,11.2,2024-05-16,Active,,60000,3.0
EMP01557,Pooja Yadav,Other,2005-05-09,21,Married,Chandigarh,Chandigarh,7241843814,pooja.yadav741@yahoo.com,DEP002,Executive,PhD,6.6,2020-03-05,Active,,200000,3.0
EMP01558,Ramesh Chaudhary,Male,1977-01-22,49,Married,Hyderabad,Telangana,6051248563,ramesh.chaudhary58@outlook.com,DEP006,Senior Manager,B.Tech,3.0,2020-09-21,Active,,80000,5.0
EMP01559,Myra Chaudhary,Female,1982-09-18,43,Married,Delhi,Delhi,,myra.chaudhary900@rediffmail.com,DEP006,Vice President,PhD,17.6,2022-08-22,Resigned,2026-05-17,250000,3.0
EMP01560,Shreya Mishra,Female,1968-05-20,58,Divorced,Pune,Maharashtra,6987408801,shreya.mishra251@outlook.com,DEP012,Assistant Manager,MBA,29.6,2019-02-13,Active,,60000,3.0
EMP01561,Neha Joshi,Female,1968-05-12,58,Divorced,Coimbatore,Tamil Nadu,7894721025,neha.joshi878@rediffmail.com,DEP005,Executive,B.Tech,24.8,2015-11-02,Terminated,2020-05-12,100000,5.0
EMP01562,Sanjay Bansal,Male,1991-07-04,35,Divorced,Kolkata,West Bengal,7599475414,sanjay.bansal410@rediffmail.com,DEP005,Manager,B.Tech,17.1,2022-05-14,Active,,80000,4.0
EMP01563,Sunita Bansal,Female,1995-09-08,31,Single,Coimbatore,Tamil Nadu,8151387841,sunita.bansal409@yahoo.com,DEP012,Team Lead,B.Sc,19.0,2024-11-07,Active,,200000,1.0
EMP01564,Vikram Patel,Other,1979-08-09,47,Married,Coimbatore,Tamil Nadu,6098368454,vikram.patel972@yahoo.com,DEP002,General Manager,B.Com,4.4,2022-10-13,Resigned,,60000,3.0
EMP01565,Ramesh Iyer,Male,1976-03-06,50,Married,Bengaluru,Karnataka,8309175938,,DEP002,Consultant,B.Sc,14.1,2019-02-23,Terminated,2020-08-18,35000,4.0
EMP01566,Aadhya Mishra,Female,1995-01-20,31,Single,Lucknow,Uttar Pradesh,9503833123,aadhya.mishra777@yahoo.com,DEP008,Manager,B.Tech,9.9,2026-04-08,Active,,160000,2.0
EMP01567,Rahul Mishra,Male,1989-09-19,36,Single,Pune,Maharashtra,9839438429,rahul.mishra493@outlook.com,DEP010,Deputy General Manager,MBA,28.5,2024-08-29,On Notice Period,,100000,3.0
EMP01568,Krishna Bose,Male,1984-12-27,41,Single,Ghaziabad,Uttar Pradesh,9754358262,krishna.bose958@rediffmail.com,DEP005,Executive,B.A.,15.6,2019-02-11,Terminated,2025-04-09,80000,2.0
EMP01569,Aadhya Agarwal,Other,1990-04-11,36,Married,Coimbatore,Tamil Nadu,6587391139,aadhya.agarwal228@outlook.com,DEP012,Team Lead,M.Tech,28.6,2015-08-18,Active,,60000,2.0
EMP01570,Arjun Ghosh,Male,1978-02-13,48,Married,Chandigarh,Chandigarh,7044810889,arjun.ghosh237@gmail.com,DEP001,Senior Manager,PhD,22.0,2024-09-23,Resigned,2026-01-01,100000,1.0
EMP01571,Suresh Reddy,Male,1982-01-13,44,Divorced,Chandigarh,Chandigarh,6706538208,suresh.reddy916@gmail.com,DEP004,Senior Manager,B.Sc,1.8,2021-02-08,Active,,250000,3.0
EMP01572,Sarika Joshi,Female,1997-02-02,29,Married,Delhi,Delhi,9052876580,sarika.joshi567@yahoo.com,DEP009,Senior Associate,MBA,23.5,2018-04-16,Resigned,2023-09-03,80000,4.0
EMP01573,Aman Mishra,Male,1996-08-05,30,Married,Nagpur,Maharashtra,6438642086,aman.mishra686@hotmail.com,DEP007,Senior Manager,Diploma,27.2,2017-04-26,On Notice Period,,250000,5.0
EMP01574,Suresh Bose,Male,1999-11-01,26,Married,Bengaluru,Karnataka,8988922183,suresh.bose403@rediffmail.com,DEP002,Deputy General Manager,M.Tech,4.9,2019-09-06,Active,,250000,4.0
EMP01575,Riya Verma,Female,1971-08-17,55,Married,Nagpur,Maharashtra,7712331508,riya.verma300@gmail.com,DEP002,General Manager,M.Com,25.7,2017-04-10,Resigned,2022-08-13,320000,5.0
EMP01576,Pooja Pillai,Other,1978-11-12,47,Single,Hyderabad,Telangana,7123805058,pooja.pillai55@outlook.com,DEP006,Intern,B.Sc,8.6,2018-12-03,Terminated,2024-08-01,320000,2.0
EMP01577,Ishaan Bose,Other,1992-11-23,33,Married,Coimbatore,Tamil Nadu,8009146324,ishaan.bose636@yahoo.com,DEP007,Associate,M.Tech,11.1,2025-12-04,Active,,250000,3.0
EMP01578,Swati Singh,Female,1975-04-14,51,Divorced,Lucknow,Uttar Pradesh,6185138659,swati.singh121@gmail.com,DEP004,Analyst,B.A.,18.1,2020-04-11,Active,,35000,4.0
EMP01579,Pooja Yadav,Female,1971-12-14,54,Married,Chennai,Tamil Nadu,6385707689,pooja.yadav737@gmail.com,DEP011,Senior Associate,B.Tech,6.0,2020-08-12,On Notice Period,,60000,1.0
EMP01580,Meera Chopra,Female,1992-04-12,34,Single,Delhi,Delhi,9426875181,meera.chopra161@gmail.com,DEP011,Associate,B.Com,27.4,2016-12-18,Active,,320000,5.0
EMP01581,Isha Pillai,Other,1980-09-27,45,Divorced,Jaipur,Rajasthan,8987772441,isha.pillai756@rediffmail.com,DEP007,Vice President,PhD,26.2,2021-09-06,Active,,35000,1.0
EMP01582,Priya Desai,Female,1969-06-14,57,Divorced,Chandigarh,Chandigarh,,priya.desai902@outlook.com,DEP002,Senior Analyst,PhD,9.2,2017-08-31,Terminated,2018-06-23,45000,5.0
EMP01583,Gaurav Kumar,Male,1997-07-02,29,Divorced,Bengaluru,Karnataka,8145973472,gaurav.kumar@rediffmail.com,DEP005,Analyst,M.Sc,,2016-12-18,Active,,250000,3.0
EMP01584,Naveen Gupta,Other,1980-06-02,46,Single,Hyderabad,Telangana,,naveen.gupta265@outlook.com,DEP012,Team Lead,M.Sc,3.9,2019-05-23,On Notice Period,,130000,2.0
EMP01585,Pooja Nair,Female,1979-08-10,47,Divorced,Noida,Uttar Pradesh,,pooja.nair711@outlook.com,DEP004,Senior Associate,M.Com,18.9,2015-09-27,On Notice Period,,200000,4.0
EMP01586,Riya Agarwal,Female,1997-12-24,28,Married,Mumbai,Maharashtra,8918697738,riya.agarwal874@outlook.com,DEP002,Team Lead,M.Tech,13.0,2018-01-20,On Notice Period,,45000,4.0
EMP01587,Aarav Rao,Male,1993-08-22,33,Divorced,Chennai,Tamil Nadu,8401410196,aarav.rao317@gmail.com,DEP012,Vice President,B.Tech,5.2,2020-11-05,Active,,320000,1.0
EMP01588,Ishaan Joshi,Other,2001-12-25,24,Single,Nagpur,Maharashtra,9863292877,ishaan.joshi145@yahoo.com,DEP008,Associate,M.Sc,7.2,2021-09-27,Terminated,,250000,3.0
EMP01589,Myra Yadav,Female,2005-06-09,21,Married,Ahmedabad,Gujarat,8424433371,myra.yadav84@gmail.com,DEP009,Analyst,M.Com,9.3,2022-03-04,Terminated,,130000,4.0
EMP01590,Manish Kumar,Other,1979-03-06,47,Divorced,Delhi,Delhi,9947555774,manish.kumar50@yahoo.com,DEP001,Manager,Diploma,24.9,2021-07-18,Resigned,2025-06-06,100000,3.0
EMP01591,Aman Shetty,Male,1992-06-03,34,Married,Surat,Gujarat,8945791742,aman.shetty86@hotmail.com,DEP009,Deputy General Manager,PhD,13.2,2020-02-06,On Notice Period,,250000,5.0
EMP01592,Aadhya Mishra,Female,2004-10-07,21,Divorced,Noida,Uttar Pradesh,9707477799,aadhya.mishra673@gmail.com,DEP004,General Manager,B.Com,,2025-01-26,Active,,320000,2.0
EMP01593,Riya Kumar,Female,1975-01-17,51,Married,Mumbai,Maharashtra,6321556739,riya.kumar707@yahoo.com,DEP008,Associate,PhD,8.1,2022-05-28,Active,,45000,4.0
EMP01594,Divya Bansal,Female,1979-01-18,47,Divorced,Mumbai,Maharashtra,8327738553,divya.bansal281@gmail.com,DEP008,Team Lead,PhD,16.9,2026-01-17,Active,,250000,4.0
EMP01595,Kavita Shetty,Female,2001-01-22,25,Single,Indore,Madhya Pradesh,9933141602,kavita.shetty990@gmail.com,DEP011,Consultant,Diploma,14.5,2026-03-04,On Notice Period,,80000,3.0
EMP01596,Rekha Yadav,Other,1985-04-06,41,Married,Indore,Madhya Pradesh,9104366110,rekha.yadav769@rediffmail.com,DEP001,Senior Manager,B.Tech,23.1,2025-01-24,Active,,200000,4.0
EMP01597,Shreya Reddy,Other,1998-02-25,28,Divorced,Bengaluru,Karnataka,6781786927,,DEP005,Senior Associate,Diploma,1.3,2024-12-24,On Notice Period,,45000,2.0
EMP01598,Diya Shetty,Other,1998-07-06,28,Married,Nagpur,Maharashtra,9229532943,diya.shetty749@outlook.com,DEP005,Assistant Manager,M.Sc,,2023-07-02,Active,,60000,5.0
EMP01599,Aarav Kapoor,Male,2001-04-15,25,Divorced,Chandigarh,Chandigarh,7722521335,aarav.kapoor400@gmail.com,DEP005,Executive,B.Com,22.6,2023-12-16,Resigned,2026-06-17,35000,4.0
EMP01600,Reyansh Pillai,Male,1998-12-16,27,Married,Surat,Gujarat,9088058874,reyansh.pillai894@rediffmail.com,DEP008,Executive,B.A.,2.2,2017-09-05,On Notice Period,,200000,5.0
EMP01601,Sneha Bose,Female,1989-01-16,37,Married,Ahmedabad,Gujarat,9572377692,sneha.bose714@hotmail.com,DEP008,Intern,MBA,26.0,2017-08-11,On Notice Period,,320000,5.0
EMP01602,Gaurav Patel,Male,1992-03-22,34,Single,Kolkata,West Bengal,6293842291,gaurav.patel243@gmail.com,DEP010,Team Lead,PhD,1.6,2023-02-22,Terminated,2024-07-03,320000,1.0
EMP01603,Nikhil Joshi,Male,1978-04-17,48,Single,Ahmedabad,Gujarat,8423397619,nikhil.joshi613@yahoo.com,DEP005,Senior Manager,B.Com,21.9,2017-10-07,Active,,320000,2.0
EMP01604,Aarav Menon,Male,2002-11-22,23,Single,Chennai,Tamil Nadu,9478654620,aarav.menon469@hotmail.com,DEP007,Deputy General Manager,Diploma,20.9,2019-12-11,Active,,45000,3.0
EMP01605,Suresh Kumar,Other,2000-02-06,26,Divorced,Hyderabad,Telangana,9784780034,suresh.kumar@outlook.com,DEP004,Vice President,B.Com,22.2,2025-07-04,Active,,320000,4.0
EMP01606,Anil Menon,Male,1966-03-04,60,Divorced,Ahmedabad,Gujarat,7981400735,anil.menon292@yahoo.com,DEP008,Associate,M.Tech,13.2,2015-08-01,Active,,250000,2.0
EMP01607,Manish Pillai,Male,1971-01-03,55,Married,Noida,Uttar Pradesh,8058661096,manish.pillai688@outlook.com,DEP008,Vice President,M.Sc,6.5,2022-11-03,Terminated,,100000,1.0
EMP01608,Kavya Gupta,Female,2005-07-20,21,Divorced,Pune,Maharashtra,9566278876,kavya.gupta927@yahoo.com,DEP009,Intern,B.Tech,9.3,2024-05-10,Terminated,,320000,4.0
EMP01609,Diya Reddy,Female,2004-09-12,21,Divorced,Chandigarh,Chandigarh,7177151899,diya.reddy589@rediffmail.com,DEP007,Analyst,B.Tech,,2018-03-01,Terminated,2024-09-15,45000,3.0
EMP01610,aadhya shetty,Female,1994-02-23,32,Single,Delhi,Delhi,9606308407,aadhya.shetty762@rediffmail.com,DEP011,Vice President,MBA,10.6,2025-08-30,Terminated,2026-03-01,160000,5.0
EMP01611,Vihaan Chopra,Male,1988-02-18,38,Divorced,Surat,Gujarat,8822682259,vihaan.chopra994@gmail.com,DEP010,Intern,B.Sc,10.7,2017-02-08,Terminated,2020-05-20,60000,2.0
EMP01612,Reyansh Desai,Other,1998-01-13,28,Divorced,Surat,Gujarat,9090649902,reyansh.desai477@rediffmail.com,DEP012,Manager,B.A.,15.9,2021-10-16,Terminated,,35000,1.0
EMP01613,Anjali Gupta,Other,1972-04-05,54,Married,Surat,Gujarat,8675396556,anjali.gupta552@outlook.com,DEP003,Consultant,B.Tech,29.4,2018-12-08,On Notice Period,,160000,2.0
EMP01614,Nisha Yadav,Female,1996-03-02,30,Married,Pune,Maharashtra,7011515798,nisha.yadav598@outlook.com,DEP009,Senior Associate,M.Sc,7.4,2020-01-21,Active,,200000,2.0
EMP01615,Ritu Chopra,Female,1981-08-21,45,Married,Ghaziabad,Uttar Pradesh,7029875433,ritu.chopra243@rediffmail.com,DEP011,Senior Associate,Diploma,22.7,2016-03-09,Active,,200000,1.0
EMP01616,Sneha Ghosh,Other,1993-04-10,33,Married,Coimbatore,Tamil Nadu,8967022590,sneha.ghosh633@rediffmail.com,DEP001,Analyst,PhD,19.3,2025-10-06,Active,,35000,1.0
EMP01617,Deepak Shetty,Male,1985-08-25,41,Married,Bengaluru,Karnataka,6634188675,deepak.shetty801@rediffmail.com,DEP006,Team Lead,M.Com,26.8,2025-08-05,Active,,35000,5.0
EMP01618,Aditya Pillai,Male,1980-03-24,46,Divorced,Chennai,Tamil Nadu,6536874698,aditya.pillai804@outlook.com,DEP005,Consultant,M.Tech,6.1,2016-06-26,Active,,45000,2.0
EMP01619,DIYA KAPOOR,Female,1991-02-09,35,Divorced,Bengaluru,Karnataka,6187562794,diya.kapoor576@outlook.com,DEP007,Vice President,M.Sc,23.5,2019-06-11,Active,,25000,2.0
EMP01620,Riya Rao,Female,1985-09-18,40,Divorced,Jaipur,Rajasthan,,riya.rao21@outlook.com,DEP003,General Manager,M.Com,39.0,2021-08-24,Resigned,2026-03-03,45000,4.0
EMP01621,Riya Bose,Other,1999-05-12,27,Divorced,Lucknow,Uttar Pradesh,8776142010,riya.bose367@rediffmail.com,DEP006,Associate,B.Sc,21.1,2023-04-16,Active,,60000,3.0
EMP01622,Vihaan Chaudhary,Male,1983-03-16,43,Divorced,Bengaluru,Karnataka,8104734721,vihaan.chaudhary8@rediffmail.com,DEP004,Senior Associate,B.A.,6.4,2021-10-05,Active,,35000,3.0
EMP01623,Aman Pillai,Other,1990-07-07,36,Married,Pune,Maharashtra,9063665571,aman.pillai@yahoo.com,DEP012,Executive,M.Tech,27.5,2025-06-18,On Notice Period,,25000,2.0
EMP01624,Myra Chaudhary,Other,1986-02-16,40,Single,Noida,Uttar Pradesh,9094394052,myra.chaudhary672@hotmail.com,DEP010,Team Lead,B.Sc,11.3,2017-05-19,Active,,250000,3.0
EMP01625,Kavita Bansal,Female,1996-03-16,30,Single,Indore,Madhya Pradesh,7451836504,kavita.bansal39@yahoo.com,DEP009,General Manager,B.A.,2.8,2019-07-16,On Notice Period,,35000,4.0
EMP01626,Kavya Iyer,Other,1993-01-04,33,Single,Noida,Uttar Pradesh,9520532048,kavya.iyer646@outlook.com,DEP002,Deputy General Manager,M.Com,17.1,2017-09-26,Terminated,2023-10-31,160000,2.0
EMP01627,Anjali Bansal,Female,1990-04-20,36,Divorced,Chennai,Tamil Nadu,8569750950,anjali.bansal64@yahoo.com,DEP011,Team Lead,PhD,23.8,2019-04-12,Active,,80000,3.0
EMP01628,Ananya Ghosh,Female,1986-11-11,39,Single,Bengaluru,Karnataka,9945454808,ananya.ghosh925@hotmail.com,DEP003,Intern,B.Tech,12.2,2016-06-22,Active,,320000,1.0
EMP01629,Nisha Mishra,Female,1971-03-01,55,Divorced,Lucknow,Uttar Pradesh,9321246832,nisha.mishra329@hotmail.com,DEP012,Senior Manager,M.Com,11.2,2015-07-16,On Notice Period,,35000,1.0
EMP01630,Kritika Chaudhary,Female,1983-11-01,42,Married,Indore,Madhya Pradesh,8255549864,kritika.chaudhary935@rediffmail.com,DEP004,Manager,PhD,9.6,2017-09-07,Active,,25000,2.0
EMP01631,Rekha Shetty,Female,1966-02-15,60,Married,Indore,Madhya Pradesh,7746839301,rekha.shetty348@outlook.com,DEP008,Vice President,B.A.,26.6,2016-07-09,Active,,320000,3.0
EMP01632,Rohan Rao,Male,2005-08-07,21,Single,Coimbatore,Tamil Nadu,8327062760,rohan.rao641@rediffmail.com,DEP001,Deputy General Manager,B.Com,11.5,2021-06-26,Resigned,2024-11-20,130000,3.0
EMP01633,Ajay Menon,Male,1978-12-04,47,Single,Noida,Uttar Pradesh,7524160596,ajay.menon795@rediffmail.com,DEP002,Deputy General Manager,M.Com,24.0,2023-11-13,Active,,250000,5.0
EMP01634,Sanjay Bansal,Male,1977-12-26,48,Married,Mumbai,Maharashtra,6493271216,sanjay.bansal811@rediffmail.com,DEP006,Deputy General Manager,B.A.,15.0,2016-05-27,Active,,25000,5.0
EMP01635,Vihaan Kumar,Other,1986-03-22,40,Divorced,Noida,Uttar Pradesh,6893735741,vihaan.kumar733@hotmail.com,DEP008,General Manager,MBA,17.8,2025-10-07,Active,,45000,3.0
EMP01636,Meera Sharma,Female,1991-08-08,35,Married,Surat,Gujarat,6064296337,meera.sharma942@gmail.com,DEP012,Associate,MBA,11.2,2018-01-10,Resigned,2020-04-30,60000,4.0
EMP01637,Ritu Yadav,Female,2001-12-15,24,Divorced,Hyderabad,Telangana,7107909747,ritu.yadav275@yahoo.com,DEP009,Senior Analyst,M.Com,16.9,2019-08-25,Resigned,2024-06-18,35000,5.0
EMP01638,ajay sharma,Male,1981-07-25,45,Divorced,Pune,Maharashtra,7992404796,ajay.sharma553@yahoo.com,DEP005,Analyst,B.Tech,23.3,2020-09-28,Active,,80000,1.0
EMP01639,ananya patel,Female,2001-02-07,25,Married,Coimbatore,Tamil Nadu,8662729183,ananya.patel13@rediffmail.com,DEP006,Deputy General Manager,M.Sc,16.4,2019-05-17,Active,,200000,5.0
EMP01640,Nisha Yadav,Female,1975-02-12,51,Married,Delhi,Delhi,6147535544,nisha.yadav146@rediffmail.com,DEP010,Analyst,Diploma,20.3,2025-12-11,Active,,130000,1.0
EMP01641,Vikram Iyer,Other,1972-10-06,53,Married,Lucknow,Uttar Pradesh,9471723470,vikram.iyer612@gmail.com,DEP011,Senior Analyst,M.Tech,24.0,2016-03-14,Active,,60000,3.0
EMP01642,Vihaan Desai,Other,1973-02-06,53,Single,Pune,Maharashtra,7261498622,vihaan.desai252@rediffmail.com,DEP002,Senior Associate,B.A.,24.0,2019-11-12,On Notice Period,,250000,1.0
EMP01643,Karan Joshi,Male,1968-03-27,58,Divorced,Ahmedabad,Gujarat,6390774332,karan.joshi72@hotmail.com,DEP006,Manager,PhD,28.2,2015-09-06,Active,,160000,1.0
EMP01644,Vihaan Gupta,Male,1974-10-21,51,Married,Kolkata,West Bengal,,vihaan.gupta6@yahoo.com,DEP004,Deputy General Manager,B.Tech,7.7,2019-03-14,Active,,160000,5.0
EMP01645,Myra Nair,Other,1977-07-01,49,Single,Pune,Maharashtra,8534531235,myra.nair827@yahoo.com,DEP010,Senior Analyst,PhD,15.6,2020-07-04,Resigned,2021-08-17,45000,5.0
EMP01646,Karan Malhotra,Male,1989-02-19,37,Divorced,Ahmedabad,Gujarat,9462461511,karan.malhotra966@hotmail.com,DEP007,Senior Manager,B.Tech,22.2,2020-01-03,On Notice Period,,160000,3.0
EMP01647,Meera Menon,Other,1983-11-28,42,Married,Coimbatore,Tamil Nadu,,meera.menon736@gmail.com,DEP002,Intern,M.Sc,4.1,2026-06-27,Active,,320000,2.0
EMP01648,Riya Yadav,Female,1995-01-01,31,Single,Lucknow,Uttar Pradesh,7792834156,riya.yadav330@gmail.com,DEP004,Manager,MBA,1.5,2017-03-26,Active,,60000,2.0
EMP01649,Gaurav Iyer,Male,1966-12-19,59,Married,Hyderabad,Telangana,7417546782,gaurav.iyer434@outlook.com,DEP004,Senior Manager,M.Com,4.3,2016-07-14,On Notice Period,,100000,1.0
EMP01650,Manish Mishra,Male,1979-06-06,47,Married,Surat,Gujarat,7082670702,manish.mishra523@yahoo.com,DEP008,Team Lead,MBA,4.7,2016-01-28,Active,,100000,4.0
EMP01651,Riya Mishra,Female,1968-04-20,58,Married,Pune,Maharashtra,7215282056,riya.mishra953@hotmail.com,DEP004,Analyst,B.Com,9.1,2018-12-18,Active,,25000,3.0
EMP01652,Deepak Agarwal,Other,2001-01-05,25,Married,Mumbai,Maharashtra,8195256953,deepak.agarwal855@hotmail.com,DEP005,Executive,B.Tech,13.3,2016-09-21,Active,,100000,5.0
EMP01653,SAURABH BOSE,Other,1985-07-26,41,Divorced,Noida,Uttar Pradesh,8982459197,saurabh.bose242@yahoo.com,DEP012,Consultant,B.Com,8.6,2016-03-23,Active,,45000,4.0
EMP01654,Nikhil Verma,Male,1990-09-24,35,Single,Bengaluru,Karnataka,8669762245,nikhil.verma755@rediffmail.com,DEP003,Executive,MBA,11.4,2016-11-19,Resigned,2023-04-05,200000,4.0
EMP01655,Ramesh Chopra,Male,1978-07-19,48,Single,Hyderabad,Telangana,7239424088,ramesh.chopra@yahoo.com,DEP003,Senior Analyst,M.Sc,21.2,2021-06-29,Active,,25000,4.0
EMP01656,Kavita Joshi,Female,1979-11-26,46,Divorced,Indore,Madhya Pradesh,8343623613,kavita.joshi225@outlook.com,DEP009,Vice President,B.Sc,12.3,2024-12-04,Active,,45000,4.0
EMP01657,Deepak Yadav,Other,1983-08-23,43,Married,Hyderabad,Telangana,7665002274,deepak.yadav977@yahoo.com,DEP005,Analyst,PhD,6.6,2025-10-31,Active,,250000,5.0
EMP01658,Priya Mishra,Other,1967-10-15,58,Single,Bengaluru,Karnataka,8961348202,priya.mishra44@outlook.com,DEP008,Consultant,MBA,18.2,2021-06-15,On Notice Period,,60000,1.0
EMP01659,swati malhotra,Female,1993-01-04,33,Married,Chandigarh,Chandigarh,7740283081,swati.malhotra406@hotmail.com,DEP007,Vice President,Diploma,0.6,2018-07-15,Terminated,2024-10-27,60000,3.0
EMP01660,Nikhil Agarwal,Male,1970-05-10,56,Single,Chennai,Tamil Nadu,6732116387,nikhil.agarwal881@rediffmail.com,DEP001,Senior Associate,M.Sc,3.3,2018-11-28,Active,,250000,4.0
EMP01661,Manish Nair,Male,1989-06-04,37,Married,Noida,Uttar Pradesh,9293996224,manish.nair688@hotmail.com,DEP008,Senior Analyst,PhD,13.3,2022-08-20,On Notice Period,,200000,1.0
EMP01662,Anjali Patel,Female,2004-04-21,22,Married,Lucknow,Uttar Pradesh,9205883995,anjali.patel884@outlook.com,DEP008,Vice President,B.Com,,2022-12-02,Active,,80000,1.0
EMP01663,Diya Malhotra,Female,1995-06-11,31,Single,Chennai,Tamil Nadu,6500077134,diya.malhotra583@outlook.com,DEP006,Executive,M.Sc,16.3,2018-10-09,Active,,35000,1.0
EMP01664,Krishna Mishra,Male,1986-09-08,40,Married,Coimbatore,Tamil Nadu,8841895069,krishna.mishra367@hotmail.com,DEP002,Associate,M.Sc,8.2,2026-01-16,Active,,250000,1.0
EMP01665,Priya Joshi,Female,2005-10-01,20,Married,Chandigarh,Chandigarh,8539403250,priya.joshi314@gmail.com,DEP005,Team Lead,B.Tech,2.5,2022-02-13,Active,,25000,3.0
EMP01666,Aadhya Joshi,Other,1967-05-12,59,Single,Coimbatore,Tamil Nadu,6135854315,aadhya.joshi111@hotmail.com,DEP007,Consultant,Diploma,25.9,2017-05-31,Resigned,2023-03-29,80000,3.0
EMP01667,Nikhil Rao,Other,1978-10-26,47,Divorced,Lucknow,Uttar Pradesh,,nikhil.rao95@outlook.com,DEP011,Manager,Diploma,4.0,2019-07-24,Active,,100000,2.0
EMP01668,KRITIKA KUMAR,Female,1979-11-17,46,Single,Hyderabad,Telangana,7535132927,kritika.kumar948@outlook.com,DEP007,Deputy General Manager,B.Tech,5.7,2016-01-18,Resigned,2016-12-05,320000,1.0
EMP01669,Kritika Bose,Other,1993-11-10,32,Married,Indore,Madhya Pradesh,9011772585,kritika.bose607@yahoo.com,DEP007,Analyst,M.Com,29.1,2019-04-14,Active,,35000,1.0
EMP01670,Ishaan Desai,Other,1969-07-05,57,Married,Kolkata,West Bengal,6909380638,ishaan.desai203@rediffmail.com,DEP008,Associate,M.Com,2.0,2018-02-06,Resigned,2021-10-06,45000,3.0
EMP01671,rahul mishra,Male,2004-02-15,22,Divorced,Pune,Maharashtra,9517384539,rahul.mishra414@gmail.com,DEP010,Consultant,M.Sc,8.3,2019-06-23,Terminated,2021-08-17,60000,4.0
EMP01672,Sanjay Singh,Male,1996-04-07,30,Divorced,Chandigarh,Chandigarh,7487138792,sanjay.singh@hotmail.com,DEP004,Executive,M.Sc,17.9,2025-11-03,Terminated,,250000,3.0
EMP01673,Ishaan Iyer,Male,1993-04-28,33,Divorced,Mumbai,Maharashtra,,ishaan.iyer652@rediffmail.com,DEP004,Senior Associate,M.Com,19.6,2022-06-25,Active,,35000,5.0
EMP01674,Ramesh Verma,Other,1989-04-04,37,Divorced,Indore,Madhya Pradesh,8798572516,ramesh.verma88@hotmail.com,DEP011,Deputy General Manager,M.Com,23.9,2023-11-30,Active,,160000,2.0
EMP01675,Vihaan Verma,Other,1996-05-06,30,Married,Coimbatore,Tamil Nadu,6309198013,vihaan.verma726@outlook.com,DEP004,Team Lead,MBA,21.5,2022-01-23,Terminated,2024-02-06,160000,5.0
EMP01676,Isha Verma,Other,1999-02-28,27,Divorced,Nagpur,Maharashtra,6820076723,isha.verma582@outlook.com,DEP006,Senior Manager,M.Sc,,2019-10-21,Active,,160000,5.0
EMP01677,Aadhya Chopra,Other,1980-08-15,46,Single,Jaipur,Rajasthan,8788882000,aadhya.chopra233@outlook.com,DEP005,Assistant Manager,Diploma,12.0,2019-07-16,Terminated,2021-05-23,250000,4.0
EMP01678,Kritika Reddy,Female,1999-03-28,27,Married,Jaipur,Rajasthan,8282574990,kritika.reddy847@gmail.com,DEP005,Intern,M.Tech,16.0,2023-04-28,Active,,160000,3.0
EMP01679,Shreya Sharma,Other,1968-02-04,58,Married,Ahmedabad,Gujarat,7457069601,shreya.sharma715@hotmail.com,DEP005,Manager,M.Sc,8.1,2022-12-05,Active,,250000,3.0
EMP01680,Swati Pillai,Female,1985-08-24,41,Divorced,Bengaluru,Karnataka,7906241028,swati.pillai285@yahoo.com,DEP009,Manager,M.Sc,28.7,2025-01-31,Active,,160000,3.0
EMP01681,Ritu Bose,Other,1976-03-21,50,Married,Pune,Maharashtra,7163306084,ritu.bose542@rediffmail.com,DEP007,Executive,M.Com,1.5,2016-05-06,Resigned,2020-06-22,60000,2.0
EMP01682,Sarika Reddy,Other,1987-11-24,38,Single,Surat,Gujarat,9120433287,sarika.reddy101@gmail.com,DEP009,General Manager,PhD,28.8,2023-05-22,On Notice Period,,45000,1.0
EMP01683,Aarav Pillai,Male,1984-06-09,42,Single,Lucknow,Uttar Pradesh,9209394869,aarav.pillai674@hotmail.com,DEP002,Intern,PhD,16.2,2023-11-07,Active,,200000,4.0
EMP01684,Ritu Verma,Female,1979-01-01,47,Married,Chennai,Tamil Nadu,8276871318,ritu.verma834@gmail.com,DEP010,Consultant,B.Sc,18.5,2023-03-06,Active,,60000,4.0
EMP01685,Kavita Kumar,Female,1981-12-26,44,Divorced,Bengaluru,Karnataka,8168960284,kavita.kumar427@gmail.com,DEP008,Analyst,B.A.,5.4,2026-02-28,Active,,200000,4.0
EMP01686,Aarav Reddy,Other,1968-07-06,58,Married,Delhi,Delhi,7086402690,aarav.reddy298@gmail.com,DEP002,Assistant Manager,MBA,14.6,2025-10-27,Resigned,,200000,3.0
EMP01687,Sneha Singh,Other,1968-07-17,58,Single,Surat,Gujarat,,sneha.singh620@outlook.com,DEP006,Deputy General Manager,M.Com,12.9,2025-03-04,Active,,35000,4.0
EMP01688,Aditya Menon,Male,1987-11-28,38,Single,Ghaziabad,Uttar Pradesh,6101201630,aditya.menon568@rediffmail.com,DEP002,Manager,M.Com,5.5,2022-12-10,On Notice Period,,160000,4.0
EMP01689,Aditya Mishra,Male,1999-03-07,27,Single,Kolkata,West Bengal,9095314664,aditya.mishra661@gmail.com,DEP003,Associate,B.Tech,20.6,2019-06-29,Active,,45000,2.0
EMP01690,Diya Ghosh,Other,1973-10-23,52,Single,Delhi,Delhi,9403894945,diya.ghosh309@outlook.com,DEP001,Senior Analyst,Diploma,15.2,2019-08-27,Active,,80000,2.0
EMP01691,manish shetty,Male,1987-09-17,38,Single,Chandigarh,Chandigarh,7387571786,manish.shetty54@gmail.com,DEP001,General Manager,B.Com,26.6,2018-10-24,On Notice Period,,35000,1.0
EMP01692,Diya Chopra,Female,1986-06-10,40,Single,Jaipur,Rajasthan,6035659966,diya.chopra548@gmail.com,DEP009,Associate,B.Sc,23.9,2019-01-31,Resigned,2023-06-14,200000,5.0
EMP01693,Aman Patel,Male,1999-08-11,27,Married,Coimbatore,Tamil Nadu,9042810918,aman.patel438@rediffmail.com,DEP001,Vice President,B.A.,9.0,2016-08-20,On Notice Period,,45000,3.0
EMP01694,Myra Menon,Other,1985-01-27,41,Single,Pune,Maharashtra,7281571414,myra.menon@rediffmail.com,DEP011,Intern,M.Com,11.1,2015-09-12,Active,,60000,2.0
EMP01695,Saurabh Kumar,Other,1981-07-23,45,Divorced,Mumbai,Maharashtra,9314095789,,DEP002,Executive,B.A.,1.0,2021-03-26,Active,,80000,1.0
EMP01696,Vivaan Mishra,Male,1990-08-18,36,Single,Chennai,Tamil Nadu,8793222429,vivaan.mishra259@outlook.com,DEP007,Executive,PhD,6.8,2026-03-04,Terminated,,250000,2.0
EMP01697,Vivaan Iyer,Other,1994-01-14,32,Married,Lucknow,Uttar Pradesh,7906252959,vivaan.iyer152@gmail.com,DEP012,Assistant Manager,B.Tech,11.0,2016-03-05,Terminated,2019-11-29,200000,3.0
EMP01698,Ishaan Yadav,Other,2003-11-05,22,Divorced,Noida,Uttar Pradesh,8673097960,ishaan.yadav539@hotmail.com,DEP007,Intern,PhD,10.6,2021-12-30,Active,,200000,3.0
EMP01699,Ajay Bansal,Other,2001-04-12,25,Divorced,Ghaziabad,Uttar Pradesh,7075796353,ajay.bansal850@outlook.com,DEP011,Analyst,PhD,24.3,2020-05-20,Terminated,2023-10-09,45000,4.0
EMP01700,Myra Chaudhary,Female,1999-05-17,27,Single,Jaipur,Rajasthan,,myra.chaudhary635@outlook.com,DEP012,Senior Analyst,M.Sc,22.5,2016-06-22,Active,,130000,5.0
EMP01701,Rahul Kapoor,Male,1978-06-15,48,Single,Mumbai,Maharashtra,,rahul.kapoor184@gmail.com,DEP001,Deputy General Manager,B.Sc,25.3,2024-07-16,Resigned,,250000,3.0
EMP01702,Neha Ghosh,Female,1987-04-15,39,Single,Kolkata,West Bengal,8278610605,neha.ghosh118@rediffmail.com,DEP011,Assistant Manager,M.Sc,16.0,2025-01-27,Terminated,,60000,4.0
EMP01703,Rahul Singh,Male,1981-05-01,45,Single,Coimbatore,Tamil Nadu,7087548766,rahul.singh952@hotmail.com,DEP011,Consultant,PhD,10.8,2016-05-20,On Notice Period,,200000,4.0
EMP01704,Saurabh Verma,Male,1986-07-03,40,Single,Kolkata,West Bengal,8763968669,saurabh.verma42@gmail.com,DEP012,Assistant Manager,Diploma,17.3,2017-09-30,Terminated,2020-03-31,250000,3.0
EMP01705,ADITYA REDDY,Male,1992-01-06,34,Single,Ghaziabad,Uttar Pradesh,8924164840,aditya.reddy@outlook.com,DEP008,Senior Manager,M.Com,5.9,2018-03-05,On Notice Period,,320000,3.0
EMP01706,Divya Bose,Female,1991-01-19,35,Married,Chennai,Tamil Nadu,6614977201,divya.bose929@hotmail.com,DEP009,Senior Analyst,M.Tech,10.2,2025-11-29,Terminated,,45000,5.0
EMP01707,Anjali Desai,Female,1993-06-10,33,Divorced,Noida,Uttar Pradesh,7650414646,anjali.desai856@yahoo.com,DEP003,Analyst,Diploma,22.4,2024-08-17,Terminated,,320000,2.0
EMP01708,Myra Chaudhary,Other,1984-03-18,42,Single,Surat,Gujarat,8103821374,myra.chaudhary310@hotmail.com,DEP011,Vice President,MBA,21.0,2026-03-21,Active,,45000,1.0
EMP01709,Naveen Bansal,Other,1974-07-17,52,Divorced,Bengaluru,Karnataka,6196701888,naveen.bansal49@hotmail.com,DEP009,Vice President,B.Com,23.2,2019-08-03,Active,,45000,2.0
EMP01710,Nikhil Verma,Other,1976-04-13,50,Single,Mumbai,Maharashtra,8966176198,nikhil.verma56@rediffmail.com,DEP001,Assistant Manager,B.Tech,19.0,2018-09-11,Resigned,2025-05-12,200000,2.0
EMP01711,Krishna Rao,Male,1973-04-15,53,Divorced,Indore,Madhya Pradesh,,krishna.rao356@gmail.com,DEP004,Assistant Manager,B.Tech,22.6,2022-12-23,Terminated,,35000,5.0
EMP01712,Ananya Bose,Female,1974-02-02,52,Divorced,Ahmedabad,Gujarat,8802453847,ananya.bose654@gmail.com,DEP001,Senior Associate,M.Sc,6.6,2024-05-13,Active,,25000,3.0
EMP01713,Ramesh Nair,Male,1978-03-05,48,Single,Noida,Uttar Pradesh,7165575851,ramesh.nair271@yahoo.com,DEP011,Vice President,M.Sc,7.7,2021-03-09,Active,,320000,5.0
EMP01714,Suresh Bose,Other,1990-04-27,36,Married,Coimbatore,Tamil Nadu,7874061596,suresh.bose223@rediffmail.com,DEP009,Senior Analyst,M.Sc,12.0,2018-08-17,On Notice Period,,320000,4.0
EMP01715,Diya Verma,Other,1986-04-23,40,Divorced,Surat,Gujarat,6679615708,diya.verma891@hotmail.com,DEP012,Vice President,PhD,22.2,2017-04-08,Active,,200000,3.0
EMP01716,Riya Rao,Other,1978-08-07,48,Single,Ahmedabad,Gujarat,8252395329,riya.rao609@gmail.com,DEP002,Senior Associate,B.Tech,2.4,2021-02-10,Active,,250000,1.0
EMP01717,Ishaan Ghosh,Other,1972-02-08,54,Divorced,Pune,Maharashtra,6779441142,ishaan.ghosh724@yahoo.com,DEP002,Team Lead,M.Tech,7.2,2024-09-28,Active,,100000,2.0
EMP01718,Karan Malhotra,Other,1996-02-09,30,Single,Coimbatore,Tamil Nadu,9763888907,karan.malhotra745@rediffmail.com,DEP008,Executive,B.Com,29.3,2021-06-18,Active,,130000,2.0
EMP01719,Vihaan Patel,Male,1994-05-28,32,Single,Indore,Madhya Pradesh,8803809415,vihaan.patel413@outlook.com,DEP004,Associate,Diploma,6.9,2018-02-19,Active,,45000,5.0
EMP01720,Myra Bose,Female,1968-09-21,57,Divorced,Chennai,Tamil Nadu,6005485755,myra.bose408@rediffmail.com,DEP002,Manager,PhD,2.9,2024-05-24,Resigned,,160000,4.0
EMP01721,Sunita Mishra,Female,1973-07-18,53,Single,Ahmedabad,Gujarat,8977039339,sunita.mishra739@rediffmail.com,DEP009,General Manager,M.Com,16.3,2021-12-13,Active,,160000,4.0
EMP01722,Swati Yadav,Female,1994-02-20,32,Divorced,Chennai,Tamil Nadu,9768713911,swati.yadav@hotmail.com,DEP009,Intern,M.Sc,6.1,2018-11-11,On Notice Period,,130000,4.0
EMP01723,Pooja Yadav,Other,1999-11-16,26,Married,Mumbai,Maharashtra,6772937654,pooja.yadav440@outlook.com,DEP012,Associate,B.Tech,10.0,2016-08-11,Active,,130000,4.0
EMP01724,Arjun Yadav,Male,1969-09-28,56,Divorced,Jaipur,Rajasthan,8162386821,arjun.yadav561@gmail.com,DEP009,Deputy General Manager,B.Tech,24.3,2015-01-04,Active,,250000,5.0
EMP01725,Nisha Mishra,Female,1985-06-06,41,Married,Hyderabad,Telangana,9961141489,nisha.mishra853@outlook.com,DEP006,Manager,MBA,20.1,2025-02-16,Active,,250000,1.0
EMP01726,Vikram Reddy,Male,1974-05-23,52,Divorced,Coimbatore,Tamil Nadu,9568198561,vikram.reddy22@outlook.com,DEP001,Associate,Diploma,29.6,2017-08-24,Active,,25000,4.0
EMP01727,Kavya Nair,Other,1982-12-11,43,Single,Nagpur,Maharashtra,6749772040,kavya.nair261@rediffmail.com,DEP006,Senior Analyst,PhD,14.0,2021-08-14,Active,,320000,2.0
EMP01728,Sarika Kumar,Female,1985-06-06,41,Single,Ahmedabad,Gujarat,9102430346,sarika.kumar32@hotmail.com,DEP009,Team Lead,Diploma,2.7,2025-04-28,Active,,200000,2.0
EMP01729,Karan Sharma,Male,1976-02-18,50,Divorced,Pune,Maharashtra,6716574917,karan.sharma729@yahoo.com,DEP004,Manager,M.Com,27.1,2023-06-10,On Notice Period,,250000,1.0
EMP01730,Vikram Singh,Male,1968-01-17,58,Divorced,Chandigarh,Chandigarh,7427136473,vikram.singh659@hotmail.com,DEP008,Consultant,B.Com,13.1,2022-09-29,Resigned,,80000,3.0
EMP01731,Anil Iyer,Other,1992-05-21,34,Divorced,Chennai,Tamil Nadu,6956335296,anil.iyer569@rediffmail.com,DEP010,Assistant Manager,B.A.,25.5,2017-11-06,Active,,160000,1.0
EMP01732,Ananya Agarwal,Other,2000-09-19,25,Single,Lucknow,Uttar Pradesh,6611293586,ananya.agarwal463@yahoo.com,DEP002,Consultant,PhD,16.9,2018-11-10,Active,,80000,3.0
EMP01733,Anil Chopra,Male,1980-09-10,45,Married,Surat,Gujarat,6904920374,anil.chopra529@hotmail.com,DEP008,Senior Manager,M.Sc,17.1,2017-06-07,Resigned,2024-01-26,200000,2.0
EMP01734,Ananya Kumar,Female,1980-10-02,45,Divorced,Pune,Maharashtra,6539199647,ananya.kumar109@outlook.com,DEP001,Intern,M.Sc,25.8,2024-10-12,Active,,35000,5.0
EMP01735,Isha Rao,Female,1985-02-20,41,Divorced,Mumbai,Maharashtra,6638210476,isha.rao609@hotmail.com,DEP005,Manager,MBA,0.3,2020-02-09,Active,,25000,4.0
EMP01736,Gaurav Gupta,Male,1998-05-10,28,Single,Pune,Maharashtra,9948680790,gaurav.gupta398@hotmail.com,DEP002,Associate,Diploma,25.1,2020-07-18,Resigned,2022-05-18,130000,3.0
EMP01737,Ajay Chopra,Male,1992-06-20,34,Married,Kolkata,West Bengal,7980111650,ajay.chopra927@yahoo.com,DEP008,Executive,M.Tech,6.2,2017-10-05,On Notice Period,,35000,2.0
EMP01738,Nisha Mishra,Female,1998-11-15,27,Divorced,Ahmedabad,Gujarat,7024543104,nisha.mishra765@rediffmail.com,DEP001,Team Lead,PhD,24.6,2018-04-30,Resigned,2023-05-03,200000,1.0
EMP01739,Divya Ghosh,Other,1993-12-05,32,Married,Kolkata,West Bengal,6746681652,divya.ghosh517@gmail.com,DEP009,Intern,MBA,12.1,2019-01-07,Active,,320000,4.0
EMP01740,Gaurav Kumar,Male,1994-10-01,31,Divorced,Coimbatore,Tamil Nadu,7174951033,gaurav.kumar95@hotmail.com,DEP010,Team Lead,PhD,25.8,2022-11-17,Terminated,,100000,3.0
EMP01741,saanvi chaudhary,Female,1972-12-03,53,Divorced,Chandigarh,Chandigarh,6853722207,saanvi.chaudhary498@outlook.com,DEP005,Manager,B.Com,3.1,2019-05-03,Active,,200000,3.0
EMP01742,Meera Yadav,Female,2004-01-20,22,Divorced,Hyderabad,Telangana,7877073852,meera.yadav811@rediffmail.com,DEP012,Analyst,B.A.,3.4,2024-01-19,Active,,25000,5.0
EMP01743,Isha Desai,Other,1976-11-07,49,Single,Ahmedabad,Gujarat,9920040954,isha.desai@yahoo.com,DEP002,Vice President,M.Sc,17.3,2019-03-27,Terminated,2020-12-26,160000,5.0
EMP01744,Rahul Joshi,Male,1980-09-28,45,Married,Pune,Maharashtra,8506611718,rahul.joshi938@rediffmail.com,DEP011,Assistant Manager,B.Tech,10.6,2016-02-13,Active,,100000,2.0
EMP01745,Aadhya Kumar,Other,2001-05-07,25,Single,Noida,Uttar Pradesh,8854034746,aadhya.kumar790@hotmail.com,DEP002,Executive,B.Tech,20.3,2022-10-20,Terminated,2023-03-07,45000,1.0
EMP01746,Ramesh Reddy,Other,2003-06-26,23,Married,Mumbai,Maharashtra,9750638673,ramesh.reddy195@hotmail.com,DEP010,Assistant Manager,MBA,6.6,2023-03-13,Terminated,,60000,4.0
EMP01747,Rekha Iyer,Other,1977-10-25,48,Single,Kolkata,West Bengal,,rekha.iyer426@gmail.com,DEP004,Analyst,B.Com,1.1,2016-03-01,Active,,160000,1.0
EMP01748,Krishna Agarwal,Male,1996-08-05,30,Divorced,Ghaziabad,Uttar Pradesh,9957034072,krishna.agarwal844@hotmail.com,DEP002,Associate,MBA,2.7,2026-03-22,Terminated,,160000,5.0
EMP01749,Ajay Pillai,Male,1989-04-20,37,Married,Ahmedabad,Gujarat,8603002594,ajay.pillai793@gmail.com,DEP001,Analyst,B.Com,4.7,2018-03-01,On Notice Period,,200000,1.0
EMP01750,Vivaan Joshi,Male,1993-01-18,33,Divorced,Coimbatore,Tamil Nadu,9181397323,vivaan.joshi181@rediffmail.com,DEP005,Executive,MBA,21.7,2015-09-25,Terminated,2017-08-29,320000,3.0
EMP01751,Kritika Menon,Female,2002-11-03,23,Divorced,Jaipur,Rajasthan,6881595756,kritika.menon548@yahoo.com,DEP003,Associate,Diploma,3.7,2019-10-06,Active,,160000,2.0
EMP01752,Sanjay Rao,Male,2004-01-06,22,Divorced,Ghaziabad,Uttar Pradesh,8511563236,sanjay.rao151@outlook.com,DEP006,Team Lead,M.Tech,3.6,2018-09-07,Terminated,2019-05-20,60000,4.0
EMP01753,Riya Desai,Female,1973-04-28,53,Divorced,Noida,Uttar Pradesh,8244816074,riya.desai567@outlook.com,DEP004,Associate,M.Tech,6.8,2025-09-13,Active,,320000,5.0
EMP01754,Riya Kapoor,Other,1999-01-05,27,Divorced,Hyderabad,Telangana,8578250307,,DEP003,Senior Associate,B.Tech,4.6,2023-05-30,Active,,60000,1.0
EMP01755,Aditya Shetty,Male,1995-11-02,30,Divorced,Coimbatore,Tamil Nadu,6069736037,aditya.shetty551@yahoo.com,DEP007,Senior Manager,PhD,8.4,2025-06-11,Active,,100000,1.0
EMP01756,ANIL JOSHI,Male,1986-08-20,40,Divorced,Jaipur,Rajasthan,9862019117,anil.joshi28@hotmail.com,DEP011,General Manager,M.Sc,27.9,2015-06-27,Terminated,2017-10-21,60000,4.0
EMP01757,Meera Desai,Female,1966-10-07,59,Married,Hyderabad,Telangana,,meera.desai193@yahoo.com,DEP011,Associate,B.Tech,26.7,2021-03-14,Active,,130000,3.0
EMP01758,Shreya Desai,Female,1967-10-11,58,Married,Chandigarh,Chandigarh,7072204440,shreya.desai346@outlook.com,DEP009,Vice President,B.Sc,17.6,2017-01-15,Active,,160000,1.0
EMP01759,Suresh Reddy,Male,1995-09-12,30,Married,Noida,Uttar Pradesh,8107509455,suresh.reddy@gmail.com,DEP009,Senior Manager,M.Sc,9.7,2019-07-24,Active,,250000,3.0
EMP01760,Deepak Chopra,Other,1968-06-17,58,Divorced,Pune,Maharashtra,9661885323,deepak.chopra799@hotmail.com,DEP003,Assistant Manager,B.Tech,18.6,2020-04-25,Resigned,2023-01-17,130000,1.0
EMP01761,Rekha Chopra,Other,1998-09-22,27,Divorced,Lucknow,Uttar Pradesh,8782007353,rekha.chopra391@outlook.com,DEP010,Senior Associate,B.Sc,24.2,2025-10-21,Active,,160000,2.0
EMP01762,Karan Sharma,Male,1971-09-24,54,Single,Bengaluru,Karnataka,9608054543,karan.sharma490@gmail.com,DEP002,Executive,PhD,16.9,2021-05-21,Resigned,2024-09-25,160000,2.0
EMP01763,Ishaan Malhotra,Male,1982-04-01,44,Single,Jaipur,Rajasthan,,ishaan.malhotra795@gmail.com,DEP002,General Manager,PhD,22.4,2023-02-06,Active,,320000,5.0
EMP01764,Saanvi Yadav,Female,1971-05-20,55,Married,Noida,Uttar Pradesh,6221740353,saanvi.yadav328@rediffmail.com,DEP002,Senior Manager,M.Tech,19.4,2018-01-10,On Notice Period,,200000,2.0
EMP01765,Aarav Ghosh,Other,1972-07-13,54,Married,Jaipur,Rajasthan,9759836264,aarav.ghosh283@hotmail.com,DEP011,Deputy General Manager,M.Tech,22.1,2017-04-21,Resigned,2018-02-26,250000,4.0
EMP01766,Naveen Yadav,Other,1981-06-20,45,Divorced,Bengaluru,Karnataka,8690476687,naveen.yadav539@gmail.com,DEP011,Assistant Manager,M.Tech,28.4,2017-01-18,Active,,160000,4.0
EMP01767,Neha Verma,Other,1998-03-13,28,Divorced,Coimbatore,Tamil Nadu,8027604849,neha.verma733@outlook.com,DEP011,Deputy General Manager,B.Sc,2.3,2022-03-16,Active,,35000,4.0
EMP01768,Swati Joshi,Female,2005-03-17,21,Single,Bengaluru,Karnataka,,swati.joshi35@rediffmail.com,DEP011,Team Lead,M.Tech,,2018-05-13,Resigned,2021-05-11,200000,5.0
EMP01769,Saurabh Nair,Male,1975-09-14,50,Single,Noida,Uttar Pradesh,8381580848,saurabh.nair778@outlook.com,DEP003,Senior Manager,MBA,1.8,2016-12-16,Terminated,2021-04-09,320000,3.0
EMP01770,Rohan Gupta,Male,1996-04-25,30,Married,Noida,Uttar Pradesh,6008823341,rohan.gupta@hotmail.com,DEP003,General Manager,M.Sc,3.8,2019-11-16,On Notice Period,,130000,4.0
EMP01771,Priya Agarwal,Other,1994-12-26,31,Married,Pune,Maharashtra,6514758483,priya.agarwal935@rediffmail.com,DEP009,Consultant,M.Tech,,2019-07-02,Active,,25000,3.0
EMP01772,aarav yadav,Other,1984-03-26,42,Divorced,Chennai,Tamil Nadu,6255806451,aarav.yadav718@hotmail.com,DEP004,Assistant Manager,M.Com,29.8,2018-08-25,On Notice Period,,320000,3.0
EMP01773,Meera Chopra,Other,1994-02-03,32,Married,Jaipur,Rajasthan,7092139079,meera.chopra321@yahoo.com,DEP008,Deputy General Manager,B.Tech,3.6,2021-01-07,Terminated,2022-01-13,130000,3.0
EMP01774,SUNITA IYER,Other,1970-04-17,56,Single,Delhi,Delhi,9509609304,sunita.iyer287@rediffmail.com,DEP009,Team Lead,M.Sc,4.1,2020-06-20,Active,,160000,3.0
EMP01775,Nikhil Iyer,Other,1988-09-24,37,Married,Pune,Maharashtra,6184678924,nikhil.iyer464@outlook.com,DEP008,Senior Manager,M.Sc,5.0,2021-07-25,Active,,320000,5.0
EMP01776,Aditya Desai,Male,1973-06-14,53,Single,Hyderabad,Telangana,9767263645,aditya.desai907@gmail.com,DEP002,Associate,M.Tech,8.5,2018-01-16,Resigned,2022-04-02,80000,3.0
EMP01777,Divya Chaudhary,Other,1987-02-11,39,Divorced,Chennai,Tamil Nadu,7244816818,divya.chaudhary478@hotmail.com,DEP010,Senior Manager,B.Com,19.8,2022-08-10,Active,,130000,1.0
EMP01778,Nisha Singh,Other,1995-06-09,31,Divorced,Pune,Maharashtra,8782989513,nisha.singh339@yahoo.com,DEP010,Intern,M.Com,16.1,2025-07-30,On Notice Period,,60000,3.0
EMP01779,Aman Yadav,Other,2005-05-21,21,Married,Mumbai,Maharashtra,8299320186,aman.yadav818@rediffmail.com,DEP011,General Manager,B.Com,17.9,2026-04-18,Active,,45000,1.0
EMP01780,sanjay mishra,Other,1978-11-13,47,Married,Bengaluru,Karnataka,8768253400,sanjay.mishra213@rediffmail.com,DEP008,Associate,M.Sc,8.7,2020-12-19,On Notice Period,,160000,2.0
EMP01781,Meera Pillai,Female,1971-08-05,55,Single,Jaipur,Rajasthan,9433424968,meera.pillai275@gmail.com,DEP005,Vice President,PhD,3.0,2016-07-19,Active,,80000,4.0
EMP01782,Nisha Shetty,Other,1972-06-23,54,Single,Chennai,Tamil Nadu,6281538473,nisha.shetty@gmail.com,DEP012,Assistant Manager,B.A.,3.7,2019-08-30,Active,,160000,1.0
EMP01783,Sneha Kapoor,Female,1969-08-09,57,Single,Chennai,Tamil Nadu,8339727804,sneha.kapoor804@gmail.com,DEP009,Senior Manager,M.Tech,9.4,2019-01-15,Resigned,2025-06-27,320000,5.0
EMP01784,Aarav Gupta,Male,1995-02-21,31,Divorced,Pune,Maharashtra,7166222454,aarav.gupta755@hotmail.com,DEP009,General Manager,PhD,25.2,2024-12-17,Active,,45000,3.0
EMP01785,Myra Kapoor,Other,2003-06-27,23,Divorced,Bengaluru,Karnataka,6648235171,myra.kapoor260@rediffmail.com,DEP012,General Manager,B.Sc,,2016-02-14,Resigned,2020-02-25,160000,5.0
EMP01786,Suresh Joshi,Male,1979-07-28,47,Single,Surat,Gujarat,,suresh.joshi947@gmail.com,DEP012,Vice President,B.Tech,43.3,2015-06-26,Active,,250000,5.0
EMP01787,Rohan Malhotra,Male,1983-11-04,42,Single,Kolkata,West Bengal,6306156712,rohan.malhotra307@gmail.com,DEP006,Senior Manager,B.Sc,17.2,2016-10-29,Active,,45000,1.0
EMP01788,Anil Nair,Other,1986-09-06,40,Divorced,Chennai,Tamil Nadu,9128556625,anil.nair163@outlook.com,DEP008,Deputy General Manager,M.Sc,11.0,2024-12-23,Active,,200000,4.0
EMP01789,Rahul Mishra,Other,1994-12-10,31,Divorced,Surat,Gujarat,9935317079,rahul.mishra800@hotmail.com,DEP001,Intern,M.Sc,27.4,2019-01-26,Active,,60000,4.0
EMP01790,Sneha Ghosh,Female,1994-03-28,32,Divorced,Ghaziabad,Uttar Pradesh,7625974783,sneha.ghosh694@gmail.com,DEP004,Team Lead,B.Com,24.4,2015-11-16,Active,,250000,4.0
EMP01791,Neha Patel,Female,1969-06-20,57,Divorced,Mumbai,Maharashtra,8964460456,neha.patel155@hotmail.com,DEP003,Analyst,B.Tech,4.7,2019-06-28,Resigned,2020-09-06,200000,5.0
EMP01792,Ananya Desai,Female,1967-05-07,59,Divorced,Chandigarh,Chandigarh,8396364381,ananya.desai725@hotmail.com,DEP010,Consultant,M.Com,14.8,2015-04-29,Active,,25000,1.0
EMP01793,Karan Malhotra,Male,1991-10-11,34,Married,Jaipur,Rajasthan,8458943419,karan.malhotra679@hotmail.com,DEP001,Senior Manager,B.A.,6.3,2015-04-21,On Notice Period,,80000,3.0
EMP01794,MANISH GHOSH,Male,1992-09-03,34,Divorced,Bengaluru,Karnataka,,manish.ghosh720@outlook.com,DEP012,General Manager,B.Tech,17.1,2019-04-15,Resigned,2024-03-09,200000,5.0
EMP01795,Anil Menon,Male,1998-12-13,27,Single,Kolkata,West Bengal,7947067773,anil.menon929@outlook.com,DEP005,Analyst,B.Sc,12.4,2017-01-21,Active,,160000,4.0
EMP01796,Shreya Iyer,Other,1966-01-24,60,Married,Bengaluru,Karnataka,8498664591,shreya.iyer9@gmail.com,DEP010,Analyst,M.Com,26.0,2025-07-25,On Notice Period,,250000,2.0
EMP01797,Meera Gupta,Other,1995-01-13,31,Divorced,Kolkata,West Bengal,,meera.gupta827@outlook.com,DEP008,Consultant,B.A.,18.5,2026-03-24,Resigned,,130000,1.0
EMP01798,Sunita Kapoor,Female,1980-06-09,46,Single,Pune,Maharashtra,9662012904,sunita.kapoor200@hotmail.com,DEP004,Deputy General Manager,Diploma,20.7,2019-03-28,Active,,320000,5.0
EMP01799,Sanjay Shetty,Male,1970-02-04,56,Single,Noida,Uttar Pradesh,7817975364,sanjay.shetty79@outlook.com,DEP001,Vice President,M.Tech,17.9,2023-09-08,On Notice Period,,320000,5.0
EMP01800,Shreya Chopra,Female,1969-12-13,56,Divorced,Kolkata,West Bengal,7724500679,shreya.chopra509@yahoo.com,DEP007,Senior Analyst,M.Tech,5.9,2017-03-16,Resigned,2022-05-24,100000,1.0
EMP01801,Aditya Desai,Other,1970-10-11,55,Single,Jaipur,Rajasthan,,aditya.desai508@outlook.com,DEP006,Senior Analyst,B.Com,28.6,2016-04-01,Active,,250000,4.0
EMP01802,Manish Gupta,Male,1985-03-05,41,Divorced,Nagpur,Maharashtra,9366190377,manish.gupta549@outlook.com,DEP006,Associate,M.Tech,27.9,2022-12-08,Resigned,2023-10-29,35000,1.0
EMP01803,Aarav Patel,Male,1971-11-23,54,Married,Delhi,Delhi,7496341703,aarav.patel709@hotmail.com,DEP010,Manager,M.Tech,4.4,2023-06-25,On Notice Period,,35000,4.0
EMP01804,Gaurav Ghosh,Male,1975-01-02,51,Single,Surat,Gujarat,6840233783,gaurav.ghosh688@yahoo.com,DEP010,Consultant,B.Com,0.8,2023-12-04,Active,,160000,2.0
EMP01805,Ramesh Nair,Other,1983-07-06,43,Divorced,Coimbatore,Tamil Nadu,6232645388,ramesh.nair410@yahoo.com,DEP012,Assistant Manager,B.Com,0.1,2021-10-13,Terminated,,45000,5.0
EMP01806,Aarav Bansal,Male,1989-11-24,36,Married,Mumbai,Maharashtra,8263640227,aarav.bansal253@hotmail.com,DEP006,Senior Associate,Diploma,12.4,2018-08-22,Active,,25000,1.0
EMP01807,rohan malhotra,Male,1977-03-16,49,Married,Surat,Gujarat,8909181508,rohan.malhotra389@outlook.com,DEP002,Deputy General Manager,B.Sc,22.6,2019-03-06,Active,,80000,2.0
EMP01808,Divya Reddy,Female,2005-05-23,21,Divorced,Noida,Uttar Pradesh,7720670914,divya.reddy282@gmail.com,DEP004,Senior Manager,M.Sc,18.7,2024-09-24,Terminated,,320000,2.0
EMP01809,Krishna Desai,Other,2005-06-26,21,Divorced,Hyderabad,Telangana,8836215796,krishna.desai599@gmail.com,DEP011,Manager,MBA,,2017-02-19,On Notice Period,,130000,2.0
EMP01810,Nisha Shetty,Female,1970-03-15,56,Divorced,Delhi,Delhi,9494838183,nisha.shetty872@outlook.com,DEP009,Analyst,M.Tech,14.6,2025-10-28,On Notice Period,,35000,3.0
EMP01811,Aadhya Singh,Female,1991-09-04,35,Divorced,Chandigarh,Chandigarh,6315037403,aadhya.singh686@rediffmail.com,DEP004,Executive,B.Tech,16.0,2016-07-22,Active,,200000,4.0
EMP01812,Riya Kapoor,Female,1984-06-22,42,Married,Ahmedabad,Gujarat,7575418414,riya.kapoor655@rediffmail.com,DEP007,Senior Analyst,Diploma,5.9,2018-05-20,Active,,100000,5.0
EMP01813,Aman Rao,Male,1991-03-19,35,Single,Chandigarh,Chandigarh,6699380650,aman.rao428@rediffmail.com,DEP002,Intern,B.A.,25.1,2016-03-11,Active,,320000,3.0
EMP01814,Nikhil Kumar,Other,1976-08-28,50,Married,Ghaziabad,Uttar Pradesh,7936995764,nikhil.kumar450@rediffmail.com,DEP005,Associate,M.Sc,19.7,2020-01-20,On Notice Period,,160000,1.0
EMP01815,VIKRAM YADAV,Male,2000-05-23,26,Married,Kolkata,West Bengal,9460547159,vikram.yadav153@outlook.com,DEP006,Senior Manager,MBA,15.7,2016-01-29,Resigned,2019-09-21,250000,4.0
EMP01816,Vihaan Bose,Male,1988-04-26,38,Married,Ghaziabad,Uttar Pradesh,7059701524,vihaan.bose@rediffmail.com,DEP008,Associate,PhD,22.4,2022-05-04,On Notice Period,,35000,5.0
EMP01817,Sarika Bansal,Other,1971-02-17,55,Single,Bengaluru,Karnataka,6738322118,sarika.bansal255@yahoo.com,DEP005,Executive,B.Tech,26.1,2015-03-04,Active,,250000,3.0
EMP01818,KAVITA PATEL,Other,1975-07-07,51,Divorced,Jaipur,Rajasthan,8375321344,kavita.patel779@gmail.com,DEP003,Deputy General Manager,B.Com,13.7,2025-07-18,On Notice Period,,320000,2.0
EMP01819,Deepak Reddy,Other,2005-08-06,21,Single,Pune,Maharashtra,,deepak.reddy901@outlook.com,DEP007,Senior Analyst,B.Tech,15.2,2017-08-11,Active,,60000,1.0
EMP01820,Rekha Malhotra,Female,1999-06-22,27,Single,Delhi,Delhi,8692523506,rekha.malhotra605@yahoo.com,DEP006,Manager,B.Com,20.0,2018-11-23,Active,,200000,5.0
EMP01821,Arjun Ghosh,Other,1969-09-26,56,Divorced,Nagpur,Maharashtra,7263198196,arjun.ghosh923@hotmail.com,DEP010,Associate,B.Tech,29.2,2020-05-06,Active,,160000,3.0
EMP01822,Krishna Yadav,Male,1971-11-18,54,Single,Delhi,Delhi,8274307482,krishna.yadav192@yahoo.com,DEP004,Deputy General Manager,MBA,27.5,2015-12-23,On Notice Period,,160000,1.0
EMP01823,Sanjay Chaudhary,Male,1971-03-26,55,Married,Delhi,Delhi,7918414016,sanjay.chaudhary78@hotmail.com,DEP002,Manager,B.A.,26.9,2020-03-20,On Notice Period,,60000,1.0
EMP01824,Ananya Desai,Female,1975-03-23,51,Single,Bengaluru,Karnataka,7759442188,ananya.desai764@yahoo.com,DEP008,Senior Manager,M.Tech,23.9,2015-04-14,Active,,25000,5.0
EMP01825,Vihaan Bansal,Male,1986-06-14,40,Single,Surat,Gujarat,7286243945,vihaan.bansal749@rediffmail.com,DEP010,Senior Manager,M.Tech,14.4,2019-03-21,Resigned,2023-05-14,80000,3.0
EMP01826,Saanvi Yadav,Female,2001-06-21,25,Married,Noida,Uttar Pradesh,8880051216,saanvi.yadav358@hotmail.com,DEP002,Senior Manager,Diploma,20.4,2017-08-03,Terminated,2020-09-24,45000,2.0
EMP01827,Ishaan Yadav,Male,1968-09-12,57,Single,Chennai,Tamil Nadu,6763609443,ishaan.yadav61@yahoo.com,DEP012,Assistant Manager,M.Tech,6.2,2025-08-29,Active,,60000,5.0
EMP01828,Rohan Gupta,Other,1969-10-11,56,Single,Kolkata,West Bengal,6760325292,rohan.gupta@gmail.com,DEP004,Team Lead,M.Com,17.2,2022-01-30,Resigned,,25000,4.0
EMP01829,Swati Chopra,Female,1975-05-27,51,Divorced,Chandigarh,Chandigarh,8585163244,swati.chopra873@yahoo.com,DEP003,Analyst,B.Com,27.0,2018-10-08,Active,,200000,1.0
EMP01830,Kavya Ghosh,Female,1980-09-12,45,Single,Mumbai,Maharashtra,7384122640,kavya.ghosh695@yahoo.com,DEP009,Senior Manager,M.Tech,11.5,2017-11-11,Active,,250000,4.0
EMP01831,Karan Kapoor,Male,1983-12-07,42,Single,Pune,Maharashtra,6435146098,karan.kapoor92@yahoo.com,DEP003,Vice President,Diploma,4.6,2017-12-23,Terminated,2024-04-22,25000,1.0
EMP01832,Priya Desai,Other,1973-07-11,53,Single,Chandigarh,Chandigarh,8026221950,priya.desai275@outlook.com,DEP010,Senior Analyst,MBA,4.6,2020-08-17,Resigned,2023-10-14,100000,3.0
EMP01833,Saurabh Gupta,Male,1971-12-20,54,Divorced,Mumbai,Maharashtra,6418956466,,DEP007,Team Lead,M.Com,23.0,2024-01-23,Active,,35000,5.0
EMP01834,Rohan Kumar,Male,1968-12-28,57,Married,Indore,Madhya Pradesh,9210942514,rohan.kumar288@hotmail.com,DEP005,General Manager,B.Com,27.4,2015-06-23,On Notice Period,,100000,5.0
EMP01835,Rohan Ghosh,Other,1979-10-21,46,Single,Mumbai,Maharashtra,7561858864,rohan.ghosh52@outlook.com,DEP009,Analyst,MBA,21.2,2016-03-14,Active,,35000,2.0
EMP01836,Sneha Chaudhary,Female,1992-05-28,34,Divorced,Delhi,Delhi,8845350238,sneha.chaudhary304@hotmail.com,DEP007,Analyst,B.Sc,3.6,2021-08-07,Active,,80000,4.0
EMP01837,Sarika Kapoor,Other,2002-01-21,24,Single,Noida,Uttar Pradesh,8603532806,sarika.kapoor576@gmail.com,DEP010,Vice President,B.Tech,21.5,2017-09-15,On Notice Period,,60000,2.0
EMP01838,Kritika Kapoor,Other,1972-06-08,54,Divorced,Delhi,Delhi,6045917803,kritika.kapoor656@rediffmail.com,DEP012,General Manager,B.A.,4.0,2015-12-07,Resigned,2017-08-10,45000,5.0
EMP01839,Kavita Verma,Other,1969-04-03,57,Married,Hyderabad,Telangana,9405009912,kavita.verma@rediffmail.com,DEP008,Manager,MBA,10.5,2022-04-14,Active,,200000,3.0
EMP01840,Diya Bose,Female,1970-11-18,55,Divorced,Lucknow,Uttar Pradesh,8552065171,diya.bose984@outlook.com,DEP005,General Manager,Diploma,23.3,2024-06-15,Resigned,,320000,3.0
EMP01841,Naveen Nair,Male,1971-08-25,55,Married,Bengaluru,Karnataka,,naveen.nair195@outlook.com,DEP010,Vice President,B.Tech,0.9,2021-01-17,Active,,130000,4.0
EMP01842,reyansh patel,Male,1981-02-15,45,Married,Jaipur,Rajasthan,9686924679,,DEP001,Deputy General Manager,MBA,27.9,2025-08-28,Active,,320000,1.0
EMP01843,Meera Menon,Other,1976-12-27,49,Single,Hyderabad,Telangana,9812869487,meera.menon703@rediffmail.com,DEP009,Associate,PhD,8.6,2021-12-19,On Notice Period,,80000,3.0
EMP01844,Aarav Yadav,Other,1980-06-18,46,Divorced,Hyderabad,Telangana,9892593769,aarav.yadav767@outlook.com,DEP003,Senior Associate,M.Sc,18.9,2023-08-14,Active,,80000,1.0
EMP01845,Anil Ghosh,Other,1985-07-05,41,Divorced,Coimbatore,Tamil Nadu,,anil.ghosh744@gmail.com,DEP012,Associate,Diploma,29.9,2022-08-15,Active,,25000,3.0
EMP01846,Shreya Shetty,Female,1973-08-17,53,Married,Lucknow,Uttar Pradesh,6830642347,shreya.shetty206@yahoo.com,DEP002,Associate,B.A.,19.6,2015-09-28,Terminated,2020-12-15,25000,2.0
EMP01847,Kavita Malhotra,Other,1994-01-20,32,Single,Coimbatore,Tamil Nadu,7730764969,kavita.malhotra963@yahoo.com,DEP007,Team Lead,B.Com,5.3,2017-04-24,Terminated,2021-02-09,80000,3.0
EMP01848,Saanvi Nair,Female,1967-11-23,58,Married,Chandigarh,Chandigarh,6384974507,saanvi.nair737@hotmail.com,DEP007,Manager,MBA,19.6,2026-06-26,Active,,200000,3.0
EMP01849,Shreya Kumar,Female,1985-06-15,41,Divorced,Surat,Gujarat,8639964714,shreya.kumar576@gmail.com,DEP011,Manager,Diploma,23.6,2025-04-03,On Notice Period,,130000,1.0
EMP01850,Saurabh Ghosh,Male,1972-08-11,54,Divorced,Chennai,Tamil Nadu,6614322332,saurabh.ghosh560@rediffmail.com,DEP001,Executive,B.Sc,17.4,2017-06-06,Active,,25000,5.0
EMP01851,sneha joshi,Female,1991-09-15,34,Single,Indore,Madhya Pradesh,8441103494,sneha.joshi523@outlook.com,DEP003,Senior Analyst,B.Sc,6.4,2015-09-04,Terminated,2016-05-04,25000,3.0
EMP01852,Rohan Rao,Male,2000-09-17,25,Married,Kolkata,West Bengal,7053069782,rohan.rao@rediffmail.com,DEP012,Team Lead,B.Sc,23.9,2021-05-24,On Notice Period,,160000,3.0
EMP01853,Anil Kumar,Male,1972-03-05,54,Married,Bengaluru,Karnataka,6838083315,anil.kumar323@outlook.com,DEP002,Senior Manager,B.Tech,21.0,2018-06-13,Active,,80000,4.0
EMP01854,Sanjay Sharma,Male,1994-09-13,31,Single,Bengaluru,Karnataka,,sanjay.sharma610@yahoo.com,DEP005,Senior Associate,B.Com,26.0,2023-04-27,Active,,100000,1.0
EMP01855,Rekha Kumar,Female,1985-02-23,41,Married,Hyderabad,Telangana,,rekha.kumar455@outlook.com,DEP001,Senior Manager,B.Com,25.0,2023-09-24,Active,,160000,4.0
EMP01856,Kavita Yadav,Female,2005-03-03,21,Single,Coimbatore,Tamil Nadu,7656923529,kavita.yadav263@outlook.com,DEP010,Senior Associate,B.Sc,,2022-02-02,Active,,320000,4.0
EMP01857,Myra Chopra,Female,1989-03-16,37,Divorced,Hyderabad,Telangana,7609666934,myra.chopra503@hotmail.com,DEP010,Analyst,M.Tech,3.6,2020-01-30,Terminated,2024-05-18,35000,2.0
EMP01858,Arjun Chopra,Male,1973-02-25,53,Divorced,Ahmedabad,Gujarat,6254520348,arjun.chopra@rediffmail.com,DEP005,General Manager,B.Sc,5.7,2018-09-08,Active,,25000,5.0
EMP01859,Divya Rao,Other,1991-11-24,34,Divorced,Bengaluru,Karnataka,8529125677,divya.rao150@yahoo.com,DEP001,Team Lead,B.Sc,25.0,2016-03-21,Active,,200000,5.0
EMP01860,Sarika Reddy,Female,1967-09-12,58,Married,Jaipur,Rajasthan,7600853829,sarika.reddy804@rediffmail.com,DEP001,Deputy General Manager,B.Tech,14.6,2017-12-21,Terminated,2020-01-02,320000,5.0
EMP01861,Vivaan Mishra,Other,1974-11-16,51,Single,Lucknow,Uttar Pradesh,6847462162,vivaan.mishra355@hotmail.com,DEP011,Analyst,B.A.,26.9,2017-05-11,Terminated,2018-12-23,35000,5.0
EMP01862,Kavya Kumar,Other,1971-08-09,55,Single,Nagpur,Maharashtra,7429031194,kavya.kumar100@hotmail.com,DEP006,General Manager,M.Tech,0.8,2018-04-05,Active,,100000,2.0
EMP01863,Sneha Verma,Other,1973-08-09,53,Married,Lucknow,Uttar Pradesh,9373683582,sneha.verma928@hotmail.com,DEP006,Senior Manager,MBA,15.6,2018-07-12,Resigned,2020-08-27,35000,3.0
EMP01864,Arjun Singh,Male,1983-08-17,43,Married,Ghaziabad,Uttar Pradesh,7386585238,arjun.singh289@hotmail.com,DEP003,Vice President,M.Com,3.7,2024-01-09,Active,,250000,3.0
EMP01865,Ramesh Chopra,Male,1998-09-13,27,Single,Jaipur,Rajasthan,6278068392,ramesh.chopra366@rediffmail.com,DEP005,Deputy General Manager,B.Tech,,2015-01-22,Active,,45000,3.0
EMP01866,Nisha Rao,Female,2002-05-10,24,Married,Noida,Uttar Pradesh,6575713864,,DEP011,Senior Associate,B.Com,,2022-03-18,Terminated,,100000,5.0
EMP01867,Kritika Malhotra,Female,1977-07-25,49,Married,Indore,Madhya Pradesh,6072742322,kritika.malhotra215@rediffmail.com,DEP008,Team Lead,Diploma,22.2,2018-09-28,Active,,200000,5.0
EMP01868,Meera Verma,Other,1991-01-06,35,Single,Hyderabad,Telangana,6194997223,meera.verma160@gmail.com,DEP005,Executive,Diploma,26.0,2015-06-13,Terminated,2021-04-09,160000,5.0
EMP01869,Saanvi Bansal,Female,1981-11-26,44,Married,Delhi,Delhi,6775946015,saanvi.bansal615@yahoo.com,DEP008,Executive,B.A.,28.5,2023-08-04,Active,,160000,2.0
EMP01870,Divya Bansal,Female,1987-08-05,39,Divorced,Surat,Gujarat,6005954828,divya.bansal423@rediffmail.com,DEP007,Senior Associate,M.Sc,25.1,2023-01-26,Resigned,,45000,3.0
EMP01871,Ritu Pillai,Female,1990-06-22,36,Divorced,Mumbai,Maharashtra,8831995695,ritu.pillai645@hotmail.com,DEP008,Consultant,B.A.,24.7,2022-07-27,Active,,130000,3.0
EMP01872,Deepak Desai,Male,1995-04-08,31,Married,Ahmedabad,Gujarat,7388415736,deepak.desai746@rediffmail.com,DEP009,Vice President,PhD,13.6,2024-11-24,On Notice Period,,60000,3.0
EMP01873,SNEHA SINGH,Other,1973-11-01,52,Married,Bengaluru,Karnataka,9403092504,sneha.singh604@gmail.com,DEP007,Assistant Manager,M.Sc,11.7,2021-03-02,Resigned,2025-03-27,35000,1.0
EMP01874,Deepak Singh,Male,1988-06-22,38,Married,Mumbai,Maharashtra,6855831775,deepak.singh99@gmail.com,DEP006,Team Lead,Diploma,6.4,2019-07-04,Terminated,2021-02-15,60000,5.0
EMP01875,Vikram Kumar,Other,1991-03-21,35,Divorced,Nagpur,Maharashtra,7654823716,vikram.kumar642@rediffmail.com,DEP006,Consultant,B.Com,11.5,2015-08-27,Active,,35000,1.0
EMP01876,Ritu Shetty,Other,1990-12-12,35,Divorced,Coimbatore,Tamil Nadu,6981846181,ritu.shetty297@outlook.com,DEP003,Vice President,Diploma,17.1,2017-07-19,Active,,200000,5.0
EMP01877,Aarav Mishra,Male,2003-03-28,23,Single,Mumbai,Maharashtra,7661443387,aarav.mishra572@rediffmail.com,DEP012,Team Lead,B.A.,19.5,2021-03-04,Active,,25000,1.0
EMP01878,Pooja Joshi,Female,1997-09-18,28,Divorced,Nagpur,Maharashtra,8474948965,pooja.joshi117@rediffmail.com,DEP001,Analyst,B.Com,,2020-05-23,Active,,100000,1.0
EMP01879,Krishna Reddy,Other,1987-02-23,39,Divorced,Coimbatore,Tamil Nadu,7840569266,krishna.reddy245@gmail.com,DEP012,Vice President,B.Tech,19.2,2022-03-18,Active,,100000,4.0
EMP01880,Ananya Agarwal,Female,1996-09-25,29,Divorced,Surat,Gujarat,,ananya.agarwal615@rediffmail.com,DEP012,Senior Manager,MBA,11.4,2021-05-03,Active,,25000,3.0
EMP01881,Kavita Bose,Female,2004-11-05,21,Single,Hyderabad,Telangana,9071350201,kavita.bose98@rediffmail.com,DEP011,General Manager,PhD,7.7,2021-11-10,Active,,130000,3.0
EMP01882,Ajay Iyer,Male,1994-05-28,32,Single,Delhi,Delhi,8679430455,ajay.iyer351@rediffmail.com,DEP003,Vice President,B.Sc,26.5,2021-12-05,Terminated,2024-07-21,160000,1.0
EMP01883,Meera Sharma,Other,1986-09-26,39,Married,Hyderabad,Telangana,8906533390,meera.sharma65@gmail.com,DEP004,Vice President,B.Sc,0.3,2016-12-29,On Notice Period,,60000,4.0
EMP01884,Sanjay Sharma,Male,1970-06-14,56,Divorced,Lucknow,Uttar Pradesh,6717694127,sanjay.sharma515@gmail.com,DEP010,General Manager,B.Com,4.8,2018-09-18,Active,,25000,2.0
EMP01885,Anil Bansal,Male,1973-06-19,53,Divorced,Noida,Uttar Pradesh,9126627520,anil.bansal315@rediffmail.com,DEP006,Consultant,B.A.,6.6,2026-01-07,Active,,35000,5.0
EMP01886,Rohan Nair,Male,2001-06-14,25,Single,Bengaluru,Karnataka,7230602917,rohan.nair357@gmail.com,DEP003,Assistant Manager,B.Com,,2024-12-25,Active,,45000,1.0
EMP01887,Arjun Bansal,Male,1983-08-21,43,Divorced,Coimbatore,Tamil Nadu,6368595509,arjun.bansal413@hotmail.com,DEP001,Senior Manager,B.Sc,25.7,2025-05-23,Terminated,,130000,2.0
EMP01888,Kavita Desai,Female,1997-08-12,29,Single,Bengaluru,Karnataka,6375351040,kavita.desai307@rediffmail.com,DEP003,Deputy General Manager,M.Sc,17.6,2019-10-28,Active,,25000,3.0
EMP01889,Saurabh Reddy,Male,1989-01-24,37,Married,Lucknow,Uttar Pradesh,9085347058,saurabh.reddy298@outlook.com,DEP002,Assistant Manager,M.Sc,28.7,2019-02-09,Resigned,2024-09-10,25000,3.0
EMP01890,Aadhya Menon,Female,1969-03-18,57,Divorced,Kolkata,West Bengal,6861198232,aadhya.menon613@rediffmail.com,DEP002,Senior Associate,B.Sc,0.9,2019-11-19,Terminated,2023-04-12,200000,4.0
EMP01891,Suresh Kumar,Other,1978-10-06,47,Married,Ghaziabad,Uttar Pradesh,8425096136,suresh.kumar823@yahoo.com,DEP002,Team Lead,Diploma,10.6,2016-09-07,Active,,250000,1.0
EMP01892,Ajay Rao,Other,1980-02-13,46,Married,Bengaluru,Karnataka,6210105178,ajay.rao@hotmail.com,DEP003,Associate,M.Sc,1.4,2016-06-01,Active,,35000,1.0
EMP01893,Anjali Kapoor,Other,1991-04-09,35,Single,Nagpur,Maharashtra,7022269220,anjali.kapoor973@outlook.com,DEP006,Intern,MBA,11.7,2015-06-13,Resigned,2018-03-21,60000,4.0
EMP01894,Sneha Malhotra,Female,1967-03-05,59,Married,Lucknow,Uttar Pradesh,7896100085,sneha.malhotra986@yahoo.com,DEP005,Senior Analyst,Diploma,16.6,2015-05-26,Active,,130000,1.0
EMP01895,Sneha Gupta,Female,1991-06-24,35,Single,Bengaluru,Karnataka,8364608621,sneha.gupta158@rediffmail.com,DEP008,Team Lead,MBA,16.1,2023-07-06,Active,,160000,3.0
EMP01896,Saurabh Singh,Male,1985-04-03,41,Single,Delhi,Delhi,8718764214,saurabh.singh506@rediffmail.com,DEP001,Deputy General Manager,M.Sc,30.0,2025-10-05,Terminated,2026-06-21,80000,1.0
EMP01897,Ajay Pillai,Male,1982-05-11,44,Single,Kolkata,West Bengal,8025784434,ajay.pillai140@yahoo.com,DEP007,Deputy General Manager,PhD,8.4,2023-09-19,Active,,250000,4.0
EMP01898,Vikram Patel,Other,2003-11-26,22,Single,Jaipur,Rajasthan,8664634512,vikram.patel989@outlook.com,DEP003,Vice President,MBA,5.4,2024-12-29,Active,,60000,5.0
EMP01899,Isha Nair,Female,1993-01-20,33,Married,Chennai,Tamil Nadu,8655818583,isha.nair583@gmail.com,DEP012,Associate,B.Tech,20.7,2021-04-02,Active,,320000,1.0
EMP01900,Aman Chopra,Other,1966-10-02,59,Married,Kolkata,West Bengal,7517234622,aman.chopra304@rediffmail.com,DEP012,Deputy General Manager,B.Com,11.1,2020-08-16,Terminated,2026-06-03,200000,3.0
EMP01901,Ritu Yadav,Female,1976-12-04,49,Married,Coimbatore,Tamil Nadu,,ritu.yadav246@rediffmail.com,DEP003,Team Lead,M.Com,20.7,2015-10-13,Resigned,2018-10-23,45000,1.0
EMP01902,Aarav Menon,Male,1986-01-28,40,Divorced,Delhi,Delhi,9080365748,aarav.menon268@gmail.com,DEP003,Consultant,B.Tech,4.6,2025-06-15,Active,,200000,1.0
EMP01903,Sunita Joshi,Female,2001-05-22,25,Divorced,Surat,Gujarat,8090266248,sunita.joshi160@outlook.com,DEP006,Senior Manager,Diploma,10.6,2021-03-12,Active,,35000,3.0
EMP01904,Karan Iyer,Male,1998-07-12,28,Married,Jaipur,Rajasthan,7448865288,karan.iyer@yahoo.com,DEP009,Associate,M.Sc,8.2,2019-12-20,Active,,250000,4.0
EMP01905,Saanvi Iyer,Other,1993-09-04,33,Divorced,Bengaluru,Karnataka,6418068500,saanvi.iyer281@gmail.com,DEP004,Assistant Manager,B.Sc,26.5,2017-06-13,Resigned,2022-05-28,200000,3.0
EMP01906,Kavita Iyer,Other,1977-07-07,49,Married,Delhi,Delhi,7744997493,kavita.iyer98@hotmail.com,DEP002,Intern,B.A.,11.6,2023-07-08,Active,,80000,2.0
EMP01907,Vivaan Kapoor,Male,1979-02-04,47,Married,Pune,Maharashtra,8478895789,vivaan.kapoor627@rediffmail.com,DEP002,Senior Manager,PhD,13.6,2021-08-12,Active,,100000,5.0
EMP01908,Aadhya Kapoor,Female,1991-06-16,35,Divorced,Noida,Uttar Pradesh,6439295921,aadhya.kapoor77@outlook.com,DEP011,Executive,M.Tech,22.5,2023-08-22,On Notice Period,,45000,4.0
EMP01909,Naveen Kumar,Male,1987-02-09,39,Divorced,Bengaluru,Karnataka,8024684572,naveen.kumar198@gmail.com,DEP007,Intern,M.Com,6.5,2018-05-09,Active,,130000,4.0
EMP01910,Aarav Bansal,Other,1983-07-18,43,Married,Surat,Gujarat,8879059985,aarav.bansal726@rediffmail.com,DEP003,Vice President,B.A.,20.6,2021-05-16,Active,,60000,3.0
EMP01911,Meera Malhotra,Other,1995-07-24,31,Married,Kolkata,West Bengal,8871714357,meera.malhotra81@rediffmail.com,DEP012,Consultant,B.A.,16.2,2019-10-28,Terminated,2024-12-21,45000,1.0
EMP01912,Sanjay Sharma,Male,1978-12-17,47,Married,Nagpur,Maharashtra,6554127321,sanjay.sharma645@gmail.com,DEP008,General Manager,Diploma,25.8,2020-05-11,Active,,100000,5.0
EMP01913,Aditya Rao,Other,2003-06-08,23,Divorced,Ahmedabad,Gujarat,9497052748,aditya.rao832@outlook.com,DEP010,Associate,M.Sc,5.7,2021-09-13,Active,,250000,4.0
EMP01914,Vihaan Bansal,Other,1981-02-22,45,Divorced,Pune,Maharashtra,9337077762,vihaan.bansal31@rediffmail.com,DEP002,Intern,Diploma,18.9,2019-02-06,Active,,25000,2.0
EMP01915,Isha Bose,Female,2003-09-16,22,Married,Pune,Maharashtra,6927950279,isha.bose498@rediffmail.com,DEP001,General Manager,B.Com,15.3,2022-01-05,On Notice Period,,160000,2.0
EMP01916,Shreya Reddy,Female,1993-06-21,33,Married,Lucknow,Uttar Pradesh,6081212707,shreya.reddy44@gmail.com,DEP003,General Manager,B.Tech,26.3,2024-09-29,Terminated,2025-12-26,160000,2.0
EMP01917,Rahul Reddy,Other,1971-12-18,54,Married,Coimbatore,Tamil Nadu,9789605412,rahul.reddy796@hotmail.com,DEP010,Deputy General Manager,B.Com,27.9,2017-09-17,Resigned,2019-01-23,130000,2.0
EMP01918,Sunita Gupta,Other,1995-04-14,31,Single,Bengaluru,Karnataka,7228882271,sunita.gupta755@outlook.com,DEP007,Manager,Diploma,9.1,2015-03-06,On Notice Period,,200000,4.0
EMP01919,Ishaan Singh,Male,1971-07-19,55,Divorced,Pune,Maharashtra,8785563401,ishaan.singh333@gmail.com,DEP008,Executive,B.A.,9.0,2023-01-16,Terminated,,35000,1.0
EMP01920,Sneha Pillai,Female,1982-05-15,44,Single,Bengaluru,Karnataka,8550968648,sneha.pillai33@outlook.com,DEP010,Vice President,B.A.,25.4,2025-01-01,Active,,35000,1.0
EMP01921,Suresh Iyer,Male,1984-03-01,42,Divorced,Delhi,Delhi,6477148349,suresh.iyer499@yahoo.com,DEP003,Intern,B.Sc,29.2,2023-10-29,Active,,35000,2.0
EMP01922,Vivaan Sharma,Male,1999-07-13,27,Divorced,Coimbatore,Tamil Nadu,6415853637,vivaan.sharma497@hotmail.com,DEP006,Analyst,Diploma,20.2,2020-11-27,On Notice Period,,35000,1.0
EMP01923,Sneha Reddy,Female,1973-07-01,53,Single,Ghaziabad,Uttar Pradesh,6573990741,sneha.reddy679@outlook.com,DEP002,Consultant,MBA,19.9,2024-09-26,Active,,45000,1.0
EMP01924,Anjali Bose,Female,1972-02-11,54,Divorced,Chennai,Tamil Nadu,6241765326,anjali.bose603@rediffmail.com,DEP006,Consultant,PhD,4.8,2024-01-27,Active,,250000,1.0
EMP01925,Ramesh Malhotra,Male,1987-01-15,39,Divorced,Indore,Madhya Pradesh,6383194777,ramesh.malhotra249@hotmail.com,DEP004,Executive,PhD,10.0,2024-12-07,Resigned,,100000,4.0
EMP01926,Ishaan Joshi,Male,2002-04-26,24,Single,Ghaziabad,Uttar Pradesh,7220645565,ishaan.joshi807@rediffmail.com,DEP007,Manager,B.A.,11.3,2018-10-02,Resigned,2022-07-05,25000,5.0
EMP01927,Sunita Agarwal,Female,2002-04-14,24,Single,Coimbatore,Tamil Nadu,9861745522,sunita.agarwal353@gmail.com,DEP001,Intern,Diploma,9.5,2016-02-25,Active,,250000,5.0
EMP01928,Aadhya Shetty,Female,1973-02-26,53,Single,Ahmedabad,Gujarat,9760951968,aadhya.shetty6@outlook.com,DEP009,Assistant Manager,MBA,7.3,2021-12-11,Terminated,2024-11-29,250000,1.0
EMP01929,Rohan Gupta,Other,1979-02-05,47,Married,Pune,Maharashtra,6422862898,rohan.gupta833@outlook.com,DEP004,Intern,M.Sc,20.3,2017-11-02,On Notice Period,,100000,5.0
EMP01930,Aarav Desai,Male,2000-01-27,26,Married,Surat,Gujarat,6731271045,aarav.desai853@hotmail.com,DEP012,Deputy General Manager,B.A.,5.6,2022-07-19,Resigned,,80000,2.0
EMP01931,Kavita Bansal,Other,1985-06-27,41,Married,Kolkata,West Bengal,7236017936,kavita.bansal685@hotmail.com,DEP007,Executive,Diploma,24.9,2016-03-17,Active,,60000,5.0
EMP01932,Gaurav Joshi,Male,1994-02-14,32,Married,Hyderabad,Telangana,,gaurav.joshi316@yahoo.com,DEP007,Assistant Manager,M.Sc,27.5,2022-07-25,Active,,200000,3.0
EMP01933,Ramesh Agarwal,Other,1974-04-17,52,Single,Pune,Maharashtra,9942517436,ramesh.agarwal96@hotmail.com,DEP004,Team Lead,PhD,0.1,2024-04-11,Active,,35000,1.0
EMP01934,Suresh Chaudhary,Other,1993-11-07,32,Married,Lucknow,Uttar Pradesh,8236437061,suresh.chaudhary892@gmail.com,DEP004,Senior Analyst,B.Sc,3.2,2020-08-29,Active,,100000,5.0
EMP01935,Sarika Malhotra,Female,1996-03-12,30,Single,Lucknow,Uttar Pradesh,7948176489,sarika.malhotra481@gmail.com,DEP008,Deputy General Manager,M.Com,0.7,2023-08-30,Active,,200000,2.0
EMP01936,Kavya Malhotra,Female,2004-08-09,22,Divorced,Delhi,Delhi,7143887672,kavya.malhotra@rediffmail.com,DEP011,Consultant,MBA,4.8,2021-09-20,Active,,25000,2.0
EMP01937,Neha Desai,Female,2005-04-26,21,Married,Chandigarh,Chandigarh,,neha.desai968@hotmail.com,DEP012,Intern,B.Com,,2024-06-07,Active,,320000,4.0
EMP01938,Karan Yadav,Other,2001-06-16,25,Divorced,Delhi,Delhi,6748483382,karan.yadav63@yahoo.com,DEP011,Deputy General Manager,B.Sc,17.5,2016-06-22,On Notice Period,,160000,1.0
EMP01939,Shreya Shetty,Other,1972-06-10,54,Single,Coimbatore,Tamil Nadu,8953437690,shreya.shetty651@yahoo.com,DEP001,Executive,M.Tech,3.0,2019-03-23,Active,,60000,2.0
EMP01940,Sunita Verma,Other,1981-08-19,45,Single,Nagpur,Maharashtra,,sunita.verma280@hotmail.com,DEP008,General Manager,Diploma,2.1,2017-04-20,Active,,130000,3.0
EMP01941,Sunita Patel,Female,1984-02-17,42,Single,Chandigarh,Chandigarh,7580188951,sunita.patel263@outlook.com,DEP008,Deputy General Manager,Diploma,15.9,2017-10-31,Active,,35000,5.0
EMP01942,Saanvi Malhotra,Female,1985-08-27,41,Single,Kolkata,West Bengal,8963351232,saanvi.malhotra@gmail.com,DEP001,Consultant,M.Com,16.1,2016-11-15,On Notice Period,,250000,1.0
EMP01943,Vihaan Mishra,Male,1970-12-17,55,Married,Nagpur,Maharashtra,7453037024,vihaan.mishra447@hotmail.com,DEP008,Consultant,M.Tech,4.2,2015-11-15,Terminated,2018-03-01,25000,2.0
EMP01944,Reyansh Joshi,Other,2003-06-18,23,Divorced,Chandigarh,Chandigarh,6705410222,reyansh.joshi564@rediffmail.com,DEP009,Associate,Diploma,21.9,2022-05-18,On Notice Period,,45000,3.0
EMP01945,ISHA REDDY,Female,1975-03-22,51,Married,Coimbatore,Tamil Nadu,8911171375,isha.reddy263@yahoo.com,DEP008,Deputy General Manager,Diploma,6.3,2022-03-06,Resigned,2022-06-14,45000,3.0
EMP01946,Ananya Gupta,Female,1970-04-20,56,Divorced,Pune,Maharashtra,6005599938,ananya.gupta575@yahoo.com,DEP006,Intern,Diploma,23.2,2018-04-07,Active,,35000,2.0
EMP01947,Anil Chaudhary,Other,2001-09-02,25,Divorced,Hyderabad,Telangana,8474056155,anil.chaudhary780@hotmail.com,DEP005,Intern,Diploma,21.4,2018-07-19,Active,,45000,2.0
EMP01948,Neha Joshi,Female,1994-10-23,31,Single,Ghaziabad,Uttar Pradesh,6791868849,neha.joshi@gmail.com,DEP010,Analyst,B.Sc,11.0,2023-07-31,Terminated,2024-10-20,35000,1.0
EMP01949,Kavita Kumar,Female,1976-02-11,50,Married,Chandigarh,Chandigarh,,kavita.kumar828@outlook.com,DEP004,Team Lead,MBA,1.0,2016-05-18,Resigned,2019-05-21,45000,5.0
EMP01950,Saanvi Desai,Female,1971-05-03,55,Divorced,Chennai,Tamil Nadu,8457388138,,DEP012,General Manager,PhD,5.0,2022-04-09,Active,,130000,4.0
EMP01951,Divya Verma,Other,1973-08-11,53,Divorced,Nagpur,Maharashtra,9444171350,divya.verma889@rediffmail.com,DEP012,Associate,M.Com,24.9,2023-04-17,Active,,45000,5.0
EMP01952,Kavya Mishra,Female,1997-06-12,29,Married,Hyderabad,Telangana,8696269829,kavya.mishra81@hotmail.com,DEP007,Senior Associate,B.Com,24.8,2018-06-08,Active,,320000,2.0
EMP01953,Ajay Gupta,Male,1996-01-26,30,Married,Indore,Madhya Pradesh,9912349754,ajay.gupta267@gmail.com,DEP001,Senior Associate,B.Tech,5.5,2026-06-05,Active,,45000,4.0
EMP01954,Saanvi Malhotra,Female,2000-08-10,26,Single,Noida,Uttar Pradesh,9170001222,saanvi.malhotra631@rediffmail.com,DEP005,Associate,PhD,7.0,2021-12-14,Active,,100000,4.0
EMP01955,Aarav Iyer,Other,1981-03-21,45,Married,Bengaluru,Karnataka,9734333542,aarav.iyer250@hotmail.com,DEP010,Consultant,MBA,21.1,2018-07-11,Active,,45000,5.0
EMP01956,Reyansh Chopra,Male,1976-02-12,50,Single,Ahmedabad,Gujarat,9266099558,reyansh.chopra677@yahoo.com,DEP004,Executive,M.Com,28.3,2023-03-24,On Notice Period,,80000,1.0
EMP01957,Nikhil Gupta,Male,1973-09-17,52,Divorced,Jaipur,Rajasthan,6059641911,nikhil.gupta911@yahoo.com,DEP008,Intern,B.Tech,6.6,2022-05-11,Resigned,2026-05-22,45000,1.0
EMP01958,Nisha Joshi,Female,1994-12-01,31,Divorced,Surat,Gujarat,6503201254,nisha.joshi587@outlook.com,DEP003,Senior Manager,M.Tech,29.4,2016-11-11,Resigned,2020-02-27,60000,4.0
EMP01959,Rekha Reddy,Female,2003-05-03,23,Married,Ahmedabad,Gujarat,9856910721,rekha.reddy618@hotmail.com,DEP009,Intern,M.Sc,12.6,2016-08-13,Active,,130000,3.0
EMP01960,Sarika Shetty,Female,1969-06-10,57,Single,Chandigarh,Chandigarh,9205576165,sarika.shetty296@hotmail.com,DEP012,Senior Analyst,B.Sc,41.4,2026-05-22,Active,,200000,4.0
EMP01961,Ritu Nair,Female,1989-05-05,37,Married,Chandigarh,Chandigarh,7757479872,ritu.nair296@rediffmail.com,DEP002,General Manager,B.Tech,12.4,2018-08-23,On Notice Period,,160000,2.0
EMP01962,Kavita Yadav,Female,1986-07-05,40,Married,Indore,Madhya Pradesh,9014422334,kavita.yadav657@yahoo.com,DEP012,Executive,B.Tech,11.8,2017-12-25,Active,,250000,2.0
EMP01963,Aarav Bansal,Other,1991-11-06,34,Married,Chandigarh,Chandigarh,8570874444,aarav.bansal247@rediffmail.com,DEP002,Intern,M.Com,19.1,2024-07-02,Resigned,,200000,5.0
EMP01964,Kavita Rao,Female,1976-03-11,50,Divorced,Indore,Madhya Pradesh,6643717002,kavita.rao469@yahoo.com,DEP003,Assistant Manager,PhD,27.5,2022-06-07,Active,,25000,1.0
EMP01965,Sarika Joshi,Other,1974-05-07,52,Divorced,Noida,Uttar Pradesh,6999417450,sarika.joshi456@rediffmail.com,DEP011,Assistant Manager,PhD,2.1,2022-03-07,Active,,250000,4.0
EMP01966,arjun menon,Male,1967-05-23,59,Married,Chennai,Tamil Nadu,9572211035,arjun.menon@rediffmail.com,DEP005,Analyst,M.Tech,18.0,2018-07-05,Active,,100000,4.0
EMP01967,Aman Malhotra,Other,2002-07-12,24,Married,Jaipur,Rajasthan,6410902789,aman.malhotra32@hotmail.com,DEP012,Senior Analyst,Diploma,21.8,2016-02-18,Active,,80000,4.0
EMP01968,Rekha Mishra,Other,1970-09-02,56,Single,Coimbatore,Tamil Nadu,7051016326,rekha.mishra438@gmail.com,DEP002,Executive,B.A.,10.9,2018-05-28,Terminated,2019-03-27,200000,2.0
EMP01969,Swati Singh,Female,1978-05-19,48,Divorced,Chennai,Tamil Nadu,7132287991,swati.singh896@gmail.com,DEP011,Deputy General Manager,M.Sc,21.7,2019-08-25,Active,,80000,5.0
EMP01970,Isha Sharma,Female,1997-11-09,28,Married,Surat,Gujarat,7800520014,isha.sharma951@outlook.com,DEP011,Intern,M.Com,24.9,2015-10-07,Active,,25000,2.0
EMP01971,Kritika Mishra,Female,1995-08-27,31,Divorced,Lucknow,Uttar Pradesh,7783345725,kritika.mishra131@rediffmail.com,DEP005,Senior Analyst,B.Com,15.8,2023-01-03,Terminated,,45000,1.0
EMP01972,Rekha Yadav,Other,1977-09-22,48,Divorced,Lucknow,Uttar Pradesh,7060347820,rekha.yadav143@rediffmail.com,DEP009,Consultant,B.Com,10.3,2024-08-13,Active,,45000,3.0
EMP01973,Aman Rao,Other,1994-09-04,32,Single,Indore,Madhya Pradesh,9593202547,aman.rao629@rediffmail.com,DEP012,General Manager,PhD,15.3,2021-10-27,Active,,320000,5.0
EMP01974,Rekha Patel,Female,1992-08-23,34,Divorced,Ghaziabad,Uttar Pradesh,7548077028,rekha.patel831@yahoo.com,DEP012,Associate,B.Tech,3.4,2024-10-12,On Notice Period,,320000,2.0
EMP01975,Aarav Shetty,Male,1987-06-04,39,Divorced,Ahmedabad,Gujarat,8131483856,,DEP010,Senior Analyst,M.Tech,29.4,2024-02-15,Active,,100000,3.0
EMP01976,Ramesh Kumar,Male,1985-06-20,41,Divorced,Chennai,Tamil Nadu,,ramesh.kumar566@hotmail.com,DEP012,Associate,Diploma,15.6,2023-10-07,Active,,320000,2.0
EMP01977,Isha Yadav,Female,1979-09-21,46,Single,Noida,Uttar Pradesh,8719081851,isha.yadav606@hotmail.com,DEP011,Senior Manager,B.A.,7.8,2025-12-16,Active,,25000,5.0
EMP01978,Aditya Gupta,Male,1968-04-28,58,Married,Delhi,Delhi,7164021544,aditya.gupta897@rediffmail.com,DEP006,Executive,PhD,21.3,2025-01-19,Active,,80000,2.0
EMP01979,Krishna Singh,Other,1998-07-06,28,Single,Jaipur,Rajasthan,6587971512,krishna.singh339@outlook.com,DEP009,Analyst,MBA,10.0,2017-09-29,Resigned,2019-02-20,60000,2.0
EMP01980,Sarika Bose,Female,1990-06-13,36,Single,Surat,Gujarat,6141877313,sarika.bose812@yahoo.com,DEP009,General Manager,M.Com,13.1,2024-01-15,Active,,160000,5.0
EMP01981,Diya Patel,Female,1980-06-28,46,Married,Ghaziabad,Uttar Pradesh,9607827231,diya.patel234@hotmail.com,DEP012,Manager,B.Com,22.6,2019-10-04,On Notice Period,,160000,1.0
EMP01982,MYRA SHARMA,Female,1992-09-19,33,Divorced,Nagpur,Maharashtra,6267800424,myra.sharma560@rediffmail.com,DEP006,Executive,MBA,6.0,2022-11-15,Active,,250000,1.0
EMP01983,Ananya Rao,Other,1975-06-26,51,Divorced,Surat,Gujarat,6584353554,ananya.rao183@gmail.com,DEP008,Senior Manager,Diploma,0.9,2024-05-12,Active,,60000,4.0
EMP01984,Aadhya Bansal,Female,2004-10-18,21,Married,Pune,Maharashtra,,aadhya.bansal266@gmail.com,DEP011,Consultant,M.Com,5.7,2019-05-30,Active,,45000,3.0
EMP01985,Isha Yadav,Female,1974-09-05,52,Divorced,Noida,Uttar Pradesh,8397467278,isha.yadav642@yahoo.com,DEP004,Senior Analyst,B.Com,28.7,2019-10-19,On Notice Period,,100000,5.0
EMP01986,Gaurav Pillai,Male,1996-06-10,30,Single,Surat,Gujarat,8252303110,gaurav.pillai573@hotmail.com,DEP002,Manager,B.A.,17.8,2022-09-08,Active,,100000,3.0
EMP01987,Shreya Iyer,Female,1997-07-28,29,Divorced,Chandigarh,Chandigarh,6943012993,shreya.iyer8@yahoo.com,DEP003,Consultant,B.Sc,4.7,2016-01-15,Active,,160000,5.0
EMP01988,Myra Kumar,Female,1968-01-27,58,Divorced,Chandigarh,Chandigarh,9797936503,myra.kumar292@outlook.com,DEP012,General Manager,PhD,21.9,2017-10-14,On Notice Period,,35000,3.0
EMP01989,Aadhya Mishra,Female,1966-02-13,60,Married,Ahmedabad,Gujarat,7231917765,aadhya.mishra590@yahoo.com,DEP006,Consultant,M.Sc,16.9,2018-02-21,Terminated,2021-01-11,250000,2.0
EMP01990,Rahul Bose,Male,2003-05-13,23,Divorced,Delhi,Delhi,8260978709,,DEP003,Executive,M.Tech,20.8,2019-10-17,On Notice Period,,320000,3.0
EMP01991,Rekha Rao,Other,1997-05-04,29,Single,Noida,Uttar Pradesh,8349823158,rekha.rao268@hotmail.com,DEP003,Intern,PhD,2.7,2016-07-24,Active,,320000,2.0
EMP01992,Myra Nair,Female,1978-09-22,47,Married,Noida,Uttar Pradesh,8655433563,myra.nair@yahoo.com,DEP012,Manager,MBA,4.8,2022-11-23,Active,,250000,3.0
EMP01993,Rohan Gupta,Male,1974-04-08,52,Married,Bengaluru,Karnataka,6536834941,rohan.gupta953@rediffmail.com,DEP007,Assistant Manager,Diploma,14.5,2017-08-24,Active,,200000,5.0
EMP01994,Isha Reddy,Female,1980-02-05,46,Single,Surat,Gujarat,6533595114,isha.reddy28@gmail.com,DEP007,Senior Associate,PhD,4.6,2018-10-27,Active,,45000,5.0
EMP01995,Ritu Joshi,Female,2002-02-25,24,Married,Surat,Gujarat,8462909503,ritu.joshi207@yahoo.com,DEP008,Senior Manager,PhD,14.9,2020-11-24,Active,,35000,5.0
EMP01996,Isha Yadav,Female,1991-04-16,35,Married,Mumbai,Maharashtra,7290013103,isha.yadav682@yahoo.com,DEP012,Vice President,M.Sc,23.6,2025-05-16,On Notice Period,,45000,2.0
EMP01997,Aditya Shetty,Male,1986-02-23,40,Single,Ghaziabad,Uttar Pradesh,9917502218,aditya.shetty270@outlook.com,DEP004,Consultant,PhD,29.2,2015-02-16,Active,,80000,1.0
EMP01998,Gaurav Malhotra,Male,1983-09-16,42,Single,Nagpur,Maharashtra,9595328319,gaurav.malhotra627@rediffmail.com,DEP002,Deputy General Manager,MBA,10.8,2026-06-24,Terminated,,35000,1.0
EMP01999,Isha Reddy,Female,1993-02-23,33,Married,Pune,Maharashtra,7138065738,isha.reddy791@yahoo.com,DEP007,Team Lead,B.A.,18.1,2022-03-04,Terminated,2026-01-01,60000,2.0
EMP02000,Aarav Verma,Male,1966-04-28,60,Single,Coimbatore,Tamil Nadu,8136495816,aarav.verma661@rediffmail.com,DEP003,Associate,Diploma,23.0,2015-01-22,Active,,130000,3.0
EMP02001,Meera Shetty,Female,1969-10-26,56,Single,Nagpur,Maharashtra,7824908609,meera.shetty384@outlook.com,DEP012,General Manager,M.Com,5.6,2022-04-29,Terminated,2025-08-21,45000,5.0
EMP02002,Rekha Mishra,Other,2001-08-05,25,Married,Coimbatore,Tamil Nadu,9600507462,rekha.mishra646@gmail.com,DEP003,Senior Analyst,MBA,24.9,2023-05-17,On Notice Period,,35000,3.0
EMP02003,Ritu Chaudhary,Other,1999-02-27,27,Married,Ahmedabad,Gujarat,,ritu.chaudhary806@gmail.com,DEP003,Associate,B.A.,12.6,2016-12-09,Active,,130000,2.0
EMP02004,Rekha Iyer,Other,1970-09-20,55,Married,Coimbatore,Tamil Nadu,6563794496,rekha.iyer940@rediffmail.com,DEP006,Associate,M.Com,10.3,2021-07-30,Terminated,2022-10-06,250000,5.0
EMP02005,Ananya Mishra,Female,1993-05-14,33,Married,Chennai,Tamil Nadu,6146569789,ananya.mishra304@yahoo.com,DEP012,Associate,Diploma,0.9,2023-09-22,Terminated,,25000,2.0
EMP02006,Vihaan Shetty,Male,1982-03-03,44,Married,Bengaluru,Karnataka,6878647752,vihaan.shetty353@outlook.com,DEP010,Consultant,M.Tech,20.1,2021-02-23,Active,,250000,5.0
EMP02007,Isha Menon,Other,1968-11-04,57,Married,Bengaluru,Karnataka,7284909006,isha.menon853@rediffmail.com,DEP012,Senior Analyst,B.Tech,21.9,2024-04-02,Resigned,,45000,2.0
EMP02008,Vivaan Ghosh,Male,1976-03-03,50,Married,Lucknow,Uttar Pradesh,7378217923,vivaan.ghosh85@outlook.com,DEP006,Associate,B.Tech,11.4,2025-04-27,Active,,100000,2.0
EMP02009,Naveen Malhotra,Other,1978-07-19,48,Married,Coimbatore,Tamil Nadu,7433360581,naveen.malhotra976@outlook.com,DEP002,General Manager,PhD,8.2,2016-11-13,Terminated,2021-06-27,25000,1.0
EMP02010,Vivaan Malhotra,Male,1983-08-17,43,Married,Coimbatore,Tamil Nadu,6572223377,vivaan.malhotra405@gmail.com,DEP002,Executive,M.Sc,29.4,2018-05-19,Active,,250000,2.0
EMP02011,Ramesh Pillai,Other,1969-09-22,56,Married,Delhi,Delhi,7239762752,ramesh.pillai779@gmail.com,DEP008,Manager,M.Tech,6.1,2021-10-01,Active,,100000,5.0
EMP02012,Kritika Pillai,Female,1987-04-08,39,Single,Delhi,Delhi,7029496946,kritika.pillai81@outlook.com,DEP004,Deputy General Manager,M.Tech,11.8,2022-04-06,On Notice Period,,25000,4.0
EMP02013,Divya Iyer,Other,2001-11-16,24,Single,Kolkata,West Bengal,6664100899,divya.iyer563@hotmail.com,DEP006,Consultant,B.Sc,11.6,2018-11-12,Resigned,2019-07-27,25000,3.0
EMP02014,Vihaan Kumar,Male,2002-02-04,24,Divorced,Delhi,Delhi,8808685299,vihaan.kumar732@yahoo.com,DEP001,Manager,B.Sc,13.9,2019-09-01,Active,,100000,5.0
EMP02015,Kritika Iyer,Female,2001-10-05,24,Married,Coimbatore,Tamil Nadu,6447413725,kritika.iyer524@outlook.com,DEP008,Assistant Manager,B.Sc,2.5,2016-06-07,Active,,100000,5.0
EMP02016,Sarika Shetty,Other,1973-05-11,53,Married,Ahmedabad,Gujarat,9962134427,sarika.shetty410@gmail.com,DEP009,Senior Manager,MBA,14.0,2016-01-07,Resigned,2019-04-27,130000,3.0
EMP02017,Vihaan Kapoor,Other,1978-02-04,48,Divorced,Ghaziabad,Uttar Pradesh,9144309250,vihaan.kapoor334@gmail.com,DEP005,Associate,MBA,29.6,2025-01-04,Active,,250000,3.0
EMP02018,Ishaan Singh,Male,1997-01-13,29,Divorced,Surat,Gujarat,6772433838,ishaan.singh@outlook.com,DEP012,Senior Analyst,Diploma,21.4,2021-04-30,Active,,45000,3.0
EMP02019,Rahul Kumar,Other,1973-09-14,52,Married,Mumbai,Maharashtra,6163518060,rahul.kumar882@hotmail.com,DEP010,Senior Associate,B.Com,0.2,2025-01-31,Terminated,,60000,5.0
EMP02020,Isha Rao,Female,1986-12-27,39,Married,Ghaziabad,Uttar Pradesh,9215252455,isha.rao943@rediffmail.com,DEP008,Senior Associate,B.A.,4.7,2016-12-09,Active,,320000,1.0
EMP02021,Anil Pillai,Male,1976-04-04,50,Divorced,Chandigarh,Chandigarh,7605653563,anil.pillai11@hotmail.com,DEP011,Analyst,B.Tech,28.6,2015-06-05,Active,,100000,2.0
EMP02022,Aman Malhotra,Other,1975-07-07,51,Single,Hyderabad,Telangana,7894865440,aman.malhotra989@gmail.com,DEP001,Senior Associate,B.A.,24.9,2021-12-28,Active,,80000,3.0
EMP02023,Riya Mishra,Female,1989-11-13,36,Single,Pune,Maharashtra,8388658093,riya.mishra362@yahoo.com,DEP005,Executive,M.Tech,6.2,2015-05-28,Terminated,2021-10-06,25000,4.0
EMP02024,Vivaan Agarwal,Other,1992-09-11,33,Divorced,Surat,Gujarat,6387670386,vivaan.agarwal227@rediffmail.com,DEP012,Executive,B.Sc,5.7,2019-06-05,On Notice Period,,130000,1.0
EMP02025,Rohan Sharma,Other,2002-06-25,24,Divorced,Ghaziabad,Uttar Pradesh,7899264724,rohan.sharma367@outlook.com,DEP011,Senior Associate,MBA,15.9,2022-12-26,Active,,35000,5.0
EMP02026,Neha Kapoor,Female,1989-10-21,36,Married,Jaipur,Rajasthan,6350532131,neha.kapoor134@hotmail.com,DEP009,General Manager,PhD,28.9,2015-06-24,Active,,60000,2.0
EMP02027,Reyansh Kapoor,Other,1972-05-10,54,Married,Hyderabad,Telangana,6271204454,reyansh.kapoor135@hotmail.com,DEP011,Senior Associate,Diploma,11.7,2019-06-20,Active,,160000,3.0
EMP02028,Kavya Kumar,Female,1997-08-19,29,Divorced,Indore,Madhya Pradesh,9969472780,kavya.kumar475@hotmail.com,DEP008,Deputy General Manager,B.Tech,19.8,2019-04-09,On Notice Period,,320000,3.0
EMP02029,Sunita Desai,Other,1985-02-17,41,Single,Surat,Gujarat,7486430877,sunita.desai217@yahoo.com,DEP006,Deputy General Manager,B.Sc,1.1,2022-01-02,Resigned,,25000,4.0
EMP02030,Divya Menon,Female,1975-04-14,51,Single,Bengaluru,Karnataka,6701556324,divya.menon621@rediffmail.com,DEP010,Analyst,PhD,9.3,2017-03-24,Active,,35000,3.0
EMP02031,Kavita Rao,Other,1993-03-09,33,Divorced,Kolkata,West Bengal,8879409940,kavita.rao@rediffmail.com,DEP010,Assistant Manager,Diploma,7.1,2020-08-04,Active,,60000,1.0
EMP02032,Ishaan Joshi,Other,1980-01-03,46,Single,Pune,Maharashtra,8981620444,ishaan.joshi380@outlook.com,DEP002,Analyst,PhD,16.9,2020-12-15,On Notice Period,,200000,2.0
EMP02033,Suresh Kumar,Male,2001-07-21,25,Married,Jaipur,Rajasthan,9417493753,suresh.kumar867@hotmail.com,DEP009,Executive,MBA,18.3,2024-02-27,Active,,45000,2.0
EMP02034,Diya Yadav,Female,1970-08-20,56,Divorced,Hyderabad,Telangana,7153875030,diya.yadav77@rediffmail.com,DEP001,Associate,PhD,16.9,2024-08-04,Active,,35000,4.0
EMP02035,Karan Menon,Male,1971-12-19,54,Married,Bengaluru,Karnataka,8854536809,karan.menon53@gmail.com,DEP011,Manager,MBA,17.6,2022-11-17,Active,,35000,3.0
EMP02036,Deepak Agarwal,Male,1981-07-05,45,Married,Bengaluru,Karnataka,6514277504,deepak.agarwal558@outlook.com,DEP006,General Manager,B.Tech,6.4,2022-11-02,Active,,45000,5.0
EMP02037,Sunita Verma,Other,1976-04-04,50,Married,Surat,Gujarat,9797715044,sunita.verma148@outlook.com,DEP005,Analyst,B.Sc,6.5,2022-07-21,Active,,25000,1.0
EMP02038,Aditya Bansal,Male,2004-08-12,22,Married,Jaipur,Rajasthan,,aditya.bansal24@hotmail.com,DEP011,Executive,B.Sc,2.8,2018-12-30,Active,,35000,2.0
EMP02039,Priya Desai,Female,1991-05-17,35,Married,Pune,Maharashtra,,priya.desai274@rediffmail.com,DEP009,Assistant Manager,M.Com,19.8,2022-01-19,Active,,25000,3.0
EMP02040,Aarav Chaudhary,Male,1966-02-03,60,Divorced,Chandigarh,Chandigarh,7428760015,aarav.chaudhary808@rediffmail.com,DEP001,Executive,MBA,26.2,2025-01-21,Terminated,2026-01-08,80000,1.0
EMP02041,ADITYA GHOSH,Male,2002-09-12,23,Married,Delhi,Delhi,6867412851,aditya.ghosh173@rediffmail.com,DEP005,Assistant Manager,B.A.,,2025-10-07,On Notice Period,,60000,3.0
EMP02042,Sneha Joshi,Female,1988-04-25,38,Single,Kolkata,West Bengal,8867084189,sneha.joshi642@gmail.com,DEP007,General Manager,M.Com,16.6,2021-10-06,Active,,200000,4.0
EMP02043,Diya Mishra,Female,1982-09-02,44,Single,Delhi,Delhi,6341819931,diya.mishra940@outlook.com,DEP001,Vice President,B.Tech,27.6,2026-03-14,On Notice Period,,45000,2.0
EMP02044,Krishna Bansal,Male,1997-04-21,29,Married,Delhi,Delhi,9987290595,krishna.bansal534@hotmail.com,DEP003,Senior Associate,M.Com,4.7,2024-02-25,Active,,35000,5.0
EMP02045,Reyansh Menon,Male,1999-03-21,27,Single,Indore,Madhya Pradesh,7517360210,reyansh.menon863@yahoo.com,DEP006,Vice President,B.Tech,18.8,2019-12-10,Resigned,2025-02-19,200000,3.0
EMP02046,Divya Rao,Female,1969-04-02,57,Married,Surat,Gujarat,8200985727,divya.rao@gmail.com,DEP011,Team Lead,PhD,9.9,2024-06-26,Active,,320000,4.0
EMP02047,Naveen Chopra,Male,2001-07-05,25,Divorced,Nagpur,Maharashtra,8304585815,naveen.chopra160@hotmail.com,DEP012,Vice President,MBA,10.5,2022-04-10,On Notice Period,,35000,1.0
EMP02048,Isha Joshi,Female,1986-06-24,40,Married,Jaipur,Rajasthan,8330681891,isha.joshi526@rediffmail.com,DEP004,Executive,B.Com,1.4,2023-07-10,Active,,130000,3.0
EMP02049,Ananya Gupta,Female,1994-10-22,31,Divorced,Bengaluru,Karnataka,8150012058,ananya.gupta836@yahoo.com,DEP001,Analyst,B.Tech,12.9,2025-09-16,Active,,250000,3.0
EMP02050,Gaurav Reddy,Male,1977-12-26,48,Married,Noida,Uttar Pradesh,,gaurav.reddy656@gmail.com,DEP002,Executive,B.A.,12.5,2022-10-15,Terminated,,200000,5.0
EMP02051,Kavya Nair,Other,2001-12-20,24,Single,Ahmedabad,Gujarat,9143782267,kavya.nair181@yahoo.com,DEP001,Analyst,B.Tech,15.9,2018-11-14,Active,,320000,4.0
EMP02052,Aadhya Gupta,Female,1971-12-11,54,Married,Bengaluru,Karnataka,6006507261,aadhya.gupta@rediffmail.com,DEP009,Vice President,M.Tech,27.8,2015-11-16,Active,,200000,4.0
EMP02053,Krishna Menon,Other,1979-05-21,47,Married,Jaipur,Rajasthan,6049269063,krishna.menon554@hotmail.com,DEP007,Team Lead,M.Com,26.6,2016-04-04,Active,,130000,4.0
EMP02054,Pooja Desai,Female,1999-05-07,27,Divorced,Chennai,Tamil Nadu,,pooja.desai339@yahoo.com,DEP007,Senior Analyst,MBA,9.8,2023-10-27,Active,,35000,5.0
EMP02055,Ramesh Rao,Male,2002-09-25,23,Divorced,Chandigarh,Chandigarh,7558278953,ramesh.rao505@hotmail.com,DEP009,Manager,M.Com,19.3,2019-05-16,Resigned,2025-08-15,320000,2.0
EMP02056,Aadhya Gupta,Female,1983-04-22,43,Divorced,Chandigarh,Chandigarh,6432632928,aadhya.gupta256@gmail.com,DEP009,Manager,Diploma,9.1,2022-03-18,Active,,25000,4.0
EMP02057,Ramesh Desai,Male,1987-12-21,38,Married,Bengaluru,Karnataka,9163957956,ramesh.desai698@rediffmail.com,DEP009,Associate,B.Tech,17.6,2023-10-02,Active,,80000,5.0
EMP02058,Saanvi Mishra,Female,1983-11-04,42,Divorced,Nagpur,Maharashtra,6741197751,saanvi.mishra947@gmail.com,DEP010,Senior Manager,M.Tech,10.5,2019-08-22,Active,,320000,1.0
EMP02059,Krishna Menon,Male,1976-01-28,50,Married,Hyderabad,Telangana,6805414310,krishna.menon985@outlook.com,DEP009,Analyst,M.Tech,18.1,2025-01-28,Active,,100000,3.0
EMP02060,Ramesh Menon,Male,1968-08-05,58,Single,Jaipur,Rajasthan,9591888762,ramesh.menon335@gmail.com,DEP006,Associate,PhD,26.7,2017-10-15,Active,,320000,4.0
EMP02061,Divya Reddy,Female,1983-12-08,42,Divorced,Lucknow,Uttar Pradesh,7489197340,divya.reddy244@rediffmail.com,DEP009,Senior Analyst,Diploma,9.2,2023-09-11,Active,,130000,2.0
EMP02062,Ajay Sharma,Male,1994-09-06,32,Single,Ghaziabad,Uttar Pradesh,7826131087,ajay.sharma500@gmail.com,DEP003,Senior Associate,B.Com,12.7,2026-03-29,Active,,100000,3.0
EMP02063,Ajay Chaudhary,Other,1987-05-25,39,Married,Surat,Gujarat,6096982836,ajay.chaudhary168@hotmail.com,DEP011,Manager,PhD,28.4,2021-12-20,Terminated,2025-02-12,320000,1.0
EMP02064,Meera Ghosh,Other,1982-02-23,44,Divorced,Surat,Gujarat,9877715625,meera.ghosh40@yahoo.com,DEP004,Manager,M.Sc,17.5,2015-06-13,Terminated,2019-03-09,35000,5.0
EMP02065,Saurabh Malhotra,Male,1998-01-19,28,Married,Lucknow,Uttar Pradesh,7068936022,saurabh.malhotra809@rediffmail.com,DEP007,Consultant,B.Sc,9.8,2023-09-30,Resigned,,45000,4.0
EMP02066,Myra Kapoor,Female,2001-10-22,24,Single,Ahmedabad,Gujarat,7935569162,myra.kapoor357@outlook.com,DEP008,Intern,B.Sc,6.3,2015-06-12,Active,,100000,1.0
EMP02067,Rekha Singh,Other,1967-09-02,59,Single,Jaipur,Rajasthan,8840521900,rekha.singh696@hotmail.com,DEP008,Senior Analyst,B.Sc,4.3,2019-02-12,Terminated,2025-07-01,45000,5.0
EMP02068,Krishna Iyer,Male,1996-08-01,30,Single,Indore,Madhya Pradesh,7822083841,krishna.iyer@hotmail.com,DEP003,Senior Analyst,M.Tech,21.8,2018-04-26,Active,,320000,4.0
EMP02069,Sneha Singh,Female,1977-07-04,49,Single,Nagpur,Maharashtra,9255195314,sneha.singh622@outlook.com,DEP004,Consultant,Diploma,27.0,2017-01-12,Resigned,2021-11-21,100000,3.0
EMP02070,Myra Agarwal,Other,1973-03-28,53,Divorced,Lucknow,Uttar Pradesh,8922425501,myra.agarwal986@outlook.com,DEP005,Consultant,PhD,28.6,2020-02-13,Terminated,2023-06-16,160000,5.0
EMP02071,Aarav Mishra,Male,1989-01-11,37,Divorced,Noida,Uttar Pradesh,,aarav.mishra984@hotmail.com,DEP006,Team Lead,M.Sc,13.1,2024-11-30,Resigned,2026-03-30,200000,3.0
EMP02072,Vihaan Gupta,Male,1990-05-28,36,Single,Mumbai,Maharashtra,9430190322,vihaan.gupta784@yahoo.com,DEP004,Manager,M.Tech,7.3,2022-04-15,Terminated,2023-01-10,250000,1.0
EMP02073,Pooja Kapoor,Female,1986-04-21,40,Married,Hyderabad,Telangana,7535077963,pooja.kapoor166@hotmail.com,DEP009,Deputy General Manager,PhD,4.0,2016-09-18,Resigned,2020-03-13,250000,3.0
EMP02074,Nikhil Agarwal,Male,1971-03-23,55,Single,Indore,Madhya Pradesh,9644894631,nikhil.agarwal695@rediffmail.com,DEP003,Associate,PhD,14.6,2024-06-08,Active,,160000,1.0
EMP02075,Sunita Patel,Female,1996-10-14,29,Divorced,Ghaziabad,Uttar Pradesh,7652929293,sunita.patel939@gmail.com,DEP006,Deputy General Manager,M.Tech,0.8,2021-01-27,On Notice Period,,320000,4.0
EMP02076,Swati Sharma,Other,2003-03-02,23,Single,Delhi,Delhi,7160286765,swati.sharma905@yahoo.com,DEP011,Intern,B.A.,0.6,2016-12-10,Resigned,2020-01-29,250000,1.0
EMP02077,Suresh Bansal,Male,1981-02-18,45,Married,Lucknow,Uttar Pradesh,6184567072,suresh.bansal927@yahoo.com,DEP004,Team Lead,PhD,18.1,2026-02-20,Active,,250000,3.0
EMP02078,Arjun Pillai,Male,1997-02-14,29,Divorced,Bengaluru,Karnataka,,arjun.pillai518@gmail.com,DEP005,Consultant,M.Com,16.1,2022-11-15,Active,,160000,3.0
EMP02079,Sanjay Mishra,Other,1983-11-11,42,Divorced,Lucknow,Uttar Pradesh,8966030022,sanjay.mishra784@hotmail.com,DEP002,Consultant,M.Com,27.6,2023-05-25,Active,,60000,1.0
EMP02080,Ajay Singh,Male,2002-11-25,23,Divorced,Indore,Madhya Pradesh,,ajay.singh428@hotmail.com,DEP003,Executive,MBA,1.6,2018-12-30,Active,,80000,1.0
EMP02081,Nisha Malhotra,Other,1966-05-16,60,Divorced,Ahmedabad,Gujarat,8929705694,nisha.malhotra36@hotmail.com,DEP005,Team Lead,B.A.,25.6,2021-02-14,On Notice Period,,320000,3.0
EMP02082,Naveen Patel,Other,1988-02-08,38,Married,Chandigarh,Chandigarh,7210034525,naveen.patel757@yahoo.com,DEP005,Consultant,M.Sc,20.9,2026-04-19,Resigned,,25000,3.0
EMP02083,Rahul Patel,Male,1981-07-12,45,Divorced,Noida,Uttar Pradesh,7012813824,rahul.patel553@rediffmail.com,DEP003,Deputy General Manager,PhD,8.9,2022-06-19,On Notice Period,,80000,1.0
EMP02084,Sanjay Mishra,Male,1991-09-02,35,Divorced,Kolkata,West Bengal,8607901268,sanjay.mishra347@hotmail.com,DEP008,Team Lead,M.Com,25.2,2026-06-17,On Notice Period,,320000,5.0
EMP02085,Gaurav Shetty,Other,1979-04-16,47,Married,Jaipur,Rajasthan,6957615889,gaurav.shetty776@outlook.com,DEP003,Senior Manager,M.Sc,24.0,2020-04-21,On Notice Period,,200000,4.0
EMP02086,Meera Sharma,Female,1970-08-20,56,Married,Chennai,Tamil Nadu,8114819867,meera.sharma665@rediffmail.com,DEP002,Senior Associate,B.Sc,7.0,2017-08-04,Active,,100000,4.0
EMP02087,Kavita Shetty,Female,1967-05-12,59,Single,Lucknow,Uttar Pradesh,7570198080,kavita.shetty66@hotmail.com,DEP011,Consultant,B.A.,5.5,2019-11-27,Terminated,2020-07-16,250000,3.0
EMP02088,Kritika Singh,Other,1987-09-26,38,Married,Mumbai,Maharashtra,8046507628,kritika.singh294@rediffmail.com,DEP008,Consultant,B.A.,26.3,2020-10-20,On Notice Period,,25000,3.0
EMP02089,Divya Bose,Female,1980-02-10,46,Married,Ghaziabad,Uttar Pradesh,8488322662,divya.bose551@rediffmail.com,DEP007,Executive,B.Com,22.5,2022-10-23,Active,,60000,2.0
EMP02090,Aman Desai,Male,2005-05-05,21,Single,Noida,Uttar Pradesh,7922914228,aman.desai958@hotmail.com,DEP002,General Manager,B.Tech,16.9,2016-06-01,Resigned,2020-08-14,80000,5.0
EMP02091,Aadhya Malhotra,Other,1977-12-24,48,Divorced,Mumbai,Maharashtra,9977819911,aadhya.malhotra519@outlook.com,DEP009,Consultant,B.Com,20.4,2022-12-30,Resigned,2024-08-28,60000,4.0
EMP02092,Riya Desai,Other,1999-01-13,27,Married,Noida,Uttar Pradesh,8962237781,riya.desai373@rediffmail.com,DEP012,Senior Analyst,B.A.,9.3,2017-08-15,Active,,25000,5.0
EMP02093,Manish Nair,Male,2005-09-10,20,Single,Surat,Gujarat,8512806724,manish.nair994@gmail.com,DEP007,Analyst,Diploma,10.3,2024-08-28,Active,,60000,3.0
EMP02094,Suresh Desai,Male,1968-02-01,58,Married,Noida,Uttar Pradesh,8052040657,suresh.desai904@yahoo.com,DEP002,General Manager,B.Sc,4.3,2023-06-17,Active,,35000,1.0
EMP02095,Swati Malhotra,Other,1971-10-24,54,Divorced,Delhi,Delhi,6307620231,swati.malhotra58@rediffmail.com,DEP005,Analyst,PhD,13.9,2025-03-18,Terminated,,160000,1.0
EMP02096,Arjun Chaudhary,Male,1982-04-02,44,Divorced,Coimbatore,Tamil Nadu,6406194772,arjun.chaudhary293@outlook.com,DEP005,Deputy General Manager,B.A.,22.7,2021-05-08,Active,,60000,1.0
EMP02097,Sunita Patel,Other,1986-03-06,40,Married,Ahmedabad,Gujarat,7106825495,sunita.patel478@rediffmail.com,DEP002,Consultant,Diploma,21.4,2019-03-30,On Notice Period,,35000,3.0
EMP02098,Suresh Yadav,Other,1984-10-24,41,Married,Chandigarh,Chandigarh,6906085657,suresh.yadav345@yahoo.com,DEP006,Assistant Manager,B.A.,17.1,2018-09-17,Terminated,2020-05-17,35000,3.0
EMP02099,Neha Desai,Female,1977-01-17,49,Single,Surat,Gujarat,7880141558,neha.desai836@outlook.com,DEP001,Senior Manager,MBA,24.7,2017-06-12,Active,,320000,3.0
EMP02100,Sunita Kapoor,Female,1971-02-26,55,Married,Lucknow,Uttar Pradesh,6585471463,sunita.kapoor50@rediffmail.com,DEP007,Senior Associate,B.Sc,14.3,2019-08-03,Active,,35000,4.0
EMP02101,Meera Bansal,Female,1975-10-10,50,Married,Lucknow,Uttar Pradesh,7123012862,meera.bansal870@hotmail.com,DEP008,Deputy General Manager,M.Tech,7.1,2018-07-06,Active,,320000,5.0
EMP02102,Naveen Mishra,Other,1991-08-03,35,Single,Jaipur,Rajasthan,9185229984,naveen.mishra530@yahoo.com,DEP002,Senior Manager,B.Sc,29.2,2015-03-19,On Notice Period,,130000,3.0
EMP02103,Karan Chopra,Other,1984-08-02,42,Single,Coimbatore,Tamil Nadu,8358130238,karan.chopra228@yahoo.com,DEP001,Associate,B.Tech,16.9,2019-12-08,Active,,25000,3.0
EMP02104,Isha Desai,Female,1988-01-13,38,Single,Lucknow,Uttar Pradesh,6414066452,isha.desai306@rediffmail.com,DEP002,Executive,Diploma,6.8,2022-12-28,On Notice Period,,130000,4.0
EMP02105,Ishaan Mishra,Male,1997-11-24,28,Single,Indore,Madhya Pradesh,9830296859,ishaan.mishra532@hotmail.com,DEP010,General Manager,MBA,8.7,2019-08-18,Terminated,2023-12-14,320000,5.0
EMP02106,Myra Bansal,Other,1995-06-19,31,Married,Indore,Madhya Pradesh,9017260478,myra.bansal243@rediffmail.com,DEP012,Executive,B.Com,18.5,2026-06-06,Active,,25000,5.0
EMP02107,Swati Ghosh,Other,1990-07-13,36,Married,Chandigarh,Chandigarh,9401916833,swati.ghosh107@rediffmail.com,DEP006,Senior Analyst,Diploma,1.9,2020-09-08,On Notice Period,,45000,3.0
EMP02108,Neha Rao,Female,1969-12-26,56,Single,Indore,Madhya Pradesh,9495023366,neha.rao394@yahoo.com,DEP007,Team Lead,Diploma,4.1,2017-05-17,Terminated,2024-03-11,60000,2.0
EMP02109,Saanvi Kapoor,Other,1971-02-08,55,Married,Indore,Madhya Pradesh,8862243865,saanvi.kapoor990@yahoo.com,DEP002,Senior Analyst,B.Sc,6.6,2022-07-08,Terminated,,100000,1.0
EMP02110,Krishna Kapoor,Male,1971-03-19,55,Married,Kolkata,West Bengal,9133638912,krishna.kapoor286@hotmail.com,DEP011,General Manager,PhD,23.4,2019-11-11,Terminated,2020-04-12,35000,3.0
EMP02111,Kritika Kumar,Other,1998-04-21,28,Divorced,Hyderabad,Telangana,7775871381,kritika.kumar572@gmail.com,DEP008,Manager,MBA,28.0,2017-08-11,Terminated,2023-05-03,320000,3.0
EMP02112,Myra Verma,Female,1989-12-03,36,Divorced,Hyderabad,Telangana,8328844617,myra.verma669@yahoo.com,DEP012,Deputy General Manager,M.Sc,29.4,2017-04-26,Active,,320000,1.0
EMP02113,Krishna Reddy,Male,1973-09-19,52,Divorced,Ahmedabad,Gujarat,6919508626,,DEP001,Executive,Diploma,26.9,2018-09-20,Resigned,2021-11-16,130000,5.0
EMP02114,Aarav Kumar,Male,2000-01-21,26,Divorced,Ghaziabad,Uttar Pradesh,7178437635,aarav.kumar302@outlook.com,DEP010,Manager,M.Com,,2021-01-08,On Notice Period,,250000,1.0
EMP02115,Rahul Agarwal,Other,1971-02-15,55,Divorced,Ghaziabad,Uttar Pradesh,9350487092,rahul.agarwal568@outlook.com,DEP003,Senior Associate,M.Tech,9.5,2020-04-27,Active,,25000,4.0
EMP02116,Krishna Shetty,Male,1976-03-01,50,Divorced,Ghaziabad,Uttar Pradesh,6994155328,krishna.shetty669@hotmail.com,DEP009,Analyst,M.Sc,7.5,2016-06-26,Resigned,2019-06-14,200000,3.0
EMP02117,Swati Joshi,Female,1978-08-07,48,Divorced,Ghaziabad,Uttar Pradesh,8986008262,swati.joshi528@yahoo.com,DEP004,Senior Analyst,MBA,28.0,2026-05-29,On Notice Period,,250000,3.0
EMP02118,Nikhil Verma,Male,1978-08-22,48,Divorced,Lucknow,Uttar Pradesh,8427744781,nikhil.verma233@yahoo.com,DEP012,Vice President,M.Com,18.2,2021-09-06,Active,,100000,4.0
EMP02119,Nikhil Menon,Male,2004-11-18,21,Divorced,Ahmedabad,Gujarat,6034804790,nikhil.menon153@outlook.com,DEP010,Analyst,B.Sc,,2017-01-16,Active,,200000,5.0
EMP02120,Meera Mishra,Female,1968-11-24,57,Single,Jaipur,Rajasthan,6665283287,meera.mishra773@rediffmail.com,DEP007,Team Lead,B.Sc,17.0,2020-11-23,Resigned,,160000,2.0
EMP02121,Krishna Verma,Other,1970-08-10,56,Divorced,Indore,Madhya Pradesh,7129654640,krishna.verma486@rediffmail.com,DEP010,Senior Analyst,PhD,21.1,2019-05-20,On Notice Period,,45000,3.0
EMP02122,Meera Ghosh,Female,1990-03-08,36,Married,Indore,Madhya Pradesh,9613478064,meera.ghosh745@yahoo.com,DEP011,Intern,B.Tech,29.5,2017-11-25,Active,,25000,1.0
EMP02123,saanvi shetty,Other,1977-05-17,49,Single,Chennai,Tamil Nadu,6232363597,,DEP003,Senior Associate,M.Tech,14.7,2024-09-06,Active,,60000,1.0
EMP02124,Vihaan Gupta,Other,1996-06-13,30,Single,Chandigarh,Chandigarh,,vihaan.gupta79@hotmail.com,DEP007,Intern,PhD,29.7,2022-12-25,Active,,130000,4.0
EMP02125,Anil Joshi,Male,1969-04-03,57,Divorced,Bengaluru,Karnataka,8912277671,anil.joshi@outlook.com,DEP002,Intern,B.Tech,15.6,2023-10-29,Active,,130000,1.0
EMP02126,Saanvi Ghosh,Female,1993-06-09,33,Married,Bengaluru,Karnataka,7656607415,saanvi.ghosh425@gmail.com,DEP012,Consultant,B.Tech,8.6,2023-04-05,Active,,80000,5.0
EMP02127,VIKRAM RAO,Other,1993-09-15,32,Divorced,Chandigarh,Chandigarh,6450241977,vikram.rao695@rediffmail.com,DEP005,Senior Analyst,PhD,19.0,2019-08-26,Terminated,2023-02-06,60000,3.0
EMP02128,AJAY AGARWAL,Male,2004-12-23,21,Single,Indore,Madhya Pradesh,9794932919,ajay.agarwal884@yahoo.com,DEP004,Intern,M.Tech,7.2,2019-03-05,On Notice Period,,80000,4.0
EMP02129,KARAN KAPOOR,Male,1966-01-15,60,Divorced,Noida,Uttar Pradesh,8087157082,karan.kapoor322@yahoo.com,DEP001,Associate,M.Sc,0.9,2020-12-04,On Notice Period,,160000,3.0
EMP02130,Kavita Mishra,Female,1984-01-20,42,Divorced,Chennai,Tamil Nadu,9545404093,kavita.mishra407@gmail.com,DEP012,Senior Associate,B.Tech,10.4,2016-06-19,Active,,320000,4.0
EMP02131,Saanvi Menon,Female,1990-01-15,36,Single,Noida,Uttar Pradesh,8186125511,saanvi.menon692@rediffmail.com,DEP012,Intern,M.Tech,21.3,2017-03-30,On Notice Period,,320000,5.0
EMP02132,Ananya Iyer,Female,1995-12-13,30,Divorced,Hyderabad,Telangana,7414935527,ananya.iyer951@hotmail.com,DEP003,Associate,Diploma,9.6,2024-01-06,Active,,130000,2.0
EMP02133,Ritu Chopra,Female,1982-04-09,44,Single,Ghaziabad,Uttar Pradesh,6396109775,ritu.chopra311@outlook.com,DEP007,Analyst,PhD,8.8,2020-07-25,Active,,320000,3.0
EMP02134,Priya Reddy,Female,2001-04-19,25,Divorced,Chennai,Tamil Nadu,7554351749,priya.reddy350@outlook.com,DEP008,Consultant,PhD,10.7,2025-11-08,Active,,320000,5.0
EMP02135,Rohan Kapoor,Male,2004-12-07,21,Divorced,Nagpur,Maharashtra,6163897370,rohan.kapoor215@rediffmail.com,DEP010,Team Lead,PhD,,2016-05-05,Active,,200000,5.0
EMP02136,Sneha Chopra,Other,1972-02-01,54,Single,Surat,Gujarat,8543603679,sneha.chopra21@outlook.com,DEP010,Senior Manager,B.Com,20.8,2020-02-25,On Notice Period,,160000,4.0
EMP02137,Kavya Gupta,Female,1997-08-17,29,Married,Ghaziabad,Uttar Pradesh,8413115956,kavya.gupta951@gmail.com,DEP005,Deputy General Manager,Diploma,20.7,2020-10-13,Resigned,2021-04-01,80000,3.0
EMP02138,Kritika Bose,Female,1972-05-24,54,Divorced,Kolkata,West Bengal,9818339223,kritika.bose498@rediffmail.com,DEP007,Vice President,B.A.,22.2,2019-09-17,Active,,250000,2.0
EMP02139,Aadhya Desai,Other,1998-02-02,28,Single,Chandigarh,Chandigarh,6496533401,aadhya.desai791@hotmail.com,DEP002,General Manager,Diploma,4.5,2025-10-14,Active,,320000,3.0
EMP02140,Kritika Rao,Female,2004-09-03,22,Divorced,Kolkata,West Bengal,,kritika.rao726@yahoo.com,DEP006,Senior Analyst,B.A.,,2025-11-16,On Notice Period,,250000,3.0
EMP02141,Priya Desai,Female,1985-03-02,41,Married,Noida,Uttar Pradesh,9064178353,priya.desai442@outlook.com,DEP003,Associate,B.Com,25.8,2020-09-22,Active,,320000,3.0
EMP02142,Isha Reddy,Other,1970-11-21,55,Single,Jaipur,Rajasthan,6255335920,isha.reddy461@rediffmail.com,DEP006,Senior Analyst,PhD,5.1,2024-11-26,Active,,200000,2.0
EMP02143,Deepak Chopra,Male,1984-09-08,42,Married,Hyderabad,Telangana,8427137993,deepak.chopra873@gmail.com,DEP012,Intern,B.Com,21.3,2023-01-07,Active,,250000,5.0
EMP02144,Kavya Mishra,Female,1981-12-10,44,Single,Indore,Madhya Pradesh,8559818090,kavya.mishra15@yahoo.com,DEP003,Senior Associate,B.Sc,1.2,2019-04-13,Active,,35000,1.0
EMP02145,Saanvi Shetty,Other,1988-12-04,37,Married,Pune,Maharashtra,9406976257,saanvi.shetty109@yahoo.com,DEP004,Assistant Manager,B.Com,29.3,2017-06-27,Resigned,2022-07-02,250000,1.0
EMP02146,Ishaan Yadav,Male,2005-07-06,21,Single,Hyderabad,Telangana,7044636678,ishaan.yadav26@rediffmail.com,DEP009,General Manager,M.Sc,19.9,2021-07-15,Active,,45000,2.0
EMP02147,Shreya Nair,Female,1980-02-05,46,Single,Kolkata,West Bengal,9088708174,shreya.nair647@rediffmail.com,DEP012,Executive,B.Sc,5.6,2022-10-12,Active,,250000,4.0
EMP02148,Kritika Kumar,Other,1977-06-21,49,Married,Jaipur,Rajasthan,6975451253,kritika.kumar575@outlook.com,DEP006,Analyst,MBA,15.5,2017-06-25,Active,,45000,3.0
EMP02149,Ishaan Iyer,Other,1992-10-22,33,Married,Pune,Maharashtra,8831227043,ishaan.iyer503@yahoo.com,DEP002,Team Lead,B.A.,29.4,2021-12-27,Resigned,,250000,5.0
EMP02150,Karan Bose,Other,1985-03-15,41,Single,Indore,Madhya Pradesh,6114218811,karan.bose449@rediffmail.com,DEP009,Senior Manager,B.Tech,13.1,2025-05-19,Active,,200000,4.0
EMP02151,Gaurav Gupta,Male,1983-07-11,43,Single,Kolkata,West Bengal,7260845783,gaurav.gupta910@hotmail.com,DEP003,Associate,B.Tech,20.2,2024-07-23,Active,,130000,2.0
EMP02152,Vivaan Reddy,Male,1967-02-23,59,Divorced,Lucknow,Uttar Pradesh,6718270826,vivaan.reddy910@yahoo.com,DEP005,Vice President,B.Tech,0.0,2019-02-10,On Notice Period,,320000,1.0
EMP02153,Pooja Reddy,Other,1995-06-21,31,Married,Bengaluru,Karnataka,8441894216,pooja.reddy@hotmail.com,DEP007,Assistant Manager,B.Tech,2.0,2024-03-07,Resigned,,25000,2.0
EMP02154,Pooja Pillai,Female,1976-03-23,50,Divorced,Noida,Uttar Pradesh,9985055351,,DEP009,Vice President,B.Sc,15.6,2025-05-28,Active,,100000,4.0
EMP02155,Aman Nair,Male,1983-03-10,43,Married,Nagpur,Maharashtra,7600097970,aman.nair857@rediffmail.com,DEP003,Consultant,B.Sc,41.7,2016-05-09,Active,,250000,3.0
EMP02156,Kavya Ghosh,Female,1976-12-06,49,Married,Kolkata,West Bengal,6477779161,kavya.ghosh71@outlook.com,DEP002,Team Lead,PhD,9.2,2019-06-17,Active,,60000,2.0
EMP02157,Rahul Patel,Male,1985-03-24,41,Divorced,Jaipur,Rajasthan,6872472352,rahul.patel645@gmail.com,DEP010,Associate,B.Tech,0.9,2022-02-26,Active,,35000,3.0
EMP02158,Isha Sharma,Female,1990-09-15,35,Single,Pune,Maharashtra,8594971165,isha.sharma258@rediffmail.com,DEP008,Intern,B.Tech,6.7,2015-01-27,Terminated,2018-02-04,35000,5.0
EMP02159,Vikram Menon,Male,1984-09-08,42,Married,Indore,Madhya Pradesh,9125759091,vikram.menon851@hotmail.com,DEP001,Vice President,PhD,0.3,2020-04-11,Terminated,2022-08-29,35000,3.0
EMP02160,Sneha Kapoor,Female,1985-02-11,41,Married,Chennai,Tamil Nadu,,sneha.kapoor441@yahoo.com,DEP008,Senior Analyst,MBA,0.1,2015-09-05,Active,,100000,4.0
EMP02161,Aadhya Bansal,Other,1974-07-27,52,Single,Noida,Uttar Pradesh,9344446408,aadhya.bansal841@yahoo.com,DEP003,Senior Analyst,Diploma,9.9,2025-02-11,Resigned,,160000,2.0
EMP02162,Sanjay Chopra,Male,1974-05-09,52,Divorced,Noida,Uttar Pradesh,6386539372,sanjay.chopra981@yahoo.com,DEP001,Senior Manager,Diploma,5.7,2022-10-23,Terminated,,25000,4.0
EMP02163,Ajay Chopra,Male,1987-05-12,39,Married,Nagpur,Maharashtra,8760561920,ajay.chopra308@outlook.com,DEP009,Associate,B.Tech,5.4,2021-03-05,Active,,320000,3.0
EMP02164,Naveen Pillai,Other,1970-10-02,55,Divorced,Coimbatore,Tamil Nadu,9475780400,naveen.pillai248@outlook.com,DEP011,Manager,B.Com,12.5,2021-07-11,Active,,25000,5.0
EMP02165,Riya Joshi,Other,1967-04-10,59,Divorced,Surat,Gujarat,8167813607,riya.joshi232@outlook.com,DEP001,General Manager,M.Com,23.2,2017-06-29,Active,,200000,4.0
EMP02166,Neha Menon,Other,1974-05-14,52,Married,Lucknow,Uttar Pradesh,6180727832,neha.menon268@yahoo.com,DEP001,Deputy General Manager,B.Tech,22.5,2018-07-02,Resigned,2018-10-15,130000,3.0
EMP02167,Anil Kumar,Male,1979-03-23,47,Divorced,Ahmedabad,Gujarat,9113306029,anil.kumar201@gmail.com,DEP012,Deputy General Manager,B.Tech,10.2,2023-02-10,Terminated,2024-06-03,35000,4.0
EMP02168,Swati Gupta,Other,1984-05-07,42,Single,Delhi,Delhi,6260230091,swati.gupta588@rediffmail.com,DEP007,Senior Manager,MBA,8.5,2018-11-21,Active,,160000,2.0
EMP02169,Suresh Malhotra,Other,2005-01-08,21,Single,Hyderabad,Telangana,6443270739,suresh.malhotra136@rediffmail.com,DEP009,Intern,B.Tech,,2025-04-04,Active,,250000,3.0
EMP02170,Aarav Sharma,Other,1983-10-27,42,Divorced,Mumbai,Maharashtra,6493553663,aarav.sharma953@hotmail.com,DEP001,Team Lead,B.Sc,4.8,2023-08-04,On Notice Period,,35000,5.0
EMP02171,Kavya Sharma,Female,1991-05-18,35,Married,Pune,Maharashtra,7042562831,kavya.sharma576@outlook.com,DEP007,Consultant,B.A.,27.4,2018-06-29,Active,,320000,2.0
EMP02172,Ananya Rao,Other,1970-03-06,56,Single,Nagpur,Maharashtra,9849868493,ananya.rao669@gmail.com,DEP003,Senior Analyst,B.Tech,11.8,2022-02-26,On Notice Period,,60000,3.0
EMP02173,Manish Verma,Other,2004-06-23,22,Divorced,Jaipur,Rajasthan,9288014035,manish.verma764@yahoo.com,DEP003,Senior Manager,M.Tech,,2023-10-21,Resigned,,45000,3.0
EMP02174,Rekha Desai,Other,1974-02-22,52,Married,Nagpur,Maharashtra,,rekha.desai294@hotmail.com,DEP011,Senior Analyst,B.A.,29.6,2016-03-05,Terminated,2018-08-17,25000,2.0
EMP02175,Aarav Singh,Male,1966-10-22,59,Divorced,Mumbai,Maharashtra,7350654639,aarav.singh553@gmail.com,DEP009,Manager,M.Sc,27.3,2015-09-25,Active,,250000,2.0
EMP02176,Sarika Gupta,Female,1982-10-14,43,Married,Coimbatore,Tamil Nadu,9916852307,sarika.gupta@gmail.com,DEP001,Consultant,B.Com,6.7,2017-12-04,Active,,320000,4.0
EMP02177,Saanvi Ghosh,Female,1985-03-09,41,Married,Mumbai,Maharashtra,6735656212,saanvi.ghosh125@gmail.com,DEP006,Intern,M.Sc,7.1,2019-10-06,Active,,320000,3.0
EMP02178,Arjun Shetty,Other,1967-04-28,59,Married,Lucknow,Uttar Pradesh,8655775976,arjun.shetty115@outlook.com,DEP009,Senior Associate,Diploma,21.2,2022-05-14,Terminated,,130000,4.0
EMP02179,Aarav Patel,Male,1997-01-01,29,Single,Bengaluru,Karnataka,,aarav.patel363@outlook.com,DEP009,Senior Analyst,B.Com,3.4,2018-07-14,Active,,35000,5.0
EMP02180,Meera Mishra,Other,1995-08-17,31,Married,Delhi,Delhi,9622583619,meera.mishra563@outlook.com,DEP004,Executive,B.Com,12.6,2015-07-22,Active,,35000,4.0
EMP02181,Ramesh Pillai,Male,2001-08-18,25,Married,Surat,Gujarat,7709415721,ramesh.pillai228@outlook.com,DEP004,Vice President,MBA,20.8,2023-12-29,Terminated,2024-08-17,320000,1.0
EMP02182,Pooja Ghosh,Female,1980-09-21,45,Married,Kolkata,West Bengal,9123071821,pooja.ghosh627@hotmail.com,DEP011,Intern,B.Sc,2.6,2023-10-04,On Notice Period,,80000,3.0
EMP02183,GAURAV CHAUDHARY,Male,1992-03-10,34,Single,Surat,Gujarat,9851759296,gaurav.chaudhary669@rediffmail.com,DEP003,Assistant Manager,B.A.,27.3,2026-05-14,Resigned,,80000,4.0
EMP02184,Swati Singh,Female,1981-10-27,44,Divorced,Pune,Maharashtra,6318286286,swati.singh568@gmail.com,DEP004,Senior Manager,MBA,21.9,2018-02-12,Active,,160000,1.0
EMP02185,Ishaan Sharma,Male,1981-05-02,45,Divorced,Pune,Maharashtra,9365685363,ishaan.sharma442@outlook.com,DEP011,Intern,B.Com,11.9,2020-07-15,Active,,320000,2.0
EMP02186,Nikhil Sharma,Other,1969-07-19,57,Divorced,Pune,Maharashtra,9139363185,nikhil.sharma494@yahoo.com,DEP003,Senior Associate,Diploma,12.2,2016-04-29,Resigned,2018-03-31,35000,5.0
EMP02187,Myra Verma,Other,1982-09-02,44,Single,Ghaziabad,Uttar Pradesh,9679473675,myra.verma100@gmail.com,DEP010,Analyst,B.Com,15.9,2025-04-01,Terminated,,100000,3.0
EMP02188,Aadhya Mishra,Female,1987-05-07,39,Married,Ahmedabad,Gujarat,8940781043,aadhya.mishra616@gmail.com,DEP010,Analyst,B.A.,7.6,2022-11-28,Resigned,,60000,1.0
EMP02189,Nisha Verma,Other,1973-07-17,53,Single,Bengaluru,Karnataka,9830427350,nisha.verma812@gmail.com,DEP007,Assistant Manager,M.Tech,15.5,2024-08-22,Active,,100000,2.0
EMP02190,Reyansh Malhotra,Other,1971-11-06,54,Married,Mumbai,Maharashtra,7260070487,reyansh.malhotra198@outlook.com,DEP011,Consultant,M.Tech,12.6,2016-12-08,Active,,25000,4.0
EMP02191,Aman Bansal,Male,1996-11-22,29,Single,Jaipur,Rajasthan,6921326511,aman.bansal537@yahoo.com,DEP001,Manager,B.Tech,25.2,2021-09-04,Active,,160000,4.0
EMP02192,Ramesh Menon,Other,1995-10-25,30,Divorced,Ghaziabad,Uttar Pradesh,7661019200,ramesh.menon352@hotmail.com,DEP002,Consultant,B.Com,8.7,2026-01-30,Terminated,,160000,2.0
EMP02193,Kavya Patel,Female,1998-12-07,27,Single,Indore,Madhya Pradesh,8353246969,kavya.patel262@hotmail.com,DEP003,General Manager,Diploma,24.0,2018-12-01,On Notice Period,,250000,1.0
EMP02194,Kavya Bose,Female,2001-08-22,25,Single,Chandigarh,Chandigarh,7380388354,kavya.bose654@outlook.com,DEP006,General Manager,M.Tech,8.2,2015-10-17,Active,,60000,3.0
EMP02195,ajay rao,Other,1990-01-16,36,Divorced,Ghaziabad,Uttar Pradesh,9032402711,ajay.rao336@hotmail.com,DEP004,Senior Associate,B.A.,9.4,2015-01-26,Resigned,2016-01-30,25000,2.0
EMP02196,Krishna Chaudhary,Male,1971-09-17,54,Married,Pune,Maharashtra,6805177792,krishna.chaudhary999@gmail.com,DEP008,Executive,PhD,19.2,2015-12-25,Terminated,2017-02-04,100000,3.0
EMP02197,Rahul Bose,Male,1992-08-20,34,Married,Hyderabad,Telangana,9788651612,rahul.bose303@gmail.com,DEP010,Senior Associate,B.Tech,15.6,2021-08-24,Active,,130000,1.0
EMP02198,Aarav Sharma,Other,1994-02-27,32,Single,Ghaziabad,Uttar Pradesh,8247076060,aarav.sharma229@outlook.com,DEP005,Manager,M.Com,8.2,2024-05-01,Active,,45000,4.0
EMP02199,Isha Bose,Other,1989-11-09,36,Divorced,Mumbai,Maharashtra,8591335388,isha.bose755@rediffmail.com,DEP003,Senior Manager,M.Sc,23.6,2018-01-29,On Notice Period,,45000,2.0
EMP02200,Priya Bose,Female,1998-10-17,27,Single,Nagpur,Maharashtra,7381661827,priya.bose163@rediffmail.com,DEP011,General Manager,MBA,15.7,2021-04-01,Active,,35000,3.0
EMP02201,Sneha Iyer,Other,2001-07-10,25,Divorced,Hyderabad,Telangana,7206917142,sneha.iyer@yahoo.com,DEP003,Assistant Manager,Diploma,,2019-06-08,Active,,35000,1.0
EMP02202,Gaurav Gupta,Male,1976-06-23,50,Divorced,Indore,Madhya Pradesh,7032159036,gaurav.gupta653@gmail.com,DEP007,Analyst,PhD,7.9,2016-08-21,Active,,45000,3.0
EMP02203,Kritika Mishra,Female,1973-08-11,53,Single,Delhi,Delhi,8343021820,kritika.mishra334@rediffmail.com,DEP007,Team Lead,M.Sc,8.3,2024-09-15,On Notice Period,,60000,5.0
EMP02204,Deepak Iyer,Male,1999-07-06,27,Single,Jaipur,Rajasthan,7280511976,deepak.iyer893@outlook.com,DEP012,General Manager,MBA,7.8,2019-11-02,Active,,250000,3.0
EMP02205,Myra Yadav,Female,1998-02-15,28,Single,Indore,Madhya Pradesh,8393917413,myra.yadav573@gmail.com,DEP010,Associate,PhD,0.6,2017-05-04,Active,,45000,4.0
EMP02206,Vikram Joshi,Male,2000-11-13,25,Married,Ghaziabad,Uttar Pradesh,8255538178,vikram.joshi757@hotmail.com,DEP011,Vice President,Diploma,6.1,2017-11-23,Terminated,2021-03-17,60000,2.0
EMP02207,Divya Kumar,Female,1985-11-07,40,Married,Delhi,Delhi,9212534849,divya.kumar958@outlook.com,DEP005,Senior Analyst,PhD,14.3,2017-08-10,Active,,45000,1.0
EMP02208,Kavita Bose,Female,1996-12-23,29,Divorced,Bengaluru,Karnataka,8113018433,kavita.bose369@hotmail.com,DEP003,Analyst,Diploma,7.3,2017-08-07,Active,,35000,3.0
EMP02209,Krishna Chopra,Male,1974-08-13,52,Single,Ahmedabad,Gujarat,7334775794,krishna.chopra129@hotmail.com,DEP006,Senior Analyst,B.Com,18.1,2020-08-21,Active,,35000,2.0
EMP02210,Priya Rao,Other,1981-06-14,45,Married,Ghaziabad,Uttar Pradesh,8531115847,priya.rao401@yahoo.com,DEP006,Analyst,M.Sc,18.5,2016-02-07,Terminated,2018-03-23,60000,3.0
EMP02211,Krishna Verma,Male,1996-05-01,30,Married,Bengaluru,Karnataka,9823355158,krishna.verma89@outlook.com,DEP003,Assistant Manager,PhD,27.1,2015-01-11,Active,,25000,1.0
EMP02212,Krishna Shetty,Male,1997-05-05,29,Divorced,Mumbai,Maharashtra,,krishna.shetty293@gmail.com,DEP009,Executive,M.Sc,3.2,2026-02-28,Active,,80000,4.0
EMP02213,Myra Sharma,Female,2000-12-20,25,Divorced,Noida,Uttar Pradesh,8110456236,myra.sharma546@outlook.com,DEP007,Manager,B.A.,7.8,2025-09-17,Active,,200000,3.0
EMP02214,Gaurav Bose,Male,1975-08-26,51,Single,Noida,Uttar Pradesh,8332683513,gaurav.bose281@yahoo.com,DEP002,Associate,B.Com,22.9,2019-08-19,Terminated,2023-03-09,160000,3.0
EMP02215,Suresh Rao,Male,1970-09-07,56,Married,Bengaluru,Karnataka,6357985314,suresh.rao110@yahoo.com,DEP010,Consultant,B.Tech,20.3,2022-05-15,Active,,35000,1.0
EMP02216,Rekha Reddy,Other,1985-10-19,40,Divorced,Bengaluru,Karnataka,8368449984,rekha.reddy760@gmail.com,DEP005,General Manager,M.Com,0.9,2017-01-29,Active,,250000,2.0
EMP02217,Riya Kapoor,Other,1979-02-10,47,Single,Surat,Gujarat,6772601563,riya.kapoor992@outlook.com,DEP012,Manager,B.Sc,7.4,2022-09-16,Active,,60000,5.0
EMP02218,Ananya Gupta,Female,1984-11-01,41,Married,Coimbatore,Tamil Nadu,7813415361,ananya.gupta698@rediffmail.com,DEP008,Senior Associate,Diploma,19.0,2022-03-17,Active,,320000,2.0
EMP02219,Diya Menon,Other,1981-07-10,45,Single,Ahmedabad,Gujarat,7713309213,diya.menon147@gmail.com,DEP005,Vice President,B.Tech,29.2,2025-03-30,Active,,200000,2.0
EMP02220,manish rao,Male,1976-10-01,49,Married,Chandigarh,Chandigarh,8108046598,manish.rao572@outlook.com,DEP010,Intern,M.Com,29.8,2022-01-23,Terminated,2025-03-23,80000,5.0
EMP02221,Anjali Bansal,Other,1994-11-28,31,Single,Pune,Maharashtra,7005573320,anjali.bansal903@yahoo.com,DEP001,Assistant Manager,PhD,6.3,2024-06-16,Active,,45000,5.0
EMP02222,Isha Malhotra,Other,1990-07-02,36,Single,Hyderabad,Telangana,8330509141,isha.malhotra43@yahoo.com,DEP002,Associate,MBA,2.3,2023-04-11,Active,,200000,5.0
EMP02223,Reyansh Kapoor,Other,2002-01-01,24,Divorced,Jaipur,Rajasthan,6192672189,reyansh.kapoor647@rediffmail.com,DEP010,Senior Manager,PhD,12.7,2022-03-24,Active,,25000,2.0
EMP02224,Kavita Nair,Female,1993-11-01,32,Single,Ghaziabad,Uttar Pradesh,8514868069,kavita.nair400@hotmail.com,DEP012,Senior Analyst,M.Sc,4.9,2023-01-09,On Notice Period,,80000,3.0
EMP02225,Karan Menon,Male,1987-03-03,39,Single,Pune,Maharashtra,9823576971,karan.menon650@rediffmail.com,DEP010,Executive,MBA,8.2,2016-04-09,Active,,35000,2.0
EMP02226,Aarav Joshi,Male,1977-03-01,49,Single,Pune,Maharashtra,8826948834,aarav.joshi877@gmail.com,DEP008,Analyst,M.Tech,8.8,2023-01-24,Terminated,2025-10-31,100000,4.0
EMP02227,Nikhil Joshi,Male,1971-09-18,54,Single,Nagpur,Maharashtra,7767106360,,DEP005,Analyst,B.Com,4.9,2017-11-18,Resigned,2023-02-23,100000,3.0
EMP02228,Krishna Shetty,Other,1984-08-22,42,Married,Ghaziabad,Uttar Pradesh,6053708181,krishna.shetty181@gmail.com,DEP003,Assistant Manager,M.Sc,23.2,2023-04-09,Active,,100000,5.0
EMP02229,Shreya Nair,Other,2000-06-25,26,Single,Indore,Madhya Pradesh,6595329718,shreya.nair236@yahoo.com,DEP012,Team Lead,M.Sc,9.4,2015-04-16,On Notice Period,,45000,3.0
EMP02230,Riya Joshi,Other,1998-08-22,28,Single,Ahmedabad,Gujarat,6940890078,riya.joshi452@yahoo.com,DEP006,Manager,PhD,25.8,2026-03-06,Active,,200000,4.0
EMP02231,Vikram Iyer,Other,1970-05-05,56,Married,Jaipur,Rajasthan,7911887835,vikram.iyer738@hotmail.com,DEP007,Team Lead,Diploma,26.8,2020-09-17,Terminated,2021-11-02,250000,3.0
EMP02232,Shreya Bose,Female,1968-03-14,58,Divorced,Coimbatore,Tamil Nadu,6412709168,shreya.bose480@hotmail.com,DEP007,Deputy General Manager,B.Com,12.1,2022-11-07,Active,,160000,1.0
EMP02233,PRIYA MISHRA,Other,2002-04-24,24,Divorced,Kolkata,West Bengal,7878598665,priya.mishra151@rediffmail.com,DEP001,Manager,B.Sc,,2022-08-31,Resigned,2024-08-03,320000,5.0
EMP02234,Nikhil Nair,Male,1992-04-27,34,Married,Noida,Uttar Pradesh,7453005133,nikhil.nair300@hotmail.com,DEP005,Analyst,B.Tech,1.3,2020-05-01,Terminated,2023-04-13,320000,4.0
EMP02235,Ananya Desai,Female,1970-11-18,55,Single,Hyderabad,Telangana,,ananya.desai10@yahoo.com,DEP004,Analyst,B.Com,15.1,2016-07-15,Active,,60000,3.0
EMP02236,Arjun Desai,Other,1991-07-27,35,Divorced,Ahmedabad,Gujarat,6304640828,arjun.desai191@rediffmail.com,DEP011,Executive,B.Sc,6.6,2017-10-11,On Notice Period,,250000,3.0
EMP02237,Reyansh Rao,Male,1969-02-20,57,Single,Jaipur,Rajasthan,6481667497,reyansh.rao247@yahoo.com,DEP008,Intern,B.A.,17.5,2017-12-13,Resigned,2024-04-28,100000,3.0
EMP02238,Rohan Menon,Male,2002-04-21,24,Divorced,Chandigarh,Chandigarh,8457144651,rohan.menon32@gmail.com,DEP004,Associate,B.Tech,10.5,2026-02-05,On Notice Period,,80000,3.0
EMP02239,Riya Mishra,Female,1973-04-27,53,Married,Chennai,Tamil Nadu,8619543676,riya.mishra568@outlook.com,DEP005,Senior Analyst,M.Sc,1.5,2019-09-14,Resigned,2022-08-10,200000,5.0
EMP02240,isha sharma,Female,1979-03-20,47,Divorced,Pune,Maharashtra,7637101197,isha.sharma762@yahoo.com,DEP005,Manager,B.Sc,8.4,2023-07-13,Active,,100000,5.0
EMP02241,Sanjay Gupta,Male,1991-12-09,34,Married,Lucknow,Uttar Pradesh,8637350570,sanjay.gupta730@outlook.com,DEP008,Senior Analyst,B.A.,7.6,2022-01-04,Terminated,2024-08-05,320000,1.0
EMP02242,Rahul Mishra,Male,2003-08-18,23,Married,Delhi,Delhi,9634617728,rahul.mishra470@hotmail.com,DEP010,Senior Analyst,B.Sc,15.3,2015-07-01,Active,,100000,1.0
EMP02243,PRIYA DESAI,Female,1997-07-11,29,Married,Nagpur,Maharashtra,9189805063,priya.desai61@outlook.com,DEP010,Team Lead,PhD,7.5,2017-01-05,Terminated,2023-01-23,60000,3.0
EMP02244,Aarav Singh,Other,1966-05-03,60,Single,Kolkata,West Bengal,7185081200,aarav.singh967@gmail.com,DEP011,General Manager,B.Tech,7.5,2021-12-27,On Notice Period,,250000,3.0
EMP02245,Meera Reddy,Female,1975-07-05,51,Single,Lucknow,Uttar Pradesh,7507505274,meera.reddy777@gmail.com,DEP003,Senior Associate,PhD,14.2,2019-01-05,Resigned,2020-12-05,200000,1.0
EMP02246,Sarika Chopra,Female,1984-04-18,42,Married,Lucknow,Uttar Pradesh,7536373085,sarika.chopra966@yahoo.com,DEP009,Analyst,MBA,19.6,2021-01-15,Active,,45000,2.0
EMP02247,Naveen Menon,Male,2000-10-07,25,Divorced,Lucknow,Uttar Pradesh,8031548617,naveen.menon890@gmail.com,DEP008,Manager,B.Tech,17.8,2017-05-27,Active,,80000,3.0
EMP02248,Rahul Agarwal,Male,1985-08-01,41,Single,Delhi,Delhi,6581806189,rahul.agarwal440@rediffmail.com,DEP007,Associate,M.Tech,6.5,2016-12-02,Active,,100000,5.0
EMP02249,Ishaan Chopra,Other,1975-12-28,50,Married,Coimbatore,Tamil Nadu,6083485813,ishaan.chopra485@outlook.com,DEP001,Consultant,B.Com,24.4,2023-05-26,Terminated,2025-10-09,250000,3.0
EMP02250,Deepak Yadav,Male,1980-01-21,46,Single,Chandigarh,Chandigarh,6422283190,,DEP009,General Manager,B.Com,17.6,2023-02-13,On Notice Period,,160000,4.0
EMP02251,Ananya Desai,Female,1997-09-05,29,Married,Noida,Uttar Pradesh,8283419773,ananya.desai6@hotmail.com,DEP001,Manager,Diploma,,2018-05-29,Active,,200000,4.0
EMP02252,Myra Chaudhary,Female,1996-07-18,30,Single,Lucknow,Uttar Pradesh,9983375393,myra.chaudhary567@rediffmail.com,DEP012,Assistant Manager,B.Sc,2.7,2023-04-07,Terminated,,80000,3.0
EMP02253,Reyansh Sharma,Other,2002-06-02,24,Single,Noida,Uttar Pradesh,9074078596,reyansh.sharma890@gmail.com,DEP004,Assistant Manager,B.Tech,20.4,2023-09-01,Terminated,,250000,1.0
EMP02254,Rekha Kumar,Female,1996-06-03,30,Divorced,Hyderabad,Telangana,9088169167,rekha.kumar74@yahoo.com,DEP004,Manager,B.A.,0.1,2018-09-19,Active,,25000,2.0
EMP02255,Pooja Gupta,Other,1987-02-07,39,Single,Ghaziabad,Uttar Pradesh,6142571409,pooja.gupta384@gmail.com,DEP009,Deputy General Manager,B.A.,0.9,2023-01-28,Resigned,,250000,1.0
EMP02256,Ishaan Nair,Male,2004-11-18,21,Single,Mumbai,Maharashtra,6158214480,ishaan.nair646@outlook.com,DEP011,Deputy General Manager,B.Tech,13.9,2015-12-01,On Notice Period,,80000,3.0
EMP02257,Riya Bose,Female,1982-04-25,44,Married,Delhi,Delhi,8297399352,riya.bose594@outlook.com,DEP005,Senior Analyst,Diploma,13.4,2017-08-15,Resigned,2024-01-12,35000,2.0
EMP02258,Vihaan Patel,Male,1994-03-12,32,Married,Nagpur,Maharashtra,8283018048,vihaan.patel303@rediffmail.com,DEP006,Executive,M.Tech,25.0,2016-04-05,Active,,60000,5.0
EMP02259,Meera Desai,Female,1992-10-14,33,Married,Indore,Madhya Pradesh,9229670677,meera.desai267@rediffmail.com,DEP002,Vice President,M.Com,17.5,2015-12-27,Resigned,2021-11-23,130000,1.0
EMP02260,Saurabh Patel,Male,1987-02-13,39,Single,Mumbai,Maharashtra,6168826739,saurabh.patel696@outlook.com,DEP006,Senior Analyst,B.Sc,29.1,2024-09-27,On Notice Period,,130000,5.0
EMP02261,Isha Bansal,Other,1973-02-22,53,Divorced,Hyderabad,Telangana,8218271216,isha.bansal407@gmail.com,DEP006,Intern,B.A.,1.3,2024-04-02,Active,,100000,4.0
EMP02262,Saanvi Verma,Other,1970-12-17,55,Divorced,Kolkata,West Bengal,7169805367,saanvi.verma239@rediffmail.com,DEP011,Analyst,MBA,23.3,2018-05-26,On Notice Period,,320000,1.0
EMP02263,Anil Verma,Other,1995-04-03,31,Married,Jaipur,Rajasthan,9965198284,anil.verma661@yahoo.com,DEP007,Assistant Manager,B.Com,9.6,2026-03-07,On Notice Period,,60000,1.0
EMP02264,Myra Sharma,Female,1997-02-04,29,Divorced,Pune,Maharashtra,6423744358,myra.sharma957@rediffmail.com,DEP003,Senior Associate,Diploma,7.6,2023-01-27,Active,,160000,5.0
EMP02265,Aadhya Kumar,Female,2004-06-24,22,Married,Bengaluru,Karnataka,6734953274,aadhya.kumar525@gmail.com,DEP008,Consultant,MBA,19.0,2025-09-30,Terminated,,35000,1.0
EMP02266,Aman Yadav,Male,2000-11-08,25,Single,Chandigarh,Chandigarh,8090795736,aman.yadav758@yahoo.com,DEP012,Associate,M.Com,3.8,2017-08-18,Terminated,2020-07-09,45000,2.0
EMP02267,Diya Reddy,Female,1966-05-14,60,Single,Chandigarh,Chandigarh,7542170666,,DEP009,Senior Associate,Diploma,18.6,2024-02-21,Terminated,,25000,5.0
EMP02268,Vihaan Bose,Other,1974-07-07,52,Divorced,Ghaziabad,Uttar Pradesh,9231301160,vihaan.bose259@yahoo.com,DEP004,Manager,M.Sc,21.9,2016-08-02,Active,,80000,4.0
EMP02269,Diya Gupta,Female,1966-12-02,59,Single,Chennai,Tamil Nadu,6523864378,diya.gupta594@outlook.com,DEP004,Team Lead,B.Com,7.8,2015-12-18,Active,,35000,4.0
EMP02270,Swati Ghosh,Other,1981-02-18,45,Divorced,Jaipur,Rajasthan,8950081045,swati.ghosh29@outlook.com,DEP007,Analyst,PhD,8.0,2018-08-15,Resigned,2020-01-23,80000,5.0
EMP02271,Karan Sharma,Male,1980-11-04,45,Divorced,Kolkata,West Bengal,7757561568,karan.sharma253@hotmail.com,DEP003,Analyst,Diploma,26.3,2017-03-22,Active,,200000,5.0
EMP02272,Reyansh Iyer,Other,1988-01-21,38,Single,Nagpur,Maharashtra,6288142917,reyansh.iyer307@rediffmail.com,DEP001,Vice President,Diploma,4.4,2016-05-16,Active,,80000,1.0
EMP02273,Divya Reddy,Other,1992-10-02,33,Married,Ahmedabad,Gujarat,6879791372,divya.reddy395@rediffmail.com,DEP004,Assistant Manager,B.Tech,29.5,2019-02-28,Terminated,2023-12-21,200000,1.0
EMP02274,Vivaan Gupta,Male,1988-12-26,37,Married,Ghaziabad,Uttar Pradesh,6150829987,vivaan.gupta892@hotmail.com,DEP002,Senior Manager,B.Tech,3.9,2019-01-09,Active,,320000,1.0
EMP02275,Aadhya Yadav,Female,1976-09-19,49,Married,Chennai,Tamil Nadu,9122820326,aadhya.yadav868@rediffmail.com,DEP010,Assistant Manager,Diploma,19.9,2017-07-06,Active,,80000,5.0
EMP02276,Nikhil Bansal,Other,1990-11-10,35,Single,Hyderabad,Telangana,8352278139,nikhil.bansal715@rediffmail.com,DEP008,Manager,B.Com,12.2,2016-04-14,Active,,160000,4.0
EMP02277,Nikhil Joshi,Male,1995-01-22,31,Married,Bengaluru,Karnataka,8196664384,nikhil.joshi841@hotmail.com,DEP001,Associate,B.Com,0.1,2018-11-22,Terminated,2022-11-16,60000,1.0
EMP02278,Kavya Chaudhary,Other,1969-11-10,56,Single,Lucknow,Uttar Pradesh,9297416682,kavya.chaudhary627@rediffmail.com,DEP007,Vice President,B.Sc,24.7,2021-03-11,Terminated,2022-12-29,250000,3.0
EMP02279,Nisha Yadav,Female,1995-07-21,31,Divorced,Hyderabad,Telangana,7089103946,nisha.yadav912@gmail.com,DEP011,Vice President,M.Sc,29.5,2025-04-14,Active,,250000,3.0
EMP02280,Vivaan Joshi,Male,1992-06-02,34,Divorced,Kolkata,West Bengal,,vivaan.joshi443@outlook.com,DEP007,General Manager,MBA,18.0,2020-07-18,Terminated,2025-12-27,60000,2.0
EMP02281,Nikhil Reddy,Male,1983-05-22,43,Married,Ghaziabad,Uttar Pradesh,9224362468,nikhil.reddy706@hotmail.com,DEP003,Team Lead,M.Tech,12.4,2022-10-25,Active,,100000,2.0
EMP02282,Rohan Pillai,Male,1970-04-10,56,Single,Coimbatore,Tamil Nadu,9564815984,rohan.pillai452@gmail.com,DEP003,Assistant Manager,M.Com,29.5,2017-05-03,Resigned,2019-10-05,80000,1.0
EMP02283,Karan Desai,Male,1990-06-04,36,Married,Lucknow,Uttar Pradesh,6248638046,karan.desai18@hotmail.com,DEP002,Senior Associate,M.Tech,21.2,2017-10-03,Active,,25000,5.0
EMP02284,Rekha Reddy,Female,2001-09-06,25,Single,Surat,Gujarat,6763013161,rekha.reddy552@rediffmail.com,DEP003,General Manager,B.Tech,6.4,2023-05-11,On Notice Period,,80000,1.0
EMP02285,Gaurav Pillai,Other,1994-06-27,32,Single,Hyderabad,Telangana,6607234810,gaurav.pillai205@yahoo.com,DEP003,General Manager,MBA,14.4,2015-07-06,Active,,35000,2.0
EMP02286,Gaurav Iyer,Male,1982-01-21,44,Single,Chandigarh,Chandigarh,,gaurav.iyer836@yahoo.com,DEP003,Senior Manager,M.Tech,6.8,2025-01-12,Resigned,,100000,2.0
EMP02287,Swati Gupta,Female,1969-05-07,57,Married,Mumbai,Maharashtra,8155459841,swati.gupta266@yahoo.com,DEP008,Analyst,B.Sc,4.6,2021-09-08,Active,,60000,4.0
EMP02288,Saanvi Reddy,Female,1980-06-10,46,Married,Chennai,Tamil Nadu,7870381132,saanvi.reddy428@rediffmail.com,DEP004,Analyst,PhD,25.1,2025-08-15,Active,,35000,5.0
EMP02289,Sunita Kapoor,Female,2003-08-20,23,Single,Surat,Gujarat,6023015400,sunita.kapoor848@rediffmail.com,DEP010,Analyst,MBA,,2021-06-20,Active,,35000,4.0
EMP02290,Aadhya Joshi,Other,1986-11-14,39,Single,Indore,Madhya Pradesh,6506289159,aadhya.joshi274@gmail.com,DEP002,Assistant Manager,M.Tech,24.6,2019-12-21,Active,,160000,5.0
EMP02291,Kavya Yadav,Other,1971-11-08,54,Married,Kolkata,West Bengal,6928808387,kavya.yadav34@gmail.com,DEP003,Executive,Diploma,10.8,2025-04-10,Active,,100000,4.0
EMP02292,Deepak Menon,Male,1966-09-13,59,Single,Jaipur,Rajasthan,9891579526,deepak.menon438@outlook.com,DEP003,Associate,M.Com,24.5,2015-02-22,Resigned,2019-02-18,250000,3.0
EMP02293,Ananya Bose,Other,1981-12-26,44,Divorced,Delhi,Delhi,7561809099,ananya.bose799@outlook.com,DEP006,Deputy General Manager,M.Com,26.2,2019-09-11,Terminated,2020-05-07,45000,5.0
EMP02294,Gaurav Chaudhary,Male,1990-03-04,36,Divorced,Indore,Madhya Pradesh,9018239087,gaurav.chaudhary710@hotmail.com,DEP012,Analyst,M.Sc,6.6,2024-10-03,Active,,200000,1.0
EMP02295,Gaurav Sharma,Male,1973-07-04,53,Married,Noida,Uttar Pradesh,7041151887,gaurav.sharma538@gmail.com,DEP003,Assistant Manager,M.Sc,18.6,2018-07-25,Terminated,2021-09-26,160000,4.0
EMP02296,naveen chaudhary,Other,1982-06-14,44,Single,Pune,Maharashtra,9593459737,naveen.chaudhary850@gmail.com,DEP012,Assistant Manager,M.Sc,7.3,2016-02-16,Resigned,2018-11-20,250000,5.0
EMP02297,Rohan Bose,Male,1990-04-12,36,Divorced,Kolkata,West Bengal,8117220382,rohan.bose206@hotmail.com,DEP012,Deputy General Manager,B.A.,14.2,2020-12-29,Active,,25000,5.0
EMP02298,Ajay Kumar,Male,1967-11-04,58,Married,Hyderabad,Telangana,8631786340,ajay.kumar776@hotmail.com,DEP010,Team Lead,B.Tech,7.9,2018-01-02,Terminated,2020-05-11,35000,5.0
EMP02299,Reyansh Gupta,Male,1995-04-08,31,Divorced,Ahmedabad,Gujarat,6452128777,reyansh.gupta301@hotmail.com,DEP001,Team Lead,MBA,27.9,2022-10-13,Active,,100000,1.0
EMP02300,Anjali Bansal,Female,1975-08-11,51,Married,Indore,Madhya Pradesh,,anjali.bansal453@yahoo.com,DEP008,Analyst,B.A.,11.3,2024-12-22,Active,,60000,1.0
EMP02301,Krishna Joshi,Male,1995-08-21,31,Married,Jaipur,Rajasthan,7336936716,krishna.joshi@hotmail.com,DEP007,Consultant,Diploma,21.9,2021-09-13,On Notice Period,,320000,1.0
EMP02302,Naveen Kumar,Male,1981-09-28,44,Single,Chennai,Tamil Nadu,6846993287,naveen.kumar998@hotmail.com,DEP008,Team Lead,M.Tech,18.1,2015-05-29,Active,,45000,4.0
EMP02303,ishaan singh,Male,1986-06-21,40,Single,Coimbatore,Tamil Nadu,9346960842,ishaan.singh340@hotmail.com,DEP004,Associate,Diploma,22.9,2023-10-23,On Notice Period,,160000,1.0
EMP02304,Rahul Desai,Other,1966-04-08,60,Married,Nagpur,Maharashtra,6708318420,rahul.desai668@yahoo.com,DEP002,Senior Manager,M.Tech,47.8,2026-06-29,Terminated,,80000,1.0
EMP02305,Diya Malhotra,Female,1993-09-02,33,Divorced,Bengaluru,Karnataka,6302753142,diya.malhotra449@gmail.com,DEP005,Vice President,Diploma,18.3,2015-06-09,Active,,160000,5.0
EMP02306,krishna patel,Male,2005-03-19,21,Married,Delhi,Delhi,8229294715,krishna.patel815@yahoo.com,DEP006,Senior Analyst,M.Sc,5.9,2016-01-04,Active,,60000,3.0
EMP02307,Rohan Sharma,Other,2005-04-12,21,Married,Noida,Uttar Pradesh,8660399076,rohan.sharma139@yahoo.com,DEP008,Senior Manager,B.Sc,14.4,2015-04-06,Active,,320000,1.0
EMP02308,Rohan Bose,Other,2003-07-11,23,Married,Ghaziabad,Uttar Pradesh,9415714352,rohan.bose361@outlook.com,DEP003,Consultant,B.Sc,19.9,2018-08-24,Active,,35000,2.0
EMP02309,Manish Nair,Male,1985-06-26,41,Single,Noida,Uttar Pradesh,,manish.nair36@outlook.com,DEP007,General Manager,B.Sc,12.0,2021-04-20,Active,,60000,2.0
EMP02310,Saanvi Pillai,Female,1967-06-28,59,Married,Delhi,Delhi,8274755113,saanvi.pillai211@rediffmail.com,DEP007,Team Lead,B.A.,7.1,2024-02-13,Active,,25000,4.0
EMP02311,Divya Sharma,Female,1972-05-09,54,Divorced,Pune,Maharashtra,6354857373,divya.sharma482@gmail.com,DEP002,Executive,B.Com,4.6,2021-08-13,Active,,35000,2.0
EMP02312,Aman Kapoor,Male,1969-06-03,57,Married,Pune,Maharashtra,8797609132,aman.kapoor894@hotmail.com,DEP001,Senior Manager,B.A.,3.9,2026-01-08,Active,,45000,2.0
EMP02313,Nikhil Kapoor,Male,1976-06-24,50,Divorced,Coimbatore,Tamil Nadu,9133042721,nikhil.kapoor953@hotmail.com,DEP003,Team Lead,B.Com,25.4,2022-05-06,On Notice Period,,60000,5.0
EMP02314,Suresh Nair,Male,1974-07-02,52,Divorced,Kolkata,West Bengal,7684834739,suresh.nair541@outlook.com,DEP005,Associate,B.A.,28.6,2017-07-17,Active,,130000,4.0
EMP02315,Ishaan Pillai,Other,1971-08-06,55,Married,Indore,Madhya Pradesh,,ishaan.pillai100@hotmail.com,DEP012,Deputy General Manager,M.Com,26.0,2021-05-30,Active,,200000,1.0
EMP02316,Aditya Kapoor,Male,1991-03-17,35,Married,Ahmedabad,Gujarat,9769725984,aditya.kapoor814@yahoo.com,DEP004,Senior Analyst,B.A.,12.2,2020-05-23,On Notice Period,,100000,4.0
EMP02317,Vihaan Pillai,Male,1977-03-03,49,Single,Nagpur,Maharashtra,7074992838,vihaan.pillai469@rediffmail.com,DEP003,Executive,MBA,16.3,2021-02-01,Active,,100000,5.0
EMP02318,Gaurav Malhotra,Other,1986-03-24,40,Single,Indore,Madhya Pradesh,8574747822,gaurav.malhotra366@gmail.com,DEP005,Consultant,B.A.,3.2,2024-07-23,Resigned,,25000,5.0
EMP02319,Kavita Pillai,Female,2001-04-06,25,Single,Delhi,Delhi,9491103431,kavita.pillai676@hotmail.com,DEP011,Executive,M.Com,21.1,2022-05-13,Terminated,2024-05-15,60000,2.0
EMP02320,Ajay Mishra,Male,1995-01-22,31,Single,Hyderabad,Telangana,9036073504,ajay.mishra894@gmail.com,DEP011,Team Lead,PhD,16.2,2020-07-31,Active,,100000,2.0
EMP02321,Nikhil Patel,Male,1987-03-16,39,Single,Noida,Uttar Pradesh,9798194272,,DEP009,Senior Associate,Diploma,13.4,2018-01-16,Active,,320000,1.0
EMP02322,Aditya Menon,Other,2000-04-25,26,Divorced,Ghaziabad,Uttar Pradesh,6097287692,aditya.menon129@outlook.com,DEP002,Intern,B.Tech,19.9,2023-07-17,Active,,130000,3.0
EMP02323,Kavita Shetty,Other,1967-02-10,59,Married,Pune,Maharashtra,7623634009,,DEP011,Senior Associate,Diploma,5.0,2023-04-20,On Notice Period,,200000,1.0
EMP02324,Rekha Malhotra,Female,1993-08-06,33,Single,Pune,Maharashtra,8039937464,rekha.malhotra991@yahoo.com,DEP010,General Manager,M.Sc,9.8,2017-02-28,Resigned,2023-09-09,60000,4.0
EMP02325,Ritu Agarwal,Female,1991-04-03,35,Married,Ghaziabad,Uttar Pradesh,,ritu.agarwal75@gmail.com,DEP009,General Manager,M.Sc,21.7,2023-01-04,Terminated,,160000,1.0
EMP02326,Myra Rao,Female,1988-03-06,38,Married,Nagpur,Maharashtra,6747168999,myra.rao768@hotmail.com,DEP007,Consultant,B.Sc,9.3,2024-07-17,Terminated,2025-04-18,80000,5.0
EMP02327,Karan Verma,Male,1976-12-18,49,Single,Ghaziabad,Uttar Pradesh,7670607324,karan.verma@yahoo.com,DEP006,Vice President,M.Sc,12.3,2020-08-09,Terminated,2024-01-12,25000,3.0
EMP02328,Naveen Chaudhary,Male,1973-12-16,52,Married,Lucknow,Uttar Pradesh,8506529865,naveen.chaudhary438@outlook.com,DEP005,General Manager,PhD,12.9,2019-04-23,Resigned,2023-01-19,250000,5.0
EMP02329,Diya Pillai,Other,1977-12-17,48,Married,Mumbai,Maharashtra,8485038620,diya.pillai892@hotmail.com,DEP003,Assistant Manager,B.Com,13.5,2016-12-18,Active,,200000,3.0
EMP02330,Ananya Rao,Female,1983-03-07,43,Divorced,Delhi,Delhi,7926683033,ananya.rao147@outlook.com,DEP007,Deputy General Manager,B.Sc,8.1,2016-05-29,Active,,160000,2.0
EMP02331,Arjun Bose,Male,2003-02-28,23,Divorced,Pune,Maharashtra,6897682482,arjun.bose113@rediffmail.com,DEP007,Senior Associate,B.A.,5.0,2025-07-13,Resigned,,80000,1.0
EMP02332,Swati Sharma,Female,1982-08-08,44,Divorced,Jaipur,Rajasthan,8270793066,swati.sharma863@hotmail.com,DEP006,Executive,B.A.,17.4,2017-01-07,Terminated,2019-12-13,160000,2.0
EMP02333,Rohan Kapoor,Male,1974-03-04,52,Single,Pune,Maharashtra,6598481482,rohan.kapoor528@hotmail.com,DEP002,Senior Associate,B.A.,28.4,2016-12-08,Terminated,2021-01-13,200000,4.0
EMP02334,Manish Bose,Male,1999-12-19,26,Single,Ahmedabad,Gujarat,6648634443,manish.bose15@outlook.com,DEP004,Executive,MBA,9.0,2018-08-24,Terminated,2025-01-03,130000,1.0
EMP02335,Ajay Malhotra,Male,1987-03-19,39,Single,Noida,Uttar Pradesh,9519538997,ajay.malhotra653@rediffmail.com,DEP007,Senior Analyst,M.Com,6.0,2025-08-16,Active,,80000,3.0
EMP02336,Nikhil Agarwal,Male,1985-05-24,41,Single,Coimbatore,Tamil Nadu,7168331615,nikhil.agarwal290@hotmail.com,DEP005,Manager,B.Tech,13.6,2025-05-07,Active,,320000,3.0
EMP02337,Saanvi Chaudhary,Other,1981-02-01,45,Single,Chennai,Tamil Nadu,9044601761,saanvi.chaudhary318@hotmail.com,DEP006,Consultant,B.Sc,2.9,2020-02-20,Active,,25000,2.0
EMP02338,Saanvi Joshi,Female,1991-08-02,35,Single,Chandigarh,Chandigarh,7251917731,saanvi.joshi230@rediffmail.com,DEP001,Executive,M.Sc,11.8,2016-04-10,Terminated,2022-09-06,35000,4.0
EMP02339,Karan Patel,Male,1966-01-12,60,Divorced,Nagpur,Maharashtra,7565140194,karan.patel701@outlook.com,DEP005,Deputy General Manager,B.A.,12.3,2021-07-14,Resigned,2022-04-27,320000,2.0
EMP02340,Ritu Sharma,Other,1981-07-01,45,Divorced,Bengaluru,Karnataka,,ritu.sharma452@hotmail.com,DEP007,Intern,B.A.,0.7,2017-12-09,Resigned,2022-11-10,60000,5.0
EMP02341,Divya Nair,Other,1968-09-28,57,Divorced,Delhi,Delhi,6433778570,divya.nair704@rediffmail.com,DEP007,Manager,M.Com,11.8,2025-07-20,Active,,80000,4.0
EMP02342,Ramesh Chaudhary,Male,2005-01-02,21,Divorced,Nagpur,Maharashtra,7464736464,ramesh.chaudhary150@gmail.com,DEP004,Intern,M.Com,9.5,2023-12-14,On Notice Period,,100000,1.0
EMP02343,Shreya Yadav,Other,1971-06-23,55,Single,Surat,Gujarat,9684324098,shreya.yadav597@rediffmail.com,DEP004,Deputy General Manager,B.A.,13.7,2025-02-12,Active,,160000,3.0
EMP02344,Aadhya Chopra,Female,1977-09-25,48,Married,Bengaluru,Karnataka,8277921305,aadhya.chopra342@yahoo.com,DEP008,Manager,MBA,27.3,2021-06-29,Active,,45000,3.0
EMP02345,Ramesh Bose,Other,1996-12-05,29,Divorced,Bengaluru,Karnataka,8979567753,ramesh.bose434@outlook.com,DEP009,Assistant Manager,Diploma,25.6,2021-10-11,Resigned,,60000,4.0
EMP02346,Ishaan Gupta,Other,1992-09-03,34,Single,Ghaziabad,Uttar Pradesh,7406908912,ishaan.gupta614@yahoo.com,DEP010,General Manager,M.Com,6.4,2022-04-13,On Notice Period,,100000,3.0
EMP02347,Rekha Kumar,Female,1977-09-26,48,Divorced,Hyderabad,Telangana,7520871307,rekha.kumar692@hotmail.com,DEP008,Vice President,PhD,13.2,2021-01-29,Active,,250000,5.0
EMP02348,Vikram Verma,Other,1992-02-09,34,Married,Lucknow,Uttar Pradesh,7827847994,vikram.verma736@hotmail.com,DEP008,Manager,M.Sc,13.1,2022-02-17,Resigned,,35000,1.0
EMP02349,Rohan Kapoor,Male,1980-01-03,46,Single,Chennai,Tamil Nadu,8006755837,rohan.kapoor4@outlook.com,DEP011,Vice President,M.Tech,5.0,2018-07-23,Terminated,2019-10-21,35000,5.0
EMP02350,Rekha Patel,Other,1985-09-06,41,Single,Mumbai,Maharashtra,7663071971,rekha.patel200@rediffmail.com,DEP010,Intern,MBA,1.6,2023-09-14,Resigned,2025-04-11,80000,4.0
EMP02351,Swati Sharma,Female,1968-08-18,58,Married,Hyderabad,Telangana,6666083688,swati.sharma764@rediffmail.com,DEP012,Vice President,M.Com,25.9,2019-01-05,Active,,250000,1.0
EMP02352,Anjali Yadav,Female,1998-07-20,28,Divorced,Coimbatore,Tamil Nadu,9890398141,anjali.yadav645@hotmail.com,DEP007,Assistant Manager,M.Com,1.3,2017-07-11,On Notice Period,,100000,4.0
EMP02353,Rahul Joshi,Male,1981-09-13,44,Single,Lucknow,Uttar Pradesh,,rahul.joshi371@rediffmail.com,DEP008,Analyst,M.Com,10.5,2017-12-25,Active,,200000,1.0
EMP02354,Reyansh Singh,Male,1970-05-09,56,Married,Delhi,Delhi,8300150861,reyansh.singh990@hotmail.com,DEP010,Senior Analyst,MBA,6.1,2018-09-28,Resigned,2019-03-13,320000,2.0
EMP02355,Kavita Bose,Other,1993-11-16,32,Married,Chandigarh,Chandigarh,9337134961,,DEP001,Associate,M.Sc,23.8,2015-09-07,Active,,250000,2.0
EMP02356,Rekha Patel,Female,1998-01-17,28,Single,Surat,Gujarat,6689680410,rekha.patel539@hotmail.com,DEP008,Analyst,PhD,27.2,2015-02-27,Active,,25000,5.0
EMP02357,Swati Singh,Female,1978-01-18,48,Divorced,Ahmedabad,Gujarat,7043784937,swati.singh306@rediffmail.com,DEP010,Senior Analyst,B.A.,14.0,2024-06-04,Active,,25000,3.0
EMP02358,Rohan Kumar,Other,1980-03-14,46,Single,Ahmedabad,Gujarat,9038188968,rohan.kumar@rediffmail.com,DEP009,Team Lead,B.Com,7.6,2025-12-21,On Notice Period,,250000,1.0
EMP02359,Swati Shetty,Other,1978-06-28,48,Married,Chandigarh,Chandigarh,9357659485,swati.shetty847@hotmail.com,DEP011,Assistant Manager,B.Sc,4.0,2016-12-20,Active,,320000,3.0
EMP02360,Reyansh Kumar,Male,1997-11-05,28,Married,Bengaluru,Karnataka,7332079941,reyansh.kumar218@gmail.com,DEP010,Assistant Manager,PhD,1.1,2019-10-17,Terminated,2024-12-13,60000,3.0
EMP02361,Pooja Yadav,Female,2000-12-25,25,Single,Chennai,Tamil Nadu,7538434381,pooja.yadav879@yahoo.com,DEP005,Team Lead,B.A.,4.8,2020-07-12,Active,,35000,4.0
EMP02362,Rahul Gupta,Male,2003-06-26,23,Divorced,Bengaluru,Karnataka,8140161694,rahul.gupta197@outlook.com,DEP008,Intern,MBA,12.5,2024-04-18,Active,,60000,4.0
EMP02363,Ramesh Kapoor,Other,1988-11-08,37,Single,Lucknow,Uttar Pradesh,9968911571,ramesh.kapoor@gmail.com,DEP007,Consultant,M.Com,5.2,2017-12-13,Resigned,2020-01-30,35000,4.0
EMP02364,Vihaan Agarwal,Other,2003-01-26,23,Married,Nagpur,Maharashtra,9591429527,vihaan.agarwal232@yahoo.com,DEP005,Senior Associate,M.Sc,,2022-01-07,Resigned,2023-12-24,80000,2.0
EMP02365,Naveen Malhotra,Other,1975-01-09,51,Single,Lucknow,Uttar Pradesh,9585671024,naveen.malhotra811@gmail.com,DEP006,Deputy General Manager,M.Sc,28.9,2019-08-26,Active,,320000,4.0
EMP02366,NAVEEN JOSHI,Other,1967-01-01,59,Divorced,Ghaziabad,Uttar Pradesh,7936407791,naveen.joshi648@gmail.com,DEP011,Senior Analyst,B.Tech,2.9,2015-01-11,Active,,100000,1.0
EMP02367,Rahul Iyer,Male,2002-09-21,23,Married,Kolkata,West Bengal,9056994004,rahul.iyer468@outlook.com,DEP004,Analyst,M.Tech,19.1,2015-08-23,Active,,25000,1.0
EMP02368,Karan Mishra,Other,1997-11-28,28,Single,Kolkata,West Bengal,9065879313,,DEP008,Senior Manager,B.Tech,25.2,2016-10-04,Terminated,2022-12-21,35000,2.0
EMP02369,Saurabh Joshi,Male,1984-01-08,42,Divorced,Surat,Gujarat,7359334403,saurabh.joshi@yahoo.com,DEP011,Executive,B.Tech,3.4,2025-11-03,Active,,45000,2.0
EMP02370,Rahul Gupta,Other,1984-09-07,42,Married,Surat,Gujarat,6847828318,rahul.gupta359@yahoo.com,DEP007,Associate,M.Com,16.3,2017-07-20,Terminated,2021-08-24,60000,5.0
EMP02371,Manish Desai,Male,1969-02-20,57,Divorced,Noida,Uttar Pradesh,9866650817,manish.desai110@rediffmail.com,DEP009,Vice President,B.Sc,20.3,2016-08-15,Active,,100000,3.0
EMP02372,ARJUN REDDY,Male,2004-08-26,22,Single,Jaipur,Rajasthan,6109782905,arjun.reddy310@rediffmail.com,DEP002,Senior Associate,M.Tech,2.8,2026-04-03,On Notice Period,,25000,3.0
EMP02373,Karan Agarwal,Other,1966-11-27,59,Married,Noida,Uttar Pradesh,7470030565,,DEP005,Senior Associate,MBA,13.5,2024-07-16,Resigned,,35000,2.0
EMP02374,Naveen Iyer,Male,1994-12-02,31,Married,Bengaluru,Karnataka,8039141059,naveen.iyer752@gmail.com,DEP012,Senior Manager,B.Sc,1.1,2024-04-28,Terminated,2026-01-07,60000,5.0
EMP02375,Neha Rao,Female,1992-09-07,34,Married,Chandigarh,Chandigarh,9487102434,neha.rao129@hotmail.com,DEP010,Senior Manager,B.Com,21.7,2019-01-15,Terminated,2021-08-02,200000,3.0
EMP02376,Ananya Chopra,Female,1987-10-25,38,Married,Surat,Gujarat,9481237674,ananya.chopra830@hotmail.com,DEP005,Manager,B.A.,5.4,2019-09-13,On Notice Period,,100000,3.0
EMP02377,Diya Gupta,Female,2000-02-04,26,Single,Nagpur,Maharashtra,,diya.gupta923@yahoo.com,DEP011,Senior Manager,M.Sc,11.4,2018-04-08,On Notice Period,,45000,2.0
EMP02378,Sneha Mishra,Female,1983-09-16,42,Single,Nagpur,Maharashtra,8829295974,sneha.mishra1@yahoo.com,DEP001,Consultant,B.Com,16.0,2023-11-10,Active,,80000,4.0
EMP02379,Gaurav Gupta,Male,1985-07-21,41,Divorced,Coimbatore,Tamil Nadu,8948473894,gaurav.gupta735@yahoo.com,DEP010,General Manager,M.Com,4.5,2025-10-22,Active,,200000,5.0
EMP02380,Krishna Desai,Other,2003-01-08,23,Married,Coimbatore,Tamil Nadu,8360673049,krishna.desai898@gmail.com,DEP012,Vice President,B.A.,2.0,2021-09-08,Active,,250000,5.0
EMP02381,Sneha Malhotra,Female,1983-04-06,43,Married,Chennai,Tamil Nadu,7471343141,sneha.malhotra159@outlook.com,DEP004,Senior Manager,M.Com,26.7,2018-05-19,Resigned,2020-08-17,250000,2.0
EMP02382,Shreya Gupta,Female,1969-01-12,57,Divorced,Chandigarh,Chandigarh,7685940544,shreya.gupta178@yahoo.com,DEP011,Deputy General Manager,MBA,28.7,2023-03-17,On Notice Period,,35000,3.0
EMP02383,Aman Reddy,Other,1970-01-28,56,Divorced,Surat,Gujarat,,aman.reddy120@rediffmail.com,DEP005,General Manager,B.Sc,27.1,2019-01-29,Active,,160000,3.0
EMP02384,Gaurav Chaudhary,Male,1986-05-28,40,Married,Nagpur,Maharashtra,8695765014,gaurav.chaudhary633@yahoo.com,DEP001,General Manager,Diploma,10.4,2026-05-21,Active,,60000,5.0
EMP02385,Saurabh Reddy,Other,1996-12-17,29,Married,Lucknow,Uttar Pradesh,8435849154,saurabh.reddy561@rediffmail.com,DEP004,Assistant Manager,M.Sc,16.5,2015-10-19,Active,,100000,1.0
EMP02386,Aditya Desai,Other,1996-08-05,30,Married,Kolkata,West Bengal,9766912385,aditya.desai347@hotmail.com,DEP010,Consultant,B.A.,12.4,2023-06-29,Active,,80000,1.0
EMP02387,Priya Mishra,Female,1983-08-16,43,Divorced,Indore,Madhya Pradesh,8641517313,priya.mishra748@gmail.com,DEP009,Team Lead,M.Com,18.2,2015-02-11,On Notice Period,,35000,2.0
EMP02388,Ramesh Bansal,Other,1968-06-01,58,Divorced,Kolkata,West Bengal,8265237566,ramesh.bansal977@hotmail.com,DEP006,Intern,MBA,1.2,2018-12-18,Active,,80000,5.0
EMP02389,Neha Sharma,Female,1983-06-19,43,Married,Jaipur,Rajasthan,8282464610,neha.sharma546@gmail.com,DEP004,Manager,B.Sc,28.2,2023-04-08,Terminated,,100000,1.0
EMP02390,Aadhya Ghosh,Female,1987-06-04,39,Divorced,Indore,Madhya Pradesh,9687843756,aadhya.ghosh898@rediffmail.com,DEP009,Consultant,PhD,9.1,2021-09-16,Active,,130000,2.0
EMP02391,Arjun Kumar,Other,2001-12-08,24,Divorced,Chandigarh,Chandigarh,8410713945,arjun.kumar237@outlook.com,DEP003,Deputy General Manager,M.Com,18.3,2016-04-12,Resigned,2017-04-08,80000,5.0
EMP02392,Gaurav Yadav,Male,1975-08-11,51,Married,Chennai,Tamil Nadu,6614558254,gaurav.yadav597@gmail.com,DEP005,Senior Analyst,M.Com,29.9,2020-05-25,On Notice Period,,320000,4.0
EMP02393,Reyansh Sharma,Other,1993-05-02,33,Married,Chennai,Tamil Nadu,,reyansh.sharma196@outlook.com,DEP003,Executive,B.Tech,17.7,2024-02-18,Active,,35000,5.0
EMP02394,Karan Iyer,Male,1969-06-18,57,Married,Delhi,Delhi,6904142057,karan.iyer755@yahoo.com,DEP001,Team Lead,B.A.,18.5,2025-11-21,On Notice Period,,80000,2.0
EMP02395,Myra Chopra,Female,2004-02-21,22,Single,Nagpur,Maharashtra,7140017266,myra.chopra187@outlook.com,DEP009,Executive,M.Com,10.3,2022-09-08,Active,,320000,3.0
EMP02396,Vikram Menon,Other,1977-04-28,49,Divorced,Nagpur,Maharashtra,7975897944,vikram.menon216@hotmail.com,DEP008,Consultant,MBA,11.4,2018-12-04,Terminated,2023-05-27,60000,3.0
EMP02397,Meera Menon,Female,1966-08-19,60,Divorced,Surat,Gujarat,8670402409,meera.menon112@yahoo.com,DEP006,Intern,M.Tech,1.1,2023-11-11,Terminated,,130000,4.0
EMP02398,Sneha Chaudhary,Female,1977-12-05,48,Divorced,Bengaluru,Karnataka,6550053487,sneha.chaudhary636@yahoo.com,DEP010,Consultant,B.A.,29.8,2021-10-13,Active,,320000,1.0
EMP02399,Anjali Kapoor,Female,1968-04-14,58,Divorced,Coimbatore,Tamil Nadu,7284036577,anjali.kapoor490@outlook.com,DEP003,Vice President,M.Sc,29.6,2023-08-13,Active,,25000,3.0
EMP02400,Aadhya Rao,Female,1969-07-10,57,Divorced,Nagpur,Maharashtra,9119347761,aadhya.rao271@yahoo.com,DEP004,Senior Associate,PhD,8.9,2016-07-23,Active,,45000,4.0
EMP02401,Ishaan Bose,Male,2005-05-21,21,Divorced,Lucknow,Uttar Pradesh,6039201652,ishaan.bose114@gmail.com,DEP008,Senior Analyst,M.Com,10.6,2015-05-22,Active,,45000,4.0
EMP02402,Aadhya Kumar,Other,2005-05-08,21,Single,Noida,Uttar Pradesh,9207054581,aadhya.kumar722@gmail.com,DEP006,Executive,B.A.,,2017-02-20,On Notice Period,,60000,5.0
EMP02403,Vivaan Malhotra,Male,1993-12-20,32,Single,Bengaluru,Karnataka,6006836278,vivaan.malhotra426@outlook.com,DEP005,Assistant Manager,B.Com,20.8,2023-01-16,Active,,160000,3.0
EMP02404,Nikhil Agarwal,Male,1986-07-05,40,Single,Indore,Madhya Pradesh,6380862724,nikhil.agarwal13@rediffmail.com,DEP012,Manager,M.Com,3.5,2020-04-02,Active,,130000,2.0
EMP02405,Divya Patel,Female,1976-08-07,50,Divorced,Noida,Uttar Pradesh,7613999442,divya.patel112@hotmail.com,DEP009,Associate,Diploma,11.1,2022-05-18,On Notice Period,,80000,3.0
EMP02406,Myra Sharma,Female,1988-06-24,38,Married,Delhi,Delhi,8242939871,myra.sharma736@rediffmail.com,DEP005,Intern,M.Tech,18.4,2026-06-18,Resigned,,60000,2.0
EMP02407,Arjun Desai,Male,1968-11-05,57,Single,Chennai,Tamil Nadu,6747766068,arjun.desai96@hotmail.com,DEP007,Assistant Manager,B.Tech,12.3,2022-07-06,Active,,80000,2.0
EMP02408,Rahul Ghosh,Male,1968-05-04,58,Divorced,Delhi,Delhi,9914455540,rahul.ghosh167@rediffmail.com,DEP002,Assistant Manager,B.Tech,23.0,2020-03-26,Active,,130000,3.0
EMP02409,KRISHNA PATEL,Other,1968-12-20,57,Divorced,Coimbatore,Tamil Nadu,9112215454,krishna.patel13@outlook.com,DEP002,General Manager,M.Tech,24.1,2018-12-30,Active,,200000,3.0
EMP02410,Swati Rao,Female,1980-02-20,46,Single,Ahmedabad,Gujarat,9528055781,swati.rao543@outlook.com,DEP011,Manager,B.Sc,1.3,2017-03-21,Active,,130000,5.0
EMP02411,Vikram Gupta,Other,2003-12-19,22,Married,Bengaluru,Karnataka,8578185790,vikram.gupta661@gmail.com,DEP010,Team Lead,B.Tech,10.9,2018-04-27,Active,,160000,4.0
EMP02412,Ananya Nair,Female,2001-02-15,25,Single,Chandigarh,Chandigarh,6439997599,ananya.nair448@yahoo.com,DEP010,Vice President,B.Sc,,2024-03-26,Terminated,2025-07-24,60000,3.0
EMP02413,Rohan Sharma,Other,1988-06-13,38,Single,Jaipur,Rajasthan,9609552497,rohan.sharma384@outlook.com,DEP001,Senior Analyst,M.Tech,24.6,2023-03-24,On Notice Period,,250000,5.0
EMP02414,Krishna Chopra,Male,1966-01-02,60,Divorced,Kolkata,West Bengal,7285516700,krishna.chopra106@hotmail.com,DEP005,Senior Analyst,B.A.,20.0,2021-10-31,On Notice Period,,320000,3.0
EMP02415,Kavya Verma,Female,1982-10-02,43,Divorced,Bengaluru,Karnataka,6999787798,kavya.verma854@hotmail.com,DEP008,Associate,M.Tech,7.4,2018-09-25,Active,,160000,4.0
EMP02416,SANJAY KUMAR,Other,1992-08-28,34,Married,Hyderabad,Telangana,,sanjay.kumar857@rediffmail.com,DEP006,Vice President,M.Tech,18.1,2023-01-20,Active,,100000,4.0
EMP02417,Ananya Menon,Other,1987-01-14,39,Divorced,Pune,Maharashtra,7738720334,ananya.menon@outlook.com,DEP002,Associate,M.Com,22.8,2015-10-07,Terminated,2016-09-09,160000,2.0
EMP02418,Priya Yadav,Female,1996-05-20,30,Married,Chandigarh,Chandigarh,6911044931,priya.yadav324@gmail.com,DEP004,Vice President,MBA,17.2,2016-05-27,On Notice Period,,250000,2.0
EMP02419,Ajay Patel,Other,1986-12-22,39,Married,Noida,Uttar Pradesh,7319904078,ajay.patel352@rediffmail.com,DEP010,Assistant Manager,MBA,8.1,2024-11-23,Active,,45000,2.0
EMP02420,Aadhya Chopra,Female,1973-03-28,53,Single,Jaipur,Rajasthan,6752352196,aadhya.chopra324@rediffmail.com,DEP012,Executive,M.Com,9.5,2026-02-20,Active,,100000,3.0
EMP02421,Saurabh Sharma,Male,1977-01-08,49,Divorced,Lucknow,Uttar Pradesh,9951467284,saurabh.sharma497@outlook.com,DEP004,Vice President,M.Sc,11.2,2024-12-11,Resigned,,320000,3.0
EMP02422,Saanvi Chopra,Female,1979-05-16,47,Married,Surat,Gujarat,,saanvi.chopra228@yahoo.com,DEP006,Senior Associate,B.Com,18.6,2022-01-28,Active,,45000,3.0
EMP02423,Sneha Iyer,Female,1983-11-26,42,Single,Bengaluru,Karnataka,6133339286,sneha.iyer251@yahoo.com,DEP008,Manager,MBA,25.0,2019-03-10,Active,,25000,1.0
EMP02424,Ishaan Sharma,Male,1967-11-25,58,Married,Pune,Maharashtra,8894109589,ishaan.sharma154@outlook.com,DEP002,Intern,M.Sc,5.8,2018-08-06,Active,,320000,3.0
EMP02425,Ajay Gupta,Male,1976-03-15,50,Married,Hyderabad,Telangana,7812903800,ajay.gupta354@yahoo.com,DEP011,Senior Associate,Diploma,2.6,2020-10-06,Active,,320000,4.0
EMP02426,Myra Yadav,Female,2002-01-05,24,Married,Chandigarh,Chandigarh,6815117429,myra.yadav966@outlook.com,DEP011,Senior Manager,B.Tech,2.9,2021-07-31,Active,,100000,1.0
EMP02427,Nikhil Sharma,Other,1972-10-05,53,Divorced,Delhi,Delhi,6691127601,nikhil.sharma99@yahoo.com,DEP011,Assistant Manager,B.Com,11.0,2015-02-24,Active,,100000,1.0
EMP02428,SARIKA CHAUDHARY,Female,1994-11-06,31,Divorced,Surat,Gujarat,7590984116,sarika.chaudhary980@rediffmail.com,DEP009,Senior Associate,B.Com,7.1,2016-06-05,Active,,35000,2.0
EMP02429,Naveen Ghosh,Male,2000-09-18,25,Married,Mumbai,Maharashtra,7597846889,naveen.ghosh67@rediffmail.com,DEP007,Senior Analyst,B.A.,17.4,2019-02-17,Resigned,2019-12-26,250000,4.0
EMP02430,Ritu Pillai,Female,2005-09-16,20,Single,Noida,Uttar Pradesh,8850609141,ritu.pillai572@outlook.com,DEP011,General Manager,M.Tech,0.1,2018-11-28,Active,,160000,3.0
EMP02431,Sanjay Kapoor,Male,2005-12-26,20,Single,Hyderabad,Telangana,6376788686,sanjay.kapoor405@hotmail.com,DEP008,Manager,M.Tech,16.5,2017-12-03,Active,,320000,1.0
EMP02432,Suresh Nair,Male,1968-08-19,58,Divorced,Chandigarh,Chandigarh,8691969660,suresh.nair191@outlook.com,DEP006,Vice President,B.Sc,6.3,2017-03-10,Resigned,2019-09-25,25000,2.0
EMP02433,Gaurav Singh,Other,1969-03-11,57,Married,Nagpur,Maharashtra,7444953229,gaurav.singh783@hotmail.com,DEP005,Intern,B.Tech,15.4,2017-04-21,On Notice Period,,100000,3.0
EMP02434,Pooja Iyer,Other,2001-08-23,25,Married,Ahmedabad,Gujarat,,pooja.iyer97@hotmail.com,DEP012,Deputy General Manager,B.Sc,24.0,2018-07-19,On Notice Period,,250000,5.0
EMP02435,Diya Pillai,Female,1980-08-07,46,Married,Bengaluru,Karnataka,7605358232,diya.pillai667@rediffmail.com,DEP007,Consultant,B.Tech,10.3,2021-05-13,Terminated,2021-10-08,250000,5.0
EMP02436,Nisha Mishra,Female,1976-04-02,50,Single,Jaipur,Rajasthan,6334760529,nisha.mishra854@yahoo.com,DEP006,Senior Manager,B.A.,10.0,2025-12-26,Active,,60000,3.0
EMP02437,Sanjay Malhotra,Other,1990-06-23,36,Married,Delhi,Delhi,9034110655,sanjay.malhotra548@hotmail.com,DEP008,Senior Associate,PhD,14.4,2015-10-21,Active,,45000,5.0
EMP02438,Sunita Malhotra,Other,1974-02-28,52,Single,Delhi,Delhi,9521261517,sunita.malhotra604@rediffmail.com,DEP005,Intern,B.Tech,11.6,2018-07-31,Active,,320000,4.0
EMP02439,Rekha Joshi,Female,1999-02-18,27,Divorced,Ahmedabad,Gujarat,6236650334,rekha.joshi507@gmail.com,DEP009,Associate,M.Tech,8.6,2023-12-15,Active,,160000,5.0
EMP02440,Deepak Singh,Other,1986-05-26,40,Divorced,Kolkata,West Bengal,7211742626,deepak.singh496@outlook.com,DEP004,Associate,B.Sc,16.4,2016-11-29,Resigned,2020-08-11,130000,4.0
EMP02441,Sunita Menon,Other,2001-10-09,24,Divorced,Surat,Gujarat,7223488413,sunita.menon450@gmail.com,DEP012,Assistant Manager,PhD,23.9,2023-05-11,Active,,60000,5.0
EMP02442,Kavita Singh,Other,2001-07-15,25,Married,Pune,Maharashtra,,kavita.singh106@outlook.com,DEP001,Associate,M.Sc,22.2,2021-05-31,Active,,320000,4.0
EMP02443,Sneha Desai,Other,1973-12-11,52,Married,Pune,Maharashtra,8001729616,sneha.desai528@yahoo.com,DEP009,Manager,MBA,15.6,2020-05-22,Terminated,2026-01-20,80000,2.0
EMP02444,Isha Kapoor,Female,1990-03-07,36,Single,Nagpur,Maharashtra,6173509971,isha.kapoor506@rediffmail.com,DEP010,Senior Analyst,PhD,24.9,2017-10-23,Active,,200000,3.0
EMP02445,Pooja Bansal,Female,1972-09-15,53,Single,Nagpur,Maharashtra,,pooja.bansal487@gmail.com,DEP006,Associate,M.Sc,0.1,2018-06-03,Active,,25000,3.0
EMP02446,Sunita Yadav,Other,1997-05-07,29,Married,Hyderabad,Telangana,6208540003,sunita.yadav537@gmail.com,DEP008,Analyst,PhD,14.5,2022-09-28,Active,,60000,4.0
EMP02447,Saurabh Bansal,Other,1980-07-10,46,Single,Ghaziabad,Uttar Pradesh,6914145383,saurabh.bansal342@rediffmail.com,DEP001,Analyst,M.Com,29.6,2015-12-14,Active,,80000,4.0
EMP02448,Suresh Reddy,Other,2000-10-24,25,Divorced,Hyderabad,Telangana,8577866473,suresh.reddy850@outlook.com,DEP001,Assistant Manager,M.Com,23.8,2020-03-06,Resigned,2022-05-24,130000,2.0
EMP02449,Nikhil Yadav,Male,1972-08-24,54,Divorced,Chennai,Tamil Nadu,7289708627,nikhil.yadav839@yahoo.com,DEP012,Intern,B.A.,1.9,2016-06-24,Active,,60000,4.0
EMP02450,Kavya Mishra,Female,1984-11-26,41,Divorced,Chennai,Tamil Nadu,9898534904,kavya.mishra336@rediffmail.com,DEP007,Senior Manager,M.Sc,8.5,2017-01-24,Active,,80000,3.0
EMP02451,Gaurav Nair,Other,1989-12-09,36,Married,Noida,Uttar Pradesh,6940138533,gaurav.nair179@gmail.com,DEP007,Vice President,B.Com,28.3,2025-08-06,Active,,80000,4.0
EMP02452,Aditya Bose,Male,2001-04-18,25,Divorced,Noida,Uttar Pradesh,7787499510,aditya.bose391@gmail.com,DEP012,Senior Analyst,M.Sc,7.0,2021-02-23,Active,,130000,2.0
EMP02453,Aman Joshi,Male,1976-10-13,49,Married,Coimbatore,Tamil Nadu,7124884048,aman.joshi124@outlook.com,DEP005,Team Lead,B.Sc,4.7,2019-07-14,Resigned,2022-02-22,250000,1.0
EMP02454,Anil Reddy,Male,1999-12-10,26,Single,Surat,Gujarat,7963172066,anil.reddy@rediffmail.com,DEP012,Senior Associate,MBA,4.3,2017-06-16,Active,,45000,2.0
EMP02455,Sarika Mishra,Female,1997-08-22,29,Single,Lucknow,Uttar Pradesh,8341153065,sarika.mishra287@outlook.com,DEP003,Assistant Manager,B.Tech,12.8,2025-11-06,Terminated,,80000,4.0
EMP02456,Riya Verma,Female,1978-08-13,48,Married,Coimbatore,Tamil Nadu,7568177453,riya.verma380@outlook.com,DEP010,Manager,M.Com,20.9,2017-06-18,Active,,100000,3.0
EMP02457,Diya Rao,Female,1979-07-10,47,Divorced,Indore,Madhya Pradesh,6338981946,diya.rao523@outlook.com,DEP011,Intern,B.Tech,14.0,2015-10-18,Resigned,2021-09-03,25000,2.0
EMP02458,Rohan Malhotra,Male,1974-09-12,51,Married,Chandigarh,Chandigarh,8553627485,rohan.malhotra529@rediffmail.com,DEP011,Assistant Manager,Diploma,4.5,2021-09-13,Active,,35000,4.0
EMP02459,Arjun Kapoor,Male,1998-09-05,28,Divorced,Nagpur,Maharashtra,6755319823,arjun.kapoor341@yahoo.com,DEP012,Consultant,B.Com,1.8,2016-07-23,Terminated,2022-07-07,320000,2.0
EMP02460,Vivaan Kumar,Male,1999-03-09,27,Married,Mumbai,Maharashtra,6611416207,vivaan.kumar520@hotmail.com,DEP010,Senior Associate,MBA,,2020-12-16,Active,,250000,1.0
EMP02461,Divya Verma,Other,1993-10-15,32,Divorced,Ghaziabad,Uttar Pradesh,9922456074,divya.verma417@rediffmail.com,DEP005,Associate,B.Tech,27.0,2024-04-14,Terminated,,80000,3.0
EMP02462,Rohan Rao,Other,1978-07-28,48,Single,Ghaziabad,Uttar Pradesh,7760505310,rohan.rao198@rediffmail.com,DEP006,Senior Analyst,PhD,10.5,2021-01-03,Active,,60000,3.0
EMP02463,Shreya Chaudhary,Female,1981-04-01,45,Married,Ghaziabad,Uttar Pradesh,6510275800,shreya.chaudhary977@outlook.com,DEP002,Assistant Manager,M.Sc,19.3,2018-08-27,Active,,35000,2.0
EMP02464,Shreya Bose,Other,1971-12-22,54,Divorced,Coimbatore,Tamil Nadu,8056839918,shreya.bose720@gmail.com,DEP005,Manager,PhD,8.5,2023-08-03,On Notice Period,,130000,2.0
EMP02465,Anil Singh,Male,1974-05-17,52,Divorced,Pune,Maharashtra,6955047613,anil.singh75@outlook.com,DEP009,Manager,M.Com,24.5,2019-10-05,Terminated,2023-05-11,60000,2.0
EMP02466,Manish Menon,Male,1971-04-01,55,Divorced,Chandigarh,Chandigarh,8267880183,manish.menon283@rediffmail.com,DEP011,Associate,B.Sc,18.6,2018-05-28,Active,,35000,5.0
EMP02467,Ramesh Pillai,Male,1976-09-04,50,Divorced,Lucknow,Uttar Pradesh,9972234979,ramesh.pillai466@rediffmail.com,DEP008,Consultant,MBA,5.7,2024-06-23,On Notice Period,,80000,1.0
EMP02468,Sarika Desai,Other,1975-03-08,51,Married,Pune,Maharashtra,6393766007,sarika.desai737@hotmail.com,DEP007,Senior Associate,B.Com,6.0,2025-09-01,Terminated,,25000,1.0
EMP02469,Ananya Joshi,Other,1999-12-27,26,Single,Pune,Maharashtra,7113296423,ananya.joshi986@outlook.com,DEP010,Manager,B.Tech,16.0,2016-01-11,Active,,45000,5.0
EMP02470,Rekha Bansal,Female,1973-02-26,53,Married,Bengaluru,Karnataka,8944239397,rekha.bansal295@hotmail.com,DEP012,General Manager,B.Sc,4.8,2017-01-12,Active,,250000,3.0
EMP02471,Anil Gupta,Other,1982-12-02,43,Divorced,Jaipur,Rajasthan,7092689847,anil.gupta866@hotmail.com,DEP012,Vice President,Diploma,25.4,2015-11-21,Resigned,2021-07-06,35000,2.0
EMP02472,Gaurav Desai,Other,1997-07-28,29,Married,Chandigarh,Chandigarh,9391885963,gaurav.desai401@yahoo.com,DEP010,Senior Analyst,B.Tech,3.9,2020-05-07,Terminated,2026-04-25,60000,3.0
EMP02473,Anil Menon,Male,1966-02-27,60,Single,Delhi,Delhi,8319935248,anil.menon36@outlook.com,DEP008,Associate,B.Com,15.1,2019-04-16,Resigned,2024-02-20,45000,2.0
EMP02474,ramesh yadav,Male,1979-11-03,46,Divorced,Ahmedabad,Gujarat,9196305563,ramesh.yadav369@hotmail.com,DEP012,Team Lead,M.Com,4.2,2015-06-06,Active,,320000,5.0
EMP02475,Ishaan Verma,Male,1980-06-08,46,Married,Lucknow,Uttar Pradesh,8773024774,ishaan.verma301@hotmail.com,DEP009,Senior Manager,Diploma,12.3,2018-10-09,Terminated,2019-02-27,160000,5.0
EMP02476,Rahul Chaudhary,Male,1970-03-03,56,Divorced,Bengaluru,Karnataka,9633925093,rahul.chaudhary931@outlook.com,DEP006,Intern,B.Sc,5.9,2019-06-18,Resigned,2025-04-23,250000,2.0
EMP02477,Krishna Sharma,Other,1973-10-23,52,Single,Bengaluru,Karnataka,7682153549,krishna.sharma439@yahoo.com,DEP004,Manager,M.Sc,15.1,2023-09-26,Resigned,2024-05-02,60000,3.0
EMP02478,Anjali Yadav,Other,1970-06-11,56,Divorced,Chennai,Tamil Nadu,6123000299,anjali.yadav483@outlook.com,DEP003,Associate,M.Com,19.5,2023-06-27,Resigned,,80000,2.0
EMP02479,Aarav Sharma,Male,1995-06-13,31,Single,Nagpur,Maharashtra,,aarav.sharma134@hotmail.com,DEP009,Senior Associate,M.Com,10.5,2021-09-16,Active,,160000,5.0
EMP02480,POOJA PATEL,Other,1970-12-21,55,Single,Noida,Uttar Pradesh,9984119548,pooja.patel282@rediffmail.com,DEP010,General Manager,B.Tech,7.0,2025-06-18,Terminated,2026-04-21,200000,1.0
EMP02481,Anil Shetty,Male,2002-08-19,24,Single,Mumbai,Maharashtra,8611087376,anil.shetty563@outlook.com,DEP007,Senior Manager,B.A.,,2023-07-08,On Notice Period,,200000,5.0
EMP02482,Ajay Patel,Male,1991-06-05,35,Married,Indore,Madhya Pradesh,9482373927,ajay.patel@yahoo.com,DEP001,Vice President,B.Com,7.6,2019-01-30,Active,,130000,2.0
EMP02483,Aman Singh,Other,1990-02-05,36,Divorced,Chennai,Tamil Nadu,6968586608,aman.singh557@outlook.com,DEP010,Consultant,B.Sc,24.7,2017-06-14,Terminated,2017-09-24,160000,4.0
EMP02484,Priya Yadav,Female,2002-12-26,23,Single,Mumbai,Maharashtra,7114064008,priya.yadav933@rediffmail.com,DEP005,Senior Analyst,B.Com,,2023-05-31,Active,,45000,3.0
EMP02485,Divya Iyer,Female,1970-09-25,55,Divorced,Noida,Uttar Pradesh,7858385729,divya.iyer399@outlook.com,DEP004,Vice President,PhD,7.5,2022-09-21,Active,,250000,4.0
EMP02486,Meera Patel,Female,2005-02-02,21,Married,Surat,Gujarat,9572282960,meera.patel168@hotmail.com,DEP001,Executive,B.Tech,8.0,2017-06-14,Active,,25000,1.0
EMP02487,Vihaan Sharma,Other,1988-05-17,38,Married,Chandigarh,Chandigarh,,vihaan.sharma741@rediffmail.com,DEP012,Consultant,PhD,5.8,2017-08-03,On Notice Period,,250000,3.0
EMP02488,Nikhil Joshi,Male,1989-06-15,37,Married,Noida,Uttar Pradesh,8502537602,nikhil.joshi840@outlook.com,DEP002,Executive,B.Sc,18.4,2024-01-20,On Notice Period,,25000,4.0
EMP02489,Sanjay Sharma,Other,1978-11-10,47,Single,Surat,Gujarat,9134417819,sanjay.sharma587@yahoo.com,DEP012,Consultant,PhD,4.7,2017-09-28,Active,,130000,1.0
EMP02490,Anjali Agarwal,Female,1967-03-14,59,Married,Pune,Maharashtra,,anjali.agarwal857@rediffmail.com,DEP008,Deputy General Manager,M.Sc,16.7,2020-03-05,Active,,250000,5.0
EMP02491,Shreya Patel,Other,1982-11-01,43,Married,Lucknow,Uttar Pradesh,7986481199,shreya.patel497@yahoo.com,DEP007,Manager,B.Sc,16.6,2017-03-20,Active,,80000,4.0
EMP02492,Divya Mishra,Female,1999-07-19,27,Divorced,Pune,Maharashtra,6863836634,divya.mishra219@yahoo.com,DEP012,Intern,B.Sc,0.6,2022-05-01,Active,,80000,3.0
EMP02493,Ishaan Mishra,Male,2003-10-04,22,Single,Noida,Uttar Pradesh,6362974593,ishaan.mishra889@hotmail.com,DEP005,Deputy General Manager,M.Com,,2018-07-30,On Notice Period,,80000,5.0
EMP02494,Ritu Menon,Female,1968-11-01,57,Married,Surat,Gujarat,8956743405,ritu.menon746@hotmail.com,DEP003,Consultant,B.Sc,14.8,2025-09-28,Active,,25000,2.0
EMP02495,KRISHNA PILLAI,Male,1990-05-15,36,Single,Surat,Gujarat,9427721992,krishna.pillai331@rediffmail.com,DEP005,Senior Analyst,B.Com,15.9,2016-03-15,Active,,100000,1.0
EMP02496,Anil Chaudhary,Male,1985-08-23,41,Married,Mumbai,Maharashtra,7801402981,anil.chaudhary860@gmail.com,DEP006,Associate,PhD,17.1,2022-06-14,Active,,25000,4.0
EMP02497,Vivaan Shetty,Male,1979-06-23,47,Single,Mumbai,Maharashtra,7696755690,vivaan.shetty911@hotmail.com,DEP001,Vice President,M.Sc,16.1,2016-08-04,Active,,130000,1.0
EMP02498,Vivaan Patel,Male,1988-11-07,37,Married,Lucknow,Uttar Pradesh,7408072204,vivaan.patel477@hotmail.com,DEP007,Analyst,MBA,18.7,2021-07-13,Active,,130000,3.0
EMP02499,Anjali Agarwal,Female,1970-07-24,56,Married,Nagpur,Maharashtra,9869304298,anjali.agarwal4@yahoo.com,DEP002,Senior Manager,M.Sc,26.2,2018-11-03,Active,,80000,5.0
EMP02500,Riya Menon,Female,2003-07-01,23,Single,Mumbai,Maharashtra,9065087401,,DEP009,Manager,B.Com,19.2,2015-06-17,Active,,100000,3.0
EMP02501,Riya Ghosh,Female,1992-08-04,34,Divorced,Mumbai,Maharashtra,9903340171,riya.ghosh735@gmail.com,DEP007,Senior Associate,B.Com,1.9,2015-03-25,Active,,60000,1.0
EMP02502,Reyansh Bose,Male,2002-12-22,23,Single,Coimbatore,Tamil Nadu,9368728290,reyansh.bose@yahoo.com,DEP005,Consultant,Diploma,15.2,2024-10-25,Active,,250000,3.0
EMP02503,Ajay Menon,Male,1968-07-27,58,Single,Bengaluru,Karnataka,6013123301,ajay.menon65@gmail.com,DEP009,Consultant,M.Com,29.6,2022-12-20,On Notice Period,,200000,5.0
EMP02504,Suresh Singh,Male,1975-03-20,51,Married,Lucknow,Uttar Pradesh,8988474042,suresh.singh199@outlook.com,DEP011,Senior Associate,B.Tech,24.3,2021-05-04,Active,,250000,2.0
EMP02505,Neha Reddy,Other,2002-10-08,23,Married,Jaipur,Rajasthan,6824616704,neha.reddy623@hotmail.com,DEP006,Senior Manager,B.Tech,11.4,2021-07-17,On Notice Period,,200000,3.0
EMP02506,Neha Nair,Female,1990-03-26,36,Divorced,Surat,Gujarat,8118775789,neha.nair793@rediffmail.com,DEP002,Intern,M.Com,26.5,2016-02-08,Active,,160000,5.0
EMP02507,Manish Iyer,Other,1975-02-16,51,Married,Ahmedabad,Gujarat,9076365692,manish.iyer644@gmail.com,DEP009,Assistant Manager,B.Sc,11.2,2015-01-06,Active,,25000,3.0
EMP02508,Diya Agarwal,Other,1992-03-12,34,Married,Chandigarh,Chandigarh,7695419920,diya.agarwal190@hotmail.com,DEP012,Deputy General Manager,M.Tech,25.6,2019-08-23,Active,,45000,1.0
EMP02509,sunita iyer,Female,1986-05-24,40,Married,Ghaziabad,Uttar Pradesh,6712707851,sunita.iyer721@gmail.com,DEP005,Analyst,B.Tech,29.8,2018-03-03,Terminated,2019-04-15,250000,4.0
EMP02510,Sunita Kumar,Female,1979-05-05,47,Single,Nagpur,Maharashtra,8740716111,sunita.kumar368@hotmail.com,DEP001,General Manager,B.Com,39.0,2021-04-13,Active,,250000,4.0
EMP02511,Rekha Verma,Female,2001-03-02,25,Married,Pune,Maharashtra,9949027735,rekha.verma393@hotmail.com,DEP007,Consultant,PhD,10.9,2020-07-12,Terminated,2022-02-18,45000,4.0
EMP02512,Kavita Chaudhary,Female,1985-10-24,40,Married,Hyderabad,Telangana,9450198866,kavita.chaudhary217@outlook.com,DEP001,Consultant,B.A.,16.3,2019-12-13,Active,,100000,1.0
EMP02513,Aditya Joshi,Male,1987-05-04,39,Married,Nagpur,Maharashtra,8717449215,aditya.joshi995@yahoo.com,DEP008,Manager,B.Sc,16.0,2016-04-11,Active,,25000,5.0
EMP02514,Saanvi Kumar,Female,1970-09-20,55,Divorced,Pune,Maharashtra,7913838843,saanvi.kumar@rediffmail.com,DEP001,Deputy General Manager,M.Tech,7.4,2019-07-15,On Notice Period,,200000,4.0
EMP02515,Shreya Sharma,Other,2000-08-12,26,Divorced,Lucknow,Uttar Pradesh,6437756533,shreya.sharma851@yahoo.com,DEP003,Intern,Diploma,9.1,2022-04-10,Resigned,2026-02-26,100000,2.0
EMP02516,Nikhil Bose,Male,1998-09-13,27,Divorced,Pune,Maharashtra,7534696882,nikhil.bose941@yahoo.com,DEP012,Vice President,M.Tech,25.2,2023-11-14,On Notice Period,,45000,3.0
EMP02517,Rekha Malhotra,Female,1969-03-11,57,Single,Hyderabad,Telangana,9057750100,rekha.malhotra307@rediffmail.com,DEP004,Intern,B.Sc,5.5,2018-12-21,Active,,250000,3.0
EMP02518,nisha bansal,Other,2004-06-04,22,Married,Nagpur,Maharashtra,6157709941,nisha.bansal956@yahoo.com,DEP009,Consultant,M.Tech,15.9,2022-01-25,Terminated,2022-05-05,60000,4.0
EMP02519,MEERA IYER,Other,1975-07-21,51,Divorced,Chandigarh,Chandigarh,9791873465,,DEP011,Deputy General Manager,MBA,17.5,2018-05-28,Active,,35000,3.0
EMP02520,Ishaan Nair,Other,1995-09-11,30,Single,Kolkata,West Bengal,6177281205,ishaan.nair870@yahoo.com,DEP008,Senior Analyst,MBA,14.5,2018-04-09,On Notice Period,,80000,5.0
EMP02521,Aditya Sharma,Male,1988-07-07,38,Single,Coimbatore,Tamil Nadu,9669379509,aditya.sharma522@hotmail.com,DEP007,Senior Associate,B.Com,11.4,2025-11-23,On Notice Period,,100000,5.0
EMP02522,Ritu Menon,Female,1972-09-06,54,Single,Delhi,Delhi,8948746512,ritu.menon454@rediffmail.com,DEP001,Analyst,MBA,6.1,2017-12-04,Active,,320000,3.0
EMP02523,Sunita Kumar,Female,1968-05-05,58,Divorced,Chennai,Tamil Nadu,6422607379,sunita.kumar373@yahoo.com,DEP004,Assistant Manager,MBA,24.7,2015-05-20,Active,,35000,2.0
EMP02524,Aman Malhotra,Male,1986-04-15,40,Divorced,Noida,Uttar Pradesh,8187425938,aman.malhotra355@yahoo.com,DEP009,Vice President,PhD,10.1,2017-12-10,Terminated,2020-03-07,25000,2.0
EMP02525,Ritu Agarwal,Other,1989-09-13,36,Single,Noida,Uttar Pradesh,6470710422,ritu.agarwal182@outlook.com,DEP005,Senior Associate,B.Sc,18.7,2019-06-01,Active,,250000,5.0
EMP02526,Pooja Agarwal,Other,1981-02-03,45,Single,Indore,Madhya Pradesh,,pooja.agarwal404@rediffmail.com,DEP010,Senior Associate,M.Com,24.3,2022-01-03,Terminated,2025-10-03,100000,5.0
EMP02527,Ananya Shetty,Female,1975-12-13,50,Divorced,Jaipur,Rajasthan,7395919329,,DEP006,General Manager,B.A.,5.5,2024-04-10,Active,,60000,4.0
EMP02528,Swati Agarwal,Other,1998-03-25,28,Divorced,Coimbatore,Tamil Nadu,6284380262,swati.agarwal40@rediffmail.com,DEP005,Consultant,M.Tech,17.3,2015-07-11,Active,,160000,2.0
EMP02529,Ramesh Iyer,Male,1971-06-28,55,Married,Bengaluru,Karnataka,8284188236,ramesh.iyer57@hotmail.com,DEP010,Senior Associate,B.Sc,30.0,2020-04-13,On Notice Period,,320000,2.0
EMP02530,Vivaan Rao,Other,1990-07-11,36,Single,Indore,Madhya Pradesh,6187572435,vivaan.rao755@yahoo.com,DEP009,Assistant Manager,B.Com,28.0,2018-04-20,Resigned,2021-03-26,35000,1.0
EMP02531,Aarav Shetty,Male,1975-12-19,50,Single,Pune,Maharashtra,7145990126,aarav.shetty369@hotmail.com,DEP004,Senior Associate,M.Com,2.6,2022-09-20,Active,,100000,5.0
EMP02532,Krishna Singh,Male,2001-07-15,25,Divorced,Noida,Uttar Pradesh,7378137628,krishna.singh595@yahoo.com,DEP010,Vice President,M.Tech,1.9,2022-11-24,On Notice Period,,35000,3.0
EMP02533,Kavita Agarwal,Female,1967-12-12,58,Single,Delhi,Delhi,8317640166,kavita.agarwal783@rediffmail.com,DEP012,Intern,M.Sc,18.9,2022-06-23,Active,,250000,4.0
EMP02534,Shreya Nair,Female,1976-12-28,49,Single,Coimbatore,Tamil Nadu,9782957057,shreya.nair21@yahoo.com,DEP010,Associate,B.Com,29.2,2023-08-12,Active,,250000,4.0
EMP02535,Ritu Gupta,Female,2003-03-23,23,Married,Nagpur,Maharashtra,7599416261,ritu.gupta960@yahoo.com,DEP004,Deputy General Manager,B.A.,19.0,2017-11-18,Terminated,2020-05-21,320000,2.0
EMP02536,Priya Mishra,Other,1977-06-04,49,Divorced,Chandigarh,Chandigarh,7669577878,priya.mishra798@yahoo.com,DEP007,Vice President,M.Tech,8.1,2024-03-20,Active,,250000,2.0
EMP02537,Sneha Chopra,Female,1969-07-14,57,Divorced,Lucknow,Uttar Pradesh,,sneha.chopra119@rediffmail.com,DEP010,Team Lead,M.Tech,24.8,2015-08-19,Active,,200000,3.0
EMP02538,Sarika Reddy,Female,2001-06-21,25,Divorced,Hyderabad,Telangana,9052781906,sarika.reddy744@rediffmail.com,DEP007,Associate,PhD,,2023-07-18,Active,,100000,2.0
EMP02539,Myra Rao,Other,1991-02-27,35,Married,Lucknow,Uttar Pradesh,8161504221,myra.rao151@yahoo.com,DEP006,Analyst,Diploma,14.0,2025-06-06,Active,,60000,3.0
EMP02540,Pooja Chopra,Female,1993-04-07,33,Single,Chandigarh,Chandigarh,7892168489,pooja.chopra@gmail.com,DEP012,Senior Manager,B.Tech,12.2,2019-02-01,Active,,130000,4.0
EMP02541,Sanjay Menon,Male,1966-07-19,60,Single,Hyderabad,Telangana,6888310559,sanjay.menon806@outlook.com,DEP012,Executive,Diploma,26.7,2018-02-24,Resigned,2018-08-17,320000,1.0
EMP02542,Aarav Shetty,Other,1999-11-28,26,Divorced,Nagpur,Maharashtra,6073835421,aarav.shetty854@gmail.com,DEP011,Deputy General Manager,B.Tech,23.4,2022-03-24,Terminated,2026-06-23,45000,2.0
EMP02543,Aman Bansal,Male,1987-09-02,39,Single,Ahmedabad,Gujarat,7894095201,aman.bansal299@hotmail.com,DEP005,Analyst,M.Com,13.6,2024-10-13,Active,,60000,5.0
EMP02544,Rohan Chaudhary,Male,1994-01-16,32,Divorced,Coimbatore,Tamil Nadu,8717053029,rohan.chaudhary235@gmail.com,DEP006,Senior Analyst,B.A.,21.1,2020-10-26,Active,,250000,4.0
EMP02545,Divya Chaudhary,Female,1967-11-04,58,Single,Bengaluru,Karnataka,9652870296,divya.chaudhary114@rediffmail.com,DEP005,Associate,B.Tech,7.6,2025-04-13,Active,,60000,5.0
EMP02546,Vivaan Verma,Male,2004-04-09,22,Married,Chandigarh,Chandigarh,8902858550,vivaan.verma570@rediffmail.com,DEP005,Executive,B.Com,6.0,2017-05-06,Active,,60000,2.0
EMP02547,riya rao,Other,1969-02-09,57,Divorced,Chandigarh,Chandigarh,7375853798,riya.rao511@outlook.com,DEP008,Senior Manager,B.Tech,27.6,2017-09-09,On Notice Period,,25000,1.0
EMP02548,Saurabh Patel,Male,1975-08-06,51,Married,Chennai,Tamil Nadu,9010678398,saurabh.patel56@gmail.com,DEP008,Executive,PhD,22.6,2024-09-24,Resigned,,200000,2.0
EMP02549,Saurabh Bansal,Male,1977-12-22,48,Married,Indore,Madhya Pradesh,6911590558,saurabh.bansal@yahoo.com,DEP002,Team Lead,PhD,12.6,2024-10-24,Active,,130000,4.0
EMP02550,Ajay Chaudhary,Male,1976-09-28,49,Divorced,Ghaziabad,Uttar Pradesh,8873149994,ajay.chaudhary@yahoo.com,DEP011,Consultant,Diploma,15.7,2021-12-22,Terminated,2023-09-13,60000,4.0
EMP02551,Vikram Pillai,Male,1972-05-06,54,Single,Mumbai,Maharashtra,6393162545,vikram.pillai215@rediffmail.com,DEP010,Senior Associate,MBA,28.7,2025-12-06,On Notice Period,,35000,1.0
EMP02552,Priya Singh,Other,1972-06-05,54,Married,Mumbai,Maharashtra,6411676518,priya.singh49@hotmail.com,DEP006,Executive,M.Com,14.9,2025-03-15,Active,,100000,3.0
EMP02553,Isha Joshi,Female,1992-03-11,34,Divorced,Noida,Uttar Pradesh,8076840068,isha.joshi65@rediffmail.com,DEP012,Vice President,B.Tech,0.6,2024-12-10,Resigned,2025-03-19,25000,4.0
EMP02554,ritu chaudhary,Other,2003-08-23,23,Married,Chandigarh,Chandigarh,7620612750,ritu.chaudhary331@outlook.com,DEP008,General Manager,MBA,19.7,2016-11-29,Active,,60000,2.0
EMP02555,Sneha Singh,Other,1966-10-24,59,Single,Mumbai,Maharashtra,8307253557,sneha.singh220@hotmail.com,DEP012,Senior Manager,M.Tech,27.4,2015-06-29,Active,,60000,2.0
EMP02556,Priya Singh,Female,2003-08-12,23,Married,Coimbatore,Tamil Nadu,7533229484,priya.singh443@hotmail.com,DEP010,Associate,B.A.,21.7,2020-08-07,Active,,250000,5.0
EMP02557,Myra Bansal,Other,1995-05-27,31,Single,Bengaluru,Karnataka,9959966295,myra.bansal99@hotmail.com,DEP005,Senior Associate,B.Sc,20.1,2021-07-12,On Notice Period,,35000,1.0
EMP02558,Sanjay Shetty,Male,1981-05-16,45,Divorced,Kolkata,West Bengal,6111100183,sanjay.shetty938@yahoo.com,DEP001,Executive,B.Com,19.9,2019-06-27,Resigned,2025-09-26,25000,2.0
EMP02559,Nikhil Iyer,Other,1988-09-02,38,Divorced,Mumbai,Maharashtra,6336376180,nikhil.iyer449@rediffmail.com,DEP006,Vice President,MBA,11.6,2019-10-31,Terminated,2021-09-30,320000,1.0
EMP02560,Kavya Agarwal,Female,1998-01-24,28,Divorced,Hyderabad,Telangana,9361093042,kavya.agarwal199@outlook.com,DEP008,Executive,M.Com,18.0,2022-04-21,Resigned,,35000,2.0
EMP02561,Vikram Iyer,Other,1976-08-03,50,Divorced,Chandigarh,Chandigarh,7538447994,vikram.iyer649@gmail.com,DEP012,Deputy General Manager,M.Tech,22.4,2024-10-20,Active,,160000,2.0
EMP02562,Reyansh Sharma,Other,2005-06-21,21,Single,Jaipur,Rajasthan,9798117023,reyansh.sharma844@outlook.com,DEP002,General Manager,M.Sc,7.2,2026-04-24,Resigned,,35000,5.0
EMP02563,Suresh Chopra,Other,1991-02-12,35,Divorced,Bengaluru,Karnataka,9917697008,suresh.chopra425@rediffmail.com,DEP002,Deputy General Manager,B.Tech,2.2,2024-05-16,Active,,130000,5.0
EMP02564,Pooja Rao,Female,1999-09-11,26,Single,Bengaluru,Karnataka,6764228013,pooja.rao207@gmail.com,DEP003,Analyst,B.Sc,3.5,2016-10-13,Terminated,2019-09-07,250000,1.0
EMP02565,Meera Malhotra,Female,1994-05-20,32,Single,Pune,Maharashtra,8173084487,meera.malhotra414@rediffmail.com,DEP005,Intern,B.Tech,,2025-11-09,Active,,80000,4.0
EMP02566,Isha Joshi,Female,2003-02-21,23,Divorced,Nagpur,Maharashtra,8347929927,isha.joshi814@gmail.com,DEP006,Senior Manager,B.Sc,,2017-09-25,Active,,80000,5.0
EMP02567,Priya Verma,Female,1968-06-08,58,Single,Chennai,Tamil Nadu,9470278408,priya.verma650@hotmail.com,DEP004,Consultant,B.Sc,27.6,2015-07-06,Resigned,2019-11-05,25000,1.0
EMP02568,Ritu Ghosh,Other,1972-12-17,53,Married,Jaipur,Rajasthan,9476616749,ritu.ghosh907@outlook.com,DEP002,Team Lead,M.Sc,16.0,2020-10-28,Active,,320000,1.0
EMP02569,Naveen Chaudhary,Other,1969-06-25,57,Divorced,Hyderabad,Telangana,9948501371,naveen.chaudhary224@yahoo.com,DEP002,Executive,B.A.,14.1,2022-01-27,Active,,200000,4.0
EMP02570,Ramesh Bansal,Male,1987-08-17,39,Single,Surat,Gujarat,7429845777,ramesh.bansal196@outlook.com,DEP012,Senior Manager,PhD,2.7,2022-07-13,Active,,60000,4.0
EMP02571,Diya Singh,Other,1988-08-16,38,Divorced,Noida,Uttar Pradesh,9273306741,diya.singh159@gmail.com,DEP005,Team Lead,M.Sc,6.1,2021-11-07,Active,,250000,3.0
EMP02572,Kritika Agarwal,Female,1994-04-05,32,Divorced,Chandigarh,Chandigarh,6512449896,kritika.agarwal909@hotmail.com,DEP006,Associate,B.Com,7.8,2022-06-19,Terminated,,45000,4.0
EMP02573,Ritu Joshi,Other,1998-05-20,28,Divorced,Jaipur,Rajasthan,8781524978,ritu.joshi95@outlook.com,DEP004,Manager,B.A.,9.2,2023-05-15,Active,,60000,3.0
EMP02574,Riya Chaudhary,Female,1990-08-20,36,Divorced,Lucknow,Uttar Pradesh,9650875319,riya.chaudhary463@yahoo.com,DEP009,Associate,B.Sc,14.0,2016-03-02,Active,,80000,3.0
EMP02575,Aman Malhotra,Male,1981-12-14,44,Divorced,Chennai,Tamil Nadu,8566486277,aman.malhotra@rediffmail.com,DEP002,Analyst,B.A.,20.7,2021-03-16,Active,,200000,4.0
EMP02576,Naveen Sharma,Male,1970-09-02,56,Married,Pune,Maharashtra,,naveen.sharma855@outlook.com,DEP006,Intern,M.Tech,11.1,2023-11-19,Resigned,,100000,5.0
EMP02577,Krishna Shetty,Other,1996-11-06,29,Single,Bengaluru,Karnataka,7122127724,krishna.shetty71@yahoo.com,DEP010,Assistant Manager,M.Com,17.1,2015-05-16,Active,,35000,1.0
EMP02578,Kritika Patel,Female,2004-01-22,22,Single,Nagpur,Maharashtra,7516369546,kritika.patel263@gmail.com,DEP007,Consultant,MBA,6.1,2021-07-20,On Notice Period,,250000,3.0
EMP02579,Naveen Shetty,Other,1969-08-21,57,Divorced,Jaipur,Rajasthan,6690109921,naveen.shetty717@rediffmail.com,DEP007,Manager,M.Com,26.8,2018-09-06,Resigned,2022-10-30,80000,5.0
EMP02580,KRISHNA JOSHI,Male,2005-04-06,21,Divorced,Bengaluru,Karnataka,6987292740,krishna.joshi101@gmail.com,DEP005,Senior Analyst,PhD,6.2,2021-03-18,Terminated,2026-01-20,160000,3.0
EMP02581,RIYA REDDY,Female,1998-12-05,27,Married,Pune,Maharashtra,6770009826,riya.reddy942@rediffmail.com,DEP003,Senior Associate,B.Com,18.6,2022-11-11,Active,,35000,3.0
EMP02582,Arjun Malhotra,Other,2002-01-11,24,Single,Coimbatore,Tamil Nadu,9796715656,arjun.malhotra49@rediffmail.com,DEP001,General Manager,Diploma,10.3,2017-07-11,On Notice Period,,160000,2.0
EMP02583,Sunita Chaudhary,Female,2000-01-15,26,Single,Lucknow,Uttar Pradesh,7472259282,sunita.chaudhary285@outlook.com,DEP006,Senior Associate,PhD,17.2,2023-01-20,Active,,25000,3.0
EMP02584,Nisha Patel,Other,2001-12-24,24,Married,Delhi,Delhi,7610760427,nisha.patel948@rediffmail.com,DEP002,Senior Analyst,M.Tech,19.1,2025-12-31,Active,,35000,4.0
EMP02585,Anil Rao,Male,1966-03-24,60,Single,Hyderabad,Telangana,9896004288,anil.rao495@rediffmail.com,DEP009,Intern,PhD,0.4,2018-02-08,Active,,130000,3.0
EMP02586,Sunita Sharma,Female,1966-05-14,60,Single,Delhi,Delhi,8105857285,sunita.sharma744@outlook.com,DEP001,Executive,M.Com,2.8,2017-02-19,Active,,250000,3.0
EMP02587,Rahul Yadav,Other,1989-05-09,37,Single,Hyderabad,Telangana,8979914804,rahul.yadav26@rediffmail.com,DEP002,Associate,B.Sc,1.0,2016-11-17,Active,,100000,1.0
EMP02588,Vikram Chaudhary,Male,1999-10-09,26,Married,Pune,Maharashtra,9073422095,vikram.chaudhary196@gmail.com,DEP006,Senior Associate,MBA,16.0,2022-08-14,Active,,130000,5.0
EMP02589,Anjali Rao,Female,1970-07-17,56,Single,Chennai,Tamil Nadu,7170286824,anjali.rao530@gmail.com,DEP012,Senior Associate,M.Com,45.8,2023-05-24,On Notice Period,,250000,4.0
EMP02590,Kritika Reddy,Female,1974-05-27,52,Divorced,Hyderabad,Telangana,9727341681,kritika.reddy672@hotmail.com,DEP003,Analyst,M.Tech,0.5,2025-02-03,Active,,250000,3.0
EMP02591,Diya Yadav,Female,1994-08-20,32,Married,Bengaluru,Karnataka,8830361010,diya.yadav392@rediffmail.com,DEP002,Team Lead,B.Tech,12.7,2017-04-15,Active,,35000,3.0
EMP02592,Aarav Bose,Other,1974-08-19,52,Single,Surat,Gujarat,8015402490,aarav.bose414@yahoo.com,DEP007,Team Lead,PhD,24.0,2015-10-31,Active,,45000,2.0
EMP02593,Meera Desai,Other,1984-12-05,41,Married,Coimbatore,Tamil Nadu,9396702910,meera.desai656@rediffmail.com,DEP006,Deputy General Manager,M.Com,19.2,2019-10-05,Resigned,2021-05-13,160000,3.0
EMP02594,Deepak Patel,Male,1985-08-20,41,Married,Pune,Maharashtra,6218719943,deepak.patel404@outlook.com,DEP008,Associate,M.Sc,14.1,2021-03-03,Active,,320000,2.0
EMP02595,Saanvi Kumar,Female,1976-10-14,49,Single,Delhi,Delhi,8566506668,saanvi.kumar589@gmail.com,DEP006,Manager,B.Com,24.9,2024-08-14,Terminated,,160000,2.0
EMP02596,Nisha Bansal,Other,1966-04-06,60,Married,Nagpur,Maharashtra,7959732935,nisha.bansal573@rediffmail.com,DEP011,Consultant,B.A.,5.5,2019-04-06,On Notice Period,,320000,1.0
EMP02597,Karan Kapoor,Male,1991-10-24,34,Single,Coimbatore,Tamil Nadu,8864333812,karan.kapoor837@outlook.com,DEP008,Senior Associate,Diploma,27.4,2025-06-09,Active,,45000,5.0
EMP02598,Saurabh Kapoor,Male,1993-08-05,33,Single,Ghaziabad,Uttar Pradesh,6965153903,saurabh.kapoor614@rediffmail.com,DEP010,Executive,M.Tech,20.3,2020-10-12,Active,,250000,5.0
EMP02599,Shreya Chopra,Female,1972-09-25,53,Divorced,Surat,Gujarat,6415304941,shreya.chopra927@rediffmail.com,DEP007,Manager,MBA,26.3,2016-11-03,Resigned,2020-04-21,320000,5.0
EMP02600,Priya Patel,Female,1988-02-03,38,Divorced,Indore,Madhya Pradesh,7362706431,priya.patel14@gmail.com,DEP001,Senior Associate,B.Tech,0.1,2020-09-25,Active,,60000,1.0
EMP02601,Divya Gupta,Female,1989-05-06,37,Divorced,Chennai,Tamil Nadu,7083898725,divya.gupta603@hotmail.com,DEP003,Team Lead,M.Com,28.2,2023-03-03,Active,,80000,1.0
EMP02602,rekha kapoor,Female,1990-06-05,36,Divorced,Bengaluru,Karnataka,7663961864,rekha.kapoor782@outlook.com,DEP002,Associate,B.Com,5.1,2025-06-16,Active,,200000,4.0
EMP02603,Rekha Reddy,Female,1972-04-08,54,Single,Lucknow,Uttar Pradesh,7910682403,rekha.reddy539@hotmail.com,DEP012,Executive,B.Sc,10.4,2022-10-05,Active,,200000,5.0
EMP02604,Sarika Menon,Other,1984-06-27,42,Married,Jaipur,Rajasthan,7596829973,sarika.menon847@hotmail.com,DEP006,Deputy General Manager,B.A.,18.6,2019-12-04,Terminated,2024-02-08,130000,2.0
EMP02605,rekha ghosh,Female,1991-06-20,35,Married,Surat,Gujarat,8326882254,rekha.ghosh963@hotmail.com,DEP003,Deputy General Manager,M.Tech,,2021-01-28,Resigned,2021-09-19,100000,3.0
EMP02606,RIYA DESAI,Female,2000-04-11,26,Divorced,Chennai,Tamil Nadu,9785628107,riya.desai736@outlook.com,DEP001,Senior Manager,B.Tech,25.0,2018-06-11,Active,,130000,1.0
EMP02607,Swati Mishra,Female,1994-03-16,32,Divorced,Coimbatore,Tamil Nadu,9206947971,swati.mishra609@gmail.com,DEP012,Senior Analyst,B.Sc,8.0,2020-11-28,Active,,80000,5.0
EMP02608,Vikram Iyer,Other,1995-10-06,30,Single,Noida,Uttar Pradesh,,vikram.iyer616@gmail.com,DEP012,Team Lead,M.Sc,22.5,2016-04-08,Active,,45000,5.0
EMP02609,Pooja Shetty,Other,1976-11-09,49,Divorced,Indore,Madhya Pradesh,9345548983,pooja.shetty548@yahoo.com,DEP011,Deputy General Manager,B.Tech,23.8,2022-09-16,Active,,35000,4.0
EMP02610,Neha Verma,Female,1969-11-20,56,Divorced,Lucknow,Uttar Pradesh,,neha.verma679@gmail.com,DEP011,Team Lead,M.Com,27.7,2016-05-12,Active,,160000,4.0
EMP02611,Pooja Nair,Other,1973-02-27,53,Married,Kolkata,West Bengal,8659477720,pooja.nair966@gmail.com,DEP009,Consultant,B.Sc,29.1,2025-08-04,Resigned,,100000,4.0
EMP02612,Kavya Reddy,Female,1970-12-26,55,Single,Nagpur,Maharashtra,7486990545,kavya.reddy94@outlook.com,DEP006,Vice President,MBA,27.2,2025-07-05,Active,,130000,3.0
EMP02613,Suresh Nair,Male,1967-02-21,59,Single,Indore,Madhya Pradesh,6202036910,suresh.nair237@gmail.com,DEP010,Senior Analyst,MBA,26.8,2016-09-28,On Notice Period,,100000,5.0
EMP02614,Anil Iyer,Male,1970-11-06,55,Married,Chennai,Tamil Nadu,9554567126,anil.iyer718@gmail.com,DEP003,Consultant,M.Sc,24.2,2021-10-21,Active,,35000,4.0
EMP02615,Swati Sharma,Female,1975-06-08,51,Divorced,Chandigarh,Chandigarh,6755800356,swati.sharma520@yahoo.com,DEP006,Consultant,MBA,5.6,2024-12-01,On Notice Period,,45000,4.0
EMP02616,Anjali Malhotra,Female,1989-11-24,36,Divorced,Ahmedabad,Gujarat,9923789287,anjali.malhotra112@hotmail.com,DEP007,Assistant Manager,M.Tech,13.3,2021-11-26,Terminated,2025-11-05,130000,5.0
EMP02617,Ritu Chopra,Other,1969-02-22,57,Divorced,Nagpur,Maharashtra,8063681203,ritu.chopra@outlook.com,DEP012,Analyst,M.Sc,23.6,2016-02-25,Terminated,2016-08-23,100000,4.0
EMP02618,Deepak Iyer,Male,1991-02-10,35,Divorced,Pune,Maharashtra,6253466048,deepak.iyer209@rediffmail.com,DEP001,Assistant Manager,B.Sc,6.8,2018-10-24,Active,,320000,4.0
EMP02619,Ajay Yadav,Male,1989-07-21,37,Married,Indore,Madhya Pradesh,7223497068,ajay.yadav240@hotmail.com,DEP002,Executive,B.Com,14.3,2015-05-06,Active,,160000,2.0
EMP02620,isha menon,Female,1989-10-24,36,Married,Noida,Uttar Pradesh,9750731587,isha.menon203@yahoo.com,DEP002,Senior Analyst,MBA,4.5,2018-11-28,Active,,35000,1.0
EMP02621,Ishaan Agarwal,Other,1992-01-03,34,Married,Ahmedabad,Gujarat,9905097963,ishaan.agarwal596@hotmail.com,DEP010,Assistant Manager,PhD,18.2,2018-04-09,On Notice Period,,25000,3.0
EMP02622,Kritika Yadav,Female,1994-08-02,32,Divorced,Nagpur,Maharashtra,9390725845,kritika.yadav560@hotmail.com,DEP012,Team Lead,Diploma,1.5,2021-06-21,Resigned,2025-07-25,25000,5.0
EMP02623,aditya kumar,Male,1991-11-20,34,Divorced,Ahmedabad,Gujarat,9976480072,aditya.kumar384@gmail.com,DEP008,Executive,PhD,21.6,2026-02-16,Active,,80000,3.0
EMP02624,Neha Rao,Female,1988-04-11,38,Divorced,Nagpur,Maharashtra,7896385904,neha.rao188@gmail.com,DEP007,Senior Analyst,M.Sc,4.4,2024-11-14,Active,,80000,1.0
EMP02625,Arjun Mishra,Male,1997-04-20,29,Divorced,Lucknow,Uttar Pradesh,9808189290,arjun.mishra518@gmail.com,DEP009,Senior Analyst,MBA,16.1,2024-12-18,On Notice Period,,160000,1.0
EMP02626,Deepak Sharma,Male,1991-10-14,34,Single,Ghaziabad,Uttar Pradesh,7942475991,deepak.sharma863@hotmail.com,DEP005,Senior Analyst,B.Com,15.2,2018-11-29,On Notice Period,,200000,4.0
EMP02627,Vivaan Joshi,Male,1992-01-26,34,Divorced,Chennai,Tamil Nadu,8389827538,vivaan.joshi114@rediffmail.com,DEP002,Consultant,M.Tech,5.3,2026-06-26,Active,,100000,4.0
EMP02628,Rohan Chopra,Male,1993-04-12,33,Single,Delhi,Delhi,9907139696,rohan.chopra202@outlook.com,DEP012,Senior Analyst,B.Com,18.1,2025-09-27,Active,,200000,4.0
EMP02629,Suresh Singh,Male,1995-11-28,30,Divorced,Bengaluru,Karnataka,7491968821,suresh.singh324@gmail.com,DEP008,Senior Manager,B.Tech,9.1,2025-05-06,Active,,320000,1.0
EMP02630,Reyansh Ghosh,Male,1987-09-28,38,Divorced,Mumbai,Maharashtra,8964676801,reyansh.ghosh959@gmail.com,DEP004,Deputy General Manager,B.Sc,1.2,2023-06-17,Resigned,,25000,4.0
EMP02631,Naveen Desai,Male,1998-09-06,28,Divorced,Surat,Gujarat,9709734258,naveen.desai@yahoo.com,DEP012,Vice President,B.A.,18.5,2019-03-31,Active,,100000,3.0
EMP02632,Sarika Reddy,Female,1977-04-15,49,Single,Coimbatore,Tamil Nadu,8131756166,sarika.reddy947@hotmail.com,DEP002,Assistant Manager,B.Com,28.1,2016-01-12,Active,,320000,2.0
EMP02633,Vihaan Bansal,Male,2004-04-06,22,Single,Delhi,Delhi,7920363195,vihaan.bansal503@hotmail.com,DEP012,Senior Manager,B.Sc,10.8,2025-05-04,Active,,160000,4.0
EMP02634,Saanvi Bansal,Other,1976-02-28,50,Single,Ahmedabad,Gujarat,8002345634,saanvi.bansal481@hotmail.com,DEP009,Consultant,M.Com,12.4,2023-02-19,Active,,45000,2.0
EMP02635,Isha Bose,Other,2004-11-06,21,Divorced,Pune,Maharashtra,8927090005,isha.bose641@hotmail.com,DEP008,General Manager,M.Tech,,2021-08-22,Active,,160000,1.0
EMP02636,Sarika Desai,Other,1975-05-16,51,Divorced,Bengaluru,Karnataka,6583643137,sarika.desai292@gmail.com,DEP005,Intern,M.Tech,10.5,2021-09-12,Active,,80000,3.0
EMP02637,Anjali Shetty,Female,1980-04-20,46,Divorced,Chandigarh,Chandigarh,,anjali.shetty892@gmail.com,DEP004,Intern,M.Sc,1.0,2016-05-18,Active,,130000,2.0
EMP02638,Reyansh Mishra,Other,1974-04-24,52,Single,Ahmedabad,Gujarat,9409154794,reyansh.mishra668@rediffmail.com,DEP002,Executive,M.Tech,17.1,2017-03-24,Active,,45000,2.0
EMP02639,Sneha Mishra,Female,1995-08-03,31,Single,Lucknow,Uttar Pradesh,7858854816,sneha.mishra628@yahoo.com,DEP002,Assistant Manager,M.Tech,24.0,2024-11-14,Active,,250000,4.0
EMP02640,Myra Pillai,Female,1982-07-19,44,Single,Mumbai,Maharashtra,9455594852,myra.pillai106@outlook.com,DEP003,Deputy General Manager,M.Sc,27.3,2023-12-31,On Notice Period,,130000,3.0
EMP02641,Aditya Menon,Other,2003-06-08,23,Divorced,Ghaziabad,Uttar Pradesh,7358053167,aditya.menon980@outlook.com,DEP005,Deputy General Manager,B.Com,,2019-07-17,Active,,130000,2.0
EMP02642,Anil Kapoor,Male,1966-05-24,60,Single,Chennai,Tamil Nadu,6361993066,anil.kapoor465@gmail.com,DEP010,Executive,M.Com,5.5,2024-09-03,Resigned,2025-05-08,100000,1.0
EMP02643,Kavya Pillai,Other,1988-09-09,38,Married,Hyderabad,Telangana,7823351305,kavya.pillai879@yahoo.com,DEP004,Manager,PhD,24.0,2015-10-15,Resigned,2016-12-19,45000,2.0
EMP02644,Divya Pillai,Female,1968-06-12,58,Married,Pune,Maharashtra,8730077783,,DEP010,Assistant Manager,PhD,23.8,2019-09-03,Active,,100000,2.0
EMP02645,Rahul Agarwal,Male,2002-10-11,23,Divorced,Surat,Gujarat,6462727153,rahul.agarwal@yahoo.com,DEP010,Senior Analyst,M.Sc,,2017-12-10,Resigned,2023-09-20,35000,3.0
EMP02646,Aadhya Kapoor,Other,1991-08-21,35,Divorced,Chandigarh,Chandigarh,6727931163,aadhya.kapoor443@hotmail.com,DEP011,Manager,MBA,14.5,2026-01-05,Active,,320000,2.0
EMP02647,Sanjay Malhotra,Male,1990-01-11,36,Single,Noida,Uttar Pradesh,,sanjay.malhotra627@rediffmail.com,DEP012,Analyst,B.Sc,2.6,2024-07-12,Terminated,,45000,1.0
EMP02648,Anjali Gupta,Other,2001-11-02,24,Married,Coimbatore,Tamil Nadu,9005100463,anjali.gupta192@gmail.com,DEP003,Analyst,MBA,,2018-04-07,Active,,45000,1.0
EMP02649,Vivaan Mishra,Male,1986-06-17,40,Divorced,Mumbai,Maharashtra,6089037291,vivaan.mishra682@gmail.com,DEP011,Deputy General Manager,M.Sc,1.6,2024-07-19,Terminated,,80000,1.0
EMP02650,Gaurav Yadav,Male,1984-04-05,42,Married,Ahmedabad,Gujarat,9038689000,gaurav.yadav679@rediffmail.com,DEP011,Consultant,M.Sc,5.2,2015-06-19,Active,,100000,3.0
EMP02651,Kavita Kumar,Female,1967-09-07,59,Married,Bengaluru,Karnataka,6563393149,kavita.kumar249@yahoo.com,DEP011,Senior Associate,M.Com,13.3,2017-01-12,Active,,35000,3.0
EMP02652,Arjun Iyer,Other,1972-06-26,54,Divorced,Lucknow,Uttar Pradesh,8530887318,arjun.iyer149@rediffmail.com,DEP009,Consultant,Diploma,24.1,2016-10-06,On Notice Period,,35000,4.0
EMP02653,Isha Shetty,Other,1995-07-25,31,Divorced,Coimbatore,Tamil Nadu,,isha.shetty503@gmail.com,DEP007,Executive,M.Sc,4.4,2017-08-13,Terminated,2017-12-14,200000,2.0
EMP02654,Sunita Iyer,Female,1997-03-01,29,Married,Ghaziabad,Uttar Pradesh,9155281098,sunita.iyer428@hotmail.com,DEP005,Associate,Diploma,7.8,2021-01-27,Terminated,2022-09-24,60000,1.0
EMP02655,Divya Ghosh,Other,1978-04-16,48,Single,Jaipur,Rajasthan,8679054638,divya.ghosh299@outlook.com,DEP010,Manager,B.A.,15.1,2019-06-15,Active,,100000,3.0
EMP02656,ananya pillai,Other,1980-05-07,46,Divorced,Mumbai,Maharashtra,7925963924,ananya.pillai450@yahoo.com,DEP012,Executive,MBA,17.2,2021-07-24,Active,,100000,3.0
EMP02657,Krishna Malhotra,Other,1989-10-10,36,Married,Kolkata,West Bengal,,krishna.malhotra13@yahoo.com,DEP003,Senior Manager,M.Tech,2.8,2018-03-28,Active,,250000,2.0
EMP02658,Sunita Verma,Female,1978-05-05,48,Married,Nagpur,Maharashtra,7829018694,sunita.verma941@hotmail.com,DEP009,Intern,B.A.,17.0,2023-01-08,Active,,35000,3.0
EMP02659,Krishna Ghosh,Other,1968-12-20,57,Divorced,Pune,Maharashtra,6170017810,krishna.ghosh683@yahoo.com,DEP012,Senior Analyst,M.Com,28.7,2020-12-26,On Notice Period,,200000,1.0
EMP02660,Krishna Ghosh,Male,2000-04-16,26,Married,Surat,Gujarat,9865572599,krishna.ghosh361@hotmail.com,DEP001,Consultant,Diploma,2.5,2023-09-06,Resigned,2025-09-22,250000,3.0
EMP02661,Isha Malhotra,Female,1986-12-20,39,Married,Surat,Gujarat,9062724569,isha.malhotra80@gmail.com,DEP007,Deputy General Manager,Diploma,26.9,2019-06-18,Active,,160000,1.0
EMP02662,Suresh Nair,Other,1985-10-06,40,Divorced,Nagpur,Maharashtra,7668202971,suresh.nair992@rediffmail.com,DEP004,Associate,B.Sc,4.1,2022-07-17,Terminated,2025-05-10,200000,3.0
EMP02663,Kavita Mishra,Other,1995-06-03,31,Married,Ghaziabad,Uttar Pradesh,9423242629,kavita.mishra85@rediffmail.com,DEP006,Senior Manager,M.Tech,14.2,2026-04-23,Active,,80000,4.0
EMP02664,Vikram Nair,Other,2001-07-01,25,Married,Jaipur,Rajasthan,6240189155,vikram.nair738@hotmail.com,DEP010,Senior Associate,M.Com,,2022-03-06,Terminated,2026-06-27,130000,1.0
EMP02665,Reyansh Joshi,Male,1985-07-01,41,Divorced,Nagpur,Maharashtra,9861136829,reyansh.joshi684@outlook.com,DEP005,Executive,B.A.,17.6,2016-09-08,Active,,250000,1.0
EMP02666,Kavya Desai,Female,1982-02-09,44,Divorced,Chandigarh,Chandigarh,7880370539,kavya.desai973@yahoo.com,DEP001,Intern,B.Sc,23.9,2020-01-09,On Notice Period,,60000,1.0
EMP02667,Diya Malhotra,Female,1998-09-16,27,Single,Kolkata,West Bengal,7285299783,diya.malhotra898@rediffmail.com,DEP006,Team Lead,M.Sc,17.8,2017-08-12,Active,,200000,1.0
EMP02668,Myra Malhotra,Other,1990-01-03,36,Divorced,Ahmedabad,Gujarat,9133213187,myra.malhotra501@yahoo.com,DEP005,Analyst,B.A.,9.7,2023-09-21,Active,,130000,2.0
EMP02669,Kavita Agarwal,Female,1985-12-23,40,Married,Hyderabad,Telangana,9990365565,kavita.agarwal76@rediffmail.com,DEP001,Senior Analyst,B.Com,11.9,2017-09-30,Active,,250000,2.0
EMP02670,Vihaan Pillai,Other,1998-06-14,28,Single,Hyderabad,Telangana,6612780838,,DEP007,Executive,M.Com,2.9,2019-11-02,Active,,130000,2.0
EMP02671,Karan Kumar,Other,1973-06-11,53,Married,Ahmedabad,Gujarat,6190139486,karan.kumar524@rediffmail.com,DEP011,Senior Associate,MBA,3.4,2020-06-19,Terminated,2021-03-27,35000,5.0
EMP02672,SURESH NAIR,Other,2000-07-21,26,Divorced,Bengaluru,Karnataka,6252030164,suresh.nair993@gmail.com,DEP012,Senior Manager,PhD,,2018-10-31,Active,,200000,1.0
EMP02673,Kavya Desai,Other,1983-10-01,42,Married,Jaipur,Rajasthan,8409311675,kavya.desai848@hotmail.com,DEP010,Analyst,B.Tech,,2026-01-15,Resigned,,320000,3.0
EMP02674,Nikhil Kapoor,Male,1987-01-11,39,Divorced,Chandigarh,Chandigarh,8865214719,,DEP002,Intern,M.Tech,6.3,2024-04-29,Active,,250000,2.0
EMP02675,Vikram Kapoor,Male,1994-02-13,32,Divorced,Surat,Gujarat,9324170233,vikram.kapoor371@outlook.com,DEP004,Manager,B.A.,6.5,2021-01-30,Active,,160000,1.0
EMP02676,Myra Singh,Other,1984-05-24,42,Divorced,Jaipur,Rajasthan,8582036452,,DEP009,Vice President,M.Com,12.5,2015-03-07,Active,,250000,2.0
EMP02677,Sneha Malhotra,Female,1995-05-02,31,Single,Coimbatore,Tamil Nadu,6770730248,sneha.malhotra449@outlook.com,DEP003,Vice President,M.Tech,17.9,2025-01-26,Terminated,,160000,4.0
EMP02678,Rekha Yadav,Female,1971-11-13,54,Divorced,Coimbatore,Tamil Nadu,6386694436,rekha.yadav138@outlook.com,DEP012,Consultant,B.A.,3.1,2025-05-29,Active,,25000,5.0
EMP02679,Ritu Chopra,Female,1991-11-13,34,Married,Indore,Madhya Pradesh,9365053286,ritu.chopra@yahoo.com,DEP011,General Manager,M.Com,18.5,2018-10-01,Active,,250000,5.0
EMP02680,Sanjay Joshi,Male,1981-06-11,45,Married,Ahmedabad,Gujarat,6662209457,sanjay.joshi@rediffmail.com,DEP004,Intern,M.Sc,6.8,2018-07-16,Active,,160000,4.0
EMP02681,Rahul Iyer,Male,1987-08-15,39,Single,Noida,Uttar Pradesh,8961481572,rahul.iyer930@gmail.com,DEP010,Consultant,B.Tech,9.2,2016-11-20,Resigned,2019-07-29,35000,1.0
EMP02682,Sarika Chopra,Female,1992-08-19,34,Single,Indore,Madhya Pradesh,6330438477,sarika.chopra29@hotmail.com,DEP012,Analyst,MBA,1.3,2026-06-13,Active,,100000,5.0
EMP02683,Aarav Agarwal,Male,1970-08-11,56,Single,Indore,Madhya Pradesh,7103060658,aarav.agarwal523@outlook.com,DEP005,Deputy General Manager,M.Tech,27.9,2019-09-11,Resigned,2022-03-27,80000,2.0
EMP02684,Kavya Kumar,Female,2002-05-17,24,Divorced,Mumbai,Maharashtra,7762279148,kavya.kumar238@rediffmail.com,DEP006,Assistant Manager,Diploma,1.9,2015-12-05,Active,,80000,1.0
EMP02685,Kritika Patel,Other,2000-07-21,26,Divorced,Mumbai,Maharashtra,7540116988,kritika.patel444@outlook.com,DEP001,Senior Analyst,Diploma,23.6,2015-01-22,Active,,25000,3.0
EMP02686,Arjun Gupta,Male,1976-02-12,50,Single,Chandigarh,Chandigarh,8671794787,arjun.gupta354@gmail.com,DEP011,Team Lead,MBA,19.8,2026-05-01,Active,,250000,2.0
EMP02687,Deepak Singh,Male,1986-09-21,39,Married,Noida,Uttar Pradesh,7139339248,deepak.singh794@rediffmail.com,DEP007,Vice President,B.Com,23.9,2023-07-26,Active,,45000,3.0
EMP02688,Deepak Shetty,Male,1996-09-20,29,Divorced,Bengaluru,Karnataka,9554431760,,DEP011,Assistant Manager,B.A.,23.3,2020-01-05,On Notice Period,,25000,3.0
EMP02689,Deepak Menon,Other,1986-01-09,40,Single,Indore,Madhya Pradesh,7173263780,deepak.menon948@gmail.com,DEP012,Senior Associate,PhD,14.7,2022-04-27,On Notice Period,,100000,1.0
EMP02690,Ritu Nair,Female,1975-05-10,51,Married,Chennai,Tamil Nadu,7161935087,ritu.nair778@yahoo.com,DEP011,Assistant Manager,M.Com,9.8,2019-01-29,Terminated,2020-05-06,60000,4.0
EMP02691,Naveen Nair,Male,1978-08-14,48,Single,Ghaziabad,Uttar Pradesh,9624076462,naveen.nair634@outlook.com,DEP006,Vice President,B.Sc,5.6,2016-02-21,Resigned,2019-05-31,80000,3.0
EMP02692,rahul singh,Other,2002-06-14,24,Married,Ghaziabad,Uttar Pradesh,8261259935,rahul.singh553@outlook.com,DEP003,General Manager,B.Com,20.0,2023-05-29,Resigned,,45000,4.0
EMP02693,Vivaan Desai,Other,1977-08-15,49,Divorced,Ghaziabad,Uttar Pradesh,9826255464,vivaan.desai763@gmail.com,DEP004,Senior Associate,B.Sc,21.9,2018-03-20,Active,,160000,2.0
EMP02694,Sarika Chopra,Female,1990-04-14,36,Divorced,Ghaziabad,Uttar Pradesh,8533250523,sarika.chopra189@gmail.com,DEP001,General Manager,M.Sc,9.8,2025-05-29,Active,,60000,3.0
EMP02695,Ritu Chopra,Female,1969-10-18,56,Divorced,Chandigarh,Chandigarh,7911572396,ritu.chopra376@outlook.com,DEP001,Manager,M.Tech,7.0,2015-10-12,Active,,130000,3.0
EMP02696,Anjali Menon,Other,1981-01-02,45,Divorced,Delhi,Delhi,6509224439,anjali.menon662@outlook.com,DEP012,Senior Analyst,B.Sc,17.4,2015-06-23,Active,,100000,5.0
EMP02697,Priya Sharma,Other,1977-06-28,49,Divorced,Ahmedabad,Gujarat,7169465142,priya.sharma237@yahoo.com,DEP001,Analyst,B.Tech,8.8,2023-04-20,Active,,35000,2.0
EMP02698,Ramesh Bose,Male,1990-03-28,36,Single,Bengaluru,Karnataka,7389928115,ramesh.bose232@gmail.com,DEP005,Consultant,B.Tech,0.8,2020-07-22,On Notice Period,,45000,4.0
EMP02699,Riya Sharma,Other,1970-01-23,56,Divorced,Ahmedabad,Gujarat,9061377741,riya.sharma228@yahoo.com,DEP007,Senior Associate,MBA,11.4,2022-03-11,Active,,320000,1.0
EMP02700,Krishna Bose,Male,1979-05-17,47,Married,Bengaluru,Karnataka,7069603834,krishna.bose879@rediffmail.com,DEP002,Associate,M.Sc,24.3,2021-04-22,Active,,80000,3.0
EMP02701,Priya Desai,Female,1982-05-20,44,Divorced,Ahmedabad,Gujarat,9648060867,priya.desai534@yahoo.com,DEP012,Senior Manager,B.A.,16.9,2022-04-14,Terminated,2023-09-22,200000,5.0
EMP02702,Saanvi Joshi,Female,1997-03-16,29,Single,Chennai,Tamil Nadu,8717957223,,DEP009,Senior Analyst,PhD,22.0,2020-02-16,Active,,320000,5.0
EMP02703,Sneha Mishra,Other,1978-04-08,48,Divorced,Mumbai,Maharashtra,9099231472,,DEP004,Intern,M.Sc,4.4,2024-02-26,Resigned,,130000,2.0
EMP02704,Diya Gupta,Other,1985-11-05,40,Divorced,Ghaziabad,Uttar Pradesh,9241045116,diya.gupta498@gmail.com,DEP008,Manager,B.A.,6.2,2026-04-16,Terminated,,45000,1.0
EMP02705,Saurabh Kapoor,Male,1993-06-09,33,Divorced,Indore,Madhya Pradesh,9731221284,saurabh.kapoor190@gmail.com,DEP002,Senior Associate,B.A.,5.2,2025-08-05,Resigned,,320000,3.0
EMP02706,Sanjay Patel,Other,1976-02-21,50,Married,Chennai,Tamil Nadu,6419496902,sanjay.patel484@outlook.com,DEP003,General Manager,B.Tech,17.0,2024-12-02,Active,,130000,1.0
EMP02707,Vihaan Mishra,Other,1987-03-17,39,Married,Chennai,Tamil Nadu,9914113741,vihaan.mishra757@outlook.com,DEP002,Analyst,M.Sc,9.4,2016-11-26,On Notice Period,,35000,3.0
EMP02708,Anjali Kumar,Female,2005-02-22,21,Single,Ahmedabad,Gujarat,7552186131,anjali.kumar49@rediffmail.com,DEP006,Senior Analyst,PhD,,2022-08-26,Active,,100000,4.0
EMP02709,Neha Bansal,Female,1981-05-17,45,Single,Kolkata,West Bengal,8032684571,neha.bansal@hotmail.com,DEP006,Team Lead,M.Sc,10.6,2015-07-01,Terminated,2017-04-20,130000,4.0
EMP02710,Kavita Ghosh,Female,1990-07-27,36,Single,Kolkata,West Bengal,7303120899,kavita.ghosh450@rediffmail.com,DEP008,Executive,M.Sc,24.7,2016-08-11,Resigned,2020-01-15,100000,4.0
EMP02711,Krishna Ghosh,Other,1973-01-04,53,Married,Mumbai,Maharashtra,,krishna.ghosh942@yahoo.com,DEP008,Senior Associate,M.Com,2.8,2024-12-16,Terminated,,45000,5.0
EMP02712,Saanvi Menon,Other,2000-06-13,26,Single,Pune,Maharashtra,6694885938,saanvi.menon954@hotmail.com,DEP009,Associate,B.Com,6.0,2025-06-26,Active,,320000,5.0
EMP02713,Neha Chaudhary,Female,1982-06-13,44,Single,Bengaluru,Karnataka,6369472910,neha.chaudhary653@outlook.com,DEP006,Team Lead,B.Com,12.0,2025-01-15,Active,,130000,4.0
EMP02714,Divya Shetty,Female,1988-12-02,37,Divorced,Ahmedabad,Gujarat,7346787533,divya.shetty974@hotmail.com,DEP001,Intern,B.A.,24.3,2016-02-25,Active,,250000,4.0
EMP02715,Vikram Malhotra,Male,1969-02-28,57,Single,Hyderabad,Telangana,8324247529,vikram.malhotra@hotmail.com,DEP010,Consultant,PhD,19.7,2021-08-07,Resigned,,35000,3.0
EMP02716,Arjun Rao,Male,1990-10-16,35,Single,Mumbai,Maharashtra,7552884386,arjun.rao61@outlook.com,DEP012,Intern,B.A.,1.5,2023-05-14,Active,,250000,5.0
EMP02717,Saurabh Yadav,Other,1986-07-27,40,Single,Pune,Maharashtra,,saurabh.yadav620@outlook.com,DEP005,Manager,PhD,27.8,2021-02-26,Active,,35000,2.0
EMP02718,Nikhil Agarwal,Male,1966-01-11,60,Married,Mumbai,Maharashtra,6392363513,nikhil.agarwal810@yahoo.com,DEP006,Assistant Manager,B.Sc,27.8,2022-06-08,Active,,200000,3.0
EMP02719,Gaurav Malhotra,Male,1984-09-25,41,Married,Ahmedabad,Gujarat,7514607058,gaurav.malhotra182@hotmail.com,DEP010,Executive,B.Tech,26.1,2017-09-15,Terminated,2022-05-12,45000,4.0
EMP02720,Ishaan Mishra,Male,2002-12-03,23,Married,Delhi,Delhi,,ishaan.mishra@rediffmail.com,DEP005,Team Lead,B.Com,18.8,2023-07-18,Active,,35000,3.0
EMP02721,Sneha Patel,Female,1993-10-06,32,Married,Chandigarh,Chandigarh,6010765646,,DEP010,Intern,Diploma,26.5,2018-04-21,Active,,100000,1.0
EMP02722,Isha Yadav,Female,2003-09-11,22,Married,Ahmedabad,Gujarat,9758579370,,DEP003,Senior Manager,B.Com,16.6,2015-07-07,Active,,80000,2.0
EMP02723,Suresh Chopra,Other,1982-08-21,44,Married,Chandigarh,Chandigarh,8778091757,,DEP001,Deputy General Manager,PhD,6.9,2021-12-28,Active,,60000,4.0
EMP02724,Pooja Kumar,Female,1983-09-01,43,Divorced,Indore,Madhya Pradesh,6817814452,pooja.kumar234@gmail.com,DEP006,Assistant Manager,MBA,4.2,2022-08-31,Resigned,2023-11-08,25000,1.0
EMP02725,Kavya Sharma,Female,1989-01-01,37,Married,Kolkata,West Bengal,,kavya.sharma@gmail.com,DEP004,Manager,PhD,18.3,2025-10-27,Active,,160000,4.0
EMP02726,Swati Shetty,Other,1982-11-09,43,Married,Hyderabad,Telangana,9935440614,swati.shetty338@gmail.com,DEP007,Vice President,M.Com,10.4,2019-01-05,Active,,60000,5.0
EMP02727,Aditya Ghosh,Male,1970-05-16,56,Married,Chennai,Tamil Nadu,8625981214,aditya.ghosh174@hotmail.com,DEP001,Vice President,B.Tech,5.4,2025-02-23,Active,,160000,5.0
EMP02728,Rahul Bose,Other,2002-03-18,24,Single,Hyderabad,Telangana,6458999479,rahul.bose848@outlook.com,DEP001,Senior Associate,B.Sc,4.3,2025-03-18,Active,,320000,1.0
EMP02729,Swati Singh,Other,1974-10-07,51,Divorced,Mumbai,Maharashtra,8016261539,swati.singh977@hotmail.com,DEP003,Executive,MBA,9.6,2018-09-10,Active,,320000,3.0
EMP02730,Aditya Joshi,Male,1995-11-09,30,Married,Bengaluru,Karnataka,6198928665,aditya.joshi820@gmail.com,DEP006,Associate,B.A.,5.3,2020-09-14,Active,,25000,3.0
EMP02731,Ananya Mishra,Female,1968-07-14,58,Divorced,Lucknow,Uttar Pradesh,8587374769,ananya.mishra886@gmail.com,DEP010,Associate,B.Com,5.2,2017-08-28,Active,,60000,4.0
EMP02732,Nikhil Chaudhary,Other,1981-02-01,45,Single,Lucknow,Uttar Pradesh,6900375695,nikhil.chaudhary481@outlook.com,DEP008,General Manager,MBA,9.0,2021-01-25,On Notice Period,,200000,2.0
EMP02733,Kavya Yadav,Other,1992-11-23,33,Married,Surat,Gujarat,6312296157,kavya.yadav520@outlook.com,DEP002,Senior Associate,M.Tech,28.3,2017-01-02,Active,,25000,3.0
EMP02734,Meera Yadav,Female,1979-02-13,47,Single,Nagpur,Maharashtra,8501648510,meera.yadav138@outlook.com,DEP011,Assistant Manager,B.Tech,19.2,2021-12-08,On Notice Period,,25000,4.0
EMP02735,Karan Nair,Male,1977-10-10,48,Single,Hyderabad,Telangana,6810854210,karan.nair284@hotmail.com,DEP012,Analyst,PhD,12.6,2018-03-07,Active,,160000,1.0
EMP02736,Aditya Pillai,Male,1981-01-01,45,Divorced,Lucknow,Uttar Pradesh,9276303541,aditya.pillai486@gmail.com,DEP008,Intern,B.Com,17.5,2019-05-12,Active,,200000,1.0
EMP02737,Aadhya Malhotra,Other,1966-08-15,60,Single,Jaipur,Rajasthan,9661861660,aadhya.malhotra973@gmail.com,DEP010,Analyst,M.Sc,28.8,2021-06-28,Terminated,,60000,2.0
EMP02738,Vihaan Ghosh,Male,2000-11-19,25,Married,Chandigarh,Chandigarh,6905555831,vihaan.ghosh813@hotmail.com,DEP006,Senior Manager,M.Tech,12.8,2016-12-15,Active,,200000,1.0
EMP02739,Suresh Iyer,Male,1975-04-12,51,Married,Pune,Maharashtra,8447282777,suresh.iyer444@gmail.com,DEP012,Team Lead,B.Sc,8.5,2020-06-27,On Notice Period,,45000,5.0
EMP02740,Sunita Nair,Female,1991-02-13,35,Single,Indore,Madhya Pradesh,6866018760,sunita.nair933@hotmail.com,DEP003,Vice President,Diploma,29.7,2016-09-27,Resigned,2019-04-16,250000,1.0
EMP02741,Karan Malhotra,Male,1999-11-03,26,Single,Kolkata,West Bengal,7512580071,karan.malhotra961@gmail.com,DEP001,Manager,MBA,13.5,2017-03-31,On Notice Period,,25000,2.0
EMP02742,Ramesh Agarwal,Male,1989-07-01,37,Divorced,Hyderabad,Telangana,7322927748,ramesh.agarwal720@yahoo.com,DEP010,Senior Associate,B.A.,21.6,2020-05-20,Active,,25000,3.0
EMP02743,Suresh Yadav,Male,1986-09-07,40,Single,Hyderabad,Telangana,7905719476,suresh.yadav41@outlook.com,DEP003,Team Lead,PhD,,2025-08-15,Terminated,,35000,4.0
EMP02744,Meera Agarwal,Female,1998-05-19,28,Single,Nagpur,Maharashtra,9494843033,meera.agarwal251@outlook.com,DEP004,Manager,M.Sc,15.7,2017-02-23,On Notice Period,,80000,4.0
EMP02745,Nikhil Joshi,Male,2004-02-10,22,Divorced,Lucknow,Uttar Pradesh,6273927096,nikhil.joshi51@outlook.com,DEP008,Senior Manager,PhD,4.1,2015-10-28,On Notice Period,,320000,5.0
EMP02746,Meera Ghosh,Female,1998-07-11,28,Married,Bengaluru,Karnataka,7790422871,meera.ghosh564@gmail.com,DEP004,Vice President,B.Com,2.0,2025-10-05,Active,,130000,3.0
EMP02747,Diya Shetty,Female,1988-08-12,38,Divorced,Ghaziabad,Uttar Pradesh,7620370590,diya.shetty838@rediffmail.com,DEP001,Associate,MBA,26.8,2016-09-06,Resigned,2019-04-21,160000,5.0
EMP02748,Myra Rao,Female,1975-12-10,50,Divorced,Jaipur,Rajasthan,,myra.rao898@gmail.com,DEP003,Analyst,B.Tech,19.7,2016-05-15,Active,,25000,1.0
EMP02749,Reyansh Verma,Male,1996-04-13,30,Divorced,Kolkata,West Bengal,6161839456,reyansh.verma597@gmail.com,DEP003,Assistant Manager,M.Tech,13.5,2016-07-15,Resigned,2019-01-29,25000,3.0
EMP02750,Sanjay Desai,Other,1993-05-13,33,Married,Chandigarh,Chandigarh,7499745320,,DEP009,Team Lead,M.Tech,12.5,2023-05-01,Resigned,,130000,1.0
EMP02751,Sanjay Desai,Other,2000-11-01,25,Single,Jaipur,Rajasthan,9221376275,sanjay.desai461@hotmail.com,DEP005,Vice President,B.Tech,6.2,2020-03-03,Active,,60000,1.0
EMP02752,Rahul Iyer,Male,1978-04-09,48,Single,Hyderabad,Telangana,,rahul.iyer428@rediffmail.com,DEP004,Consultant,MBA,7.7,2019-05-18,Terminated,2024-05-06,250000,1.0
EMP02753,Aadhya Ghosh,Female,1999-12-14,26,Married,Pune,Maharashtra,8150700283,aadhya.ghosh626@gmail.com,DEP003,Manager,M.Sc,14.6,2015-11-08,Active,,25000,4.0
EMP02754,Aarav Bose,Male,1977-11-07,48,Divorced,Bengaluru,Karnataka,9070224323,aarav.bose409@rediffmail.com,DEP005,Team Lead,MBA,29.0,2018-12-25,Terminated,2024-05-22,200000,2.0
EMP02755,Diya Patel,Other,1992-01-22,34,Married,Ahmedabad,Gujarat,6140251385,diya.patel17@gmail.com,DEP010,Senior Associate,B.Com,8.4,2016-05-19,Active,,100000,4.0
EMP02756,Manish Kapoor,Male,1998-03-13,28,Married,Ahmedabad,Gujarat,7574596066,manish.kapoor650@yahoo.com,DEP012,Senior Associate,B.Tech,19.2,2019-05-13,Resigned,2023-08-24,100000,3.0
EMP02757,Vikram Patel,Male,2000-10-09,25,Married,Ghaziabad,Uttar Pradesh,6640689956,vikram.patel139@outlook.com,DEP002,Manager,B.A.,22.9,2015-03-24,Terminated,2018-05-25,45000,3.0
EMP02758,Ishaan Kumar,Other,1973-06-19,53,Divorced,Jaipur,Rajasthan,9588332476,ishaan.kumar355@outlook.com,DEP002,Associate,PhD,8.8,2020-03-02,Terminated,2024-07-11,160000,5.0
EMP02759,Sarika Pillai,Other,1984-07-24,42,Divorced,Coimbatore,Tamil Nadu,7838549255,sarika.pillai33@outlook.com,DEP001,Vice President,B.Tech,19.4,2020-08-03,Active,,200000,4.0
EMP02760,Aarav Sharma,Male,1996-06-13,30,Divorced,Jaipur,Rajasthan,9315114218,aarav.sharma60@hotmail.com,DEP012,Senior Analyst,M.Tech,6.0,2023-06-04,On Notice Period,,200000,4.0
EMP02761,Sneha Malhotra,Other,1966-06-27,60,Married,Noida,Uttar Pradesh,7738675529,sneha.malhotra379@rediffmail.com,DEP005,Assistant Manager,Diploma,10.3,2017-04-30,Active,,320000,5.0
EMP02762,Riya Kumar,Female,1970-09-13,55,Divorced,Jaipur,Rajasthan,7081182554,riya.kumar583@gmail.com,DEP010,General Manager,PhD,24.6,2017-06-26,Resigned,2022-06-17,320000,4.0
EMP02763,Vivaan Sharma,Male,1983-09-27,42,Divorced,Indore,Madhya Pradesh,6043965522,,DEP003,Senior Associate,Diploma,13.2,2020-02-08,Active,,35000,3.0
EMP02764,Kavya Nair,Female,1984-01-03,42,Single,Noida,Uttar Pradesh,6816212786,kavya.nair787@yahoo.com,DEP009,Vice President,M.Tech,15.1,2024-10-18,Active,,25000,4.0
EMP02765,Kavita Yadav,Female,1985-06-22,41,Divorced,Noida,Uttar Pradesh,7407627590,kavita.yadav715@rediffmail.com,DEP003,Manager,PhD,15.0,2020-09-14,Active,,35000,3.0
EMP02766,Nisha Singh,Female,1978-03-19,48,Single,Jaipur,Rajasthan,7367109004,nisha.singh252@hotmail.com,DEP001,Intern,M.Sc,15.1,2015-11-23,Active,,320000,2.0
EMP02767,Karan Sharma,Male,2002-02-08,24,Married,Noida,Uttar Pradesh,6186637790,karan.sharma590@outlook.com,DEP007,Analyst,M.Tech,5.1,2020-02-20,Resigned,2026-06-08,80000,2.0
EMP02768,Kritika Patel,Female,1994-07-05,32,Single,Hyderabad,Telangana,6447899453,kritika.patel19@rediffmail.com,DEP007,Team Lead,B.Com,6.6,2020-11-19,Active,,25000,5.0
EMP02769,Deepak Ghosh,Male,1986-10-03,39,Single,Chennai,Tamil Nadu,,deepak.ghosh697@gmail.com,DEP005,Executive,B.Tech,19.9,2023-07-13,Active,,25000,1.0
EMP02770,Krishna Singh,Male,1999-04-16,27,Single,Lucknow,Uttar Pradesh,8034904831,krishna.singh368@rediffmail.com,DEP005,Manager,B.A.,12.0,2018-03-22,Active,,160000,2.0
EMP02771,Meera Malhotra,Other,1982-04-21,44,Divorced,Hyderabad,Telangana,8531395961,meera.malhotra471@rediffmail.com,DEP004,Deputy General Manager,B.Tech,16.9,2023-08-04,Terminated,,250000,5.0
EMP02772,Anil Iyer,Other,2000-12-05,25,Single,Coimbatore,Tamil Nadu,6377432234,anil.iyer813@gmail.com,DEP005,Analyst,B.Tech,10.3,2016-06-02,Active,,160000,4.0
EMP02773,Diya Verma,Female,1993-05-01,33,Married,Ahmedabad,Gujarat,8070475419,,DEP006,Senior Analyst,B.Sc,14.7,2024-03-18,Resigned,,320000,2.0
EMP02774,Kavya Sharma,Female,2003-11-14,22,Married,Kolkata,West Bengal,9053328099,kavya.sharma807@outlook.com,DEP003,Analyst,B.A.,,2015-01-13,Active,,100000,4.0
EMP02775,Aarav Ghosh,Male,1986-06-25,40,Divorced,Ahmedabad,Gujarat,8031425289,aarav.ghosh932@hotmail.com,DEP006,General Manager,PhD,3.2,2015-10-25,Resigned,2018-06-17,80000,3.0
EMP02776,Neha Kumar,Female,1984-07-21,42,Divorced,Nagpur,Maharashtra,6301688313,neha.kumar863@outlook.com,DEP011,Associate,M.Tech,6.3,2020-05-08,Resigned,2021-03-29,25000,5.0
EMP02777,Kavita Menon,Female,1978-09-28,47,Single,Nagpur,Maharashtra,9577092868,kavita.menon965@hotmail.com,DEP011,Executive,B.Com,2.4,2021-06-28,On Notice Period,,25000,5.0
EMP02778,Sanjay Mishra,Male,1966-01-25,60,Single,Chennai,Tamil Nadu,8762175580,sanjay.mishra560@outlook.com,DEP011,Senior Analyst,PhD,9.2,2024-07-23,Resigned,,320000,4.0
EMP02779,Kavita Gupta,Other,1982-11-23,43,Divorced,Ghaziabad,Uttar Pradesh,7876217879,kavita.gupta864@yahoo.com,DEP009,Associate,B.Tech,1.9,2016-07-21,Active,,200000,4.0
EMP02780,Nisha Ghosh,Other,1967-11-15,58,Single,Chennai,Tamil Nadu,,nisha.ghosh244@hotmail.com,DEP008,Consultant,B.A.,28.4,2019-09-28,Active,,160000,3.0
EMP02781,Kritika Kumar,Female,2002-02-27,24,Divorced,Chandigarh,Chandigarh,6425443514,kritika.kumar372@yahoo.com,DEP008,Senior Manager,M.Tech,20.2,2024-06-12,Resigned,2025-12-28,25000,5.0
EMP02782,Aditya Menon,Other,1973-10-20,52,Single,Chennai,Tamil Nadu,6426251317,aditya.menon392@hotmail.com,DEP003,Senior Analyst,B.A.,15.8,2017-09-18,Resigned,2023-10-18,250000,4.0
EMP02783,Shreya Pillai,Other,1988-05-18,38,Divorced,Delhi,Delhi,8203677441,shreya.pillai607@outlook.com,DEP007,Associate,B.Com,19.1,2016-02-27,Terminated,2020-10-11,250000,4.0
EMP02784,Vikram Menon,Male,1996-04-02,30,Single,Jaipur,Rajasthan,6920831422,vikram.menon688@gmail.com,DEP003,General Manager,B.Com,11.1,2020-10-07,Active,,80000,1.0
EMP02785,Rahul Bansal,Male,1966-02-11,60,Married,Lucknow,Uttar Pradesh,8252776481,rahul.bansal245@gmail.com,DEP001,General Manager,PhD,23.6,2024-09-27,On Notice Period,,200000,4.0
EMP02786,Meera Singh,Other,1992-09-07,34,Married,Surat,Gujarat,6583240011,meera.singh698@hotmail.com,DEP012,Team Lead,B.Sc,10.1,2020-07-21,On Notice Period,,45000,3.0
EMP02787,Pooja Verma,Other,1978-09-25,47,Married,Delhi,Delhi,6570432637,,DEP012,Manager,B.Sc,7.4,2019-01-04,Active,,60000,3.0
EMP02788,Gaurav Ghosh,Other,1995-11-09,30,Divorced,Jaipur,Rajasthan,6631774207,gaurav.ghosh984@yahoo.com,DEP006,Consultant,M.Com,9.0,2016-11-08,Active,,200000,3.0
EMP02789,Anil Iyer,Other,1984-02-08,42,Divorced,Hyderabad,Telangana,9570917693,anil.iyer513@rediffmail.com,DEP008,Senior Associate,MBA,19.4,2016-06-25,Active,,80000,1.0
EMP02790,Neha Shetty,Female,1991-08-05,35,Divorced,Ghaziabad,Uttar Pradesh,9650159504,neha.shetty830@gmail.com,DEP005,Team Lead,B.A.,11.4,2024-01-07,Resigned,2026-03-28,130000,4.0
EMP02791,Shreya Verma,Female,1988-08-05,38,Divorced,Kolkata,West Bengal,7331632032,shreya.verma888@outlook.com,DEP005,Executive,PhD,19.5,2021-05-06,On Notice Period,,130000,5.0
EMP02792,Ishaan Iyer,Other,1968-12-21,57,Divorced,Mumbai,Maharashtra,9725508803,ishaan.iyer747@outlook.com,DEP010,Executive,PhD,11.6,2015-06-03,Resigned,2016-10-29,130000,3.0
EMP02793,Anjali Sharma,Female,1998-11-01,27,Divorced,Noida,Uttar Pradesh,,anjali.sharma565@rediffmail.com,DEP008,Senior Manager,M.Tech,16.6,2026-05-12,On Notice Period,,35000,3.0
EMP02794,Sarika Agarwal,Female,1997-06-11,29,Married,Lucknow,Uttar Pradesh,9688146598,sarika.agarwal@rediffmail.com,DEP010,Senior Manager,B.Com,16.9,2017-02-18,On Notice Period,,80000,5.0
EMP02795,Shreya Malhotra,Other,1986-11-17,39,Divorced,Hyderabad,Telangana,7362898501,shreya.malhotra614@rediffmail.com,DEP002,Vice President,B.Sc,21.2,2023-08-01,Active,,25000,1.0
EMP02796,Deepak Malhotra,Male,1991-04-15,35,Married,Ahmedabad,Gujarat,9297926659,deepak.malhotra434@outlook.com,DEP007,Deputy General Manager,M.Sc,9.3,2024-01-02,On Notice Period,,130000,3.0
EMP02797,Vihaan Yadav,Male,2004-12-07,21,Married,Kolkata,West Bengal,8138623122,vihaan.yadav@outlook.com,DEP001,Executive,MBA,10.7,2024-02-24,Resigned,,35000,5.0
EMP02798,Sarika Sharma,Other,2004-12-25,21,Married,Ahmedabad,Gujarat,9679567947,sarika.sharma655@yahoo.com,DEP008,Deputy General Manager,M.Com,21.0,2024-09-14,Active,,100000,3.0
EMP02799,Meera Sharma,Other,1996-05-11,30,Divorced,Kolkata,West Bengal,6266279361,meera.sharma153@rediffmail.com,DEP006,General Manager,Diploma,21.4,2020-09-06,Active,,35000,2.0
EMP02800,Deepak Malhotra,Male,1987-12-23,38,Married,Indore,Madhya Pradesh,9983625551,deepak.malhotra250@yahoo.com,DEP005,Deputy General Manager,Diploma,27.4,2017-07-13,Resigned,2021-02-02,60000,5.0
EMP02801,Vihaan Gupta,Male,1994-12-20,31,Married,Chennai,Tamil Nadu,,vihaan.gupta293@rediffmail.com,DEP009,Analyst,Diploma,4.2,2024-09-01,Active,,130000,2.0
EMP02802,Pooja Bansal,Female,2004-05-13,22,Married,Indore,Madhya Pradesh,9456305814,pooja.bansal947@yahoo.com,DEP005,Senior Analyst,B.Com,1.4,2017-09-24,Active,,25000,3.0
EMP02803,Aarav Kumar,Male,1975-06-20,51,Single,Chennai,Tamil Nadu,9309450019,aarav.kumar97@rediffmail.com,DEP009,Consultant,B.Tech,6.3,2025-07-20,Terminated,,250000,1.0
EMP02804,Ishaan Joshi,Male,1975-06-03,51,Married,Ahmedabad,Gujarat,6094571682,ishaan.joshi206@rediffmail.com,DEP011,Senior Analyst,B.Tech,6.5,2017-03-30,Active,,100000,5.0
EMP02805,Ananya Desai,Other,1967-01-25,59,Married,Kolkata,West Bengal,9037236014,ananya.desai141@gmail.com,DEP006,General Manager,PhD,23.1,2020-11-30,Active,,35000,1.0
EMP02806,Isha Sharma,Female,1977-12-24,48,Married,Coimbatore,Tamil Nadu,9489861291,isha.sharma756@yahoo.com,DEP002,Consultant,B.Sc,5.4,2025-10-20,Active,,200000,2.0
EMP02807,Naveen Pillai,Male,2001-10-21,24,Single,Kolkata,West Bengal,6077826395,naveen.pillai69@yahoo.com,DEP004,Assistant Manager,M.Tech,11.3,2019-10-03,On Notice Period,,200000,2.0
EMP02808,Rahul Kapoor,Male,1998-11-21,27,Married,Ghaziabad,Uttar Pradesh,8755255585,rahul.kapoor290@yahoo.com,DEP011,Senior Manager,B.A.,2.1,2015-06-15,Active,,35000,4.0
EMP02809,Suresh Desai,Male,1982-10-03,43,Married,Lucknow,Uttar Pradesh,6856199083,suresh.desai484@rediffmail.com,DEP010,Senior Manager,B.A.,11.9,2019-11-29,Resigned,2023-07-02,80000,3.0
EMP02810,Aadhya Joshi,Female,1975-06-07,51,Divorced,Chennai,Tamil Nadu,7619399014,aadhya.joshi357@outlook.com,DEP003,Analyst,MBA,2.0,2023-12-24,On Notice Period,,80000,1.0
EMP02811,Krishna Agarwal,Other,1985-07-26,41,Single,Nagpur,Maharashtra,9995385285,krishna.agarwal675@gmail.com,DEP011,Senior Associate,PhD,25.8,2016-03-12,Terminated,2019-03-06,45000,5.0
EMP02812,Myra Kumar,Other,1984-04-14,42,Married,Kolkata,West Bengal,8097534853,myra.kumar801@rediffmail.com,DEP007,Team Lead,MBA,6.7,2020-07-22,Active,,25000,1.0
EMP02813,Naveen Gupta,Male,1980-11-04,45,Divorced,Nagpur,Maharashtra,7163340434,naveen.gupta859@rediffmail.com,DEP005,Vice President,M.Sc,24.6,2018-05-26,Active,,200000,3.0
EMP02814,Kavita Nair,Other,1990-11-25,35,Married,Jaipur,Rajasthan,6174580527,kavita.nair620@gmail.com,DEP002,Intern,M.Tech,15.9,2019-07-24,Active,,80000,3.0
EMP02815,Sarika Joshi,Female,1968-06-01,58,Divorced,Coimbatore,Tamil Nadu,9922384382,sarika.joshi311@yahoo.com,DEP003,Vice President,Diploma,18.9,2020-03-12,Active,,25000,5.0
EMP02816,Shreya Iyer,Other,1998-04-19,28,Single,Jaipur,Rajasthan,6177158029,shreya.iyer506@outlook.com,DEP004,Manager,M.Com,5.0,2018-07-27,Resigned,2020-01-07,60000,4.0
EMP02817,ISHA PATEL,Other,1967-01-16,59,Divorced,Pune,Maharashtra,7358629827,isha.patel881@outlook.com,DEP003,Senior Associate,B.Com,1.3,2018-12-09,Active,,60000,2.0
EMP02818,Vihaan Bansal,Male,1982-02-24,44,Divorced,Coimbatore,Tamil Nadu,6588245137,vihaan.bansal363@outlook.com,DEP008,Vice President,M.Tech,4.1,2020-10-05,On Notice Period,,160000,4.0
EMP02819,Vikram Iyer,Other,1993-02-11,33,Married,Noida,Uttar Pradesh,8899056622,vikram.iyer598@rediffmail.com,DEP011,Senior Manager,B.Com,0.9,2017-04-21,Terminated,2020-06-28,45000,2.0
EMP02820,Krishna Menon,Male,1976-08-06,50,Married,Coimbatore,Tamil Nadu,8550094096,krishna.menon925@outlook.com,DEP003,Manager,MBA,4.4,2026-01-17,Active,,45000,4.0
EMP02821,Reyansh Kumar,Other,1980-02-21,46,Single,Ghaziabad,Uttar Pradesh,8945370341,,DEP009,Manager,M.Sc,27.9,2018-09-01,Active,,60000,3.0
EMP02822,Shreya Kapoor,Other,1972-08-13,54,Divorced,Kolkata,West Bengal,6935826651,shreya.kapoor218@hotmail.com,DEP003,Senior Manager,B.A.,28.2,2015-10-01,Active,,60000,4.0
EMP02823,Sanjay Agarwal,Other,1967-05-09,59,Divorced,Kolkata,West Bengal,8331660163,sanjay.agarwal157@hotmail.com,DEP011,Senior Associate,Diploma,0.6,2021-03-03,Terminated,2025-01-23,320000,3.0
EMP02824,Aarav Pillai,Male,1984-04-19,42,Divorced,Bengaluru,Karnataka,6519335657,aarav.pillai892@hotmail.com,DEP001,General Manager,B.Sc,8.5,2022-09-09,Active,,130000,4.0
EMP02825,Karan Pillai,Male,1969-06-04,57,Married,Nagpur,Maharashtra,7227676052,karan.pillai419@hotmail.com,DEP010,Deputy General Manager,M.Com,17.0,2016-09-17,On Notice Period,,45000,1.0
EMP02826,Isha Singh,Female,1987-08-18,39,Single,Lucknow,Uttar Pradesh,8402613045,isha.singh880@gmail.com,DEP005,Consultant,M.Tech,12.9,2021-07-30,On Notice Period,,100000,3.0
EMP02827,Aadhya Kumar,Female,1979-03-28,47,Married,Ahmedabad,Gujarat,8599626523,aadhya.kumar282@rediffmail.com,DEP011,Senior Analyst,Diploma,27.8,2025-11-30,Active,,200000,3.0
EMP02828,Sarika Yadav,Female,1981-06-14,45,Single,Coimbatore,Tamil Nadu,7025420977,sarika.yadav876@gmail.com,DEP002,Team Lead,B.A.,12.3,2017-11-27,Terminated,2024-04-03,100000,3.0
EMP02829,Nikhil Shetty,Male,1984-11-21,41,Divorced,Hyderabad,Telangana,8812253132,nikhil.shetty931@yahoo.com,DEP002,Analyst,M.Sc,7.4,2025-12-04,Active,,250000,5.0
EMP02830,Kavya Rao,Other,1967-03-07,59,Married,Nagpur,Maharashtra,8307134199,kavya.rao827@hotmail.com,DEP010,Deputy General Manager,B.Com,23.7,2015-02-03,Resigned,2021-11-11,200000,5.0
EMP02831,Aman Joshi,Male,1984-05-19,42,Married,Mumbai,Maharashtra,6620061646,aman.joshi709@gmail.com,DEP010,Senior Associate,B.Sc,11.7,2019-10-26,On Notice Period,,45000,4.0
EMP02832,Nisha Verma,Female,1998-05-06,28,Single,Mumbai,Maharashtra,,,DEP011,Consultant,B.A.,10.9,2023-03-08,Resigned,2025-12-10,100000,1.0
EMP02833,Priya Nair,Other,1984-12-15,41,Single,Coimbatore,Tamil Nadu,7637184175,priya.nair636@yahoo.com,DEP005,Consultant,MBA,13.4,2018-08-24,Terminated,2021-01-17,320000,3.0
EMP02834,Aditya Joshi,Male,2004-12-21,21,Married,Lucknow,Uttar Pradesh,8222603916,aditya.joshi978@outlook.com,DEP007,Manager,B.Sc,,2015-12-10,Terminated,2016-05-16,130000,4.0
EMP02835,Aarav Mishra,Male,1986-01-23,40,Single,Coimbatore,Tamil Nadu,9273360361,aarav.mishra665@yahoo.com,DEP011,Executive,PhD,1.8,2018-11-18,Active,,45000,3.0
EMP02836,Nisha Singh,Other,2002-04-24,24,Single,Coimbatore,Tamil Nadu,7660809208,nisha.singh132@gmail.com,DEP009,Senior Analyst,MBA,9.5,2016-12-01,Active,,160000,2.0
EMP02837,Swati Kumar,Female,1981-11-26,44,Divorced,Pune,Maharashtra,8233326073,swati.kumar643@hotmail.com,DEP001,Deputy General Manager,M.Sc,8.0,2018-12-24,Active,,160000,1.0
EMP02838,Myra Singh,Other,1993-05-14,33,Married,Delhi,Delhi,8542461089,,DEP007,Senior Manager,M.Com,19.7,2020-06-01,Terminated,2026-01-15,160000,3.0
EMP02839,Karan Reddy,Other,1996-03-05,30,Married,Bengaluru,Karnataka,7606776731,,DEP012,Intern,B.Sc,30.0,2024-07-11,Terminated,,45000,3.0
EMP02840,Manish Singh,Male,1978-09-10,47,Divorced,Pune,Maharashtra,9298384834,manish.singh125@hotmail.com,DEP002,Senior Manager,B.Com,4.7,2021-11-11,Active,,320000,4.0
EMP02841,Ritu Reddy,Other,2002-08-27,24,Divorced,Indore,Madhya Pradesh,6409189970,ritu.reddy593@outlook.com,DEP009,Senior Manager,B.Sc,,2025-06-16,Terminated,,45000,5.0
EMP02842,Diya Kapoor,Female,1986-12-12,39,Married,Chandigarh,Chandigarh,7141902063,diya.kapoor199@outlook.com,DEP008,Deputy General Manager,PhD,22.7,2017-05-20,Resigned,2023-03-09,45000,1.0
EMP02843,Priya Joshi,Female,1994-01-07,32,Divorced,Noida,Uttar Pradesh,8493601307,priya.joshi430@yahoo.com,DEP011,Senior Associate,M.Tech,23.4,2018-10-26,Active,,160000,2.0
EMP02844,Aditya Mishra,Other,1978-01-16,48,Single,Chandigarh,Chandigarh,6978176682,aditya.mishra46@gmail.com,DEP005,Intern,MBA,16.4,2021-11-19,Active,,100000,2.0
EMP02845,Rahul Chopra,Male,1968-06-11,58,Single,Delhi,Delhi,6336577697,rahul.chopra722@gmail.com,DEP011,Analyst,MBA,28.9,2025-10-11,Active,,45000,2.0
EMP02846,Rekha Kumar,Female,1984-05-24,42,Married,Ghaziabad,Uttar Pradesh,,rekha.kumar719@outlook.com,DEP012,Associate,B.Com,11.2,2016-10-30,Active,,200000,5.0
EMP02847,Aadhya Malhotra,Female,1998-03-11,28,Single,Nagpur,Maharashtra,6744982036,aadhya.malhotra435@yahoo.com,DEP011,Senior Analyst,M.Sc,2.9,2026-06-04,Resigned,,100000,2.0
EMP02848,Rohan Iyer,Other,2005-04-08,21,Divorced,Mumbai,Maharashtra,6641763554,rohan.iyer131@rediffmail.com,DEP004,Executive,PhD,14.5,2018-02-09,Active,,160000,3.0
EMP02849,Sneha Rao,Female,2001-06-03,25,Single,Indore,Madhya Pradesh,8782258955,sneha.rao376@outlook.com,DEP008,Manager,B.Com,16.7,2020-11-07,Active,,60000,3.0
EMP02850,Aarav Verma,Male,1980-09-22,45,Divorced,Indore,Madhya Pradesh,6179235619,aarav.verma511@outlook.com,DEP010,Deputy General Manager,Diploma,8.9,2024-06-17,Active,,130000,4.0
EMP02851,Saurabh Kapoor,Male,1972-02-27,54,Married,Indore,Madhya Pradesh,7467598654,saurabh.kapoor652@yahoo.com,DEP005,Vice President,M.Tech,16.7,2019-11-13,Active,,80000,1.0
EMP02852,Gaurav Kumar,Male,1968-05-18,58,Divorced,Delhi,Delhi,9150673030,gaurav.kumar252@rediffmail.com,DEP007,Senior Manager,B.Com,45.3,2022-11-27,Active,,250000,4.0
EMP02853,Kritika Sharma,Female,1972-05-16,54,Divorced,Nagpur,Maharashtra,6300164249,kritika.sharma504@outlook.com,DEP011,Senior Associate,B.Tech,4.3,2022-02-01,Active,,60000,5.0
EMP02854,Sarika Shetty,Other,1971-06-16,55,Divorced,Kolkata,West Bengal,7837051216,sarika.shetty818@hotmail.com,DEP010,General Manager,M.Sc,25.9,2020-10-18,On Notice Period,,160000,1.0
EMP02855,Rohan Joshi,Other,1979-11-10,46,Single,Kolkata,West Bengal,9159852276,rohan.joshi318@hotmail.com,DEP004,Deputy General Manager,M.Com,21.4,2018-05-14,On Notice Period,,160000,2.0
EMP02856,Manish Agarwal,Male,1994-02-15,32,Married,Chandigarh,Chandigarh,6814070340,manish.agarwal668@hotmail.com,DEP004,Vice President,MBA,5.3,2025-12-14,Active,,320000,1.0
EMP02857,Shreya Joshi,Other,1991-05-17,35,Single,Delhi,Delhi,6553238944,shreya.joshi956@gmail.com,DEP012,Consultant,B.Tech,18.1,2016-01-22,Resigned,2020-07-29,45000,5.0
EMP02858,Divya Chaudhary,Other,1976-12-16,49,Single,Surat,Gujarat,6653409339,divya.chaudhary755@gmail.com,DEP008,Assistant Manager,B.Sc,5.8,2025-10-06,Resigned,,130000,3.0
EMP02859,Isha Chaudhary,Female,1991-12-18,34,Married,Mumbai,Maharashtra,7303517906,isha.chaudhary925@rediffmail.com,DEP012,Analyst,Diploma,11.9,2020-05-26,Active,,160000,3.0
EMP02860,Meera Pillai,Female,1987-11-23,38,Married,Nagpur,Maharashtra,8640630214,meera.pillai700@yahoo.com,DEP011,Senior Manager,B.A.,22.3,2024-07-07,Active,,250000,4.0
EMP02861,Rahul Sharma,Male,1976-09-17,49,Married,Jaipur,Rajasthan,9073723475,rahul.sharma99@hotmail.com,DEP003,Analyst,M.Tech,11.4,2015-10-28,Active,,25000,1.0
EMP02862,Aditya Kumar,Male,1971-08-16,55,Divorced,Ghaziabad,Uttar Pradesh,6650316583,aditya.kumar60@yahoo.com,DEP008,General Manager,B.Tech,17.4,2015-03-12,Resigned,2019-12-25,80000,2.0
EMP02863,Nikhil Rao,Other,1994-06-10,32,Single,Ghaziabad,Uttar Pradesh,,nikhil.rao997@hotmail.com,DEP010,Analyst,M.Com,16.8,2019-08-05,Active,,35000,1.0
EMP02864,Kavita Yadav,Female,1999-07-11,27,Divorced,Bengaluru,Karnataka,7289533197,,DEP012,Consultant,M.Sc,22.0,2022-09-28,On Notice Period,,200000,4.0
EMP02865,Vivaan Rao,Male,1975-04-19,51,Divorced,Lucknow,Uttar Pradesh,7208610490,vivaan.rao609@gmail.com,DEP007,Intern,M.Com,12.8,2025-09-09,Active,,35000,2.0
EMP02866,Karan Shetty,Other,2002-07-03,24,Single,Noida,Uttar Pradesh,8042744095,karan.shetty598@hotmail.com,DEP001,Team Lead,M.Tech,16.2,2020-11-20,On Notice Period,,130000,5.0
EMP02867,Rahul Yadav,Male,2000-12-14,25,Divorced,Delhi,Delhi,8717197132,rahul.yadav36@gmail.com,DEP001,Intern,MBA,5.8,2018-10-15,Terminated,2022-02-09,130000,5.0
EMP02868,Deepak Patel,Male,2002-01-10,24,Single,Bengaluru,Karnataka,9679315809,deepak.patel148@hotmail.com,DEP008,Senior Analyst,PhD,9.1,2019-10-17,Resigned,2023-08-03,100000,4.0
EMP02869,Ananya Desai,Other,1967-04-02,59,Single,Lucknow,Uttar Pradesh,8317308649,ananya.desai208@outlook.com,DEP012,Associate,B.Com,38.0,2025-07-05,Terminated,,130000,1.0
EMP02870,Divya Kapoor,Female,1966-10-16,59,Married,Mumbai,Maharashtra,8442451175,divya.kapoor732@outlook.com,DEP011,Deputy General Manager,M.Com,7.2,2018-02-14,Active,,100000,1.0
EMP02871,Sarika Sharma,Female,1986-10-07,39,Single,Jaipur,Rajasthan,9564226850,sarika.sharma812@rediffmail.com,DEP004,General Manager,B.Tech,10.1,2021-05-25,Terminated,2025-08-08,45000,3.0
EMP02872,Ananya Verma,Female,1982-05-24,44,Married,Surat,Gujarat,6335742675,ananya.verma849@gmail.com,DEP012,Analyst,B.A.,25.6,2023-09-25,Active,,250000,5.0
EMP02873,Gaurav Sharma,Male,1972-06-12,54,Single,Kolkata,West Bengal,9010181210,gaurav.sharma593@rediffmail.com,DEP007,Team Lead,B.Com,2.1,2018-12-02,Active,,60000,4.0
EMP02874,Rekha Verma,Female,1980-01-12,46,Single,Lucknow,Uttar Pradesh,9890017288,rekha.verma306@rediffmail.com,DEP008,Executive,B.A.,18.5,2022-08-06,Resigned,2023-05-14,130000,4.0
EMP02875,Ananya Bansal,Female,2005-05-05,21,Divorced,Surat,Gujarat,6376769357,ananya.bansal903@rediffmail.com,DEP001,Assistant Manager,PhD,10.7,2025-11-28,On Notice Period,,200000,2.0
EMP02876,Reyansh Ghosh,Other,1967-04-27,59,Married,Hyderabad,Telangana,9568582404,reyansh.ghosh457@gmail.com,DEP005,Senior Associate,B.Sc,6.2,2019-04-02,Terminated,2026-02-03,320000,3.0
EMP02877,Ishaan Patel,Male,2003-03-10,23,Divorced,Bengaluru,Karnataka,,ishaan.patel631@outlook.com,DEP007,Analyst,B.Tech,9.0,2024-06-13,On Notice Period,,45000,2.0
EMP02878,Ananya Menon,Other,1990-09-07,36,Single,Indore,Madhya Pradesh,6022834199,ananya.menon858@rediffmail.com,DEP007,Deputy General Manager,M.Com,12.5,2026-06-04,Active,,100000,3.0
EMP02879,Aarav Pillai,Male,1969-11-28,56,Single,Hyderabad,Telangana,9862075052,aarav.pillai401@yahoo.com,DEP010,Intern,B.Com,21.0,2022-11-01,Active,,200000,3.0
EMP02880,Manish Malhotra,Male,1999-09-14,26,Divorced,Pune,Maharashtra,7394366880,manish.malhotra994@yahoo.com,DEP005,Manager,B.Tech,11.8,2018-12-13,Active,,80000,3.0
EMP02881,Gaurav Rao,Male,1981-01-28,45,Married,Bengaluru,Karnataka,9156729197,gaurav.rao979@hotmail.com,DEP009,Senior Analyst,M.Tech,16.8,2015-04-18,On Notice Period,,160000,3.0
EMP02882,Myra Ghosh,Female,1997-11-19,28,Divorced,Chennai,Tamil Nadu,6076615487,myra.ghosh877@rediffmail.com,DEP003,Vice President,MBA,22.0,2025-06-14,Active,,45000,3.0
EMP02883,Naveen Verma,Other,1980-06-27,46,Married,Mumbai,Maharashtra,6166245678,naveen.verma@gmail.com,DEP005,Consultant,PhD,16.9,2023-02-02,Active,,80000,1.0
EMP02884,Karan Mishra,Other,1993-04-23,33,Divorced,Surat,Gujarat,7187555469,karan.mishra771@gmail.com,DEP005,Vice President,B.Sc,2.4,2018-09-05,Terminated,2023-10-09,130000,5.0
EMP02885,Manish Sharma,Male,1967-08-02,59,Married,Lucknow,Uttar Pradesh,7901324915,manish.sharma30@yahoo.com,DEP005,Senior Analyst,MBA,17.5,2023-12-26,Active,,160000,1.0
EMP02886,diya joshi,Female,1997-09-01,29,Single,Delhi,Delhi,8564460624,diya.joshi334@rediffmail.com,DEP009,Associate,B.A.,4.1,2024-06-27,Terminated,2026-04-12,100000,1.0
EMP02887,Gaurav Bansal,Male,1967-09-18,58,Married,Jaipur,Rajasthan,8045017261,gaurav.bansal334@hotmail.com,DEP008,Executive,B.A.,17.3,2015-03-01,Terminated,2018-11-14,80000,3.0
EMP02888,Ramesh Agarwal,Male,1979-05-23,47,Divorced,Noida,Uttar Pradesh,9900807030,ramesh.agarwal414@outlook.com,DEP008,Intern,M.Com,11.9,2025-12-02,Active,,45000,5.0
EMP02889,Sneha Rao,Other,1985-05-08,41,Married,Ahmedabad,Gujarat,7601826234,sneha.rao218@rediffmail.com,DEP002,Senior Analyst,M.Sc,6.8,2019-06-17,Active,,25000,3.0
EMP02890,ROHAN KAPOOR,Male,1973-08-02,53,Divorced,Delhi,Delhi,6922389065,rohan.kapoor700@rediffmail.com,DEP011,Senior Manager,B.Tech,9.7,2025-01-25,Active,,250000,4.0
EMP02891,Nikhil Chaudhary,Male,1976-03-06,50,Married,Nagpur,Maharashtra,6713192094,nikhil.chaudhary849@yahoo.com,DEP001,Associate,B.Com,19.8,2018-04-28,Terminated,2024-04-12,25000,5.0
EMP02892,Shreya Bose,Female,1999-01-06,27,Married,Chennai,Tamil Nadu,7987279905,shreya.bose90@gmail.com,DEP001,Deputy General Manager,PhD,,2020-06-13,Active,,250000,3.0
EMP02893,Naveen Desai,Male,1983-12-11,42,Married,Mumbai,Maharashtra,7780212422,,DEP007,Senior Manager,PhD,12.5,2023-02-01,Terminated,,250000,4.0
EMP02894,Saanvi Iyer,Female,1997-11-19,28,Married,Kolkata,West Bengal,6618906742,saanvi.iyer175@outlook.com,DEP004,Senior Analyst,B.Com,8.9,2017-04-11,Active,,100000,4.0
EMP02895,Myra Yadav,Other,2000-11-23,25,Single,Coimbatore,Tamil Nadu,8768691002,myra.yadav280@yahoo.com,DEP006,Team Lead,M.Com,,2025-01-27,On Notice Period,,35000,4.0
EMP02896,Divya Malhotra,Female,1973-06-01,53,Single,Ghaziabad,Uttar Pradesh,8349307104,divya.malhotra948@gmail.com,DEP001,Assistant Manager,B.Com,25.7,2026-03-29,Terminated,,130000,3.0
EMP02897,Shreya Nair,Female,1983-06-03,43,Single,Coimbatore,Tamil Nadu,6673130718,shreya.nair957@hotmail.com,DEP004,Associate,B.Com,10.0,2017-04-21,Active,,250000,4.0
EMP02898,Aman Kumar,Male,1984-05-05,42,Divorced,Mumbai,Maharashtra,8206589446,aman.kumar128@hotmail.com,DEP001,Analyst,B.Com,8.9,2023-10-20,Active,,45000,1.0
EMP02899,Riya Yadav,Other,1966-01-04,60,Single,Jaipur,Rajasthan,9296688171,riya.yadav262@outlook.com,DEP011,Senior Associate,M.Tech,0.1,2020-09-25,Terminated,2023-01-29,250000,4.0
EMP02900,Isha Gupta,Other,2001-11-20,24,Divorced,Ahmedabad,Gujarat,9508940377,isha.gupta182@gmail.com,DEP008,Senior Analyst,PhD,6.2,2022-05-11,On Notice Period,,35000,3.0
EMP02901,Kavya Desai,Female,2000-03-18,26,Married,Coimbatore,Tamil Nadu,8337765532,kavya.desai172@outlook.com,DEP012,Consultant,M.Com,0.1,2025-03-20,Terminated,,200000,5.0
EMP02902,Swati Joshi,Other,2001-11-14,24,Married,Kolkata,West Bengal,8566810709,swati.joshi33@gmail.com,DEP008,Analyst,M.Tech,4.4,2017-08-22,Resigned,2019-10-17,35000,1.0
EMP02903,Meera Menon,Other,1998-10-19,27,Divorced,Indore,Madhya Pradesh,6486410654,meera.menon501@rediffmail.com,DEP011,Assistant Manager,B.Com,20.8,2021-06-22,Terminated,2023-05-06,35000,4.0
EMP02904,Krishna Kumar,Other,1973-01-28,53,Married,Surat,Gujarat,8211071071,krishna.kumar821@hotmail.com,DEP002,Deputy General Manager,Diploma,10.0,2015-09-04,Active,,200000,5.0
EMP02905,Vihaan Yadav,Male,2002-08-14,24,Single,Chennai,Tamil Nadu,6927760385,vihaan.yadav796@yahoo.com,DEP011,Team Lead,Diploma,0.5,2016-05-28,Active,,100000,4.0
EMP02906,Vihaan Chopra,Male,1999-02-07,27,Married,Coimbatore,Tamil Nadu,7043548166,vihaan.chopra715@outlook.com,DEP009,General Manager,Diploma,17.4,2017-01-16,Terminated,2019-03-23,35000,3.0
EMP02907,Nikhil Iyer,Male,1999-12-28,26,Divorced,Nagpur,Maharashtra,7962322902,nikhil.iyer33@rediffmail.com,DEP003,Executive,B.Sc,2.7,2024-12-08,Active,,25000,4.0
EMP02908,Kavita Menon,Female,1997-05-25,29,Divorced,Mumbai,Maharashtra,6368627805,kavita.menon716@gmail.com,DEP003,Vice President,B.Tech,14.3,2020-11-09,On Notice Period,,60000,5.0
EMP02909,Aadhya Pillai,Female,1987-06-09,39,Married,Lucknow,Uttar Pradesh,9760591925,aadhya.pillai@outlook.com,DEP004,Deputy General Manager,B.Tech,9.1,2016-05-29,Active,,25000,1.0
EMP02910,Aadhya Pillai,Other,2001-06-17,25,Divorced,Noida,Uttar Pradesh,8124699217,aadhya.pillai410@yahoo.com,DEP008,Intern,M.Com,3.8,2017-10-30,Active,,35000,1.0
EMP02911,Reyansh Yadav,Male,1999-06-11,27,Divorced,Bengaluru,Karnataka,8096465638,reyansh.yadav18@rediffmail.com,DEP007,Associate,M.Tech,2.1,2016-09-27,On Notice Period,,130000,5.0
EMP02912,Aadhya Bansal,Female,1968-09-28,57,Divorced,Nagpur,Maharashtra,9090831659,aadhya.bansal238@hotmail.com,DEP007,Team Lead,MBA,17.0,2019-11-23,Resigned,2022-02-11,60000,1.0
EMP02913,Diya Singh,Female,2001-03-06,25,Single,Coimbatore,Tamil Nadu,8929020449,diya.singh309@yahoo.com,DEP009,Senior Associate,Diploma,1.0,2021-12-07,Active,,130000,1.0
EMP02914,Isha Menon,Female,1977-07-13,49,Single,Pune,Maharashtra,,isha.menon251@rediffmail.com,DEP004,Associate,B.Com,28.6,2020-04-30,Active,,130000,1.0
EMP02915,Deepak Menon,Male,1986-04-12,40,Divorced,Ghaziabad,Uttar Pradesh,9549018846,deepak.menon808@outlook.com,DEP009,Deputy General Manager,Diploma,1.3,2019-02-22,Terminated,2021-02-19,60000,1.0
EMP02916,Karan Chopra,Other,1996-05-24,30,Single,Delhi,Delhi,,karan.chopra409@rediffmail.com,DEP012,Intern,PhD,26.9,2021-04-23,Active,,200000,4.0
EMP02917,Nikhil Verma,Other,1969-07-27,57,Married,Pune,Maharashtra,7256495446,nikhil.verma563@gmail.com,DEP007,Assistant Manager,PhD,3.9,2019-07-09,Terminated,2020-01-29,60000,5.0
EMP02918,Pooja Gupta,Female,1992-05-18,34,Single,Surat,Gujarat,8280072905,pooja.gupta143@yahoo.com,DEP002,Senior Manager,PhD,24.5,2020-12-06,Active,,45000,1.0
EMP02919,Anil Menon,Male,1986-04-06,40,Divorced,Hyderabad,Telangana,6353552589,anil.menon434@gmail.com,DEP002,Team Lead,B.Sc,13.7,2021-06-01,Resigned,,320000,4.0
EMP02920,Ishaan Menon,Male,1997-06-11,29,Married,Surat,Gujarat,9347364115,ishaan.menon54@gmail.com,DEP004,General Manager,B.Sc,23.1,2024-01-26,Terminated,2024-06-26,320000,3.0
EMP02921,Aditya Mishra,Other,1985-03-09,41,Single,Hyderabad,Telangana,7117013292,aditya.mishra121@outlook.com,DEP008,Analyst,M.Sc,,2020-10-13,Terminated,2025-07-10,200000,4.0
EMP02922,Sarika Mishra,Female,1973-06-02,53,Divorced,Lucknow,Uttar Pradesh,6355323274,sarika.mishra706@hotmail.com,DEP011,Analyst,MBA,24.3,2022-10-29,Active,,80000,4.0
EMP02923,Aadhya Yadav,Female,1969-08-08,57,Married,Ahmedabad,Gujarat,7758442006,aadhya.yadav143@yahoo.com,DEP001,Senior Manager,MBA,19.9,2026-06-30,Resigned,,35000,1.0
EMP02924,Neha Verma,Female,1997-10-11,28,Married,Bengaluru,Karnataka,9138016141,,DEP008,Vice President,B.Com,18.3,2016-04-20,Active,,130000,5.0
EMP02925,Vihaan Bose,Male,1967-03-19,59,Divorced,Lucknow,Uttar Pradesh,7004661572,vihaan.bose385@yahoo.com,DEP011,Consultant,Diploma,9.0,2017-03-03,Active,,250000,2.0
EMP02926,Anjali Mishra,Female,2001-01-10,25,Divorced,Mumbai,Maharashtra,8948075341,anjali.mishra72@gmail.com,DEP010,Senior Analyst,B.Com,13.1,2020-02-06,Active,,60000,5.0
EMP02927,Krishna Reddy,Male,1973-11-28,52,Divorced,Indore,Madhya Pradesh,7060390576,krishna.reddy750@hotmail.com,DEP012,Team Lead,M.Tech,26.3,2018-06-27,Active,,130000,1.0
EMP02928,Myra Menon,Female,1981-06-01,45,Married,Noida,Uttar Pradesh,7901659556,myra.menon879@rediffmail.com,DEP010,Manager,M.Sc,12.6,2022-12-10,On Notice Period,,60000,2.0
EMP02929,Suresh Mishra,Male,2001-03-06,25,Single,Hyderabad,Telangana,9935490944,suresh.mishra348@hotmail.com,DEP002,Consultant,B.Com,15.5,2018-09-30,Active,,130000,2.0
EMP02930,Vihaan Bose,Male,2002-10-20,23,Married,Kolkata,West Bengal,8500012829,vihaan.bose245@hotmail.com,DEP002,Analyst,B.Com,14.3,2018-02-17,Terminated,2018-11-21,25000,4.0
EMP02931,Shreya Verma,Female,1976-04-03,50,Married,Coimbatore,Tamil Nadu,6528508397,shreya.verma902@rediffmail.com,DEP008,Assistant Manager,B.Sc,16.1,2024-08-31,On Notice Period,,100000,2.0
EMP02932,Suresh Ghosh,Male,2002-12-11,23,Divorced,Kolkata,West Bengal,6131700737,suresh.ghosh488@gmail.com,DEP003,Senior Manager,B.A.,,2019-04-06,Resigned,2024-09-16,200000,4.0
EMP02933,Myra Iyer,Female,1974-04-12,52,Single,Hyderabad,Telangana,9676706228,myra.iyer103@outlook.com,DEP007,Consultant,B.Com,0.5,2023-05-22,Terminated,2025-10-19,60000,3.0
EMP02934,Sneha Nair,Other,1972-04-10,54,Divorced,Chennai,Tamil Nadu,,sneha.nair411@gmail.com,DEP010,Intern,M.Sc,17.7,2020-02-27,Active,,250000,4.0
EMP02935,Krishna Verma,Male,1967-08-21,59,Married,Lucknow,Uttar Pradesh,9800491550,krishna.verma828@gmail.com,DEP002,Assistant Manager,PhD,8.9,2016-02-07,On Notice Period,,25000,5.0
EMP02936,Anil Ghosh,Other,1983-02-13,43,Divorced,Indore,Madhya Pradesh,8761440062,anil.ghosh666@yahoo.com,DEP008,Deputy General Manager,B.Sc,17.9,2015-01-24,Active,,45000,3.0
EMP02937,Krishna Sharma,Other,1992-10-05,33,Divorced,Lucknow,Uttar Pradesh,9395242585,krishna.sharma435@yahoo.com,DEP008,Analyst,M.Tech,13.1,2019-03-09,Resigned,2020-11-17,25000,5.0
EMP02938,Vivaan Agarwal,Other,1995-08-26,31,Single,Chennai,Tamil Nadu,6985360158,vivaan.agarwal549@outlook.com,DEP007,Vice President,Diploma,22.9,2019-10-28,Resigned,2025-10-31,80000,4.0
EMP02939,Aditya Kapoor,Other,1987-09-08,39,Single,Coimbatore,Tamil Nadu,9944670142,aditya.kapoor948@yahoo.com,DEP008,General Manager,M.Com,27.6,2019-04-25,Active,,80000,3.0
EMP02940,Anjali Kapoor,Female,1982-10-15,43,Married,Bengaluru,Karnataka,8522927284,anjali.kapoor288@yahoo.com,DEP009,Senior Associate,M.Com,5.0,2022-03-16,On Notice Period,,320000,5.0
EMP02941,Ishaan Sharma,Male,2001-05-26,25,Divorced,Noida,Uttar Pradesh,8208950277,ishaan.sharma764@yahoo.com,DEP001,Assistant Manager,B.Sc,12.3,2015-07-27,Active,,160000,4.0
EMP02942,Priya Bose,Female,2004-12-11,21,Divorced,Noida,Uttar Pradesh,6676215908,priya.bose590@hotmail.com,DEP009,Executive,M.Sc,,2020-02-07,On Notice Period,,80000,3.0
EMP02943,Saanvi Joshi,Female,1988-07-23,38,Divorced,Mumbai,Maharashtra,6264103424,saanvi.joshi336@hotmail.com,DEP011,Manager,Diploma,19.6,2025-03-23,Resigned,,60000,4.0
EMP02944,Kavya Agarwal,Female,1984-09-27,41,Single,Bengaluru,Karnataka,8047165195,kavya.agarwal634@hotmail.com,DEP011,Vice President,MBA,3.5,2018-03-30,On Notice Period,,25000,3.0
EMP02945,Gaurav Iyer,Other,1980-04-10,46,Married,Ahmedabad,Gujarat,9068407710,gaurav.iyer494@outlook.com,DEP007,Vice President,B.Com,12.3,2021-06-26,Active,,130000,3.0
EMP02946,Ramesh Rao,Male,1994-01-16,32,Single,Hyderabad,Telangana,8315072545,ramesh.rao922@yahoo.com,DEP005,Deputy General Manager,PhD,19.8,2021-04-25,Active,,160000,3.0
EMP02947,Ishaan Nair,Male,1975-06-17,51,Single,Surat,Gujarat,9886727860,ishaan.nair2@hotmail.com,DEP003,Manager,B.Tech,24.4,2018-11-18,Active,,200000,5.0
EMP02948,Kavita Yadav,Other,2001-10-15,24,Single,Chandigarh,Chandigarh,7544034584,kavita.yadav619@outlook.com,DEP009,Team Lead,M.Com,4.9,2025-07-01,Active,,320000,4.0
EMP02949,Aarav Gupta,Other,1991-06-03,35,Divorced,Delhi,Delhi,9663215106,aarav.gupta170@rediffmail.com,DEP003,Senior Associate,MBA,0.5,2018-03-16,Terminated,2018-09-19,320000,5.0
EMP02950,Aarav Yadav,Other,1981-01-22,45,Divorced,Pune,Maharashtra,7407825118,aarav.yadav@gmail.com,DEP001,Senior Associate,PhD,6.9,2015-05-08,Terminated,2020-11-29,200000,5.0
EMP02951,Ritu Kumar,Female,1974-08-17,52,Divorced,Jaipur,Rajasthan,7862665633,ritu.kumar420@rediffmail.com,DEP002,Intern,M.Tech,30.0,2018-09-02,Terminated,2023-10-28,25000,1.0
EMP02952,Reyansh Singh,Other,1979-10-07,46,Divorced,Indore,Madhya Pradesh,8316355548,reyansh.singh253@rediffmail.com,DEP004,Consultant,Diploma,29.0,2017-06-23,Terminated,2020-07-27,200000,2.0
EMP02953,Sunita Kumar,Other,1991-02-28,35,Divorced,Lucknow,Uttar Pradesh,9242555542,sunita.kumar161@hotmail.com,DEP002,Analyst,B.A.,9.1,2023-05-27,Active,,320000,5.0
EMP02954,Arjun Menon,Other,1982-11-12,43,Married,Bengaluru,Karnataka,7200738627,arjun.menon394@rediffmail.com,DEP011,Deputy General Manager,M.Tech,8.1,2019-04-14,Resigned,2023-12-02,45000,5.0
EMP02955,Ajay Iyer,Male,1995-11-26,30,Single,Surat,Gujarat,6140358418,ajay.iyer149@gmail.com,DEP011,Team Lead,Diploma,9.7,2023-11-29,Resigned,2025-08-30,100000,5.0
EMP02956,Kavita Singh,Other,1982-10-02,43,Single,Jaipur,Rajasthan,9274251429,kavita.singh54@hotmail.com,DEP002,Senior Analyst,M.Tech,10.8,2019-07-27,Active,,80000,3.0
EMP02957,Aadhya Nair,Female,1989-09-21,36,Single,Jaipur,Rajasthan,9640125145,aadhya.nair252@hotmail.com,DEP010,Vice President,M.Com,6.6,2016-07-13,Active,,320000,1.0
EMP02958,Suresh Chaudhary,Male,1974-08-06,52,Single,Surat,Gujarat,8401803890,suresh.chaudhary598@yahoo.com,DEP008,Deputy General Manager,MBA,9.1,2016-06-03,Terminated,2019-01-20,45000,3.0
EMP02959,Ramesh Patel,Male,1986-12-24,39,Divorced,Noida,Uttar Pradesh,7499424868,ramesh.patel633@hotmail.com,DEP002,Team Lead,M.Tech,13.4,2024-07-16,Active,,200000,5.0
EMP02960,Krishna Patel,Male,1975-09-12,50,Single,Surat,Gujarat,9910152993,krishna.patel428@rediffmail.com,DEP006,Analyst,B.Sc,23.0,2018-04-14,Active,,25000,2.0
EMP02961,Deepak Agarwal,Male,1992-12-26,33,Single,Coimbatore,Tamil Nadu,6864883323,deepak.agarwal203@rediffmail.com,DEP010,Analyst,B.A.,27.3,2021-09-27,Resigned,2026-03-25,25000,5.0
EMP02962,Kritika Iyer,Female,1988-08-21,38,Divorced,Coimbatore,Tamil Nadu,7207767774,kritika.iyer878@yahoo.com,DEP010,Intern,M.Tech,13.2,2015-03-04,Active,,130000,5.0
EMP02963,Aarav Iyer,Male,1969-06-06,57,Single,Indore,Madhya Pradesh,7384391877,aarav.iyer475@outlook.com,DEP001,General Manager,PhD,16.6,2020-11-11,Active,,100000,2.0
EMP02964,Ishaan Gupta,Male,1974-12-13,51,Married,Chennai,Tamil Nadu,,ishaan.gupta588@outlook.com,DEP001,Team Lead,M.Com,37.3,2026-04-29,Active,,200000,5.0
EMP02965,GAURAV RAO,Other,1996-09-10,29,Divorced,Lucknow,Uttar Pradesh,7324259387,gaurav.rao716@gmail.com,DEP002,Associate,M.Sc,14.0,2020-06-14,Active,,60000,1.0
EMP02966,Vikram Sharma,Male,1990-02-22,36,Divorced,Surat,Gujarat,6840202312,vikram.sharma76@outlook.com,DEP003,Manager,Diploma,9.2,2015-10-09,Active,,320000,3.0
EMP02967,Anil Patel,Other,2001-12-11,24,Married,Surat,Gujarat,8301994718,anil.patel687@hotmail.com,DEP010,Senior Manager,M.Com,,2016-02-18,Terminated,2020-09-10,60000,3.0
EMP02968,Suresh Mishra,Male,1974-10-28,51,Married,Surat,Gujarat,7657318759,suresh.mishra586@rediffmail.com,DEP002,Vice President,B.Tech,14.4,2024-12-11,Active,,160000,2.0
EMP02969,Arjun Reddy,Male,1972-12-02,53,Single,Chandigarh,Chandigarh,8557240422,arjun.reddy894@yahoo.com,DEP010,Senior Manager,PhD,28.2,2021-08-23,Active,,250000,3.0
EMP02970,Gaurav Sharma,Other,1984-06-20,42,Single,Lucknow,Uttar Pradesh,8183404001,gaurav.sharma952@rediffmail.com,DEP010,Deputy General Manager,B.Com,2.4,2019-07-31,Resigned,2021-10-02,80000,4.0
EMP02971,Ananya Pillai,Female,2001-01-28,25,Divorced,Hyderabad,Telangana,9823724584,ananya.pillai131@rediffmail.com,DEP001,Senior Manager,Diploma,16.3,2016-02-27,Active,,80000,5.0
EMP02972,Nikhil Bose,Other,1971-07-04,55,Married,Kolkata,West Bengal,6597531116,nikhil.bose956@outlook.com,DEP002,Associate,MBA,0.2,2024-06-28,Active,,320000,2.0
EMP02973,Ajay Sharma,Male,1999-06-26,27,Divorced,Ahmedabad,Gujarat,7056529972,ajay.sharma441@yahoo.com,DEP012,Executive,PhD,26.3,2020-08-22,On Notice Period,,45000,2.0
EMP02974,Saanvi Bansal,Other,1999-03-14,27,Divorced,Chennai,Tamil Nadu,7145674808,saanvi.bansal757@yahoo.com,DEP006,Assistant Manager,MBA,6.6,2026-05-25,Active,,320000,4.0
EMP02975,Suresh Menon,Male,1966-08-04,60,Single,Coimbatore,Tamil Nadu,7703788929,suresh.menon929@gmail.com,DEP006,Senior Manager,M.Com,8.1,2021-08-11,Active,,35000,5.0
EMP02976,Rekha Rao,Female,1979-03-24,47,Married,Chandigarh,Chandigarh,7014613902,rekha.rao422@gmail.com,DEP011,Associate,M.Com,23.5,2022-03-12,Resigned,,45000,1.0
EMP02977,Aman Singh,Male,1983-01-02,43,Single,Coimbatore,Tamil Nadu,,aman.singh405@outlook.com,DEP004,Senior Manager,M.Com,5.5,2018-10-27,Active,,60000,1.0
EMP02978,Anil Desai,Male,1999-07-10,27,Married,Ahmedabad,Gujarat,6077581172,anil.desai931@hotmail.com,DEP009,Associate,B.Sc,15.6,2021-04-15,Active,,25000,4.0
EMP02979,Aman Joshi,Male,1988-09-05,38,Divorced,Coimbatore,Tamil Nadu,9221881080,aman.joshi70@yahoo.com,DEP011,Senior Manager,B.Com,5.7,2026-06-21,Terminated,,320000,3.0
EMP02980,Aarav Shetty,Male,1970-11-21,55,Single,Ghaziabad,Uttar Pradesh,9504884914,aarav.shetty874@hotmail.com,DEP006,Team Lead,B.Com,12.4,2015-03-19,Active,,200000,4.0
EMP02981,Divya Chopra,Female,1986-09-07,40,Divorced,Lucknow,Uttar Pradesh,9497652401,divya.chopra975@hotmail.com,DEP002,Senior Analyst,B.A.,0.4,2024-03-07,On Notice Period,,130000,5.0
EMP02982,Kavya Nair,Other,1986-07-17,40,Divorced,Indore,Madhya Pradesh,8324794121,kavya.nair496@yahoo.com,DEP001,Executive,PhD,17.5,2017-09-09,Active,,45000,4.0
EMP02983,Kavita Patel,Female,2002-07-03,24,Divorced,Jaipur,Rajasthan,9365787598,kavita.patel477@rediffmail.com,DEP004,Deputy General Manager,B.Com,18.5,2019-08-11,Active,,60000,4.0
EMP02984,Deepak Desai,Male,1978-11-26,47,Married,Chennai,Tamil Nadu,8921943803,deepak.desai428@gmail.com,DEP012,Deputy General Manager,MBA,1.3,2018-11-04,Active,,200000,3.0
EMP02985,Deepak Gupta,Male,1987-08-19,39,Divorced,Jaipur,Rajasthan,9150220102,deepak.gupta870@hotmail.com,DEP008,Team Lead,M.Com,25.8,2024-09-20,On Notice Period,,25000,3.0
EMP02986,Ajay Mishra,Male,1969-01-18,57,Single,Bengaluru,Karnataka,6782550896,ajay.mishra732@hotmail.com,DEP010,Team Lead,M.Com,23.6,2026-02-10,Active,,130000,4.0
EMP02987,Aarav Desai,Male,1996-04-10,30,Single,Hyderabad,Telangana,8433066193,aarav.desai216@yahoo.com,DEP001,Consultant,M.Tech,20.8,2015-11-01,Active,,80000,2.0
EMP02988,Ananya Desai,Female,2001-11-11,24,Single,Pune,Maharashtra,9409793133,ananya.desai659@yahoo.com,DEP003,Executive,PhD,19.2,2018-07-20,Terminated,2020-05-09,200000,4.0
EMP02989,Ishaan Ghosh,Male,1999-01-07,27,Married,Ghaziabad,Uttar Pradesh,9179561519,ishaan.ghosh69@yahoo.com,DEP009,Deputy General Manager,M.Sc,5.5,2017-01-29,Active,,160000,1.0
EMP02990,Deepak Chopra,Male,2000-11-07,25,Single,Chandigarh,Chandigarh,7921913870,deepak.chopra958@rediffmail.com,DEP006,Manager,PhD,,2020-03-24,Resigned,2023-04-04,160000,3.0
EMP02991,Saurabh Ghosh,Male,1966-11-16,59,Single,Noida,Uttar Pradesh,,saurabh.ghosh804@gmail.com,DEP004,Senior Analyst,Diploma,10.6,2017-05-09,Active,,100000,2.0
EMP02992,Nisha Kapoor,Other,2003-05-03,23,Married,Pune,Maharashtra,6645909222,nisha.kapoor54@outlook.com,DEP007,Associate,B.Tech,12.7,2018-04-18,Terminated,2021-05-17,45000,3.0
EMP02993,Manish Kumar,Other,1968-04-22,58,Single,Chandigarh,Chandigarh,6615824831,manish.kumar915@rediffmail.com,DEP005,Senior Manager,Diploma,16.6,2015-01-30,Resigned,2016-09-18,320000,1.0
EMP02994,Anjali Rao,Female,1985-04-19,41,Married,Hyderabad,Telangana,6538930180,anjali.rao132@gmail.com,DEP003,Manager,M.Com,17.6,2021-07-06,Active,,200000,3.0
EMP02995,Ananya Chaudhary,Other,1992-06-21,34,Divorced,Lucknow,Uttar Pradesh,6557844825,ananya.chaudhary572@gmail.com,DEP001,Senior Analyst,MBA,20.6,2015-12-09,Resigned,2017-02-15,130000,2.0
EMP02996,Myra Desai,Other,1988-12-11,37,Married,Indore,Madhya Pradesh,7781361908,myra.desai975@hotmail.com,DEP008,Manager,B.A.,12.4,2024-02-24,Active,,320000,5.0
EMP02997,Pooja Singh,Other,1990-02-05,36,Divorced,Bengaluru,Karnataka,8599551101,pooja.singh88@yahoo.com,DEP002,Consultant,M.Tech,24.8,2025-03-07,Terminated,,100000,1.0
EMP02998,Manish Iyer,Male,2004-07-19,22,Divorced,Noida,Uttar Pradesh,7030600852,manish.iyer493@rediffmail.com,DEP002,Deputy General Manager,B.A.,,2016-07-21,Terminated,2021-08-20,45000,4.0
EMP02999,Rohan Verma,Male,1993-11-27,32,Married,Delhi,Delhi,6389629456,rohan.verma453@outlook.com,DEP010,Senior Manager,M.Sc,2.9,2020-06-18,Active,,160000,3.0
EMP03000,Aarav Patel,Male,1996-11-10,29,Single,Ahmedabad,Gujarat,6193339737,aarav.patel510@outlook.com,DEP005,Senior Analyst,B.Com,28.0,2020-06-23,Active,,35000,3.0
EMP03001,Sneha Agarwal,Female,1974-10-24,51,Married,Ghaziabad,Uttar Pradesh,9126813688,sneha.agarwal696@outlook.com,DEP011,Assistant Manager,B.Com,22.8,2018-04-07,Active,,320000,4.0
EMP03002,RAHUL KUMAR,Male,2001-12-25,24,Divorced,Pune,Maharashtra,6047308210,rahul.kumar194@gmail.com,DEP006,Senior Analyst,B.A.,18.3,2015-09-08,Terminated,2019-12-31,130000,4.0
EMP03003,nikhil bose,Male,1989-12-06,36,Married,Kolkata,West Bengal,7766203012,nikhil.bose405@yahoo.com,DEP010,Consultant,M.Com,22.0,2015-02-22,Active,,250000,2.0
EMP03004,Priya Iyer,Female,1998-08-21,28,Divorced,Coimbatore,Tamil Nadu,9436524977,priya.iyer89@rediffmail.com,DEP004,General Manager,M.Tech,24.1,2015-02-28,Terminated,2016-03-08,130000,1.0
EMP03005,Diya Iyer,Female,1996-01-16,30,Married,Kolkata,West Bengal,8836087292,diya.iyer746@gmail.com,DEP005,Associate,M.Sc,0.1,2017-11-10,Active,,200000,1.0
EMP03006,Arjun Agarwal,Male,2003-10-02,22,Married,Chandigarh,Chandigarh,7623379041,arjun.agarwal586@rediffmail.com,DEP002,Executive,PhD,8.9,2018-12-07,Active,,45000,3.0
EMP03007,Saanvi Reddy,Female,1967-09-05,59,Single,Noida,Uttar Pradesh,6216779371,saanvi.reddy709@outlook.com,DEP005,Senior Analyst,B.Tech,1.6,2022-10-17,Resigned,,320000,1.0
EMP03008,Karan Agarwal,Male,1996-01-10,30,Divorced,Lucknow,Uttar Pradesh,6022018225,karan.agarwal992@hotmail.com,DEP003,Senior Analyst,B.Com,12.2,2025-09-11,Active,,25000,3.0
EMP03009,Sneha Singh,Female,1979-02-09,47,Married,Nagpur,Maharashtra,9174616924,sneha.singh493@rediffmail.com,DEP003,Associate,B.Com,8.0,2025-04-23,Active,,35000,3.0
EMP03010,Divya Patel,Other,1968-10-27,57,Divorced,Hyderabad,Telangana,7359287570,divya.patel518@gmail.com,DEP012,Executive,PhD,24.5,2024-01-12,Active,,35000,2.0
EMP03011,Vivaan Pillai,Male,1997-06-26,29,Married,Delhi,Delhi,8594213032,vivaan.pillai509@rediffmail.com,DEP002,Team Lead,M.Tech,,2024-07-08,Resigned,2025-02-09,200000,1.0
EMP03012,Krishna Iyer,Male,1993-01-28,33,Divorced,Pune,Maharashtra,7102657302,krishna.iyer290@hotmail.com,DEP011,Deputy General Manager,B.A.,14.5,2017-04-21,Active,,60000,2.0
EMP03013,Riya Reddy,Female,1982-12-18,43,Single,Lucknow,Uttar Pradesh,8254469193,riya.reddy884@yahoo.com,DEP003,Analyst,B.Com,18.3,2023-03-24,Active,,60000,3.0
EMP03014,Aarav Joshi,Male,1998-06-11,28,Divorced,Ahmedabad,Gujarat,6464688385,aarav.joshi995@rediffmail.com,DEP006,Vice President,MBA,9.5,2022-05-15,Active,,250000,1.0
EMP03015,Isha Menon,Other,1991-07-10,35,Married,Bengaluru,Karnataka,9508028574,isha.menon164@hotmail.com,DEP005,Intern,B.Com,18.7,2017-10-14,Active,,250000,4.0
EMP03016,Gaurav Chopra,Other,1979-05-21,47,Married,Delhi,Delhi,9707822362,,DEP012,General Manager,M.Sc,0.6,2022-07-18,Resigned,2025-12-01,100000,1.0
EMP03017,Vivaan Iyer,Male,1974-07-13,52,Married,Chennai,Tamil Nadu,6722030608,vivaan.iyer458@outlook.com,DEP010,Senior Analyst,PhD,24.8,2020-08-28,Active,,25000,4.0
EMP03018,Rekha Bansal,Other,1971-07-07,55,Single,Chennai,Tamil Nadu,7424795238,rekha.bansal845@rediffmail.com,DEP001,Vice President,M.Tech,0.0,2022-08-05,On Notice Period,,80000,5.0
EMP03019,Diya Rao,Other,1981-03-14,45,Married,Jaipur,Rajasthan,9010218289,diya.rao314@hotmail.com,DEP001,General Manager,B.Com,0.9,2021-06-29,Active,,25000,1.0
EMP03020,Kritika Patel,Other,1973-04-04,53,Single,Ghaziabad,Uttar Pradesh,8453152784,kritika.patel940@yahoo.com,DEP012,Senior Manager,B.Sc,11.4,2023-12-26,Terminated,2025-02-16,35000,1.0
EMP03021,Priya Singh,Female,1980-04-11,46,Divorced,Delhi,Delhi,9167676902,priya.singh866@outlook.com,DEP006,Executive,M.Com,25.1,2016-11-25,Active,,320000,5.0
EMP03022,Ritu Agarwal,Female,1999-09-23,26,Single,Chennai,Tamil Nadu,6621778194,ritu.agarwal943@rediffmail.com,DEP002,Deputy General Manager,M.Com,1.0,2025-05-12,Terminated,,45000,1.0
EMP03023,Kavya Menon,Female,1983-01-21,43,Divorced,Chandigarh,Chandigarh,9052978192,kavya.menon212@hotmail.com,DEP008,Senior Manager,M.Tech,19.3,2016-07-23,Active,,100000,4.0
EMP03024,Vikram Kapoor,Male,2005-05-21,21,Married,Indore,Madhya Pradesh,8435802351,vikram.kapoor568@outlook.com,DEP009,General Manager,M.Tech,15.6,2025-11-16,Resigned,,100000,4.0
EMP03025,Aadhya Gupta,Other,2004-01-23,22,Divorced,Chandigarh,Chandigarh,9759701064,aadhya.gupta560@outlook.com,DEP010,Senior Associate,B.Com,12.3,2018-09-09,On Notice Period,,80000,4.0
EMP03026,Aadhya Menon,Female,1995-02-06,31,Married,Bengaluru,Karnataka,7218842808,aadhya.menon452@rediffmail.com,DEP007,Associate,PhD,4.1,2020-09-13,Active,,80000,2.0
EMP03027,Anjali Verma,Other,1997-09-25,28,Single,Lucknow,Uttar Pradesh,6482841200,anjali.verma69@yahoo.com,DEP011,Intern,M.Sc,18.5,2024-04-28,Active,,130000,5.0
EMP03028,Krishna Menon,Male,1982-05-19,44,Married,Nagpur,Maharashtra,7798171273,krishna.menon@outlook.com,DEP003,Manager,M.Sc,18.5,2018-09-12,Active,,80000,2.0
EMP03029,Sneha Agarwal,Other,1985-10-14,40,Divorced,Chennai,Tamil Nadu,8145640616,sneha.agarwal932@gmail.com,DEP012,General Manager,B.Com,22.6,2020-03-05,Resigned,2020-07-17,250000,4.0
EMP03030,Anjali Chopra,Other,1985-07-05,41,Single,Delhi,Delhi,6730324054,anjali.chopra151@rediffmail.com,DEP009,Vice President,MBA,22.0,2022-10-16,Resigned,,60000,4.0
EMP03031,Divya Yadav,Other,1973-01-27,53,Divorced,Kolkata,West Bengal,8118010290,divya.yadav922@outlook.com,DEP004,General Manager,M.Sc,39.6,2024-01-22,Active,,130000,5.0
EMP03032,Aman Nair,Male,1972-12-21,53,Married,Lucknow,Uttar Pradesh,6614989870,aman.nair@hotmail.com,DEP009,Associate,M.Tech,6.6,2025-02-22,Active,,35000,3.0
EMP03033,Pooja Yadav,Female,1967-09-17,58,Married,Coimbatore,Tamil Nadu,9297997259,pooja.yadav301@hotmail.com,DEP011,Consultant,Diploma,28.6,2019-11-10,Active,,60000,4.0
EMP03034,Divya Kumar,Other,1979-08-09,47,Married,Ghaziabad,Uttar Pradesh,8328025611,divya.kumar628@yahoo.com,DEP011,Associate,B.Com,14.1,2017-09-15,Active,,130000,1.0
EMP03035,Ritu Desai,Female,1999-06-06,27,Divorced,Lucknow,Uttar Pradesh,9936348597,ritu.desai517@outlook.com,DEP003,Deputy General Manager,M.Tech,9.2,2015-03-23,Active,,100000,2.0
EMP03036,Gaurav Sharma,Other,1987-07-26,39,Single,Surat,Gujarat,8393041887,gaurav.sharma805@outlook.com,DEP007,Associate,B.Com,14.1,2021-08-30,Active,,45000,2.0
EMP03037,Arjun Nair,Male,1973-06-26,53,Divorced,Jaipur,Rajasthan,7148535531,arjun.nair479@rediffmail.com,DEP006,Deputy General Manager,B.Com,23.6,2018-10-26,Active,,130000,2.0
EMP03038,Rahul Yadav,Male,1993-08-18,33,Married,Nagpur,Maharashtra,8877220087,rahul.yadav259@outlook.com,DEP011,Vice President,Diploma,10.5,2021-12-23,Active,,250000,4.0
EMP03039,Rekha Iyer,Other,1972-02-20,54,Single,Coimbatore,Tamil Nadu,6523394576,rekha.iyer704@gmail.com,DEP001,General Manager,PhD,10.6,2018-11-06,On Notice Period,,250000,2.0
EMP03040,Suresh Verma,Male,1971-01-05,55,Divorced,Bengaluru,Karnataka,,suresh.verma326@hotmail.com,DEP009,Senior Associate,Diploma,25.5,2017-03-04,Active,,200000,3.0
EMP03041,KAVYA MENON,Female,2000-10-09,25,Married,Nagpur,Maharashtra,7715237848,kavya.menon462@rediffmail.com,DEP008,Vice President,M.Tech,18.5,2019-02-26,Active,,200000,4.0
EMP03042,Manish Pillai,Male,1987-09-02,39,Single,Bengaluru,Karnataka,6497976480,manish.pillai27@rediffmail.com,DEP004,Senior Analyst,B.Sc,7.6,2019-06-16,Active,,250000,3.0
EMP03043,Divya Pillai,Other,1993-12-09,32,Married,Surat,Gujarat,9970936559,divya.pillai557@hotmail.com,DEP006,Team Lead,MBA,26.3,2018-01-03,Active,,35000,3.0
EMP03044,Sarika Chaudhary,Female,2003-07-27,23,Married,Coimbatore,Tamil Nadu,7422795704,sarika.chaudhary781@rediffmail.com,DEP008,General Manager,M.Sc,15.9,2023-05-02,On Notice Period,,25000,2.0
EMP03045,Sarika Desai,Female,1978-05-04,48,Single,Jaipur,Rajasthan,8492109697,sarika.desai35@rediffmail.com,DEP010,Vice President,M.Com,15.1,2020-04-18,Resigned,2022-06-06,25000,2.0
EMP03046,Swati Ghosh,Female,1977-07-02,49,Married,Pune,Maharashtra,8091671924,swati.ghosh727@hotmail.com,DEP012,Intern,B.A.,13.3,2024-11-23,Active,,45000,5.0
EMP03047,Sarika Kumar,Female,1967-01-16,59,Divorced,Chennai,Tamil Nadu,7078699027,sarika.kumar860@gmail.com,DEP005,Analyst,M.Com,7.3,2020-10-15,Active,,25000,3.0
EMP03048,Sneha Mishra,Female,1985-12-25,40,Divorced,Jaipur,Rajasthan,6615588178,sneha.mishra134@yahoo.com,DEP006,Deputy General Manager,B.Sc,20.9,2023-06-01,Resigned,,45000,2.0
EMP03049,Reyansh Gupta,Male,2000-01-09,26,Married,Nagpur,Maharashtra,7135581433,reyansh.gupta651@outlook.com,DEP003,General Manager,M.Sc,11.3,2020-07-15,On Notice Period,,250000,3.0
EMP03050,AJAY VERMA,Other,1983-01-04,43,Married,Ahmedabad,Gujarat,7835355406,ajay.verma585@yahoo.com,DEP011,Analyst,B.A.,10.5,2023-09-14,Active,,200000,3.0
EMP03051,Reyansh Shetty,Male,2003-11-28,22,Single,Hyderabad,Telangana,6268030275,reyansh.shetty226@rediffmail.com,DEP011,Assistant Manager,B.Tech,18.1,2019-04-07,Resigned,2020-12-01,320000,2.0
EMP03052,Saanvi Iyer,Female,1991-11-17,34,Divorced,Jaipur,Rajasthan,9272873898,saanvi.iyer923@yahoo.com,DEP008,Deputy General Manager,B.Tech,19.2,2020-05-28,Active,,25000,2.0
EMP03053,Rohan Desai,Male,1979-03-26,47,Single,Chandigarh,Chandigarh,7355456137,rohan.desai732@yahoo.com,DEP004,Assistant Manager,B.Sc,11.3,2023-05-13,Terminated,,25000,4.0
EMP03054,Priya Bansal,Female,1996-03-21,30,Divorced,Pune,Maharashtra,8140445178,priya.bansal783@rediffmail.com,DEP010,Manager,M.Sc,7.7,2019-08-08,Active,,130000,1.0
EMP03055,Sunita Agarwal,Female,1995-12-17,30,Divorced,Indore,Madhya Pradesh,9477518786,sunita.agarwal31@gmail.com,DEP011,Consultant,PhD,2.0,2017-12-27,On Notice Period,,35000,2.0
EMP03056,Ritu Reddy,Female,1978-09-08,48,Married,Noida,Uttar Pradesh,6806330009,ritu.reddy892@rediffmail.com,DEP010,Executive,MBA,11.9,2019-07-23,Resigned,2021-06-05,130000,4.0
EMP03057,Aarav Yadav,Other,1974-01-06,52,Single,Bengaluru,Karnataka,7169714268,aarav.yadav405@yahoo.com,DEP003,Assistant Manager,B.A.,12.2,2019-09-25,Active,,25000,3.0
EMP03058,Krishna Menon,Male,1983-06-27,43,Single,Nagpur,Maharashtra,8696748733,krishna.menon761@outlook.com,DEP010,Consultant,M.Tech,10.9,2019-07-04,Active,,80000,3.0
EMP03059,Ritu Ghosh,Female,1990-05-09,36,Married,Delhi,Delhi,8615125571,ritu.ghosh831@hotmail.com,DEP002,Team Lead,PhD,13.3,2018-06-02,Active,,60000,2.0
EMP03060,Isha Mishra,Female,1989-05-08,37,Single,Ahmedabad,Gujarat,8439211427,isha.mishra@yahoo.com,DEP012,General Manager,B.Com,23.3,2020-07-26,Active,,100000,3.0
EMP03061,Ajay Rao,Other,1989-03-01,37,Single,Jaipur,Rajasthan,6166985874,ajay.rao788@yahoo.com,DEP004,Deputy General Manager,M.Com,11.9,2023-12-13,Active,,45000,1.0
EMP03062,Aditya Chopra,Male,1972-12-01,53,Married,Noida,Uttar Pradesh,6353893716,aditya.chopra15@rediffmail.com,DEP011,Team Lead,MBA,16.6,2015-10-13,Active,,45000,1.0
EMP03063,Naveen Pillai,Male,1981-03-03,45,Divorced,Indore,Madhya Pradesh,7957307657,,DEP003,Consultant,M.Sc,17.9,2018-02-01,Active,,25000,1.0
EMP03064,Rahul Patel,Male,2000-09-22,25,Married,Mumbai,Maharashtra,9059491501,rahul.patel297@gmail.com,DEP005,Manager,MBA,,2021-09-13,Active,,200000,1.0
EMP03065,Naveen Desai,Male,1985-08-01,41,Divorced,Chandigarh,Chandigarh,9418633205,naveen.desai883@yahoo.com,DEP006,Senior Analyst,B.Com,14.6,2021-05-04,Active,,160000,2.0
EMP03066,Rekha Mishra,Female,1997-04-17,29,Divorced,Coimbatore,Tamil Nadu,9931047921,rekha.mishra705@gmail.com,DEP002,General Manager,Diploma,3.3,2019-12-29,On Notice Period,,35000,4.0
EMP03067,Aditya Malhotra,Other,2002-08-23,24,Married,Bengaluru,Karnataka,8680608620,aditya.malhotra820@hotmail.com,DEP007,Consultant,B.Sc,,2023-05-12,Active,,35000,3.0
EMP03068,Nisha Yadav,Female,1982-10-17,43,Married,Jaipur,Rajasthan,9033257505,nisha.yadav871@outlook.com,DEP004,Analyst,B.Tech,0.4,2019-04-05,Resigned,2020-06-25,130000,4.0
EMP03069,Reyansh Rao,Male,1985-12-10,40,Married,Hyderabad,Telangana,6772810489,reyansh.rao762@gmail.com,DEP001,Executive,M.Com,28.9,2022-09-05,Active,,160000,2.0
EMP03070,Naveen Nair,Other,1999-05-25,27,Single,Pune,Maharashtra,6277444854,naveen.nair708@rediffmail.com,DEP007,General Manager,MBA,4.0,2017-06-28,Active,,25000,5.0
EMP03071,Rahul Iyer,Male,1981-06-28,45,Married,Delhi,Delhi,8942738738,rahul.iyer@hotmail.com,DEP005,Executive,PhD,16.8,2019-01-06,Active,,200000,3.0
EMP03072,Priya Yadav,Female,1999-08-16,27,Single,Hyderabad,Telangana,6515330961,priya.yadav200@yahoo.com,DEP009,Senior Associate,PhD,4.5,2021-04-10,Active,,60000,2.0
EMP03073,Kavya Reddy,Female,1998-02-07,28,Married,Noida,Uttar Pradesh,7756235219,kavya.reddy179@hotmail.com,DEP008,Deputy General Manager,B.Com,4.9,2015-09-17,Active,,35000,2.0
EMP03074,Nikhil Yadav,Male,1974-01-22,52,Single,Hyderabad,Telangana,7485440222,nikhil.yadav84@gmail.com,DEP009,Associate,B.Sc,19.7,2024-08-11,Active,,100000,2.0
EMP03075,Suresh Joshi,Male,1996-11-12,29,Divorced,Chandigarh,Chandigarh,9480603410,suresh.joshi178@yahoo.com,DEP006,Consultant,B.Com,17.8,2025-01-22,Terminated,,60000,5.0
EMP03076,Nikhil Chaudhary,Male,1980-02-08,46,Divorced,Bengaluru,Karnataka,7070883109,nikhil.chaudhary919@gmail.com,DEP012,Senior Manager,B.Tech,8.5,2026-04-14,Active,,160000,2.0
EMP03077,Aadhya Verma,Female,1977-05-03,49,Single,Indore,Madhya Pradesh,9179103085,aadhya.verma475@rediffmail.com,DEP012,Assistant Manager,B.A.,12.9,2018-08-15,Terminated,2022-02-21,60000,4.0
EMP03078,Anjali Malhotra,Female,2004-02-05,22,Divorced,Mumbai,Maharashtra,7475266957,anjali.malhotra997@outlook.com,DEP001,Consultant,B.Com,2.2,2024-12-08,Active,,35000,5.0
EMP03079,Sarika Chopra,Other,1972-07-12,54,Divorced,Bengaluru,Karnataka,7893672886,sarika.chopra653@rediffmail.com,DEP009,Consultant,B.Com,22.1,2024-04-04,Terminated,,160000,2.0
EMP03080,Ananya Kumar,Female,1971-10-15,54,Single,Ghaziabad,Uttar Pradesh,7010225198,ananya.kumar401@yahoo.com,DEP009,Assistant Manager,M.Sc,20.2,2026-05-03,Active,,250000,5.0
EMP03081,Sunita Chopra,Other,1978-06-06,48,Divorced,Indore,Madhya Pradesh,8059745458,sunita.chopra107@outlook.com,DEP007,Associate,MBA,1.1,2016-09-19,Resigned,2023-07-16,80000,4.0
EMP03082,Karan Shetty,Male,1980-06-06,46,Divorced,Pune,Maharashtra,,karan.shetty465@yahoo.com,DEP001,Deputy General Manager,MBA,2.7,2016-02-25,Resigned,2021-08-15,35000,4.0
EMP03083,Aarav Iyer,Male,1993-10-17,32,Single,Ghaziabad,Uttar Pradesh,8853108572,aarav.iyer952@rediffmail.com,DEP011,Consultant,B.A.,13.6,2016-05-27,Resigned,2020-02-22,80000,3.0
EMP03084,Priya Shetty,Female,1977-05-16,49,Married,Surat,Gujarat,8848784752,priya.shetty287@rediffmail.com,DEP007,Analyst,B.Tech,18.8,2017-06-25,Terminated,2023-01-16,130000,2.0
EMP03085,Naveen Patel,Male,1994-11-28,31,Married,Delhi,Delhi,9370053719,naveen.patel671@gmail.com,DEP009,General Manager,B.A.,28.3,2023-12-23,Terminated,2025-08-04,160000,3.0
EMP03086,Vikram Kumar,Male,1974-05-13,52,Married,Ghaziabad,Uttar Pradesh,7577640502,vikram.kumar991@rediffmail.com,DEP010,Consultant,B.A.,9.8,2022-08-17,Active,,130000,3.0
EMP03087,Vikram Reddy,Male,2004-09-12,21,Divorced,Nagpur,Maharashtra,8228953907,vikram.reddy553@rediffmail.com,DEP002,Senior Associate,M.Com,10.4,2024-01-30,Active,,80000,2.0
EMP03088,Swati Rao,Female,1992-04-21,34,Single,Surat,Gujarat,6946714639,swati.rao885@hotmail.com,DEP012,Consultant,B.Tech,16.5,2022-07-08,Active,,25000,2.0
EMP03089,Ananya Malhotra,Other,1971-08-19,55,Married,Kolkata,West Bengal,7743742740,ananya.malhotra388@hotmail.com,DEP012,Vice President,PhD,1.9,2026-03-11,On Notice Period,,200000,5.0
EMP03090,Anil Agarwal,Other,1970-01-14,56,Divorced,Mumbai,Maharashtra,6363000215,anil.agarwal740@gmail.com,DEP009,Intern,B.A.,10.8,2020-08-23,Active,,320000,3.0
EMP03091,Aarav Rao,Other,1978-05-23,48,Divorced,Jaipur,Rajasthan,8176103127,aarav.rao710@rediffmail.com,DEP006,General Manager,M.Tech,24.6,2023-09-13,Terminated,2024-02-14,200000,4.0
EMP03092,Sneha Singh,Female,1994-03-24,32,Single,Mumbai,Maharashtra,8563028324,sneha.singh836@hotmail.com,DEP005,Senior Analyst,Diploma,5.0,2015-12-31,Active,,60000,1.0
EMP03093,Nikhil Shetty,Male,1982-02-25,44,Divorced,Delhi,Delhi,8046556684,nikhil.shetty@yahoo.com,DEP001,Vice President,M.Sc,23.7,2023-10-16,Active,,100000,4.0
EMP03094,Karan Reddy,Male,1987-11-28,38,Divorced,Kolkata,West Bengal,6728779693,karan.reddy288@hotmail.com,DEP003,Associate,MBA,7.0,2023-02-27,Active,,100000,3.0
EMP03095,Suresh Nair,Male,1988-11-17,37,Single,Lucknow,Uttar Pradesh,,suresh.nair997@yahoo.com,DEP001,Consultant,B.A.,24.1,2015-09-07,Active,,60000,2.0
EMP03096,Neha Bose,Other,1980-09-28,45,Single,Kolkata,West Bengal,9242517686,neha.bose550@yahoo.com,DEP010,Deputy General Manager,M.Tech,21.6,2024-08-05,On Notice Period,,45000,4.0
EMP03097,Sarika Patel,Female,1997-04-27,29,Married,Delhi,Delhi,9079169545,sarika.patel373@rediffmail.com,DEP008,Analyst,PhD,7.2,2025-10-16,Terminated,,320000,3.0
EMP03098,Naveen Chaudhary,Male,1997-05-01,29,Married,Coimbatore,Tamil Nadu,8077088043,naveen.chaudhary609@outlook.com,DEP004,Executive,M.Sc,0.0,2019-05-24,On Notice Period,,35000,3.0
EMP03099,Sanjay Mishra,Male,1974-11-16,51,Married,Bengaluru,Karnataka,9083236814,sanjay.mishra667@gmail.com,DEP006,Senior Associate,M.Sc,21.7,2025-03-09,Active,,130000,3.0
EMP03100,Myra Sharma,Female,1977-03-08,49,Divorced,Indore,Madhya Pradesh,7893529820,myra.sharma99@outlook.com,DEP006,Analyst,B.A.,23.6,2017-11-05,On Notice Period,,160000,3.0
EMP03101,Manish Agarwal,Other,1979-06-20,47,Single,Hyderabad,Telangana,7274810815,manish.agarwal444@outlook.com,DEP005,Senior Analyst,PhD,8.7,2024-02-24,Active,,35000,4.0
EMP03102,Ishaan Agarwal,Other,1994-08-11,32,Divorced,Jaipur,Rajasthan,6625642791,ishaan.agarwal514@outlook.com,DEP010,Executive,M.Tech,15.2,2017-07-21,Active,,100000,3.0
EMP03103,Sunita Joshi,Other,1978-08-09,48,Married,Ahmedabad,Gujarat,6169857737,sunita.joshi894@rediffmail.com,DEP004,Senior Manager,M.Tech,28.7,2015-12-06,Active,,160000,2.0
EMP03104,kavita yadav,Other,1989-12-02,36,Married,Nagpur,Maharashtra,9044527758,kavita.yadav@gmail.com,DEP004,Team Lead,B.Sc,6.9,2019-07-09,Active,,100000,2.0
EMP03105,Sarika Shetty,Female,1990-03-02,36,Divorced,Ahmedabad,Gujarat,7775318136,sarika.shetty10@outlook.com,DEP007,Manager,B.Tech,13.4,2022-11-09,Active,,25000,2.0
EMP03106,Ramesh Pillai,Male,2004-10-12,21,Divorced,Delhi,Delhi,7261126700,ramesh.pillai70@rediffmail.com,DEP004,Vice President,M.Tech,,2019-09-11,Resigned,2022-06-25,250000,4.0
EMP03107,Ajay Joshi,Other,2004-08-06,22,Single,Mumbai,Maharashtra,9972667035,ajay.joshi927@outlook.com,DEP005,Senior Associate,M.Tech,10.3,2016-08-30,Active,,60000,2.0
EMP03108,Saurabh Agarwal,Male,1992-04-15,34,Single,Noida,Uttar Pradesh,8463505500,saurabh.agarwal837@yahoo.com,DEP011,Consultant,B.Tech,22.5,2020-11-10,Active,,320000,2.0
EMP03109,Rohan Singh,Male,1996-08-02,30,Divorced,Jaipur,Rajasthan,6957122261,rohan.singh313@rediffmail.com,DEP004,Senior Associate,B.Tech,8.1,2022-07-08,Active,,60000,1.0
EMP03110,Sanjay Bansal,Male,1988-06-13,38,Single,Jaipur,Rajasthan,6833703661,sanjay.bansal617@hotmail.com,DEP003,Analyst,Diploma,26.4,2018-06-13,Active,,160000,4.0
EMP03111,Ajay Nair,Other,1979-05-26,47,Married,Lucknow,Uttar Pradesh,6294599986,ajay.nair910@gmail.com,DEP003,Senior Analyst,M.Com,2.5,2016-11-16,On Notice Period,,35000,3.0
EMP03112,Manish Agarwal,Male,1972-02-25,54,Divorced,Ahmedabad,Gujarat,8447965303,manish.agarwal410@yahoo.com,DEP002,Consultant,B.Com,5.0,2021-10-26,Active,,80000,2.0
EMP03113,Isha Mishra,Other,1997-02-09,29,Divorced,Ahmedabad,Gujarat,9574298362,isha.mishra740@gmail.com,DEP011,Executive,PhD,20.8,2024-02-11,Active,,45000,3.0
EMP03114,Aman Chaudhary,Male,1974-01-08,52,Divorced,Coimbatore,Tamil Nadu,6139387403,aman.chaudhary327@hotmail.com,DEP007,Team Lead,B.Sc,7.8,2021-02-11,On Notice Period,,100000,5.0
EMP03115,Suresh Iyer,Male,1981-01-11,45,Divorced,Kolkata,West Bengal,7613745268,suresh.iyer@outlook.com,DEP012,Analyst,B.Com,2.1,2019-11-03,On Notice Period,,160000,3.0
EMP03116,Neha Ghosh,Female,1999-04-08,27,Divorced,Ahmedabad,Gujarat,8845085219,neha.ghosh66@hotmail.com,DEP008,Consultant,M.Com,,2020-10-11,Resigned,2021-12-18,200000,1.0
EMP03117,Sarika Joshi,Female,1988-05-14,38,Married,Hyderabad,Telangana,8511460947,sarika.joshi44@gmail.com,DEP009,Manager,M.Com,19.1,2023-09-20,Active,,160000,4.0
EMP03118,Priya Rao,Other,1994-01-08,32,Married,Ghaziabad,Uttar Pradesh,6038970844,priya.rao965@gmail.com,DEP011,Assistant Manager,MBA,16.6,2023-11-23,Resigned,2024-10-30,45000,2.0
EMP03119,Priya Sharma,Other,1975-03-10,51,Married,Kolkata,West Bengal,6994540595,priya.sharma897@rediffmail.com,DEP005,Senior Analyst,B.Sc,13.0,2021-01-20,Active,,60000,5.0
EMP03120,Aditya Mishra,Male,2001-01-23,25,Married,Noida,Uttar Pradesh,8582356713,aditya.mishra382@rediffmail.com,DEP003,Executive,MBA,,2016-01-10,Resigned,2016-09-04,200000,1.0
EMP03121,Kavita Ghosh,Female,1968-08-13,58,Married,Pune,Maharashtra,,kavita.ghosh231@outlook.com,DEP004,Executive,B.Sc,24.9,2020-02-29,Active,,35000,4.0
EMP03122,Ajay Iyer,Other,1989-12-07,36,Divorced,Noida,Uttar Pradesh,9696115772,ajay.iyer351@outlook.com,DEP008,Consultant,M.Com,14.6,2017-10-02,Active,,60000,1.0
EMP03123,Ananya Kumar,Other,1997-01-18,29,Married,Hyderabad,Telangana,8881069368,ananya.kumar@yahoo.com,DEP011,Manager,M.Sc,15.0,2025-04-17,Active,,130000,2.0
EMP03124,Priya Shetty,Female,1971-05-28,55,Married,Jaipur,Rajasthan,,priya.shetty6@yahoo.com,DEP002,Assistant Manager,M.Sc,17.9,2021-11-24,Resigned,2025-02-22,200000,5.0
EMP03125,Ishaan Joshi,Male,1968-05-14,58,Single,Indore,Madhya Pradesh,8126181348,ishaan.joshi103@gmail.com,DEP012,General Manager,Diploma,0.8,2023-12-25,Active,,60000,3.0
EMP03126,Myra Menon,Other,1991-04-09,35,Divorced,Ahmedabad,Gujarat,9574089490,myra.menon218@gmail.com,DEP007,Senior Manager,B.Sc,24.8,2018-07-22,On Notice Period,,100000,4.0
EMP03127,Saanvi Mishra,Female,1982-03-26,44,Divorced,Jaipur,Rajasthan,8457696720,saanvi.mishra316@gmail.com,DEP005,Deputy General Manager,B.A.,24.2,2015-04-16,On Notice Period,,320000,1.0
EMP03128,Swati Verma,Other,1977-05-12,49,Divorced,Lucknow,Uttar Pradesh,6565746059,swati.verma895@outlook.com,DEP009,Senior Manager,B.Tech,23.8,2021-05-16,On Notice Period,,25000,3.0
EMP03129,Diya Menon,Female,2000-11-06,25,Single,Pune,Maharashtra,7032809956,diya.menon680@outlook.com,DEP009,Vice President,B.A.,18.4,2025-01-10,On Notice Period,,250000,3.0
EMP03130,Neha Chaudhary,Female,1968-08-05,58,Married,Chandigarh,Chandigarh,6486143149,neha.chaudhary678@yahoo.com,DEP008,Analyst,B.A.,11.6,2025-10-08,Active,,45000,2.0
EMP03131,Meera Rao,Female,1988-01-14,38,Divorced,Mumbai,Maharashtra,6811175507,meera.rao263@gmail.com,DEP012,Manager,M.Com,28.1,2022-01-26,Active,,80000,2.0
EMP03132,Shreya Shetty,Other,1989-02-08,37,Married,Indore,Madhya Pradesh,9025923034,shreya.shetty@yahoo.com,DEP009,Consultant,Diploma,12.9,2021-11-07,Terminated,2026-01-18,320000,5.0
EMP03133,Gaurav Joshi,Male,1978-04-27,48,Divorced,Ghaziabad,Uttar Pradesh,8390641884,gaurav.joshi363@yahoo.com,DEP003,Senior Analyst,M.Tech,26.1,2017-08-25,Active,,45000,2.0
EMP03134,Krishna Kapoor,Other,1971-02-23,55,Divorced,Indore,Madhya Pradesh,9354250550,krishna.kapoor639@rediffmail.com,DEP007,Team Lead,B.Sc,19.8,2015-07-10,Terminated,2019-08-25,250000,4.0
EMP03135,Pooja Kapoor,Female,1983-04-07,43,Divorced,Coimbatore,Tamil Nadu,7820137246,pooja.kapoor227@yahoo.com,DEP001,Associate,Diploma,27.3,2016-04-30,Active,,250000,4.0
EMP03136,Krishna Kumar,Male,1976-06-17,50,Single,Indore,Madhya Pradesh,8233242271,,DEP008,Analyst,MBA,24.3,2025-12-29,Active,,100000,5.0
EMP03137,Sanjay Chopra,Male,1998-03-03,28,Married,Lucknow,Uttar Pradesh,7880513119,sanjay.chopra926@rediffmail.com,DEP001,Intern,B.A.,16.6,2015-06-14,On Notice Period,,250000,2.0
EMP03138,Rahul Verma,Male,1994-06-20,32,Married,Jaipur,Rajasthan,9947381450,rahul.verma137@hotmail.com,DEP011,Team Lead,B.Com,3.3,2016-07-14,On Notice Period,,160000,2.0
EMP03139,Ajay Yadav,Male,1999-05-02,27,Divorced,Mumbai,Maharashtra,9814030228,ajay.yadav613@hotmail.com,DEP004,Intern,MBA,15.2,2026-03-29,Terminated,,250000,1.0
EMP03140,Isha Iyer,Other,1973-07-28,53,Single,Pune,Maharashtra,9191818413,isha.iyer885@yahoo.com,DEP006,Analyst,B.A.,28.7,2015-01-01,Terminated,2016-09-24,60000,4.0
EMP03141,Vihaan Desai,Other,1987-05-20,39,Single,Coimbatore,Tamil Nadu,6268558254,vihaan.desai278@gmail.com,DEP008,Intern,PhD,13.3,2025-01-28,Active,,25000,1.0
EMP03142,Ramesh Chaudhary,Male,1979-05-04,47,Single,Coimbatore,Tamil Nadu,7259886583,ramesh.chaudhary437@yahoo.com,DEP012,Senior Analyst,MBA,13.9,2019-06-08,Active,,25000,2.0
EMP03143,Shreya Chaudhary,Other,2001-11-24,24,Divorced,Jaipur,Rajasthan,9117538572,shreya.chaudhary539@hotmail.com,DEP002,Assistant Manager,M.Com,10.0,2016-06-05,Active,,25000,3.0
EMP03144,Sneha Reddy,Other,1983-07-23,43,Divorced,Jaipur,Rajasthan,6722298102,sneha.reddy786@outlook.com,DEP011,Analyst,B.A.,24.3,2026-03-14,Active,,45000,1.0
EMP03145,Nikhil Chopra,Male,1986-05-13,40,Divorced,Chennai,Tamil Nadu,6781702727,nikhil.chopra143@hotmail.com,DEP011,Associate,Diploma,11.1,2015-02-15,Resigned,2015-06-06,45000,1.0
EMP03146,Kritika Bansal,Female,1988-10-15,37,Married,Pune,Maharashtra,9631379301,kritika.bansal142@rediffmail.com,DEP006,Manager,Diploma,23.4,2017-01-21,Terminated,2020-07-01,80000,1.0
EMP03147,Pooja Yadav,Other,1975-07-02,51,Single,Chennai,Tamil Nadu,7568643296,pooja.yadav760@gmail.com,DEP002,Analyst,B.Sc,9.3,2015-02-14,Active,,60000,3.0
EMP03148,Pooja Shetty,Other,1996-10-17,29,Divorced,Mumbai,Maharashtra,6021291784,pooja.shetty819@gmail.com,DEP001,Analyst,B.Sc,,2025-12-29,Active,,250000,2.0
EMP03149,Ritu Yadav,Female,1969-01-13,57,Married,Jaipur,Rajasthan,6629679429,ritu.yadav784@gmail.com,DEP002,Executive,M.Com,15.0,2022-12-02,Resigned,2024-09-27,250000,1.0
EMP03150,Reyansh Kapoor,Male,1982-01-13,44,Divorced,Chandigarh,Chandigarh,8026991267,reyansh.kapoor188@yahoo.com,DEP009,Team Lead,PhD,1.4,2024-09-01,On Notice Period,,60000,3.0
EMP03151,Arjun Agarwal,Male,2004-01-28,22,Divorced,Kolkata,West Bengal,7240708657,arjun.agarwal415@yahoo.com,DEP004,Executive,M.Tech,6.3,2018-01-14,Active,,320000,1.0
EMP03152,Saurabh Mishra,Male,1970-04-08,56,Married,Coimbatore,Tamil Nadu,7070267696,saurabh.mishra809@yahoo.com,DEP011,General Manager,M.Com,3.6,2020-09-30,Active,,80000,4.0
EMP03153,nisha agarwal,Other,1997-01-16,29,Single,Surat,Gujarat,6519730071,nisha.agarwal665@gmail.com,DEP004,Intern,PhD,18.1,2015-01-26,Terminated,2020-11-12,320000,4.0
EMP03154,Swati Desai,Female,1977-09-26,48,Married,Coimbatore,Tamil Nadu,9696871536,swati.desai542@outlook.com,DEP005,Intern,M.Tech,5.6,2015-07-27,Active,,25000,3.0
EMP03155,Manish Mishra,Male,1980-10-19,45,Single,Nagpur,Maharashtra,8603394769,manish.mishra984@rediffmail.com,DEP004,Senior Manager,B.Tech,7.5,2023-02-09,On Notice Period,,130000,3.0
EMP03156,Ramesh Kapoor,Other,1967-01-10,59,Married,Chennai,Tamil Nadu,,ramesh.kapoor465@hotmail.com,DEP008,Vice President,M.Tech,28.5,2022-04-17,Active,,100000,1.0
EMP03157,Rahul Gupta,Other,1976-09-02,50,Single,Bengaluru,Karnataka,9612480385,rahul.gupta408@outlook.com,DEP007,Senior Analyst,B.Tech,21.0,2015-05-24,On Notice Period,,35000,3.0
EMP03158,Rohan Sharma,Male,1978-04-28,48,Married,Indore,Madhya Pradesh,7545336422,rohan.sharma667@gmail.com,DEP004,Associate,B.A.,18.6,2025-10-20,Active,,60000,1.0
EMP03159,Arjun Malhotra,Male,1982-02-17,44,Married,Lucknow,Uttar Pradesh,7721665239,arjun.malhotra438@yahoo.com,DEP011,Analyst,PhD,11.0,2022-07-31,Resigned,,25000,4.0
EMP03160,Reyansh Iyer,Male,1972-01-05,54,Divorced,Chandigarh,Chandigarh,6445618516,reyansh.iyer996@gmail.com,DEP010,Vice President,M.Sc,27.3,2025-02-12,On Notice Period,,25000,5.0
EMP03161,Myra Iyer,Female,1972-03-09,54,Single,Indore,Madhya Pradesh,,myra.iyer524@gmail.com,DEP009,Consultant,M.Tech,11.5,2025-07-19,Active,,160000,2.0
EMP03162,Aadhya Desai,Female,1992-01-01,34,Divorced,Mumbai,Maharashtra,7166808317,aadhya.desai982@rediffmail.com,DEP002,Assistant Manager,MBA,21.9,2018-04-24,Active,,80000,4.0
EMP03163,Arjun Rao,Male,1970-08-25,56,Single,Surat,Gujarat,8697806994,arjun.rao773@yahoo.com,DEP008,Team Lead,M.Tech,0.2,2026-06-01,Active,,320000,5.0
EMP03164,Ananya Pillai,Female,1982-04-05,44,Married,Ghaziabad,Uttar Pradesh,8176923998,ananya.pillai365@rediffmail.com,DEP002,Manager,M.Sc,19.7,2024-06-08,Terminated,,320000,5.0
EMP03165,Aman Malhotra,Male,1989-06-08,37,Single,Mumbai,Maharashtra,6062589941,aman.malhotra725@hotmail.com,DEP011,Manager,B.Tech,14.0,2023-06-12,Active,,130000,2.0
EMP03166,Sunita Singh,Other,1985-04-07,41,Married,Coimbatore,Tamil Nadu,7717532943,sunita.singh917@outlook.com,DEP011,Assistant Manager,Diploma,12.7,2022-09-11,Active,,100000,2.0
EMP03167,Myra Reddy,Female,1969-09-04,57,Married,Delhi,Delhi,7670054349,myra.reddy110@yahoo.com,DEP006,Senior Manager,M.Tech,1.7,2020-03-24,On Notice Period,,130000,3.0
EMP03168,Swati Nair,Female,1986-04-03,40,Divorced,Jaipur,Rajasthan,9872581360,swati.nair900@rediffmail.com,DEP011,Senior Manager,B.A.,21.6,2020-06-15,Resigned,2025-10-03,130000,5.0
EMP03169,Ajay Sharma,Male,1999-11-12,26,Single,Noida,Uttar Pradesh,9511828093,ajay.sharma112@gmail.com,DEP003,Vice President,M.Com,,2018-12-20,Active,,45000,4.0
EMP03170,Kritika Agarwal,Other,2005-01-27,21,Married,Indore,Madhya Pradesh,9507475129,kritika.agarwal801@hotmail.com,DEP002,Associate,MBA,6.1,2015-11-01,Active,,45000,4.0
EMP03171,Sunita Joshi,Other,1973-07-27,53,Divorced,Ghaziabad,Uttar Pradesh,6519375332,sunita.joshi227@gmail.com,DEP012,Senior Manager,B.A.,11.9,2018-05-25,Active,,80000,2.0
EMP03172,Sneha Gupta,Female,1990-07-01,36,Divorced,Hyderabad,Telangana,7116806370,sneha.gupta961@outlook.com,DEP003,Assistant Manager,MBA,9.2,2022-03-06,On Notice Period,,60000,3.0
EMP03173,Reyansh Singh,Male,1993-07-04,33,Divorced,Hyderabad,Telangana,7114679814,reyansh.singh212@hotmail.com,DEP006,Manager,B.Tech,13.5,2017-02-07,Resigned,2023-11-26,25000,5.0
EMP03174,Rekha Mishra,Female,2002-08-21,24,Divorced,Noida,Uttar Pradesh,9699174962,rekha.mishra154@yahoo.com,DEP001,Vice President,B.Sc,20.9,2019-12-02,Active,,130000,1.0
EMP03175,Diya Pillai,Female,1971-02-09,55,Single,Chandigarh,Chandigarh,8757419935,diya.pillai12@gmail.com,DEP006,Consultant,M.Com,4.4,2021-11-10,Resigned,,200000,3.0
EMP03176,Naveen Desai,Male,1985-06-27,41,Married,Surat,Gujarat,9368413110,naveen.desai36@outlook.com,DEP010,General Manager,MBA,16.8,2019-01-12,On Notice Period,,320000,5.0
EMP03177,Isha Ghosh,Other,1977-05-23,49,Single,Nagpur,Maharashtra,8927065513,isha.ghosh94@hotmail.com,DEP002,Deputy General Manager,M.Sc,3.9,2017-04-04,On Notice Period,,45000,1.0
EMP03178,Aman Pillai,Male,1982-02-15,44,Married,Mumbai,Maharashtra,9329354667,aman.pillai659@yahoo.com,DEP009,Senior Associate,Diploma,21.9,2016-03-29,Active,,80000,2.0
EMP03179,Meera Patel,Other,1993-10-24,32,Single,Noida,Uttar Pradesh,6681695119,meera.patel149@gmail.com,DEP003,Deputy General Manager,Diploma,29.9,2022-06-13,Active,,45000,2.0
EMP03180,Pooja Agarwal,Female,1970-05-08,56,Single,Lucknow,Uttar Pradesh,8968364599,pooja.agarwal126@rediffmail.com,DEP003,Assistant Manager,M.Com,0.1,2024-01-10,On Notice Period,,35000,1.0
EMP03181,Swati Rao,Female,1969-09-24,56,Divorced,Ghaziabad,Uttar Pradesh,,swati.rao429@yahoo.com,DEP003,Executive,MBA,26.0,2023-11-09,Active,,60000,5.0
EMP03182,Vivaan Ghosh,Male,1966-11-09,59,Married,Pune,Maharashtra,6152775985,vivaan.ghosh202@yahoo.com,DEP003,Intern,B.Tech,18.7,2021-05-08,On Notice Period,,25000,1.0
EMP03183,Neha Patel,Other,1975-03-16,51,Married,Pune,Maharashtra,6373443256,neha.patel50@gmail.com,DEP012,Assistant Manager,B.Sc,1.6,2019-06-21,Active,,80000,2.0
EMP03184,Vikram Agarwal,Male,1999-11-27,26,Married,Hyderabad,Telangana,7758213124,vikram.agarwal69@gmail.com,DEP001,Analyst,B.Sc,21.0,2015-03-13,Active,,60000,3.0
EMP03185,Divya Joshi,Other,1993-08-10,33,Divorced,Nagpur,Maharashtra,8381016751,divya.joshi357@hotmail.com,DEP006,Senior Manager,M.Tech,10.9,2018-07-20,Resigned,2018-11-16,200000,3.0
EMP03186,Ramesh Mishra,Male,1971-09-07,55,Single,Chennai,Tamil Nadu,7112137470,ramesh.mishra@hotmail.com,DEP004,Manager,M.Sc,23.2,2021-11-01,Resigned,,45000,1.0
EMP03187,Anjali Malhotra,Female,1996-11-20,29,Married,Delhi,Delhi,7580401799,anjali.malhotra575@outlook.com,DEP007,Senior Associate,M.Tech,6.3,2018-11-03,Resigned,2024-03-25,160000,3.0
EMP03188,Vikram Nair,Other,1967-05-18,59,Divorced,Chandigarh,Chandigarh,9690094872,vikram.nair430@rediffmail.com,DEP012,Executive,M.Tech,22.1,2022-01-25,On Notice Period,,320000,1.0
EMP03189,Sarika Bansal,Female,1986-09-02,40,Divorced,Lucknow,Uttar Pradesh,8320042471,sarika.bansal264@rediffmail.com,DEP001,Consultant,M.Tech,8.3,2019-05-17,Resigned,2025-10-27,25000,2.0
EMP03190,Gaurav Iyer,Other,1967-11-01,58,Married,Chandigarh,Chandigarh,6618107441,gaurav.iyer646@yahoo.com,DEP007,General Manager,B.Com,28.9,2018-10-24,Active,,60000,1.0
EMP03191,Gaurav Sharma,Other,1988-04-01,38,Single,Ahmedabad,Gujarat,9689388543,gaurav.sharma422@rediffmail.com,DEP010,General Manager,PhD,22.3,2017-10-03,Active,,200000,2.0
EMP03192,Kavya Patel,Female,1975-02-17,51,Single,Hyderabad,Telangana,7929407852,kavya.patel508@outlook.com,DEP011,Intern,B.Tech,3.8,2024-12-24,Active,,60000,1.0
EMP03193,Vihaan Chaudhary,Male,1975-03-02,51,Married,Chandigarh,Chandigarh,9454189880,vihaan.chaudhary637@outlook.com,DEP012,Deputy General Manager,M.Com,4.2,2024-05-30,Active,,250000,4.0
EMP03194,Karan Nair,Male,1982-01-22,44,Married,Jaipur,Rajasthan,8964321245,karan.nair539@outlook.com,DEP011,Manager,M.Tech,10.6,2021-07-03,Active,,35000,5.0
EMP03195,RIYA PILLAI,Other,1992-04-05,34,Married,Hyderabad,Telangana,8863513795,riya.pillai681@gmail.com,DEP002,Manager,PhD,5.5,2024-06-06,Terminated,,320000,1.0
EMP03196,Kritika Iyer,Other,1992-01-23,34,Divorced,Hyderabad,Telangana,7467562525,kritika.iyer@hotmail.com,DEP011,Senior Analyst,PhD,14.7,2017-12-19,Terminated,2022-11-15,25000,4.0
EMP03197,Priya Patel,Female,1972-09-18,53,Single,Surat,Gujarat,8348655048,priya.patel20@outlook.com,DEP006,Senior Associate,Diploma,21.3,2024-03-29,Active,,35000,2.0
EMP03198,Rahul Gupta,Male,2000-10-27,25,Married,Chandigarh,Chandigarh,7871952233,,DEP010,Manager,M.Com,20.7,2019-05-05,On Notice Period,,45000,4.0
EMP03199,Rohan Iyer,Other,1999-09-03,27,Divorced,Kolkata,West Bengal,8118299749,rohan.iyer953@yahoo.com,DEP010,General Manager,M.Sc,10.6,2021-09-11,Resigned,2022-10-14,130000,5.0
EMP03200,Rohan Verma,Male,1982-10-11,43,Married,Noida,Uttar Pradesh,8507478521,,DEP011,General Manager,Diploma,6.4,2020-03-13,Resigned,2021-07-31,100000,5.0
