leave_id,employee_id,leave_type,start_date,end_date,days_taken,status
LV00001,EMP02166,Sick Leave,2026-04-29,2026-05-06,7,Rejected
LV00002,EMP02394,Maternity Leave,2025-12-17,2025-12-20,3,Pending
LV00003,EMP00868,Casual Leave,2026-04-20,2026-04-26,6,Rejected
LV00004,EMP01611,Unpaid Leave,2026-05-22,2026-05-24,2,Pending
LV00005,EMP00862,Maternity Leave,2025-03-24,2025-03-26,2,Rejected
LV00006,EMP01015,Sick Leave,2026-04-17,2026-04-25,8,Rejected
LV00007,EMP00498,Earned Leave,2025-10-17,2025-10-24,7,Pending
LV00008,EMP00526,Maternity Leave,2025-10-29,2025-11-06,8,Approved
LV00009,EMP01932,Paternity Leave,2026-06-30,2026-07-01,1,Pending
LV00010,EMP02599,Casual Leave,2025-09-14,2025-09-18,4,Pending
LV00011,EMP01061,Earned Leave,2026-05-16,2026-05-24,8,Rejected
LV00012,EMP00888,Maternity Leave,2026-01-04,2026-01-09,5,Pending
LV00013,EMP01260,Earned Leave,2025-05-17,2025-05-23,6,Pending
LV00014,EMP00345,Unpaid Leave,2025-02-27,2025-03-04,5,Approved
LV00015,EMP02320,Earned Leave,2026-04-25,2026-05-05,10,Rejected
LV00016,EMP00317,Sick Leave,2025-10-02,2025-10-12,10,Rejected
LV00017,EMP00801,Earned Leave,2025-01-01,2025-01-08,7,Approved
LV00018,EMP01324,Paternity Leave,2026-03-01,2026-03-05,4,Pending
LV00019,EMP01165,Maternity Leave,2025-04-21,2025-04-24,3,Approved
LV00020,EMP01123,Unpaid Leave,2026-07-12,2026-07-20,8,Pending
LV00021,EMP00158,Earned Leave,2025-11-26,2025-12-01,5,Approved
LV00022,EMP02106,Casual Leave,2025-10-06,2025-10-15,9,Rejected
LV00023,EMP00578,Sick Leave,2025-06-06,2025-06-13,7,Approved
LV00024,EMP02671,Paternity Leave,2026-04-07,2026-04-15,8,Approved
LV00025,EMP02391,Maternity Leave,2026-05-25,2026-05-31,6,Approved
LV00026,EMP00537,Earned Leave,2025-02-27,2025-03-07,8,Approved
LV00027,EMP02322,Casual Leave,2025-12-14,2025-12-16,2,Approved
LV00028,EMP01947,Casual Leave,2025-12-23,2025-12-31,8,Pending
LV00029,EMP00290,Unpaid Leave,2026-03-03,2026-03-08,5,Pending
LV00030,EMP01348,Sick Leave,2025-03-23,2025-03-30,7,Approved
LV00031,EMP01917,Casual Leave,2026-03-30,2026-03-31,1,Pending
LV00032,EMP00698,Paternity Leave,2025-04-13,2025-04-22,9,Rejected
LV00033,EMP00043,Maternity Leave,2025-07-22,2025-07-28,6,Approved
LV00034,EMP02481,Casual Leave,2026-02-15,2026-02-19,4,Approved
LV00035,EMP02064,Unpaid Leave,2025-07-13,2025-07-16,3,Approved
LV00036,EMP00025,Sick Leave,2025-06-05,2025-06-15,10,Approved
LV00037,EMP02223,Earned Leave,2025-02-19,2025-02-26,7,Pending
LV00038,EMP03191,Casual Leave,2026-01-23,2026-01-29,6,Pending
LV00039,EMP00221,Sick Leave,2026-02-27,2026-03-07,8,Approved
LV00040,EMP01696,Earned Leave,2025-11-29,2025-12-06,7,Rejected
LV00041,EMP00824,Paternity Leave,2026-03-12,2026-03-19,7,Rejected
LV00042,EMP01040,Casual Leave,2025-11-27,2025-11-29,2,Rejected
LV00043,EMP01397,Earned Leave,2025-03-03,2025-03-05,2,Approved
LV00044,EMP01572,Maternity Leave,2025-08-14,2025-08-21,7,Approved
LV00045,EMP02655,Paternity Leave,2025-11-12,2025-11-17,5,Rejected
LV00046,EMP03183,Unpaid Leave,2025-08-22,2025-08-31,9,Approved
LV00047,EMP01731,Paternity Leave,2026-05-16,2026-05-20,4,Approved
LV00048,EMP01169,Sick Leave,2025-07-13,2025-07-20,7,Approved
LV00049,EMP00021,Paternity Leave,2025-09-16,2025-09-19,3,Rejected
LV00050,EMP01884,Earned Leave,2026-02-09,2026-02-18,9,Rejected
LV00051,EMP03006,Sick Leave,2025-02-03,2025-02-04,1,Rejected
LV00052,EMP02832,Unpaid Leave,2025-12-28,2026-01-01,4,Rejected
LV00053,EMP02946,Casual Leave,2025-07-18,2025-07-24,6,Rejected
LV00054,EMP00809,Earned Leave,2025-06-16,2025-06-18,2,Approved
LV00055,EMP00328,Unpaid Leave,2025-01-01,2025-01-07,6,Approved
LV00056,EMP01686,Casual Leave,2025-04-10,2025-04-11,1,Pending
LV00057,EMP00620,Earned Leave,2025-12-28,2026-01-06,9,Approved
LV00058,EMP03105,Maternity Leave,2025-02-08,2025-02-17,9,Rejected
LV00059,EMP02115,Sick Leave,2025-05-25,2025-05-26,1,Approved
LV00060,EMP00909,Casual Leave,2025-02-24,2025-03-05,9,Pending
LV00061,EMP01768,Unpaid Leave,2026-05-01,2026-05-02,1,Approved
LV00062,EMP01902,Maternity Leave,2025-03-25,2025-03-30,5,Pending
LV00063,EMP00661,Earned Leave,2025-08-10,2025-08-16,6,Approved
LV00064,EMP02856,Paternity Leave,2026-01-09,2026-01-12,3,Pending
LV00065,EMP01559,Earned Leave,2025-10-26,2025-11-03,8,Approved
LV00066,EMP03107,Earned Leave,2025-07-07,2025-07-17,10,Pending
LV00067,EMP00192,Maternity Leave,2025-12-10,2025-12-14,4,Rejected
LV00068,EMP02867,Unpaid Leave,2025-06-04,2025-06-11,7,Rejected
LV00069,EMP00294,Casual Leave,2025-01-19,2025-01-28,9,Rejected
LV00070,EMP03100,Casual Leave,2026-03-17,2026-03-24,7,Pending
LV00071,EMP02052,Unpaid Leave,2025-08-29,2025-09-05,7,Approved
LV00072,EMP00101,Maternity Leave,2025-11-13,2025-11-17,4,Approved
LV00073,EMP01828,Paternity Leave,2026-06-24,2026-06-27,3,Approved
LV00074,EMP00562,Unpaid Leave,2025-02-18,2025-02-21,3,Approved
LV00075,EMP01810,Paternity Leave,2025-01-06,2025-01-16,10,Approved
LV00076,EMP00238,Unpaid Leave,2025-07-22,2025-07-31,9,Approved
LV00077,EMP02534,Unpaid Leave,2026-02-21,2026-02-22,1,Pending
LV00078,EMP00457,Unpaid Leave,2025-01-21,2025-01-28,7,Pending
LV00079,EMP00557,Unpaid Leave,2026-02-23,2026-02-26,3,Approved
LV00080,EMP01085,Sick Leave,2025-02-07,2025-02-17,10,Approved
LV00081,EMP01794,Paternity Leave,2026-03-07,2026-03-08,1,Pending
LV00082,EMP01135,Earned Leave,2025-12-11,2025-12-21,10,Rejected
LV00083,EMP01777,Paternity Leave,2025-06-29,2025-07-04,5,Approved
LV00084,EMP02686,Sick Leave,2025-10-08,2025-10-15,7,Approved
LV00085,EMP02195,Casual Leave,2025-03-01,2025-03-04,3,Rejected
LV00086,EMP01920,Unpaid Leave,2025-07-08,2025-07-16,8,Pending
LV00087,EMP01543,Unpaid Leave,2026-07-09,2026-07-18,9,Approved
LV00088,EMP00974,Maternity Leave,2025-02-07,2025-02-11,4,Approved
LV00089,EMP02747,Earned Leave,2025-06-08,2025-06-18,10,Approved
LV00090,EMP02411,Sick Leave,2026-03-22,2026-04-01,10,Pending
LV00091,EMP01271,Unpaid Leave,2025-06-21,2025-06-24,3,Pending
LV00092,EMP00454,Paternity Leave,2025-08-04,2025-08-05,1,Approved
LV00093,EMP96501,Paternity Leave,2025-06-23,2025-06-26,3,Rejected
LV00094,EMP02977,Earned Leave,2026-02-22,2026-03-03,9,Pending
LV00095,EMP00686,Casual Leave,2025-01-07,2025-01-09,2,Rejected
LV00096,EMP00004,Casual Leave,2025-04-19,2025-04-27,8,Rejected
LV00097,EMP02984,Maternity Leave,2026-01-01,2026-01-06,5,Pending
LV00098,EMP00911,Sick Leave,2026-03-05,2026-03-08,3,Pending
LV00099,EMP02174,Paternity Leave,2025-10-14,2025-10-20,6,Rejected
LV00100,EMP01121,Unpaid Leave,2026-02-16,2026-02-17,1,Pending
LV00101,EMP02674,Earned Leave,2026-06-28,2026-07-04,6,Rejected
LV00102,EMP03181,Earned Leave,2025-10-08,2025-10-17,9,Rejected
LV00103,EMP00135,Casual Leave,2026-05-05,2026-05-15,10,Approved
LV00104,EMP02227,Paternity Leave,2026-01-08,2026-01-11,3,Approved
LV00105,EMP00737,Sick Leave,2026-05-21,2026-05-24,3,Rejected
LV00106,EMP00405,Casual Leave,2025-06-06,2025-06-12,6,Rejected
LV00107,EMP01309,Casual Leave,2026-07-08,2026-07-18,10,Pending
LV00108,EMP00258,Casual Leave,2026-01-15,2026-01-25,10,Approved
LV00109,EMP00463,Maternity Leave,2025-03-09,2025-03-14,5,Pending
LV00110,EMP00599,Maternity Leave,2025-07-15,2025-07-24,9,Approved
LV00111,EMP00397,Casual Leave,2026-02-14,2026-02-22,8,Approved
LV00112,EMP02589,Earned Leave,2026-03-20,2026-03-30,10,Rejected
LV00113,EMP02547,Paternity Leave,2025-07-31,2025-08-09,9,Rejected
LV00114,EMP01780,Paternity Leave,2025-01-02,2025-01-10,8,Pending
LV00115,EMP00933,Unpaid Leave,2026-02-13,2026-02-22,9,Pending
LV00116,EMP01549,Sick Leave,2025-01-11,2025-01-19,8,Rejected
LV00117,EMP01471,Unpaid Leave,2025-09-11,2025-09-18,7,Approved
LV00118,EMP02660,Unpaid Leave,2026-05-10,2026-05-13,3,Approved
LV00119,EMP01057,Paternity Leave,2025-06-09,2025-06-14,5,Rejected
LV00120,EMP00594,Earned Leave,2025-08-29,2025-09-02,4,Rejected
LV00121,EMP02462,Unpaid Leave,2025-09-01,2025-09-05,4,Approved
LV00122,EMP01745,Maternity Leave,2025-02-26,2025-03-08,10,Rejected
LV00123,EMP02816,Maternity Leave,2026-04-11,2026-04-16,5,Rejected
LV00124,EMP02950,Paternity Leave,2026-02-26,2026-03-07,9,Rejected
LV00125,EMP00082,Unpaid Leave,2026-02-08,2026-02-12,4,Rejected
LV00126,EMP00827,Casual Leave,2026-01-14,2026-01-20,6,Pending
LV00127,EMP03124,Earned Leave,2025-09-18,2025-09-26,8,Pending
LV00128,EMP02597,Maternity Leave,2025-05-11,2025-05-20,9,Approved
LV00129,EMP02014,Earned Leave,2026-03-22,2026-03-28,6,Approved
LV00130,EMP02567,Sick Leave,2025-11-01,2025-11-02,1,Approved
LV00131,EMP02686,Maternity Leave,2026-04-08,2026-04-16,8,Pending
LV00132,EMP01561,Unpaid Leave,2025-08-11,2025-08-15,4,Approved
LV00133,EMP00673,Maternity Leave,2026-06-28,2026-07-07,9,Rejected
LV00134,EMP01479,Unpaid Leave,2025-12-22,2025-12-24,2,Rejected
LV00135,EMP00102,Maternity Leave,2025-11-02,2025-11-05,3,Pending
LV00136,EMP01849,Paternity Leave,2025-01-19,2025-01-22,3,Approved
LV00137,EMP92479,Paternity Leave,2025-09-20,2025-09-29,9,Approved
LV00138,EMP02646,Paternity Leave,2026-05-31,2026-06-08,8,Rejected
LV00139,EMP03010,Casual Leave,2026-06-20,2026-06-24,4,Rejected
LV00140,EMP00874,Paternity Leave,2025-06-01,2025-06-05,4,Rejected
LV00141,EMP02673,Unpaid Leave,2026-02-22,2026-03-01,7,Rejected
LV00142,EMP01923,Earned Leave,2025-12-27,2026-01-03,7,Approved
LV00143,EMP02908,Casual Leave,2025-10-15,2025-10-18,3,Rejected
LV00144,EMP00072,Sick Leave,2026-03-14,2026-03-15,1,Approved
LV00145,EMP02928,Unpaid Leave,2026-03-10,2026-03-16,6,Approved
LV00146,EMP00768,Earned Leave,2025-09-27,2025-10-02,5,Pending
LV00147,EMP01099,Sick Leave,2025-08-11,2025-08-20,9,Approved
LV00148,EMP02376,Casual Leave,2025-03-10,2025-03-16,6,Pending
LV00149,EMP01519,Maternity Leave,2025-11-22,2025-12-01,9,Approved
LV00150,EMP00006,Casual Leave,2025-10-23,2025-10-25,2,Pending
LV00151,EMP02336,Casual Leave,2026-04-29,2026-05-07,8,Pending
LV00152,EMP02996,Earned Leave,2025-05-27,2025-05-31,4,Approved
LV00153,EMP01450,Sick Leave,2025-01-11,2025-01-13,2,Pending
LV00154,EMP01398,Casual Leave,2025-07-07,2025-07-11,4,Pending
LV00155,EMP01206,Casual Leave,2025-02-12,2025-02-14,2,Rejected
LV00156,EMP00236,Casual Leave,2025-03-22,2025-04-01,10,Rejected
LV00157,EMP02695,Unpaid Leave,2026-05-21,2026-05-25,4,Pending
LV00158,EMP00501,Paternity Leave,2025-03-25,2025-04-04,10,Rejected
LV00159,EMP01462,Maternity Leave,2025-09-24,2025-09-28,4,Pending
LV00160,EMP01212,Unpaid Leave,2026-01-06,2026-01-14,8,Pending
LV00161,EMP00302,Maternity Leave,2025-10-15,2025-10-23,8,Pending
LV00162,EMP00117,Paternity Leave,2025-02-14,2025-02-19,5,Approved
LV00163,EMP00996,Unpaid Leave,2025-12-16,2025-12-19,3,Approved
LV00164,EMP03102,Maternity Leave,2025-06-01,2025-06-07,6,Rejected
LV00165,EMP02734,Maternity Leave,2026-05-09,2026-05-11,2,Rejected
LV00166,EMP02494,Maternity Leave,2025-09-27,2025-10-05,8,Approved
LV00167,EMP00666,Paternity Leave,2026-05-20,2026-05-24,4,Rejected
LV00168,EMP01194,Unpaid Leave,2025-02-17,2025-02-22,5,Pending
LV00169,EMP02389,Unpaid Leave,2025-06-12,2025-06-20,8,Pending
LV00170,EMP02090,Sick Leave,2025-02-11,2025-02-19,8,Approved
LV00171,EMP02867,Unpaid Leave,2025-02-13,2025-02-18,5,Approved
LV00172,EMP01626,Sick Leave,2026-07-13,2026-07-19,6,Rejected
LV00173,EMP02334,Unpaid Leave,2025-12-11,2025-12-15,4,Approved
LV00174,EMP00914,Sick Leave,2026-07-13,2026-07-23,10,Approved
LV00175,EMP01400,Sick Leave,2025-09-27,2025-10-07,10,Pending
LV00176,EMP00013,Unpaid Leave,2025-08-04,2025-08-14,10,Approved
LV00177,EMP02957,Earned Leave,2026-05-12,2026-05-14,2,Approved
LV00178,EMP00006,Sick Leave,2026-05-23,2026-06-01,9,Pending
LV00179,EMP00292,Unpaid Leave,2025-02-03,2025-02-07,4,Pending
LV00180,EMP02259,Casual Leave,2026-01-19,2026-01-20,1,Approved
LV00181,EMP00290,Sick Leave,2025-11-27,2025-12-03,6,Pending
LV00182,EMP01403,Maternity Leave,2025-04-11,2025-04-21,10,Approved
LV00183,EMP00638,Maternity Leave,2025-05-12,2025-05-17,5,Pending
LV00184,EMP02467,Earned Leave,2026-01-04,2026-01-11,7,Approved
LV00185,EMP01003,Casual Leave,2025-05-26,2025-05-28,2,Rejected
LV00186,EMP00291,Paternity Leave,2025-04-03,2025-04-07,4,Rejected
LV00187,EMP02418,Casual Leave,2025-03-08,2025-03-13,5,Rejected
LV00188,EMP02577,Earned Leave,2025-02-26,2025-03-01,3,Pending
LV00189,EMP02598,Casual Leave,2026-01-12,2026-01-22,10,Pending
LV00190,EMP01882,Maternity Leave,2025-10-25,2025-10-26,1,Approved
LV00191,EMP01377,Maternity Leave,2025-08-31,2025-09-06,6,Rejected
LV00192,EMP00921,Sick Leave,2026-06-13,2026-06-15,2,Pending
LV00193,EMP00066,Paternity Leave,2026-02-02,2026-02-05,3,Approved
LV00194,EMP03055,Maternity Leave,2026-01-08,2026-01-16,8,Approved
LV00195,EMP00862,Casual Leave,2026-05-28,2026-06-06,9,Rejected
LV00196,EMP01923,Paternity Leave,2025-09-11,2025-09-16,5,Approved
LV00197,EMP00313,Unpaid Leave,2025-09-03,2025-09-06,3,Rejected
LV00198,EMP00828,Maternity Leave,2026-06-05,2026-06-14,9,Approved
LV00199,EMP02527,Unpaid Leave,2025-12-30,2026-01-04,5,Approved
LV00200,EMP00390,Maternity Leave,2025-06-04,2025-06-06,2,Rejected
LV00201,EMP02904,Earned Leave,2026-06-01,2026-06-05,4,Pending
LV00202,EMP93124,Maternity Leave,2025-07-22,2025-07-28,6,Pending
LV00203,EMP02738,Earned Leave,2025-03-27,2025-03-31,4,Rejected
LV00204,EMP02506,Maternity Leave,2026-03-01,2026-03-11,10,Approved
LV00205,EMP00835,Earned Leave,2025-12-01,2025-12-05,4,Approved
LV00206,EMP01581,Casual Leave,2025-12-16,2025-12-25,9,Rejected
LV00207,EMP00825,Earned Leave,2025-08-24,2025-08-27,3,Approved
LV00208,EMP00230,Paternity Leave,2025-05-28,2025-06-06,9,Approved
LV00209,EMP02825,Maternity Leave,2025-04-10,2025-04-20,10,Pending
LV00210,EMP98839,Casual Leave,2026-02-16,2026-02-24,8,Pending
LV00211,EMP03109,Maternity Leave,2025-08-20,2025-08-27,7,Rejected
LV00212,EMP01310,Paternity Leave,2026-05-28,2026-06-07,10,Approved
LV00213,EMP00039,Unpaid Leave,2025-05-19,2025-05-20,1,Approved
LV00214,EMP00030,Sick Leave,2026-05-27,2026-05-30,3,Approved
LV00215,EMP02191,Casual Leave,2025-08-29,2025-09-06,8,Pending
LV00216,EMP00345,Paternity Leave,2026-01-23,2026-01-30,7,Rejected
LV00217,EMP00063,Casual Leave,2025-12-27,2026-01-06,10,Pending
LV00218,EMP00457,Sick Leave,2025-10-21,2025-10-27,6,Rejected
LV00219,EMP00086,Casual Leave,2025-03-04,2025-03-06,2,Rejected
LV00220,EMP01556,Unpaid Leave,2026-04-06,2026-04-08,2,Approved
LV00221,EMP01863,Sick Leave,2025-06-19,2025-06-25,6,Rejected
LV00222,EMP02681,Unpaid Leave,2026-07-01,2026-07-03,2,Approved
LV00223,EMP02295,Sick Leave,2026-03-01,2026-03-06,5,Approved
LV00224,EMP00106,Sick Leave,2025-07-07,2025-07-15,8,Pending
LV00225,EMP00041,Paternity Leave,2026-05-28,2026-06-03,6,Rejected
LV00226,EMP02481,Casual Leave,2026-07-03,2026-07-09,6,Rejected
LV00227,EMP03039,Maternity Leave,2026-05-14,2026-05-20,6,Pending
LV00228,EMP00216,Unpaid Leave,2025-10-02,2025-10-05,3,Approved
LV00229,EMP01172,Earned Leave,2025-05-28,2025-06-03,6,Approved
LV00230,EMP02824,Casual Leave,2026-02-08,2026-02-15,7,Pending
LV00231,EMP01882,Paternity Leave,2026-06-13,2026-06-21,8,Rejected
LV00232,EMP00275,Earned Leave,2025-11-22,2025-11-23,1,Pending
LV00233,EMP01176,Earned Leave,2025-03-28,2025-04-06,9,Pending
LV00234,EMP00413,Unpaid Leave,2025-06-12,2025-06-16,4,Approved
LV00235,EMP02627,Paternity Leave,2025-10-15,2025-10-19,4,Approved
LV00236,EMP02439,Maternity Leave,2026-04-19,2026-04-23,4,Pending
LV00237,EMP00208,Earned Leave,2026-06-18,2026-06-24,6,Approved
LV00238,EMP02228,Maternity Leave,2025-09-02,2025-09-10,8,Rejected
LV00239,EMP00908,Unpaid Leave,2025-11-09,2025-11-12,3,Approved
LV00240,EMP00523,Casual Leave,2026-04-28,2026-04-29,1,Pending
LV00241,EMP00525,Paternity Leave,2025-03-10,2025-03-18,8,Approved
LV00242,EMP97737,Maternity Leave,2025-12-16,2025-12-22,6,Rejected
LV00243,EMP00617,Sick Leave,2025-06-11,2025-06-15,4,Approved
LV00244,EMP01541,Sick Leave,2025-05-02,2025-05-09,7,Rejected
LV00245,EMP02620,Paternity Leave,2025-01-27,2025-01-31,4,Rejected
LV00246,EMP02574,Maternity Leave,2025-08-19,2025-08-23,4,Pending
LV00247,EMP00599,Earned Leave,2025-09-27,2025-09-28,1,Rejected
LV00248,EMP01555,Paternity Leave,2026-05-09,2026-05-13,4,Approved
LV00249,EMP01184,Earned Leave,2025-01-05,2025-01-07,2,Rejected
LV00250,EMP01934,Casual Leave,2026-01-25,2026-02-02,8,Pending
LV00251,EMP00570,Casual Leave,2025-10-07,2025-10-08,1,Approved
LV00252,EMP01023,Maternity Leave,2025-07-26,2025-07-31,5,Rejected
LV00253,EMP01259,Earned Leave,2025-07-15,2025-07-23,8,Rejected
LV00254,EMP01858,Sick Leave,2026-06-03,2026-06-09,6,Approved
LV00255,EMP02511,Maternity Leave,2025-11-30,2025-12-01,1,Approved
LV00256,EMP00186,Maternity Leave,2025-05-01,2025-05-07,6,Rejected
LV00257,EMP00009,Earned Leave,2025-09-15,2025-09-21,6,Rejected
LV00258,EMP02837,Unpaid Leave,2026-01-01,2026-01-09,8,Approved
LV00259,EMP01451,Maternity Leave,2025-07-02,2025-07-10,8,Approved
LV00260,EMP00161,Sick Leave,2025-12-14,2025-12-19,5,Approved
LV00261,EMP00987,Sick Leave,2025-08-06,2025-08-15,9,Rejected
LV00262,EMP01185,Paternity Leave,2026-05-11,2026-05-13,2,Pending
LV00263,EMP01646,Casual Leave,2025-09-24,2025-10-03,9,Pending
LV00264,EMP01820,Sick Leave,2025-08-29,2025-09-03,5,Approved
LV00265,EMP00078,Paternity Leave,2025-02-04,2025-02-13,9,Pending
LV00266,EMP01828,Earned Leave,2025-07-21,2025-07-23,2,Rejected
LV00267,EMP01707,Casual Leave,2026-02-27,2026-03-04,5,Pending
LV00268,EMP02844,Unpaid Leave,2025-11-01,2025-11-02,1,Approved
LV00269,EMP95551,Paternity Leave,2025-09-17,2025-09-20,3,Approved
LV00270,EMP00968,Unpaid Leave,2025-09-16,2025-09-23,7,Approved
LV00271,EMP02211,Casual Leave,2025-08-12,2025-08-13,1,Rejected
LV00272,EMP00140,Paternity Leave,2025-07-05,2025-07-09,4,Pending
LV00273,EMP00682,Maternity Leave,2025-02-02,2025-02-03,1,Approved
LV00274,EMP02705,Earned Leave,2025-10-20,2025-10-27,7,Approved
LV00275,EMP03190,Unpaid Leave,2026-04-06,2026-04-10,4,Rejected
LV00276,EMP03152,Maternity Leave,2026-01-17,2026-01-19,2,Approved
LV00277,EMP02776,Sick Leave,2025-02-14,2025-02-19,5,Rejected
LV00278,EMP02544,Maternity Leave,2025-03-13,2025-03-14,1,Approved
LV00279,EMP02855,Unpaid Leave,2026-07-07,2026-07-09,2,Rejected
LV00280,EMP02404,Unpaid Leave,2026-06-26,2026-06-30,4,Rejected
LV00281,EMP02556,Paternity Leave,2026-02-17,2026-02-18,1,Pending
LV00282,EMP00481,Earned Leave,2025-01-18,2025-01-23,5,Rejected
LV00283,EMP01510,Earned Leave,2025-06-08,2025-06-12,4,Approved
LV00284,EMP00816,Sick Leave,2025-04-17,2025-04-22,5,Pending
LV00285,EMP01325,Maternity Leave,2025-02-09,2025-02-14,5,Approved
LV00286,EMP02407,Unpaid Leave,2025-02-10,2025-02-19,9,Pending
LV00287,EMP97614,Paternity Leave,2026-04-27,2026-05-05,8,Pending
LV00288,EMP01699,Unpaid Leave,2026-01-30,2026-02-09,10,Approved
LV00289,EMP01489,Sick Leave,2025-05-28,2025-05-31,3,Pending
LV00290,EMP00344,Paternity Leave,2026-03-31,2026-04-03,3,Rejected
LV00291,EMP02813,Earned Leave,2026-02-04,2026-02-08,4,Pending
LV00292,EMP03113,Maternity Leave,2026-03-20,2026-03-22,2,Rejected
LV00293,EMP01625,Casual Leave,2026-05-05,2026-05-07,2,Rejected
LV00294,EMP02316,Maternity Leave,2025-06-10,2025-06-11,1,Pending
LV00295,EMP00734,Maternity Leave,2025-08-24,2025-08-31,7,Pending
LV00296,EMP01724,Maternity Leave,2025-11-21,2025-11-28,7,Approved
LV00297,EMP00555,Maternity Leave,2025-05-14,2025-05-21,7,Approved
LV00298,EMP02213,Maternity Leave,2026-04-19,2026-04-23,4,Approved
LV00299,EMP02273,Earned Leave,2025-10-20,2025-10-22,2,Approved
LV00300,EMP00571,Unpaid Leave,2026-01-15,2026-01-18,3,Rejected
LV00301,EMP01925,Unpaid Leave,2025-03-29,2025-04-07,9,Rejected
LV00302,EMP00007,Casual Leave,2025-04-29,2025-05-05,6,Rejected
LV00303,EMP01209,Maternity Leave,2026-04-30,2026-05-06,6,Pending
LV00304,EMP01515,Sick Leave,2026-04-29,2026-05-06,7,Rejected
LV00305,EMP01556,Maternity Leave,2025-12-16,2025-12-23,7,Pending
LV00306,EMP01677,Unpaid Leave,2025-06-19,2025-06-29,10,Rejected
LV00307,EMP03136,Unpaid Leave,2026-04-22,2026-04-25,3,Rejected
LV00308,EMP01081,Maternity Leave,2025-01-04,2025-01-08,4,Approved
LV00309,EMP00344,Casual Leave,2025-12-11,2025-12-14,3,Approved
LV00310,EMP02038,Paternity Leave,2026-05-21,2026-05-30,9,Rejected
LV00311,EMP00153,Earned Leave,2025-04-25,2025-05-04,9,Approved
LV00312,EMP01484,Casual Leave,2025-06-23,2025-06-24,1,Approved
LV00313,EMP02624,Sick Leave,2025-05-27,2025-06-04,8,Rejected
LV00314,EMP02771,Casual Leave,2025-07-24,2025-07-28,4,Rejected
LV00315,EMP01606,Paternity Leave,2025-10-13,2025-10-16,3,Approved
LV00316,EMP00034,Casual Leave,2026-03-10,2026-03-20,10,Pending
LV00317,EMP01440,Sick Leave,2025-12-19,2025-12-22,3,Pending
LV00318,EMP00916,Sick Leave,2025-04-19,2025-04-21,2,Pending
LV00319,EMP01862,Paternity Leave,2026-01-09,2026-01-19,10,Pending
LV00320,EMP02624,Maternity Leave,2026-04-01,2026-04-06,5,Approved
LV00321,EMP90571,Maternity Leave,2026-04-04,2026-04-05,1,Rejected
LV00322,EMP00700,Earned Leave,2026-05-07,2026-05-17,10,Rejected
LV00323,EMP01726,Maternity Leave,2026-02-09,2026-02-10,1,Approved
LV00324,EMP00578,Unpaid Leave,2026-01-08,2026-01-16,8,Rejected
LV00325,EMP00347,Sick Leave,2025-06-25,2025-06-27,2,Pending
LV00326,EMP01484,Paternity Leave,2026-03-24,2026-03-28,4,Rejected
LV00327,EMP00904,Casual Leave,2025-04-04,2025-04-08,4,Pending
LV00328,EMP01485,Paternity Leave,2026-03-02,2026-03-03,1,Approved
LV00329,EMP01090,Paternity Leave,2025-08-11,2025-08-12,1,Approved
LV00330,EMP02997,Casual Leave,2025-03-30,2025-04-06,7,Approved
LV00331,EMP01728,Sick Leave,2025-05-25,2025-06-02,8,Pending
LV00332,EMP00504,Maternity Leave,2025-12-07,2025-12-12,5,Approved
LV00333,EMP02224,Casual Leave,2025-09-22,2025-09-23,1,Rejected
LV00334,EMP02719,Maternity Leave,2026-06-07,2026-06-16,9,Pending
LV00335,EMP02994,Earned Leave,2025-06-19,2025-06-22,3,Rejected
LV00336,EMP01375,Paternity Leave,2025-11-27,2025-12-06,9,Rejected
LV00337,EMP02624,Unpaid Leave,2025-09-14,2025-09-24,10,Approved
LV00338,EMP01186,Maternity Leave,2025-11-10,2025-11-16,6,Pending
LV00339,EMP01870,Earned Leave,2026-04-22,2026-04-24,2,Approved
LV00340,EMP01849,Sick Leave,2026-03-10,2026-03-13,3,Approved
LV00341,EMP00352,Sick Leave,2026-05-18,2026-05-20,2,Approved
LV00342,EMP02209,Earned Leave,2025-12-01,2025-12-07,6,Approved
LV00343,EMP00906,Unpaid Leave,2026-03-22,2026-03-23,1,Rejected
LV00344,EMP01068,Paternity Leave,2026-07-03,2026-07-08,5,Rejected
LV00345,EMP01827,Earned Leave,2026-06-11,2026-06-21,10,Pending
LV00346,EMP00516,Unpaid Leave,2026-02-24,2026-03-06,10,Pending
LV00347,EMP00560,Casual Leave,2025-02-22,2025-03-03,9,Rejected
LV00348,EMP00372,Unpaid Leave,2025-11-11,2025-11-18,7,Approved
LV00349,EMP01393,Maternity Leave,2026-06-29,2026-07-01,2,Rejected
LV00350,EMP02147,Unpaid Leave,2026-06-21,2026-06-29,8,Approved
LV00351,EMP00549,Unpaid Leave,2025-06-08,2025-06-16,8,Rejected
LV00352,EMP00809,Paternity Leave,2025-07-29,2025-08-04,6,Approved
LV00353,EMP01346,Casual Leave,2025-10-01,2025-10-03,2,Pending
LV00354,EMP00485,Maternity Leave,2025-09-16,2025-09-25,9,Pending
LV00355,EMP00206,Maternity Leave,2025-08-13,2025-08-20,7,Rejected
LV00356,EMP00757,Maternity Leave,2025-05-10,2025-05-17,7,Pending
LV00357,EMP01498,Unpaid Leave,2026-02-07,2026-02-15,8,Pending
LV00358,EMP01102,Casual Leave,2026-06-26,2026-07-01,5,Rejected
LV00359,EMP01026,Paternity Leave,2025-09-09,2025-09-17,8,Rejected
LV00360,EMP01519,Unpaid Leave,2025-06-15,2025-06-24,9,Approved
LV00361,EMP00056,Paternity Leave,2025-07-08,2025-07-12,4,Rejected
LV00362,EMP01408,Unpaid Leave,2026-07-07,2026-07-14,7,Approved
LV00363,EMP02967,Earned Leave,2026-03-05,2026-03-12,7,Approved
LV00364,EMP02552,Sick Leave,2025-01-12,2025-01-14,2,Rejected
LV00365,EMP02745,Maternity Leave,2025-05-28,2025-06-04,7,Rejected
LV00366,EMP01148,Sick Leave,2025-08-04,2025-08-07,3,Pending
LV00367,EMP00639,Unpaid Leave,2025-04-04,2025-04-06,2,Rejected
LV00368,EMP01954,Unpaid Leave,2025-04-23,2025-04-30,7,Rejected
LV00369,EMP00316,Unpaid Leave,2025-03-26,2025-03-27,1,Approved
LV00370,EMP01641,Unpaid Leave,2026-01-25,2026-01-29,4,Pending
LV00371,EMP01892,Maternity Leave,2026-02-25,2026-03-01,4,Rejected
LV00372,EMP00246,Earned Leave,2026-02-05,2026-02-12,7,Approved
LV00373,EMP03003,Casual Leave,2025-09-26,2025-10-03,7,Rejected
LV00374,EMP01128,Casual Leave,2025-12-10,2025-12-19,9,Approved
LV00375,EMP01788,Maternity Leave,2025-01-02,2025-01-03,1,Approved
LV00376,EMP02319,Casual Leave,2025-02-11,2025-02-20,9,Pending
LV00377,EMP00024,Unpaid Leave,2026-04-04,2026-04-06,2,Rejected
LV00378,EMP91381,Unpaid Leave,2025-10-28,2025-11-01,4,Pending
LV00379,EMP02804,Earned Leave,2025-07-20,2025-07-24,4,Rejected
LV00380,EMP01835,Paternity Leave,2025-06-08,2025-06-16,8,Pending
LV00381,EMP00835,Sick Leave,2026-01-27,2026-02-01,5,Approved
LV00382,EMP00177,Maternity Leave,2025-09-09,2025-09-19,10,Approved
LV00383,EMP02183,Earned Leave,2025-09-19,2025-09-21,2,Pending
LV00384,EMP00290,Paternity Leave,2025-07-23,2025-07-25,2,Pending
LV00385,EMP02314,Unpaid Leave,2025-07-01,2025-07-04,3,Rejected
LV00386,EMP01361,Earned Leave,2025-12-03,2025-12-12,9,Rejected
LV00387,EMP01709,Paternity Leave,2025-01-26,2025-01-30,4,Rejected
LV00388,EMP00711,Unpaid Leave,2025-07-11,2025-07-15,4,Approved
LV00389,EMP00984,Sick Leave,2026-07-03,2026-07-10,7,Approved
LV00390,EMP02939,Sick Leave,2025-11-18,2025-11-20,2,Pending
LV00391,EMP01208,Paternity Leave,2026-05-04,2026-05-12,8,Rejected
LV00392,EMP02097,Casual Leave,2025-05-12,2025-05-16,4,Pending
LV00393,EMP02650,Sick Leave,2025-12-16,2025-12-24,8,Pending
LV00394,EMP00888,Maternity Leave,2025-10-26,2025-10-30,4,Pending
LV00395,EMP03030,Earned Leave,2025-03-22,2025-03-25,3,Approved
LV00396,EMP00300,Paternity Leave,2026-03-05,2026-03-08,3,Approved
LV00397,EMP00317,Paternity Leave,2025-09-02,2025-09-12,10,Pending
LV00398,EMP00337,Paternity Leave,2025-06-24,2025-06-26,2,Rejected
LV00399,EMP01764,Earned Leave,2026-04-26,2026-05-05,9,Approved
LV00400,EMP03060,Earned Leave,2026-04-30,2026-05-09,9,Approved
LV00401,EMP02804,Casual Leave,2025-02-21,2025-02-28,7,Pending
LV00402,EMP00705,Maternity Leave,2025-09-17,2025-09-22,5,Pending
LV00403,EMP00147,Paternity Leave,2025-07-13,2025-07-20,7,Pending
LV00404,EMP01051,Casual Leave,2025-01-16,2025-01-20,4,Rejected
LV00405,EMP00366,Maternity Leave,2026-06-04,2026-06-13,9,Rejected
LV00406,EMP01879,Unpaid Leave,2025-09-04,2025-09-07,3,Pending
LV00407,EMP02192,Earned Leave,2025-09-23,2025-09-26,3,Approved
LV00408,EMP00341,Paternity Leave,2025-03-31,2025-04-01,1,Approved
LV00409,EMP01026,Maternity Leave,2026-05-15,2026-05-25,10,Rejected
LV00410,EMP01980,Sick Leave,2025-08-24,2025-09-01,8,Rejected
LV00411,EMP01209,Sick Leave,2026-06-24,2026-06-26,2,Pending
LV00412,EMP02385,Paternity Leave,2025-07-22,2025-07-29,7,Pending
LV00413,EMP00479,Unpaid Leave,2026-01-21,2026-01-22,1,Pending
LV00414,EMP03125,Maternity Leave,2025-09-27,2025-09-28,1,Rejected
LV00415,EMP02696,Casual Leave,2025-04-27,2025-05-03,6,Pending
LV00416,EMP01689,Paternity Leave,2026-03-08,2026-03-16,8,Rejected
LV00417,EMP02659,Unpaid Leave,2025-09-22,2025-09-24,2,Approved
LV00418,EMP00376,Casual Leave,2025-11-10,2025-11-13,3,Pending
LV00419,EMP01349,Casual Leave,2026-01-18,2026-01-21,3,Approved
LV00420,EMP01766,Maternity Leave,2025-09-28,2025-10-03,5,Approved
LV00421,EMP02920,Earned Leave,2025-06-19,2025-06-21,2,Pending
LV00422,EMP01202,Casual Leave,2026-06-23,2026-06-26,3,Approved
LV00423,EMP00355,Unpaid Leave,2025-07-06,2025-07-10,4,Approved
LV00424,EMP02989,Unpaid Leave,2026-01-22,2026-01-28,6,Approved
LV00425,EMP00795,Paternity Leave,2025-02-02,2025-02-07,5,Pending
LV00426,EMP01013,Maternity Leave,2025-01-18,2025-01-22,4,Rejected
LV00427,EMP00083,Sick Leave,2025-06-14,2025-06-20,6,Rejected
LV00428,EMP02304,Paternity Leave,2025-08-28,2025-09-05,8,Pending
LV00429,EMP01956,Unpaid Leave,2025-03-22,2025-03-24,2,Pending
LV00430,EMP00486,Sick Leave,2025-09-30,2025-10-07,7,Approved
LV00431,EMP01631,Paternity Leave,2025-11-11,2025-11-19,8,Approved
LV00432,EMP00837,Earned Leave,2025-07-25,2025-07-30,5,Approved
LV00433,EMP02176,Sick Leave,2026-02-25,2026-03-02,5,Approved
LV00434,EMP00095,Maternity Leave,2026-06-22,2026-06-28,6,Approved
LV00435,EMP01023,Paternity Leave,2025-10-31,2025-11-01,1,Approved
LV00436,EMP02185,Sick Leave,2026-01-15,2026-01-20,5,Pending
LV00437,EMP00501,Unpaid Leave,2025-04-11,2025-04-14,3,Approved
LV00438,EMP01378,Paternity Leave,2025-10-21,2025-10-27,6,Rejected
LV00439,EMP03191,Sick Leave,2026-01-27,2026-02-01,5,Pending
LV00440,EMP01880,Sick Leave,2025-09-27,2025-09-29,2,Pending
LV00441,EMP01756,Paternity Leave,2026-01-28,2026-02-02,5,Rejected
LV00442,EMP00600,Earned Leave,2025-02-14,2025-02-20,6,Rejected
LV00443,EMP01253,Unpaid Leave,2025-06-27,2025-07-07,10,Pending
LV00444,EMP00335,Earned Leave,2025-06-23,2025-06-25,2,Approved
LV00445,EMP03003,Casual Leave,2026-04-01,2026-04-09,8,Approved
LV00446,EMP00457,Earned Leave,2025-03-10,2025-03-11,1,Rejected
LV00447,EMP00590,Earned Leave,2025-04-02,2025-04-03,1,Pending
LV00448,EMP00315,Casual Leave,2025-07-01,2025-07-05,4,Approved
LV00449,EMP01192,Earned Leave,2026-02-28,2026-03-10,10,Rejected
LV00450,EMP02912,Earned Leave,2026-02-01,2026-02-09,8,Rejected
LV00451,EMP00713,Sick Leave,2026-03-17,2026-03-20,3,Approved
LV00452,EMP02820,Maternity Leave,2025-01-01,2025-01-03,2,Rejected
LV00453,EMP00360,Sick Leave,2026-07-01,2026-07-03,2,Pending
LV00454,EMP01585,Paternity Leave,2026-05-10,2026-05-17,7,Pending
LV00455,EMP02401,Unpaid Leave,2025-02-03,2025-02-09,6,Pending
LV00456,EMP02689,Earned Leave,2025-02-02,2025-02-10,8,Approved
LV00457,EMP00913,Unpaid Leave,2026-06-26,2026-07-02,6,Approved
LV00458,EMP01798,Casual Leave,2025-10-15,2025-10-20,5,Pending
LV00459,EMP02442,Earned Leave,2025-05-17,2025-05-25,8,Approved
LV00460,EMP01578,Earned Leave,2025-10-10,2025-10-14,4,Approved
LV00461,EMP00065,Paternity Leave,2025-09-30,2025-10-03,3,Rejected
LV00462,EMP02871,Paternity Leave,2025-10-19,2025-10-28,9,Approved
LV00463,EMP02180,Sick Leave,2025-01-27,2025-01-29,2,Rejected
LV00464,EMP00978,Unpaid Leave,2026-02-23,2026-02-27,4,Approved
LV00465,EMP02493,Paternity Leave,2026-06-17,2026-06-22,5,Rejected
LV00466,EMP00246,Unpaid Leave,2025-11-14,2025-11-19,5,Rejected
LV00467,EMP00681,Paternity Leave,2025-05-26,2025-06-02,7,Pending
LV00468,EMP00140,Paternity Leave,2026-05-09,2026-05-16,7,Pending
LV00469,EMP01769,Maternity Leave,2025-03-10,2025-03-20,10,Pending
LV00470,EMP02567,Earned Leave,2026-03-29,2026-04-06,8,Rejected
LV00471,EMP02658,Casual Leave,2025-05-09,2025-05-19,10,Pending
LV00472,EMP00019,Paternity Leave,2026-04-30,2026-05-04,4,Rejected
LV00473,EMP00869,Maternity Leave,2025-04-26,2025-05-05,9,Pending
LV00474,EMP02683,Casual Leave,2026-01-31,2026-02-06,6,Rejected
LV00475,EMP96902,Unpaid Leave,2026-06-16,2026-06-20,4,Pending
LV00476,EMP01094,Maternity Leave,2025-06-11,2025-06-14,3,Pending
LV00477,EMP01563,Unpaid Leave,2025-11-24,2025-11-25,1,Pending
LV00478,EMP01286,Maternity Leave,2025-04-04,2025-04-10,6,Pending
LV00479,EMP00526,Casual Leave,2025-08-28,2025-09-04,7,Rejected
LV00480,EMP02608,Casual Leave,2026-06-27,2026-07-01,4,Approved
LV00481,EMP02588,Paternity Leave,2026-01-27,2026-02-05,9,Rejected
LV00482,EMP00554,Unpaid Leave,2026-01-17,2026-01-21,4,Pending
LV00483,EMP02312,Paternity Leave,2026-01-30,2026-02-03,4,Pending
LV00484,EMP00263,Unpaid Leave,2026-04-11,2026-04-17,6,Rejected
LV00485,EMP02137,Earned Leave,2025-10-13,2025-10-18,5,Rejected
LV00486,EMP01325,Paternity Leave,2025-02-19,2025-02-22,3,Approved
LV00487,EMP02316,Sick Leave,2025-01-02,2025-01-11,9,Rejected
LV00488,EMP01428,Sick Leave,2025-10-21,2025-10-25,4,Pending
LV00489,EMP02688,Casual Leave,2025-09-10,2025-09-13,3,Rejected
LV00490,EMP02665,Casual Leave,2025-02-17,2025-02-24,7,Rejected
LV00491,EMP00303,Maternity Leave,2025-12-13,2025-12-22,9,Rejected
LV00492,EMP01740,Casual Leave,2025-04-14,2025-04-16,2,Rejected
LV00493,EMP01799,Unpaid Leave,2025-07-06,2025-07-13,7,Rejected
LV00494,EMP02014,Paternity Leave,2026-07-12,2026-07-20,8,Pending
LV00495,EMP02021,Casual Leave,2025-01-19,2025-01-25,6,Approved
LV00496,EMP02909,Maternity Leave,2025-02-08,2025-02-11,3,Pending
LV00497,EMP02344,Maternity Leave,2025-12-14,2025-12-17,3,Approved
LV00498,EMP01920,Maternity Leave,2026-03-16,2026-03-26,10,Pending
LV00499,EMP02350,Unpaid Leave,2025-09-20,2025-09-23,3,Rejected
LV00500,EMP02596,Paternity Leave,2026-03-24,2026-04-03,10,Rejected
LV00501,EMP02655,Earned Leave,2026-05-22,2026-05-23,1,Rejected
LV00502,EMP02358,Unpaid Leave,2025-04-16,2025-04-23,7,Pending
LV00503,EMP00254,Unpaid Leave,2026-04-02,2026-04-10,8,Approved
LV00504,EMP02514,Paternity Leave,2025-06-15,2025-06-16,1,Rejected
LV00505,EMP02763,Casual Leave,2025-05-14,2025-05-17,3,Pending
LV00506,EMP01466,Casual Leave,2025-02-13,2025-02-21,8,Rejected
LV00507,EMP03153,Earned Leave,2025-07-19,2025-07-26,7,Rejected
LV00508,EMP01384,Earned Leave,2026-02-11,2026-02-15,4,Rejected
LV00509,EMP02394,Earned Leave,2026-05-31,2026-06-08,8,Rejected
LV00510,EMP02167,Casual Leave,2025-12-27,2026-01-05,9,Rejected
LV00511,EMP02223,Paternity Leave,2025-02-27,2025-03-04,5,Approved
LV00512,EMP01048,Unpaid Leave,2025-06-07,2025-06-16,9,Pending
LV00513,EMP01474,Unpaid Leave,2025-01-24,2025-01-31,7,Rejected
LV00514,EMP02087,Casual Leave,2025-07-19,2025-07-21,2,Pending
LV00515,EMP01304,Maternity Leave,2026-02-02,2026-02-08,6,Rejected
LV00516,EMP01415,Paternity Leave,2025-05-04,2025-05-05,1,Pending
LV00517,EMP02149,Unpaid Leave,2025-06-10,2025-06-19,9,Pending
LV00518,EMP02515,Sick Leave,2026-01-12,2026-01-15,3,Rejected
LV00519,EMP02246,Sick Leave,2025-12-11,2025-12-19,8,Pending
LV00520,EMP02091,Maternity Leave,2025-09-20,2025-09-24,4,Pending
LV00521,EMP00343,Paternity Leave,2025-03-22,2025-03-24,2,Rejected
LV00522,EMP01913,Maternity Leave,2026-05-28,2026-05-31,3,Pending
LV00523,EMP02693,Maternity Leave,2026-04-15,2026-04-25,10,Rejected
LV00524,EMP02812,Maternity Leave,2026-04-12,2026-04-18,6,Approved
LV00525,EMP00428,Sick Leave,2025-12-16,2025-12-18,2,Pending
LV00526,EMP00157,Unpaid Leave,2026-02-28,2026-03-01,1,Pending
LV00527,EMP01598,Paternity Leave,2025-04-02,2025-04-12,10,Pending
LV00528,EMP01180,Casual Leave,2025-05-11,2025-05-19,8,Pending
LV00529,EMP01578,Sick Leave,2026-06-12,2026-06-18,6,Pending
LV00530,EMP01508,Maternity Leave,2025-05-07,2025-05-15,8,Rejected
LV00531,EMP00057,Casual Leave,2025-04-25,2025-05-01,6,Rejected
LV00532,EMP00614,Maternity Leave,2025-11-23,2025-12-01,8,Rejected
LV00533,EMP01952,Maternity Leave,2026-05-29,2026-06-06,8,Rejected
LV00534,EMP02319,Casual Leave,2025-02-24,2025-03-04,8,Rejected
LV00535,EMP00136,Earned Leave,2026-06-22,2026-07-01,9,Approved
LV00536,EMP02834,Sick Leave,2025-01-11,2025-01-21,10,Pending
LV00537,EMP00154,Maternity Leave,2025-01-27,2025-02-03,7,Rejected
LV00538,EMP02593,Sick Leave,2025-04-14,2025-04-17,3,Approved
LV00539,EMP02719,Earned Leave,2026-01-20,2026-01-21,1,Pending
LV00540,EMP02780,Earned Leave,2025-05-29,2025-06-07,9,Rejected
LV00541,EMP02947,Paternity Leave,2025-12-09,2025-12-16,7,Pending
LV00542,EMP02224,Unpaid Leave,2025-07-17,2025-07-23,6,Rejected
LV00543,EMP02088,Paternity Leave,2025-03-28,2025-04-05,8,Pending
LV00544,EMP02817,Earned Leave,2025-03-18,2025-03-23,5,Rejected
LV00545,EMP02453,Earned Leave,2025-11-20,2025-11-23,3,Approved
LV00546,EMP01091,Paternity Leave,2026-03-18,2026-03-25,7,Rejected
LV00547,EMP01553,Paternity Leave,2026-01-03,2026-01-11,8,Pending
LV00548,EMP01766,Sick Leave,2026-05-19,2026-05-29,10,Pending
LV00549,EMP00932,Sick Leave,2025-03-31,2025-04-03,3,Rejected
LV00550,EMP00324,Maternity Leave,2025-06-03,2025-06-04,1,Approved
LV00551,EMP00208,Earned Leave,2026-06-21,2026-06-22,1,Pending
LV00552,EMP00894,Maternity Leave,2026-01-04,2026-01-05,1,Pending
LV00553,EMP02933,Earned Leave,2025-01-06,2025-01-14,8,Pending
LV00554,EMP00199,Sick Leave,2025-07-02,2025-07-06,4,Pending
LV00555,EMP01504,Unpaid Leave,2025-06-23,2025-07-02,9,Pending
LV00556,EMP01427,Unpaid Leave,2025-05-30,2025-06-03,4,Approved
LV00557,EMP00818,Unpaid Leave,2025-10-09,2025-10-18,9,Pending
LV00558,EMP02355,Earned Leave,2025-01-15,2025-01-17,2,Pending
LV00559,EMP01385,Unpaid Leave,2025-06-26,2025-07-02,6,Rejected
LV00560,EMP02445,Unpaid Leave,2026-02-27,2026-03-08,9,Approved
LV00561,EMP01346,Casual Leave,2025-04-06,2025-04-10,4,Approved
LV00562,EMP01308,Unpaid Leave,2025-01-11,2025-01-18,7,Rejected
LV00563,EMP00448,Sick Leave,2025-02-01,2025-02-06,5,Approved
LV00564,EMP01013,Casual Leave,2025-02-16,2025-02-17,1,Pending
LV00565,EMP02472,Earned Leave,2026-05-09,2026-05-15,6,Rejected
LV00566,EMP02961,Unpaid Leave,2025-04-07,2025-04-12,5,Pending
LV00567,EMP01098,Earned Leave,2026-06-18,2026-06-20,2,Approved
LV00568,EMP00527,Earned Leave,2025-05-12,2025-05-13,1,Approved
LV00569,EMP03149,Casual Leave,2025-05-24,2025-06-03,10,Approved
LV00570,EMP02318,Casual Leave,2025-02-01,2025-02-07,6,Pending
LV00571,EMP01096,Sick Leave,2025-01-03,2025-01-13,10,Approved
LV00572,EMP02496,Sick Leave,2025-01-17,2025-01-18,1,Pending
LV00573,EMP02346,Maternity Leave,2025-08-20,2025-08-21,1,Approved
LV00574,EMP02578,Earned Leave,2025-10-15,2025-10-19,4,Pending
LV00575,EMP03124,Earned Leave,2025-10-29,2025-11-05,7,Pending
LV00576,EMP02373,Maternity Leave,2025-03-03,2025-03-04,1,Pending
LV00577,EMP00174,Maternity Leave,2025-06-13,2025-06-17,4,Approved
LV00578,EMP00363,Paternity Leave,2025-07-11,2025-07-21,10,Pending
LV00579,EMP00652,Unpaid Leave,2026-02-16,2026-02-21,5,Pending
LV00580,EMP00436,Unpaid Leave,2025-06-20,2025-06-23,3,Approved
LV00581,EMP02841,Maternity Leave,2026-02-15,2026-02-17,2,Approved
LV00582,EMP03147,Maternity Leave,2025-07-24,2025-07-29,5,Pending
LV00583,EMP01265,Unpaid Leave,2026-06-27,2026-07-03,6,Approved
LV00584,EMP00992,Maternity Leave,2025-10-20,2025-10-29,9,Pending
LV00585,EMP02117,Maternity Leave,2026-02-20,2026-03-02,10,Approved
LV00586,EMP02532,Paternity Leave,2025-12-16,2025-12-21,5,Pending
LV00587,EMP02441,Earned Leave,2026-05-19,2026-05-26,7,Approved
LV00588,EMP01798,Earned Leave,2025-02-14,2025-02-16,2,Pending
LV00589,EMP02134,Unpaid Leave,2025-04-18,2025-04-27,9,Approved
LV00590,EMP01121,Sick Leave,2026-05-12,2026-05-18,6,Approved
LV00591,EMP01449,Maternity Leave,2025-01-12,2025-01-19,7,Rejected
LV00592,EMP00233,Maternity Leave,2026-02-01,2026-02-09,8,Approved
LV00593,EMP02500,Maternity Leave,2026-03-27,2026-04-04,8,Pending
LV00594,EMP01006,Casual Leave,2025-04-25,2025-05-02,7,Pending
LV00595,EMP01574,Maternity Leave,2025-08-08,2025-08-15,7,Rejected
LV00596,EMP00043,Maternity Leave,2025-01-26,2025-01-29,3,Rejected
LV00597,EMP00894,Sick Leave,2025-04-22,2025-04-26,4,Pending
LV00598,EMP00936,Unpaid Leave,2026-04-09,2026-04-11,2,Pending
LV00599,EMP03150,Paternity Leave,2025-12-27,2026-01-06,10,Pending
LV00600,EMP01580,Casual Leave,2026-04-11,2026-04-17,6,Approved
LV00601,EMP01172,Maternity Leave,2025-03-29,2025-04-02,4,Approved
LV00602,EMP00743,Casual Leave,2025-07-02,2025-07-04,2,Rejected
LV00603,EMP02114,Earned Leave,2026-01-16,2026-01-23,7,Rejected
LV00604,EMP03176,Sick Leave,2026-06-03,2026-06-10,7,Approved
LV00605,EMP00187,Earned Leave,2025-01-10,2025-01-16,6,Approved
LV00606,EMP02407,Sick Leave,2025-12-03,2025-12-11,8,Pending
LV00607,EMP02655,Unpaid Leave,2026-02-08,2026-02-18,10,Pending
LV00608,EMP01357,Maternity Leave,2025-09-02,2025-09-12,10,Rejected
LV00609,EMP00242,Unpaid Leave,2026-05-13,2026-05-14,1,Rejected
LV00610,EMP01265,Paternity Leave,2025-09-12,2025-09-14,2,Pending
LV00611,EMP03156,Casual Leave,2026-04-21,2026-04-30,9,Approved
LV00612,EMP00755,Casual Leave,2026-05-28,2026-06-02,5,Pending
LV00613,EMP02001,Paternity Leave,2026-02-13,2026-02-20,7,Approved
LV00614,EMP00271,Casual Leave,2025-06-29,2025-07-06,7,Rejected
LV00615,EMP00998,Unpaid Leave,2026-04-09,2026-04-14,5,Pending
LV00616,EMP00697,Sick Leave,2025-07-15,2025-07-22,7,Pending
LV00617,EMP02891,Casual Leave,2026-06-27,2026-07-03,6,Approved
LV00618,EMP01093,Casual Leave,2025-08-06,2025-08-14,8,Approved
LV00619,EMP01653,Paternity Leave,2026-01-07,2026-01-09,2,Rejected
LV00620,EMP00864,Unpaid Leave,2025-11-19,2025-11-23,4,Approved
LV00621,EMP01065,Paternity Leave,2025-12-10,2025-12-15,5,Approved
LV00622,EMP02216,Casual Leave,2025-04-23,2025-05-02,9,Rejected
LV00623,EMP03186,Casual Leave,2025-12-13,2025-12-22,9,Pending
LV00624,EMP01205,Sick Leave,2025-07-03,2025-07-07,4,Pending
LV00625,EMP00326,Maternity Leave,2025-10-07,2025-10-17,10,Approved
LV00626,EMP00047,Casual Leave,2026-02-27,2026-02-28,1,Rejected
LV00627,EMP01193,Paternity Leave,2025-06-02,2025-06-11,9,Approved
LV00628,EMP00034,Earned Leave,2025-05-23,2025-05-24,1,Rejected
LV00629,EMP01609,Paternity Leave,2026-03-18,2026-03-28,10,Approved
LV00630,EMP02626,Sick Leave,2025-12-25,2026-01-02,8,Rejected
LV00631,EMP00258,Casual Leave,2025-03-12,2025-03-16,4,Rejected
LV00632,EMP02188,Paternity Leave,2025-05-04,2025-05-08,4,Approved
LV00633,EMP00499,Unpaid Leave,2025-03-06,2025-03-08,2,Rejected
LV00634,EMP02362,Sick Leave,2025-09-01,2025-09-08,7,Pending
LV00635,EMP01372,Casual Leave,2025-01-12,2025-01-13,1,Pending
LV00636,EMP02968,Casual Leave,2025-12-07,2025-12-13,6,Approved
LV00637,EMP01401,Sick Leave,2025-08-26,2025-08-29,3,Pending
LV00638,EMP02068,Earned Leave,2026-06-22,2026-07-01,9,Pending
LV00639,EMP02991,Casual Leave,2026-02-09,2026-02-18,9,Approved
LV00640,EMP02234,Maternity Leave,2025-06-11,2025-06-18,7,Pending
LV00641,EMP00330,Unpaid Leave,2025-10-16,2025-10-26,10,Pending
LV00642,EMP02477,Unpaid Leave,2025-10-26,2025-10-31,5,Pending
LV00643,EMP01662,Maternity Leave,2025-12-10,2025-12-13,3,Approved
LV00644,EMP01242,Unpaid Leave,2025-06-15,2025-06-20,5,Rejected
LV00645,EMP00723,Casual Leave,2026-05-12,2026-05-22,10,Rejected
LV00646,EMP00411,Paternity Leave,2025-02-28,2025-03-01,1,Approved
LV00647,EMP02885,Sick Leave,2025-12-09,2025-12-14,5,Rejected
LV00648,EMP02455,Sick Leave,2026-02-16,2026-02-20,4,Pending
LV00649,EMP00172,Maternity Leave,2025-03-07,2025-03-16,9,Rejected
LV00650,EMP03126,Casual Leave,2025-04-16,2025-04-18,2,Rejected
LV00651,EMP03002,Earned Leave,2026-05-23,2026-05-25,2,Rejected
LV00652,EMP01665,Earned Leave,2025-09-02,2025-09-07,5,Rejected
LV00653,EMP00195,Casual Leave,2026-04-08,2026-04-16,8,Rejected
LV00654,EMP02647,Paternity Leave,2026-05-22,2026-05-23,1,Pending
LV00655,EMP00710,Paternity Leave,2026-03-16,2026-03-17,1,Pending
LV00656,EMP00542,Paternity Leave,2025-06-28,2025-07-02,4,Rejected
LV00657,EMP00333,Casual Leave,2025-01-31,2025-02-04,4,Pending
LV00658,EMP02917,Maternity Leave,2026-06-06,2026-06-07,1,Rejected
LV00659,EMP02569,Paternity Leave,2026-03-30,2026-04-02,3,Approved
LV00660,EMP02294,Earned Leave,2025-01-15,2025-01-18,3,Rejected
LV00661,EMP00347,Unpaid Leave,2025-06-11,2025-06-18,7,Pending
LV00662,EMP01098,Unpaid Leave,2026-05-24,2026-06-02,9,Rejected
LV00663,EMP01833,Unpaid Leave,2025-03-21,2025-03-23,2,Rejected
LV00664,EMP01563,Maternity Leave,2025-02-28,2025-03-07,7,Pending
LV00665,EMP00454,Maternity Leave,2025-12-29,2026-01-02,4,Approved
LV00666,EMP01954,Earned Leave,2026-07-14,2026-07-21,7,Pending
LV00667,EMP01523,Casual Leave,2025-04-22,2025-04-29,7,Rejected
LV00668,EMP02337,Paternity Leave,2025-10-12,2025-10-14,2,Approved
LV00669,EMP02237,Sick Leave,2025-11-06,2025-11-13,7,Approved
LV00670,EMP00778,Unpaid Leave,2025-03-09,2025-03-11,2,Rejected
LV00671,EMP00549,Paternity Leave,2026-01-05,2026-01-06,1,Rejected
LV00672,EMP00552,Earned Leave,2025-07-28,2025-08-05,8,Rejected
LV00673,EMP01860,Unpaid Leave,2025-02-02,2025-02-07,5,Pending
LV00674,EMP01110,Paternity Leave,2026-03-19,2026-03-29,10,Approved
LV00675,EMP00350,Sick Leave,2026-02-27,2026-03-05,6,Approved
LV00676,EMP03122,Earned Leave,2025-01-19,2025-01-27,8,Approved
LV00677,EMP01668,Sick Leave,2026-03-25,2026-04-04,10,Pending
LV00678,EMP03042,Maternity Leave,2026-07-08,2026-07-12,4,Approved
LV00679,EMP03039,Unpaid Leave,2025-12-18,2025-12-28,10,Approved
LV00680,EMP00320,Paternity Leave,2025-03-25,2025-03-31,6,Approved
LV00681,EMP02867,Earned Leave,2025-08-12,2025-08-19,7,Pending
LV00682,EMP00186,Unpaid Leave,2025-07-12,2025-07-13,1,Approved
LV00683,EMP02758,Unpaid Leave,2025-07-22,2025-07-28,6,Rejected
LV00684,EMP01019,Unpaid Leave,2025-03-05,2025-03-09,4,Approved
LV00685,EMP00874,Casual Leave,2026-04-29,2026-05-08,9,Pending
LV00686,EMP02745,Maternity Leave,2025-08-05,2025-08-06,1,Pending
LV00687,EMP01845,Earned Leave,2025-05-02,2025-05-07,5,Rejected
LV00688,EMP00347,Sick Leave,2025-05-20,2025-05-24,4,Approved
LV00689,EMP00570,Unpaid Leave,2025-01-18,2025-01-19,1,Approved
LV00690,EMP94593,Maternity Leave,2025-08-20,2025-08-21,1,Rejected
LV00691,EMP00314,Paternity Leave,2025-10-18,2025-10-19,1,Approved
LV00692,EMP01223,Earned Leave,2026-07-03,2026-07-06,3,Pending
LV00693,EMP00984,Sick Leave,2025-05-17,2025-05-20,3,Approved
LV00694,EMP01377,Casual Leave,2026-05-11,2026-05-19,8,Rejected
LV00695,EMP92959,Sick Leave,2025-12-25,2025-12-28,3,Approved
LV00696,EMP00812,Earned Leave,2025-09-13,2025-09-20,7,Approved
LV00697,EMP01206,Sick Leave,2026-05-19,2026-05-23,4,Pending
LV00698,EMP00530,Casual Leave,2025-08-07,2025-08-16,9,Approved
LV00699,EMP00086,Casual Leave,2026-01-25,2026-02-01,7,Pending
LV00700,EMP02151,Unpaid Leave,2026-05-28,2026-05-31,3,Pending
LV00701,EMP01976,Casual Leave,2025-12-11,2025-12-18,7,Rejected
LV00702,EMP01137,Earned Leave,2025-11-30,2025-12-03,3,Pending
LV00703,EMP02616,Unpaid Leave,2025-03-20,2025-03-25,5,Pending
LV00704,EMP00886,Earned Leave,2025-06-28,2025-06-30,2,Pending
LV00705,EMP00461,Paternity Leave,2025-02-21,2025-02-27,6,Pending
LV00706,EMP01318,Earned Leave,2026-01-10,2026-01-20,10,Approved
LV00707,EMP03048,Unpaid Leave,2025-10-05,2025-10-12,7,Approved
LV00708,EMP01784,Casual Leave,2026-03-06,2026-03-09,3,Pending
LV00709,EMP01697,Maternity Leave,2026-06-18,2026-06-20,2,Pending
LV00710,EMP01927,Earned Leave,2025-03-09,2025-03-12,3,Approved
LV00711,EMP02232,Sick Leave,2026-05-12,2026-05-14,2,Pending
LV00712,EMP02754,Paternity Leave,2025-08-10,2025-08-16,6,Approved
LV00713,EMP01489,Sick Leave,2026-01-30,2026-02-08,9,Approved
LV00714,EMP00530,Sick Leave,2025-04-23,2025-04-26,3,Pending
LV00715,EMP03112,Unpaid Leave,2025-07-15,2025-07-24,9,Rejected
LV00716,EMP02642,Sick Leave,2025-05-09,2025-05-15,6,Approved
LV00717,EMP01858,Paternity Leave,2025-04-19,2025-04-22,3,Rejected
LV00718,EMP02202,Paternity Leave,2026-03-24,2026-03-26,2,Approved
LV00719,EMP00927,Casual Leave,2026-05-12,2026-05-13,1,Pending
LV00720,EMP02497,Unpaid Leave,2026-03-06,2026-03-10,4,Rejected
LV00721,EMP00489,Maternity Leave,2026-01-07,2026-01-11,4,Rejected
LV00722,EMP00952,Paternity Leave,2025-08-26,2025-09-02,7,Approved
LV00723,EMP00147,Sick Leave,2026-05-30,2026-06-02,3,Pending
LV00724,EMP02258,Paternity Leave,2026-03-04,2026-03-11,7,Rejected
LV00725,EMP00442,Unpaid Leave,2026-01-29,2026-02-04,6,Rejected
LV00726,EMP01093,Unpaid Leave,2025-10-07,2025-10-08,1,Rejected
LV00727,EMP00255,Casual Leave,2025-05-27,2025-06-04,8,Pending
LV00728,EMP02126,Unpaid Leave,2026-04-16,2026-04-22,6,Rejected
LV00729,EMP00201,Casual Leave,2025-11-15,2025-11-23,8,Pending
LV00730,EMP96331,Casual Leave,2025-03-27,2025-04-03,7,Rejected
LV00731,EMP02519,Sick Leave,2025-11-25,2025-12-01,6,Pending
LV00732,EMP00671,Sick Leave,2025-06-05,2025-06-15,10,Pending
LV00733,EMP02216,Unpaid Leave,2026-05-15,2026-05-23,8,Pending
LV00734,EMP03008,Unpaid Leave,2025-01-04,2025-01-13,9,Approved
LV00735,EMP02729,Unpaid Leave,2025-11-07,2025-11-10,3,Approved
LV00736,EMP02737,Maternity Leave,2025-04-15,2025-04-24,9,Rejected
LV00737,EMP01396,Paternity Leave,2026-04-23,2026-04-24,1,Approved
LV00738,EMP00660,Unpaid Leave,2026-02-17,2026-02-18,1,Approved
LV00739,EMP02800,Casual Leave,2026-06-22,2026-06-29,7,Pending
LV00740,EMP02684,Unpaid Leave,2026-02-16,2026-02-23,7,Pending
LV00741,EMP01449,Unpaid Leave,2026-06-30,2026-07-09,9,Approved
LV00742,EMP01373,Maternity Leave,2025-12-23,2025-12-26,3,Pending
LV00743,EMP01533,Casual Leave,2026-01-01,2026-01-07,6,Approved
LV00744,EMP93381,Paternity Leave,2025-06-18,2025-06-27,9,Approved
LV00745,EMP02490,Casual Leave,2026-07-13,2026-07-14,1,Rejected
LV00746,EMP01464,Casual Leave,2025-03-01,2025-03-07,6,Approved
LV00747,EMP00082,Maternity Leave,2026-04-12,2026-04-16,4,Approved
LV00748,EMP02109,Earned Leave,2026-01-25,2026-02-03,9,Pending
LV00749,EMP01532,Casual Leave,2025-06-14,2025-06-24,10,Rejected
LV00750,EMP02294,Sick Leave,2025-11-14,2025-11-15,1,Pending
LV00751,EMP01983,Paternity Leave,2025-11-06,2025-11-09,3,Rejected
LV00752,EMP01940,Maternity Leave,2025-12-21,2025-12-28,7,Approved
LV00753,EMP00506,Sick Leave,2025-02-15,2025-02-23,8,Pending
LV00754,EMP02901,Unpaid Leave,2025-04-30,2025-05-05,5,Approved
LV00755,EMP01689,Earned Leave,2025-03-19,2025-03-29,10,Pending
LV00756,EMP02396,Casual Leave,2025-04-09,2025-04-11,2,Rejected
LV00757,EMP01902,Casual Leave,2026-03-19,2026-03-22,3,Rejected
LV00758,EMP02419,Paternity Leave,2025-12-03,2025-12-06,3,Rejected
LV00759,EMP02370,Paternity Leave,2026-03-03,2026-03-12,9,Rejected
LV00760,EMP00341,Casual Leave,2026-03-25,2026-03-28,3,Pending
LV00761,EMP00098,Casual Leave,2025-11-18,2025-11-28,10,Pending
LV00762,EMP02114,Earned Leave,2026-03-20,2026-03-29,9,Rejected
LV00763,EMP01070,Sick Leave,2026-01-30,2026-02-06,7,Approved
LV00764,EMP02703,Earned Leave,2025-11-08,2025-11-11,3,Pending
LV00765,EMP02962,Unpaid Leave,2025-11-11,2025-11-20,9,Approved
LV00766,EMP01038,Unpaid Leave,2025-02-27,2025-03-04,5,Rejected
LV00767,EMP00145,Unpaid Leave,2025-06-17,2025-06-25,8,Rejected
LV00768,EMP01233,Maternity Leave,2025-12-15,2025-12-22,7,Approved
LV00769,EMP02042,Maternity Leave,2025-03-31,2025-04-06,6,Rejected
LV00770,EMP02633,Unpaid Leave,2025-01-20,2025-01-23,3,Approved
LV00771,EMP00715,Maternity Leave,2026-07-15,2026-07-19,4,Rejected
LV00772,EMP01880,Maternity Leave,2025-01-22,2025-01-24,2,Rejected
LV00773,EMP01336,Casual Leave,2025-09-29,2025-10-09,10,Rejected
LV00774,EMP01350,Sick Leave,2026-04-20,2026-04-24,4,Rejected
LV00775,EMP01080,Earned Leave,2026-06-07,2026-06-09,2,Pending
LV00776,EMP00701,Paternity Leave,2025-11-30,2025-12-09,9,Rejected
LV00777,EMP02020,Paternity Leave,2025-09-02,2025-09-08,6,Rejected
LV00778,EMP02918,Maternity Leave,2025-05-10,2025-05-16,6,Pending
LV00779,EMP00836,Earned Leave,2025-06-26,2025-07-01,5,Approved
LV00780,EMP01223,Unpaid Leave,2026-02-01,2026-02-02,1,Pending
LV00781,EMP00547,Paternity Leave,2026-07-15,2026-07-19,4,Pending
LV00782,EMP01524,Maternity Leave,2025-08-04,2025-08-13,9,Pending
LV00783,EMP01851,Paternity Leave,2025-08-15,2025-08-22,7,Approved
LV00784,EMP00943,Unpaid Leave,2026-01-08,2026-01-11,3,Pending
LV00785,EMP00448,Unpaid Leave,2025-09-03,2025-09-11,8,Pending
LV00786,EMP00005,Earned Leave,2025-06-01,2025-06-02,1,Pending
LV00787,EMP00098,Earned Leave,2026-01-30,2026-02-02,3,Pending
LV00788,EMP02401,Sick Leave,2025-01-28,2025-02-03,6,Approved
LV00789,EMP01843,Maternity Leave,2025-09-03,2025-09-04,1,Pending
LV00790,EMP01136,Casual Leave,2026-06-20,2026-06-28,8,Pending
LV00791,EMP01246,Maternity Leave,2025-04-22,2025-05-01,9,Rejected
LV00792,EMP01291,Maternity Leave,2025-09-14,2025-09-19,5,Rejected
LV00793,EMP01388,Casual Leave,2026-03-31,2026-04-05,5,Rejected
LV00794,EMP03195,Sick Leave,2026-01-20,2026-01-25,5,Approved
LV00795,EMP01656,Casual Leave,2026-02-22,2026-03-01,7,Pending
LV00796,EMP02036,Paternity Leave,2025-01-29,2025-02-03,5,Rejected
LV00797,EMP00074,Casual Leave,2025-02-15,2025-02-17,2,Approved
LV00798,EMP02232,Paternity Leave,2026-01-25,2026-01-29,4,Pending
LV00799,EMP00273,Earned Leave,2026-03-31,2026-04-05,5,Pending
LV00800,EMP01316,Maternity Leave,2025-05-16,2025-05-23,7,Approved
LV00801,EMP02867,Unpaid Leave,2025-10-09,2025-10-13,4,Approved
LV00802,EMP01206,Earned Leave,2025-07-17,2025-07-18,1,Pending
LV00803,EMP01127,Casual Leave,2026-06-15,2026-06-16,1,Rejected
LV00804,EMP01269,Unpaid Leave,2025-02-15,2025-02-25,10,Rejected
LV00805,EMP01270,Casual Leave,2025-07-26,2025-08-01,6,Pending
LV00806,EMP02488,Casual Leave,2025-02-08,2025-02-17,9,Pending
LV00807,EMP00188,Earned Leave,2026-03-12,2026-03-14,2,Rejected
LV00808,EMP00862,Casual Leave,2025-08-15,2025-08-16,1,Pending
LV00809,EMP03052,Maternity Leave,2025-01-02,2025-01-05,3,Approved
LV00810,EMP00002,Paternity Leave,2026-02-27,2026-03-09,10,Pending
LV00811,EMP01833,Sick Leave,2026-02-20,2026-02-27,7,Rejected
LV00812,EMP02892,Casual Leave,2026-02-21,2026-02-25,4,Approved
LV00813,EMP03129,Earned Leave,2026-03-25,2026-03-27,2,Approved
LV00814,EMP00032,Paternity Leave,2026-05-17,2026-05-25,8,Approved
LV00815,EMP02471,Casual Leave,2025-02-03,2025-02-06,3,Approved
LV00816,EMP01752,Earned Leave,2025-09-08,2025-09-15,7,Rejected
LV00817,EMP01379,Maternity Leave,2025-03-05,2025-03-08,3,Rejected
LV00818,EMP02084,Casual Leave,2025-06-20,2025-06-24,4,Approved
LV00819,EMP01110,Earned Leave,2026-05-24,2026-05-30,6,Pending
LV00820,EMP00870,Maternity Leave,2026-02-22,2026-02-28,6,Approved
LV00821,EMP01638,Earned Leave,2025-03-30,2025-04-06,7,Rejected
LV00822,EMP00608,Sick Leave,2025-12-24,2026-01-01,8,Pending
LV00823,EMP01304,Earned Leave,2026-06-08,2026-06-16,8,Pending
LV00824,EMP01043,Maternity Leave,2026-02-01,2026-02-03,2,Approved
LV00825,EMP00776,Unpaid Leave,2026-02-27,2026-03-06,7,Rejected
LV00826,EMP00884,Sick Leave,2025-12-11,2025-12-20,9,Approved
LV00827,EMP03058,Paternity Leave,2026-02-27,2026-03-09,10,Pending
LV00828,EMP02507,Maternity Leave,2025-01-17,2025-01-19,2,Approved
LV00829,EMP02158,Earned Leave,2026-02-27,2026-03-08,9,Rejected
LV00830,EMP00292,Sick Leave,2025-05-05,2025-05-12,7,Pending
LV00831,EMP00699,Earned Leave,2025-11-28,2025-12-01,3,Rejected
LV00832,EMP01275,Casual Leave,2026-05-10,2026-05-11,1,Approved
LV00833,EMP01225,Casual Leave,2025-07-07,2025-07-08,1,Approved
LV00834,EMP01029,Maternity Leave,2025-04-22,2025-04-24,2,Pending
LV00835,EMP00239,Unpaid Leave,2026-07-02,2026-07-07,5,Approved
LV00836,EMP02113,Sick Leave,2025-10-25,2025-10-28,3,Approved
LV00837,EMP00743,Maternity Leave,2025-07-28,2025-08-04,7,Rejected
LV00838,EMP02736,Maternity Leave,2025-08-23,2025-08-27,4,Rejected
LV00839,EMP00863,Unpaid Leave,2025-09-14,2025-09-15,1,Rejected
LV00840,EMP01621,Casual Leave,2025-12-19,2025-12-23,4,Pending
LV00841,EMP01108,Sick Leave,2025-11-29,2025-12-06,7,Rejected
LV00842,EMP00161,Unpaid Leave,2026-02-14,2026-02-17,3,Approved
LV00843,EMP01888,Sick Leave,2026-03-21,2026-03-27,6,Approved
LV00844,EMP00498,Maternity Leave,2025-07-18,2025-07-20,2,Approved
LV00845,EMP00249,Casual Leave,2025-01-16,2025-01-22,6,Pending
LV00846,EMP01269,Maternity Leave,2025-07-27,2025-08-02,6,Approved
LV00847,EMP02241,Earned Leave,2026-02-07,2026-02-12,5,Pending
LV00848,EMP02336,Earned Leave,2025-05-03,2025-05-04,1,Approved
LV00849,EMP00355,Sick Leave,2025-05-07,2025-05-10,3,Pending
LV00850,EMP01545,Paternity Leave,2025-11-06,2025-11-08,2,Approved
LV00851,EMP02386,Sick Leave,2025-02-18,2025-02-27,9,Pending
LV00852,EMP00908,Paternity Leave,2025-03-04,2025-03-09,5,Approved
LV00853,EMP01214,Casual Leave,2025-06-11,2025-06-13,2,Pending
LV00854,EMP01771,Earned Leave,2025-07-14,2025-07-20,6,Rejected
LV00855,EMP01577,Casual Leave,2025-01-25,2025-02-02,8,Approved
LV00856,EMP03197,Unpaid Leave,2026-07-07,2026-07-12,5,Pending
LV00857,EMP00280,Paternity Leave,2026-03-17,2026-03-25,8,Pending
LV00858,EMP01183,Unpaid Leave,2026-01-06,2026-01-09,3,Rejected
LV00859,EMP00126,Casual Leave,2026-06-27,2026-07-05,8,Approved
LV00860,EMP00626,Paternity Leave,2025-10-24,2025-11-01,8,Rejected
LV00861,EMP00525,Paternity Leave,2025-09-25,2025-09-29,4,Approved
LV00862,EMP02738,Sick Leave,2025-04-07,2025-04-12,5,Rejected
LV00863,EMP02741,Sick Leave,2025-01-15,2025-01-17,2,Approved
LV00864,EMP00438,Paternity Leave,2025-09-15,2025-09-25,10,Pending
LV00865,EMP01357,Paternity Leave,2025-08-05,2025-08-07,2,Pending
LV00866,EMP00696,Paternity Leave,2025-07-09,2025-07-19,10,Pending
LV00867,EMP02082,Casual Leave,2025-10-02,2025-10-10,8,Rejected
LV00868,EMP00281,Maternity Leave,2025-07-11,2025-07-20,9,Rejected
LV00869,EMP00265,Earned Leave,2025-04-22,2025-05-02,10,Rejected
LV00870,EMP02160,Maternity Leave,2026-03-23,2026-03-27,4,Pending
LV00871,EMP01820,Unpaid Leave,2025-06-27,2025-07-02,5,Pending
LV00872,EMP01113,Unpaid Leave,2025-03-27,2025-04-05,9,Pending
LV00873,EMP02683,Sick Leave,2025-06-01,2025-06-06,5,Approved
LV00874,EMP02935,Unpaid Leave,2025-05-02,2025-05-11,9,Pending
LV00875,EMP01062,Sick Leave,2026-04-23,2026-04-27,4,Pending
LV00876,EMP00363,Casual Leave,2025-11-06,2025-11-11,5,Rejected
LV00877,EMP00640,Maternity Leave,2026-04-07,2026-04-16,9,Rejected
LV00878,EMP00279,Sick Leave,2025-07-16,2025-07-25,9,Rejected
LV00879,EMP00972,Sick Leave,2025-12-14,2025-12-20,6,Approved
LV00880,EMP01896,Unpaid Leave,2026-01-02,2026-01-10,8,Rejected
LV00881,EMP01261,Sick Leave,2025-01-25,2025-02-02,8,Rejected
LV00882,EMP02583,Maternity Leave,2026-03-31,2026-04-01,1,Approved
LV00883,EMP01399,Sick Leave,2025-12-29,2025-12-30,1,Pending
LV00884,EMP01451,Casual Leave,2025-01-01,2025-01-11,10,Approved
LV00885,EMP01532,Unpaid Leave,2026-05-12,2026-05-19,7,Approved
LV00886,EMP00649,Earned Leave,2025-10-02,2025-10-08,6,Approved
LV00887,EMP02092,Casual Leave,2025-03-24,2025-03-27,3,Approved
LV00888,EMP01395,Maternity Leave,2025-05-03,2025-05-05,2,Pending
LV00889,EMP01382,Maternity Leave,2025-03-19,2025-03-24,5,Pending
LV00890,EMP01747,Maternity Leave,2025-05-25,2025-06-02,8,Pending
LV00891,EMP01794,Maternity Leave,2026-03-17,2026-03-19,2,Approved
LV00892,EMP94122,Earned Leave,2025-08-16,2025-08-23,7,Approved
LV00893,EMP01537,Casual Leave,2026-05-31,2026-06-10,10,Rejected
LV00894,EMP01713,Maternity Leave,2025-01-31,2025-02-05,5,Pending
LV00895,EMP02926,Sick Leave,2025-01-12,2025-01-18,6,Pending
LV00896,EMP01891,Earned Leave,2026-01-27,2026-01-29,2,Pending
LV00897,EMP00141,Unpaid Leave,2025-07-31,2025-08-01,1,Rejected
LV00898,EMP02403,Earned Leave,2026-04-27,2026-05-06,9,Approved
LV00899,EMP01956,Sick Leave,2026-04-15,2026-04-18,3,Approved
LV00900,EMP01256,Earned Leave,2026-03-19,2026-03-25,6,Approved
LV00901,EMP02577,Maternity Leave,2025-04-29,2025-05-01,2,Pending
LV00902,EMP01401,Sick Leave,2026-04-03,2026-04-13,10,Pending
LV00903,EMP00654,Earned Leave,2026-04-15,2026-04-20,5,Pending
LV00904,EMP01095,Casual Leave,2026-05-01,2026-05-09,8,Pending
LV00905,EMP01501,Casual Leave,2025-05-23,2025-06-02,10,Approved
LV00906,EMP00480,Earned Leave,2026-05-22,2026-05-29,7,Pending
LV00907,EMP01777,Earned Leave,2026-04-16,2026-04-22,6,Approved
LV00908,EMP02240,Paternity Leave,2026-03-02,2026-03-05,3,Rejected
LV00909,EMP02612,Casual Leave,2025-12-08,2025-12-11,3,Pending
LV00910,EMP00918,Unpaid Leave,2025-11-05,2025-11-06,1,Approved
LV00911,EMP01535,Unpaid Leave,2025-01-27,2025-01-31,4,Pending
LV00912,EMP02453,Paternity Leave,2025-03-04,2025-03-10,6,Approved
LV00913,EMP00351,Earned Leave,2025-06-27,2025-07-06,9,Rejected
LV00914,EMP03019,Casual Leave,2025-11-01,2025-11-11,10,Rejected
LV00915,EMP01717,Paternity Leave,2025-04-08,2025-04-11,3,Rejected
LV00916,EMP01909,Paternity Leave,2025-08-01,2025-08-09,8,Pending
LV00917,EMP02699,Earned Leave,2026-04-06,2026-04-08,2,Approved
LV00918,EMP00110,Paternity Leave,2025-03-12,2025-03-15,3,Approved
LV00919,EMP02646,Earned Leave,2026-04-11,2026-04-17,6,Approved
LV00920,EMP02805,Earned Leave,2025-11-30,2025-12-10,10,Approved
LV00921,EMP02680,Sick Leave,2025-12-13,2025-12-15,2,Rejected
LV00922,EMP02130,Paternity Leave,2025-02-12,2025-02-14,2,Rejected
LV00923,EMP01236,Earned Leave,2025-11-21,2025-11-25,4,Pending
LV00924,EMP00858,Paternity Leave,2025-04-01,2025-04-02,1,Approved
LV00925,EMP02563,Sick Leave,2025-01-08,2025-01-13,5,Pending
LV00926,EMP01765,Sick Leave,2025-04-17,2025-04-25,8,Rejected
LV00927,EMP02968,Unpaid Leave,2026-03-02,2026-03-10,8,Pending
LV00928,EMP01993,Maternity Leave,2025-05-31,2025-06-10,10,Rejected
LV00929,EMP02292,Maternity Leave,2025-07-24,2025-08-01,8,Rejected
LV00930,EMP01916,Paternity Leave,2025-02-19,2025-02-28,9,Rejected
LV00931,EMP02499,Sick Leave,2025-12-20,2025-12-28,8,Rejected
LV00932,EMP00025,Sick Leave,2025-05-07,2025-05-17,10,Approved
LV00933,EMP01169,Casual Leave,2025-12-01,2025-12-03,2,Rejected
LV00934,EMP02250,Paternity Leave,2025-04-06,2025-04-11,5,Rejected
LV00935,EMP00645,Paternity Leave,2025-06-09,2025-06-13,4,Rejected
LV00936,EMP00310,Sick Leave,2025-05-26,2025-06-05,10,Rejected
LV00937,EMP03005,Maternity Leave,2026-03-05,2026-03-09,4,Approved
LV00938,EMP00397,Earned Leave,2025-08-23,2025-08-29,6,Approved
LV00939,EMP02473,Maternity Leave,2026-06-25,2026-07-04,9,Rejected
LV00940,EMP01699,Sick Leave,2026-01-18,2026-01-21,3,Pending
LV00941,EMP02785,Casual Leave,2025-07-29,2025-08-07,9,Rejected
LV00942,EMP02520,Sick Leave,2026-01-26,2026-02-01,6,Rejected
LV00943,EMP00831,Maternity Leave,2025-05-09,2025-05-17,8,Pending
LV00944,EMP00012,Unpaid Leave,2025-02-02,2025-02-09,7,Approved
LV00945,EMP01601,Maternity Leave,2025-11-20,2025-11-26,6,Pending
LV00946,EMP03067,Unpaid Leave,2026-04-06,2026-04-08,2,Rejected
LV00947,EMP03194,Unpaid Leave,2025-01-12,2025-01-14,2,Rejected
LV00948,EMP02384,Paternity Leave,2025-06-22,2025-06-28,6,Approved
LV00949,EMP02772,Casual Leave,2025-10-20,2025-10-24,4,Rejected
LV00950,EMP01441,Unpaid Leave,2025-05-17,2025-05-25,8,Pending
LV00951,EMP02173,Maternity Leave,2026-03-04,2026-03-14,10,Pending
LV00952,EMP02784,Casual Leave,2025-08-24,2025-08-25,1,Rejected
LV00953,EMP01300,Sick Leave,2025-10-13,2025-10-18,5,Pending
LV00954,EMP02936,Unpaid Leave,2025-03-26,2025-03-30,4,Rejected
LV00955,EMP00167,Paternity Leave,2025-08-21,2025-08-25,4,Rejected
LV00956,EMP02957,Maternity Leave,2025-08-12,2025-08-15,3,Approved
LV00957,EMP02772,Earned Leave,2025-12-17,2025-12-22,5,Rejected
LV00958,EMP03088,Unpaid Leave,2025-02-04,2025-02-13,9,Pending
LV00959,EMP00517,Unpaid Leave,2025-02-09,2025-02-16,7,Pending
LV00960,EMP01382,Casual Leave,2026-05-13,2026-05-15,2,Rejected
LV00961,EMP01125,Maternity Leave,2025-09-29,2025-10-02,3,Pending
LV00962,EMP00914,Maternity Leave,2026-01-22,2026-01-26,4,Rejected
LV00963,EMP01716,Earned Leave,2025-02-09,2025-02-13,4,Approved
LV00964,EMP01982,Unpaid Leave,2025-12-06,2025-12-07,1,Rejected
LV00965,EMP02197,Unpaid Leave,2026-07-04,2026-07-11,7,Rejected
LV00966,EMP02330,Casual Leave,2026-02-24,2026-02-28,4,Rejected
LV00967,EMP00674,Casual Leave,2025-06-09,2025-06-14,5,Pending
LV00968,EMP01740,Unpaid Leave,2026-02-09,2026-02-14,5,Pending
LV00969,EMP03054,Sick Leave,2025-08-25,2025-09-02,8,Approved
LV00970,EMP00591,Unpaid Leave,2025-05-16,2025-05-22,6,Pending
LV00971,EMP01700,Maternity Leave,2025-11-15,2025-11-25,10,Pending
LV00972,EMP00150,Earned Leave,2025-05-17,2025-05-18,1,Pending
LV00973,EMP01046,Unpaid Leave,2025-12-18,2025-12-25,7,Approved
LV00974,EMP01715,Paternity Leave,2026-04-28,2026-05-03,5,Rejected
LV00975,EMP01720,Maternity Leave,2026-04-20,2026-04-25,5,Approved
LV00976,EMP02533,Unpaid Leave,2026-04-04,2026-04-06,2,Rejected
LV00977,EMP01031,Maternity Leave,2026-07-01,2026-07-08,7,Pending
LV00978,EMP00771,Unpaid Leave,2025-06-26,2025-07-04,8,Approved
LV00979,EMP01914,Paternity Leave,2025-02-21,2025-02-23,2,Pending
LV00980,EMP00463,Sick Leave,2026-06-27,2026-07-07,10,Rejected
LV00981,EMP03108,Maternity Leave,2026-02-26,2026-03-01,3,Rejected
LV00982,EMP01771,Earned Leave,2026-04-12,2026-04-13,1,Approved
LV00983,EMP00930,Casual Leave,2026-05-25,2026-05-31,6,Approved
LV00984,EMP02847,Casual Leave,2025-03-28,2025-04-03,6,Pending
LV00985,EMP02010,Casual Leave,2025-07-03,2025-07-05,2,Pending
LV00986,EMP01695,Paternity Leave,2026-02-07,2026-02-15,8,Approved
LV00987,EMP01396,Earned Leave,2025-12-01,2025-12-02,1,Pending
LV00988,EMP01955,Paternity Leave,2025-04-28,2025-05-05,7,Pending
LV00989,EMP02279,Unpaid Leave,2025-04-13,2025-04-18,5,Approved
LV00990,EMP01859,Paternity Leave,2025-12-03,2025-12-09,6,Pending
LV00991,EMP01517,Sick Leave,2026-04-28,2026-05-08,10,Approved
LV00992,EMP02398,Paternity Leave,2026-02-06,2026-02-16,10,Pending
LV00993,EMP01266,Unpaid Leave,2025-01-25,2025-02-04,10,Approved
LV00994,EMP02083,Sick Leave,2026-03-31,2026-04-02,2,Rejected
LV00995,EMP02970,Unpaid Leave,2025-02-05,2025-02-06,1,Approved
LV00996,EMP00063,Sick Leave,2025-02-12,2025-02-21,9,Pending
LV00997,EMP02557,Sick Leave,2026-01-19,2026-01-21,2,Pending
LV00998,EMP00909,Casual Leave,2026-07-08,2026-07-12,4,Approved
LV00999,EMP01602,Casual Leave,2026-07-03,2026-07-05,2,Approved
LV01000,EMP03047,Sick Leave,2025-01-19,2025-01-20,1,Pending
LV01001,EMP02395,Sick Leave,2026-04-21,2026-04-24,3,Pending
LV01002,EMP00805,Casual Leave,2025-07-05,2025-07-13,8,Approved
LV01003,EMP02801,Earned Leave,2026-03-01,2026-03-07,6,Approved
LV01004,EMP00698,Unpaid Leave,2025-12-19,2025-12-24,5,Pending
LV01005,EMP00752,Unpaid Leave,2025-10-26,2025-10-29,3,Approved
LV01006,EMP00638,Sick Leave,2026-07-15,2026-07-25,10,Approved
LV01007,EMP00047,Maternity Leave,2026-03-06,2026-03-11,5,Approved
LV01008,EMP02285,Paternity Leave,2025-03-28,2025-03-31,3,Rejected
LV01009,EMP02336,Unpaid Leave,2026-03-18,2026-03-19,1,Pending
LV01010,EMP01860,Unpaid Leave,2025-01-15,2025-01-24,9,Approved
LV01011,EMP00390,Casual Leave,2026-03-25,2026-04-03,9,Pending
LV01012,EMP03112,Casual Leave,2025-06-09,2025-06-19,10,Rejected
LV01013,EMP01114,Sick Leave,2025-10-20,2025-10-23,3,Approved
LV01014,EMP01288,Earned Leave,2025-08-27,2025-08-31,4,Rejected
LV01015,EMP01383,Sick Leave,2026-01-08,2026-01-13,5,Approved
LV01016,EMP01674,Earned Leave,2025-06-02,2025-06-05,3,Rejected
LV01017,EMP02052,Unpaid Leave,2026-01-26,2026-02-05,10,Rejected
LV01018,EMP02320,Paternity Leave,2025-09-19,2025-09-25,6,Rejected
LV01019,EMP02740,Unpaid Leave,2025-09-12,2025-09-15,3,Pending
LV01020,EMP93008,Sick Leave,2026-05-31,2026-06-07,7,Rejected
LV01021,EMP02028,Unpaid Leave,2025-01-23,2025-01-24,1,Approved
LV01022,EMP02842,Earned Leave,2025-06-20,2025-06-21,1,Rejected
LV01023,EMP01731,Unpaid Leave,2025-05-22,2025-06-01,10,Pending
LV01024,EMP00347,Earned Leave,2025-11-26,2025-11-28,2,Approved
LV01025,EMP01576,Sick Leave,2026-06-22,2026-07-01,9,Approved
LV01026,EMP00230,Unpaid Leave,2026-02-10,2026-02-20,10,Approved
LV01027,EMP02322,Maternity Leave,2025-10-13,2025-10-14,1,Approved
LV01028,EMP00435,Earned Leave,2026-05-28,2026-06-04,7,Rejected
LV01029,EMP01367,Earned Leave,2026-04-30,2026-05-09,9,Approved
LV01030,EMP01303,Casual Leave,2025-11-10,2025-11-12,2,Rejected
LV01031,EMP00575,Maternity Leave,2025-06-21,2025-06-24,3,Pending
LV01032,EMP01733,Unpaid Leave,2025-03-03,2025-03-08,5,Rejected
LV01033,EMP01554,Maternity Leave,2025-06-06,2025-06-10,4,Approved
LV01034,EMP00856,Maternity Leave,2025-08-14,2025-08-17,3,Pending
LV01035,EMP02431,Maternity Leave,2025-05-04,2025-05-11,7,Pending
LV01036,EMP01278,Paternity Leave,2025-01-18,2025-01-19,1,Rejected
LV01037,EMP03058,Unpaid Leave,2026-06-17,2026-06-20,3,Rejected
LV01038,EMP01372,Paternity Leave,2025-12-26,2025-12-30,4,Rejected
LV01039,EMP01093,Paternity Leave,2025-12-25,2025-12-29,4,Approved
LV01040,EMP00254,Paternity Leave,2026-02-22,2026-03-01,7,Rejected
LV01041,EMP01708,Paternity Leave,2025-06-15,2025-06-23,8,Rejected
LV01042,EMP95140,Paternity Leave,2025-07-08,2025-07-11,3,Pending
LV01043,EMP00322,Earned Leave,2025-04-16,2025-04-23,7,Pending
LV01044,EMP00622,Paternity Leave,2025-01-13,2025-01-16,3,Rejected
LV01045,EMP00180,Casual Leave,2025-10-15,2025-10-19,4,Rejected
LV01046,EMP01732,Earned Leave,2025-05-28,2025-05-31,3,Rejected
LV01047,EMP01098,Unpaid Leave,2026-04-12,2026-04-19,7,Pending
LV01048,EMP01127,Maternity Leave,2026-06-12,2026-06-15,3,Approved
LV01049,EMP01210,Maternity Leave,2026-05-05,2026-05-07,2,Approved
LV01050,EMP02350,Unpaid Leave,2025-03-18,2025-03-20,2,Rejected
LV01051,EMP03161,Maternity Leave,2025-11-26,2025-11-27,1,Rejected
LV01052,EMP01150,Sick Leave,2025-11-17,2025-11-19,2,Approved
LV01053,EMP01938,Sick Leave,2025-07-23,2025-07-30,7,Approved
LV01054,EMP02195,Maternity Leave,2025-02-08,2025-02-18,10,Pending
LV01055,EMP02929,Earned Leave,2025-05-18,2025-05-20,2,Approved
LV01056,EMP00367,Earned Leave,2025-03-17,2025-03-24,7,Approved
LV01057,EMP00274,Casual Leave,2025-02-10,2025-02-11,1,Pending
LV01058,EMP03005,Casual Leave,2025-04-19,2025-04-28,9,Rejected
LV01059,EMP00192,Sick Leave,2025-01-25,2025-01-29,4,Rejected
LV01060,EMP00413,Casual Leave,2026-05-06,2026-05-08,2,Pending
LV01061,EMP01619,Paternity Leave,2026-03-01,2026-03-11,10,Approved
LV01062,EMP00523,Earned Leave,2025-06-05,2025-06-11,6,Rejected
LV01063,EMP02042,Paternity Leave,2025-09-02,2025-09-05,3,Pending
LV01064,EMP02668,Casual Leave,2025-11-10,2025-11-19,9,Rejected
LV01065,EMP01062,Casual Leave,2025-08-16,2025-08-17,1,Pending
LV01066,EMP00676,Casual Leave,2025-10-11,2025-10-21,10,Pending
LV01067,EMP01503,Earned Leave,2025-03-04,2025-03-09,5,Pending
LV01068,EMP00271,Unpaid Leave,2026-02-14,2026-02-22,8,Rejected
LV01069,EMP01830,Earned Leave,2025-03-24,2025-03-27,3,Rejected
LV01070,EMP02608,Earned Leave,2025-06-26,2025-06-27,1,Approved
LV01071,EMP01578,Earned Leave,2026-05-19,2026-05-29,10,Pending
LV01072,EMP01222,Paternity Leave,2026-05-10,2026-05-17,7,Rejected
LV01073,EMP00630,Casual Leave,2025-11-08,2025-11-15,7,Pending
LV01074,EMP01064,Casual Leave,2025-12-14,2025-12-24,10,Pending
LV01075,EMP01150,Casual Leave,2025-02-11,2025-02-16,5,Pending
LV01076,EMP00549,Unpaid Leave,2025-10-17,2025-10-26,9,Approved
LV01077,EMP01615,Paternity Leave,2026-01-25,2026-02-04,10,Approved
LV01078,EMP01602,Casual Leave,2025-04-11,2025-04-12,1,Approved
LV01079,EMP01073,Casual Leave,2025-08-16,2025-08-22,6,Rejected
LV01080,EMP01413,Earned Leave,2025-06-01,2025-06-08,7,Rejected
LV01081,EMP00157,Unpaid Leave,2025-05-12,2025-05-17,5,Pending
LV01082,EMP00666,Unpaid Leave,2025-02-19,2025-02-22,3,Rejected
LV01083,EMP00974,Casual Leave,2026-04-16,2026-04-21,5,Approved
LV01084,EMP00796,Sick Leave,2026-07-07,2026-07-10,3,Rejected
LV01085,EMP00124,Paternity Leave,2025-06-23,2025-07-01,8,Approved
LV01086,EMP00034,Earned Leave,2026-01-25,2026-02-04,10,Pending
LV01087,EMP01737,Paternity Leave,2025-12-02,2025-12-11,9,Pending
LV01088,EMP01735,Paternity Leave,2025-06-10,2025-06-15,5,Rejected
LV01089,EMP03164,Casual Leave,2025-07-16,2025-07-24,8,Approved
LV01090,EMP01482,Sick Leave,2025-08-29,2025-09-03,5,Approved
LV01091,EMP95085,Earned Leave,2026-02-17,2026-02-18,1,Pending
LV01092,EMP01846,Unpaid Leave,2025-10-16,2025-10-23,7,Approved
LV01093,EMP03142,Unpaid Leave,2026-06-10,2026-06-17,7,Pending
LV01094,EMP02882,Casual Leave,2025-04-27,2025-05-03,6,Approved
LV01095,EMP00188,Paternity Leave,2025-04-14,2025-04-19,5,Rejected
LV01096,EMP92352,Paternity Leave,2025-06-09,2025-06-16,7,Rejected
LV01097,EMP02909,Paternity Leave,2025-10-05,2025-10-07,2,Pending
LV01098,EMP01632,Earned Leave,2025-10-21,2025-10-26,5,Rejected
LV01099,EMP02993,Paternity Leave,2026-02-16,2026-02-18,2,Pending
LV01100,EMP03018,Casual Leave,2026-02-10,2026-02-18,8,Pending
LV01101,EMP02222,Earned Leave,2025-08-24,2025-08-27,3,Approved
LV01102,EMP00275,Paternity Leave,2025-01-24,2025-01-30,6,Rejected
LV01103,EMP02278,Earned Leave,2025-07-02,2025-07-11,9,Approved
LV01104,EMP02883,Casual Leave,2025-12-21,2025-12-22,1,Approved
LV01105,EMP01958,Unpaid Leave,2025-03-08,2025-03-11,3,Rejected
LV01106,EMP00959,Unpaid Leave,2025-10-10,2025-10-18,8,Approved
LV01107,EMP02252,Earned Leave,2025-12-24,2025-12-30,6,Rejected
LV01108,EMP00367,Maternity Leave,2025-02-03,2025-02-09,6,Rejected
LV01109,EMP02901,Maternity Leave,2025-03-25,2025-03-27,2,Approved
LV01110,EMP01364,Unpaid Leave,2026-05-18,2026-05-28,10,Pending
LV01111,EMP00926,Casual Leave,2025-09-27,2025-10-04,7,Pending
LV01112,EMP01618,Earned Leave,2026-07-05,2026-07-13,8,Rejected
LV01113,EMP02984,Unpaid Leave,2025-02-23,2025-03-04,9,Rejected
LV01114,EMP00685,Unpaid Leave,2025-11-11,2025-11-19,8,Rejected
LV01115,EMP00419,Maternity Leave,2025-12-05,2025-12-11,6,Pending
LV01116,EMP00864,Paternity Leave,2026-07-13,2026-07-15,2,Approved
LV01117,EMP01332,Paternity Leave,2025-05-23,2025-05-28,5,Pending
LV01118,EMP01273,Casual Leave,2026-03-26,2026-04-02,7,Approved
LV01119,EMP01504,Paternity Leave,2025-11-17,2025-11-19,2,Approved
LV01120,EMP01407,Casual Leave,2026-03-29,2026-04-05,7,Approved
LV01121,EMP02924,Maternity Leave,2026-05-26,2026-06-01,6,Pending
LV01122,EMP01006,Maternity Leave,2025-03-07,2025-03-17,10,Rejected
LV01123,EMP02507,Earned Leave,2025-10-10,2025-10-12,2,Approved
LV01124,EMP02542,Casual Leave,2025-05-28,2025-06-03,6,Pending
LV01125,EMP01231,Earned Leave,2025-12-26,2025-12-27,1,Approved
LV01126,EMP03017,Sick Leave,2026-05-20,2026-05-24,4,Rejected
LV01127,EMP02916,Casual Leave,2025-02-17,2025-02-18,1,Approved
LV01128,EMP02775,Paternity Leave,2025-04-23,2025-04-30,7,Rejected
LV01129,EMP01635,Sick Leave,2025-10-24,2025-11-03,10,Pending
LV01130,EMP02765,Casual Leave,2026-04-02,2026-04-03,1,Pending
LV01131,EMP00635,Casual Leave,2025-10-26,2025-11-04,9,Pending
LV01132,EMP01768,Paternity Leave,2025-04-24,2025-04-29,5,Rejected
LV01133,EMP01869,Maternity Leave,2025-09-02,2025-09-10,8,Approved
LV01134,EMP01227,Maternity Leave,2025-08-24,2025-08-31,7,Rejected
LV01135,EMP00305,Paternity Leave,2026-01-07,2026-01-16,9,Approved
LV01136,EMP00951,Sick Leave,2025-10-02,2025-10-03,1,Pending
LV01137,EMP00262,Paternity Leave,2025-03-01,2025-03-07,6,Pending
LV01138,EMP01246,Earned Leave,2025-12-21,2025-12-27,6,Pending
LV01139,EMP00426,Unpaid Leave,2026-02-22,2026-02-26,4,Approved
LV01140,EMP02544,Sick Leave,2025-02-11,2025-02-17,6,Approved
LV01141,EMP02185,Casual Leave,2025-12-12,2025-12-14,2,Rejected
LV01142,EMP02600,Earned Leave,2025-05-02,2025-05-07,5,Rejected
LV01143,EMP00370,Maternity Leave,2026-04-04,2026-04-08,4,Rejected
LV01144,EMP00007,Casual Leave,2025-09-12,2025-09-15,3,Approved
LV01145,EMP01318,Unpaid Leave,2025-06-02,2025-06-12,10,Approved
LV01146,EMP02945,Casual Leave,2025-01-28,2025-01-31,3,Approved
LV01147,EMP03173,Paternity Leave,2026-05-28,2026-06-03,6,Rejected
LV01148,EMP02801,Unpaid Leave,2025-12-07,2025-12-16,9,Rejected
LV01149,EMP94554,Unpaid Leave,2025-10-17,2025-10-20,3,Rejected
LV01150,EMP02454,Sick Leave,2025-12-13,2025-12-18,5,Rejected
LV01151,EMP00281,Casual Leave,2025-02-08,2025-02-16,8,Pending
LV01152,EMP03004,Earned Leave,2026-05-29,2026-05-31,2,Approved
LV01153,EMP02204,Sick Leave,2025-01-20,2025-01-29,9,Pending
LV01154,EMP00369,Unpaid Leave,2025-08-08,2025-08-13,5,Approved
LV01155,EMP01710,Unpaid Leave,2026-06-13,2026-06-20,7,Rejected
LV01156,EMP01180,Casual Leave,2025-01-21,2025-01-23,2,Pending
LV01157,EMP00759,Maternity Leave,2025-10-17,2025-10-27,10,Rejected
LV01158,EMP00697,Earned Leave,2026-05-08,2026-05-10,2,Approved
LV01159,EMP01585,Maternity Leave,2025-12-09,2025-12-10,1,Pending
LV01160,EMP01912,Unpaid Leave,2025-10-17,2025-10-18,1,Rejected
LV01161,EMP01532,Earned Leave,2025-02-12,2025-02-17,5,Rejected
LV01162,EMP00643,Sick Leave,2025-01-19,2025-01-21,2,Approved
LV01163,EMP00467,Unpaid Leave,2026-06-08,2026-06-10,2,Approved
LV01164,EMP01431,Unpaid Leave,2025-09-15,2025-09-19,4,Approved
LV01165,EMP00525,Maternity Leave,2026-06-27,2026-06-29,2,Pending
LV01166,EMP01002,Earned Leave,2025-06-24,2025-07-04,10,Rejected
LV01167,EMP02592,Maternity Leave,2026-01-12,2026-01-22,10,Approved
LV01168,EMP00048,Sick Leave,2025-10-28,2025-10-30,2,Pending
LV01169,EMP02892,Sick Leave,2026-04-23,2026-04-28,5,Approved
LV01170,EMP00522,Earned Leave,2025-07-29,2025-08-06,8,Approved
LV01171,EMP02973,Unpaid Leave,2025-01-19,2025-01-22,3,Rejected
LV01172,EMP01513,Sick Leave,2025-04-25,2025-04-29,4,Rejected
LV01173,EMP03034,Casual Leave,2026-05-06,2026-05-12,6,Approved
LV01174,EMP02812,Earned Leave,2025-02-03,2025-02-05,2,Approved
LV01175,EMP01077,Unpaid Leave,2025-04-28,2025-05-05,7,Approved
LV01176,EMP01482,Unpaid Leave,2026-04-18,2026-04-27,9,Approved
LV01177,EMP02882,Paternity Leave,2025-02-04,2025-02-05,1,Rejected
LV01178,EMP01745,Maternity Leave,2025-08-09,2025-08-13,4,Approved
LV01179,EMP01955,Earned Leave,2025-11-29,2025-12-05,6,Pending
LV01180,EMP00150,Maternity Leave,2025-08-25,2025-08-26,1,Approved
LV01181,EMP02204,Earned Leave,2026-04-06,2026-04-08,2,Pending
LV01182,EMP03086,Unpaid Leave,2025-05-24,2025-05-30,6,Approved
LV01183,EMP01466,Maternity Leave,2025-05-11,2025-05-20,9,Pending
LV01184,EMP00355,Unpaid Leave,2025-12-21,2025-12-30,9,Rejected
LV01185,EMP00024,Casual Leave,2025-06-23,2025-06-25,2,Pending
LV01186,EMP03153,Paternity Leave,2025-10-17,2025-10-19,2,Approved
LV01187,EMP02283,Sick Leave,2026-02-06,2026-02-15,9,Approved
LV01188,EMP01469,Sick Leave,2025-10-07,2025-10-10,3,Pending
LV01189,EMP00618,Casual Leave,2026-07-04,2026-07-11,7,Approved
LV01190,EMP01818,Earned Leave,2026-03-24,2026-03-29,5,Pending
LV01191,EMP00084,Earned Leave,2025-10-08,2025-10-15,7,Pending
LV01192,EMP02918,Casual Leave,2025-11-09,2025-11-12,3,Approved
LV01193,EMP02299,Paternity Leave,2025-12-24,2025-12-25,1,Approved
LV01194,EMP02533,Sick Leave,2025-02-01,2025-02-11,10,Pending
LV01195,EMP02514,Casual Leave,2025-06-20,2025-06-26,6,Rejected
LV01196,EMP03054,Maternity Leave,2025-06-16,2025-06-23,7,Rejected
LV01197,EMP01014,Casual Leave,2026-03-06,2026-03-09,3,Pending
LV01198,EMP01311,Unpaid Leave,2025-12-08,2025-12-17,9,Approved
LV01199,EMP02605,Casual Leave,2026-03-22,2026-03-31,9,Rejected
LV01200,EMP01701,Earned Leave,2025-01-22,2025-01-24,2,Approved
LV01201,EMP01346,Sick Leave,2025-09-27,2025-09-29,2,Pending
LV01202,EMP00264,Unpaid Leave,2025-09-30,2025-10-07,7,Approved
LV01203,EMP00658,Casual Leave,2025-04-23,2025-04-25,2,Rejected
LV01204,EMP02940,Paternity Leave,2026-05-19,2026-05-26,7,Approved
LV01205,EMP01123,Sick Leave,2026-03-25,2026-03-30,5,Pending
LV01206,EMP00209,Unpaid Leave,2025-08-09,2025-08-19,10,Rejected
LV01207,EMP02081,Maternity Leave,2025-01-29,2025-02-01,3,Rejected
LV01208,EMP03125,Casual Leave,2026-03-10,2026-03-11,1,Approved
LV01209,EMP00641,Paternity Leave,2026-04-15,2026-04-22,7,Approved
LV01210,EMP00498,Casual Leave,2025-05-06,2025-05-12,6,Approved
LV01211,EMP01405,Maternity Leave,2025-04-18,2025-04-19,1,Pending
LV01212,EMP02952,Maternity Leave,2025-05-26,2025-06-05,10,Rejected
LV01213,EMP03138,Unpaid Leave,2026-05-22,2026-05-24,2,Pending
LV01214,EMP03123,Unpaid Leave,2026-05-14,2026-05-22,8,Approved
LV01215,EMP00745,Earned Leave,2025-06-19,2025-06-21,2,Pending
LV01216,EMP00083,Casual Leave,2026-06-19,2026-06-26,7,Pending
LV01217,EMP02595,Maternity Leave,2025-08-01,2025-08-03,2,Pending
LV01218,EMP00549,Unpaid Leave,2025-08-27,2025-08-31,4,Pending
LV01219,EMP01632,Paternity Leave,2025-04-25,2025-05-04,9,Approved
LV01220,EMP02876,Maternity Leave,2025-05-14,2025-05-16,2,Pending
LV01221,EMP01047,Maternity Leave,2025-03-17,2025-03-22,5,Pending
LV01222,EMP00530,Sick Leave,2025-10-04,2025-10-14,10,Rejected
LV01223,EMP03107,Maternity Leave,2025-07-26,2025-07-29,3,Pending
LV01224,EMP00778,Sick Leave,2025-07-11,2025-07-17,6,Pending
LV01225,EMP01012,Sick Leave,2025-12-17,2025-12-25,8,Rejected
LV01226,EMP01373,Sick Leave,2025-10-16,2025-10-22,6,Approved
LV01227,EMP03032,Paternity Leave,2026-04-09,2026-04-16,7,Approved
LV01228,EMP01323,Earned Leave,2025-11-11,2025-11-20,9,Approved
LV01229,EMP00518,Paternity Leave,2026-05-31,2026-06-10,10,Pending
LV01230,EMP00819,Sick Leave,2025-11-25,2025-11-26,1,Rejected
LV01231,EMP02187,Maternity Leave,2025-02-26,2025-03-06,8,Approved
LV01232,EMP02890,Paternity Leave,2026-04-10,2026-04-12,2,Rejected
LV01233,EMP02117,Earned Leave,2025-03-31,2025-04-05,5,Rejected
LV01234,EMP01810,Sick Leave,2025-07-21,2025-07-24,3,Pending
LV01235,EMP00652,Sick Leave,2025-04-24,2025-05-02,8,Rejected
LV01236,EMP00551,Sick Leave,2025-01-26,2025-01-28,2,Rejected
LV01237,EMP00436,Casual Leave,2026-07-03,2026-07-07,4,Rejected
LV01238,EMP00702,Earned Leave,2026-04-15,2026-04-17,2,Approved
LV01239,EMP02819,Maternity Leave,2025-05-21,2025-05-25,4,Pending
LV01240,EMP00116,Paternity Leave,2025-10-29,2025-11-02,4,Approved
LV01241,EMP01079,Paternity Leave,2026-01-26,2026-02-05,10,Pending
LV01242,EMP02644,Unpaid Leave,2025-05-23,2025-05-25,2,Approved
LV01243,EMP00012,Casual Leave,2025-09-26,2025-10-06,10,Pending
LV01244,EMP02429,Unpaid Leave,2026-05-11,2026-05-14,3,Pending
LV01245,EMP02552,Unpaid Leave,2025-05-15,2025-05-17,2,Rejected
LV01246,EMP01796,Unpaid Leave,2026-05-26,2026-06-02,7,Pending
LV01247,EMP00055,Paternity Leave,2025-06-28,2025-07-04,6,Pending
LV01248,EMP03149,Maternity Leave,2026-03-11,2026-03-15,4,Pending
LV01249,EMP02937,Paternity Leave,2025-09-25,2025-10-01,6,Pending
LV01250,EMP03188,Earned Leave,2026-03-17,2026-03-24,7,Pending
LV01251,EMP00770,Paternity Leave,2025-03-06,2025-03-09,3,Pending
LV01252,EMP01931,Unpaid Leave,2025-11-11,2025-11-15,4,Rejected
LV01253,EMP01520,Casual Leave,2025-01-17,2025-01-26,9,Approved
LV01254,EMP01944,Sick Leave,2025-03-27,2025-03-28,1,Approved
LV01255,EMP96976,Maternity Leave,2025-08-28,2025-09-02,5,Pending
LV01256,EMP03087,Maternity Leave,2026-03-20,2026-03-22,2,Approved
LV01257,EMP00115,Paternity Leave,2025-01-11,2025-01-18,7,Rejected
LV01258,EMP01841,Casual Leave,2025-07-22,2025-07-27,5,Approved
LV01259,EMP01385,Paternity Leave,2025-08-09,2025-08-11,2,Pending
LV01260,EMP00885,Casual Leave,2026-01-30,2026-01-31,1,Rejected
LV01261,EMP01986,Paternity Leave,2025-12-12,2025-12-13,1,Rejected
LV01262,EMP02465,Earned Leave,2025-01-31,2025-02-02,2,Approved
LV01263,EMP02462,Unpaid Leave,2025-12-22,2025-12-24,2,Approved
LV01264,EMP02446,Unpaid Leave,2026-04-26,2026-04-30,4,Pending
LV01265,EMP00906,Earned Leave,2026-03-25,2026-04-04,10,Rejected
LV01266,EMP02414,Paternity Leave,2025-11-08,2025-11-15,7,Rejected
LV01267,EMP02598,Casual Leave,2025-03-29,2025-04-05,7,Rejected
LV01268,EMP01210,Casual Leave,2026-06-12,2026-06-18,6,Approved
LV01269,EMP00390,Maternity Leave,2025-01-14,2025-01-24,10,Pending
LV01270,EMP02251,Unpaid Leave,2025-01-29,2025-02-05,7,Approved
LV01271,EMP02663,Maternity Leave,2026-01-12,2026-01-15,3,Pending
LV01272,EMP03059,Earned Leave,2025-07-18,2025-07-24,6,Approved
LV01273,EMP02229,Maternity Leave,2026-05-05,2026-05-06,1,Pending
LV01274,EMP02727,Sick Leave,2025-04-16,2025-04-22,6,Approved
LV01275,EMP00178,Earned Leave,2025-12-27,2025-12-30,3,Pending
LV01276,EMP02379,Earned Leave,2026-03-21,2026-03-25,4,Approved
LV01277,EMP01454,Earned Leave,2026-03-31,2026-04-05,5,Pending
LV01278,EMP02493,Unpaid Leave,2025-04-05,2025-04-09,4,Pending
LV01279,EMP02963,Casual Leave,2025-09-16,2025-09-18,2,Approved
LV01280,EMP02313,Maternity Leave,2025-10-03,2025-10-04,1,Approved
LV01281,EMP91150,Earned Leave,2025-04-26,2025-04-28,2,Pending
LV01282,EMP02995,Paternity Leave,2025-08-03,2025-08-12,9,Rejected
LV01283,EMP01170,Sick Leave,2025-12-22,2025-12-25,3,Pending
LV01284,EMP02495,Earned Leave,2026-02-25,2026-03-03,6,Approved
LV01285,EMP00062,Casual Leave,2025-12-26,2026-01-04,9,Approved
LV01286,EMP02927,Unpaid Leave,2025-03-20,2025-03-29,9,Pending
LV01287,EMP00489,Maternity Leave,2026-05-16,2026-05-19,3,Rejected
LV01288,EMP00501,Sick Leave,2026-05-03,2026-05-10,7,Approved
LV01289,EMP00445,Sick Leave,2026-01-17,2026-01-19,2,Approved
LV01290,EMP91420,Unpaid Leave,2025-05-06,2025-05-07,1,Pending
LV01291,EMP00733,Maternity Leave,2025-10-16,2025-10-18,2,Rejected
LV01292,EMP00910,Paternity Leave,2026-01-30,2026-02-01,2,Pending
LV01293,EMP02753,Casual Leave,2025-05-19,2025-05-26,7,Pending
LV01294,EMP00915,Unpaid Leave,2025-09-30,2025-10-08,8,Rejected
LV01295,EMP01008,Earned Leave,2026-03-23,2026-04-02,10,Rejected
LV01296,EMP00890,Unpaid Leave,2025-01-14,2025-01-18,4,Approved
LV01297,EMP01061,Unpaid Leave,2025-03-30,2025-04-01,2,Approved
LV01298,EMP00530,Earned Leave,2025-12-14,2025-12-15,1,Pending
LV01299,EMP02970,Earned Leave,2025-01-25,2025-02-01,7,Pending
LV01300,EMP00980,Maternity Leave,2025-09-30,2025-10-03,3,Approved
LV01301,EMP02740,Earned Leave,2026-01-12,2026-01-16,4,Rejected
LV01302,EMP01564,Paternity Leave,2025-03-18,2025-03-26,8,Approved
LV01303,EMP01576,Unpaid Leave,2025-08-26,2025-08-28,2,Pending
LV01304,EMP01176,Casual Leave,2025-09-28,2025-09-29,1,Rejected
LV01305,EMP00622,Casual Leave,2025-06-16,2025-06-25,9,Pending
LV01306,EMP00871,Unpaid Leave,2025-07-04,2025-07-11,7,Rejected
LV01307,EMP01977,Earned Leave,2026-01-29,2026-01-30,1,Approved
LV01308,EMP01338,Sick Leave,2025-12-01,2025-12-03,2,Pending
LV01309,EMP00741,Sick Leave,2026-06-12,2026-06-20,8,Pending
LV01310,EMP01007,Sick Leave,2025-05-25,2025-05-28,3,Rejected
LV01311,EMP00814,Earned Leave,2025-05-30,2025-06-06,7,Approved
LV01312,EMP02565,Unpaid Leave,2026-03-15,2026-03-18,3,Rejected
LV01313,EMP02164,Paternity Leave,2025-08-20,2025-08-29,9,Rejected
LV01314,EMP00647,Earned Leave,2026-02-23,2026-02-28,5,Approved
LV01315,EMP03001,Sick Leave,2025-12-26,2025-12-31,5,Approved
LV01316,EMP02848,Unpaid Leave,2026-03-23,2026-03-29,6,Rejected
LV01317,EMP01830,Sick Leave,2026-02-11,2026-02-17,6,Approved
LV01318,EMP03023,Unpaid Leave,2025-06-14,2025-06-15,1,Approved
LV01319,EMP01113,Sick Leave,2026-07-02,2026-07-07,5,Pending
LV01320,EMP02863,Unpaid Leave,2026-07-14,2026-07-24,10,Approved
LV01321,EMP00775,Paternity Leave,2026-05-01,2026-05-07,6,Pending
LV01322,EMP00082,Sick Leave,2025-01-19,2025-01-25,6,Pending
LV01323,EMP01510,Unpaid Leave,2026-02-26,2026-03-06,8,Rejected
LV01324,EMP03012,Casual Leave,2026-03-17,2026-03-24,7,Pending
LV01325,EMP01298,Maternity Leave,2026-04-06,2026-04-11,5,Rejected
LV01326,EMP01277,Sick Leave,2025-05-25,2025-05-31,6,Rejected
LV01327,EMP02149,Sick Leave,2025-03-23,2025-03-24,1,Pending
LV01328,EMP02093,Earned Leave,2025-04-23,2025-04-29,6,Pending
LV01329,EMP01472,Sick Leave,2026-02-17,2026-02-20,3,Rejected
LV01330,EMP01676,Maternity Leave,2025-10-30,2025-11-07,8,Pending
LV01331,EMP01202,Sick Leave,2026-01-22,2026-01-23,1,Approved
LV01332,EMP00753,Paternity Leave,2026-02-20,2026-02-21,1,Pending
LV01333,EMP00612,Casual Leave,2025-11-21,2025-11-28,7,Pending
LV01334,EMP02789,Paternity Leave,2025-10-24,2025-11-03,10,Rejected
LV01335,EMP02250,Casual Leave,2025-03-02,2025-03-04,2,Rejected
LV01336,EMP02585,Maternity Leave,2025-06-20,2025-06-22,2,Pending
LV01337,EMP00703,Casual Leave,2025-02-04,2025-02-12,8,Approved
LV01338,EMP02118,Sick Leave,2026-06-21,2026-06-24,3,Rejected
LV01339,EMP02320,Unpaid Leave,2026-01-29,2026-02-06,8,Pending
LV01340,EMP03031,Earned Leave,2026-02-14,2026-02-21,7,Pending
LV01341,EMP02988,Earned Leave,2026-01-19,2026-01-29,10,Approved
LV01342,EMP00771,Paternity Leave,2025-10-27,2025-10-30,3,Approved
LV01343,EMP02357,Paternity Leave,2026-05-31,2026-06-03,3,Pending
LV01344,EMP03102,Earned Leave,2026-01-17,2026-01-26,9,Pending
LV01345,EMP02791,Sick Leave,2025-10-22,2025-10-23,1,Rejected
LV01346,EMP01985,Sick Leave,2025-08-30,2025-09-02,3,Rejected
LV01347,EMP02730,Unpaid Leave,2026-03-09,2026-03-15,6,Pending
LV01348,EMP00404,Unpaid Leave,2025-10-04,2025-10-07,3,Rejected
LV01349,EMP00361,Sick Leave,2026-01-14,2026-01-23,9,Approved
LV01350,EMP00665,Unpaid Leave,2025-11-29,2025-12-06,7,Rejected
LV01351,EMP00302,Sick Leave,2026-07-07,2026-07-10,3,Pending
LV01352,EMP93437,Maternity Leave,2025-06-30,2025-07-06,6,Pending
LV01353,EMP02760,Paternity Leave,2025-07-14,2025-07-22,8,Rejected
LV01354,EMP01174,Casual Leave,2026-02-17,2026-02-25,8,Rejected
LV01355,EMP00647,Earned Leave,2025-11-22,2025-11-29,7,Rejected
LV01356,EMP02830,Casual Leave,2025-08-25,2025-08-27,2,Approved
LV01357,EMP00140,Maternity Leave,2026-01-19,2026-01-20,1,Rejected
LV01358,EMP00025,Maternity Leave,2025-11-09,2025-11-12,3,Approved
LV01359,EMP02929,Paternity Leave,2025-06-03,2025-06-08,5,Pending
LV01360,EMP03034,Maternity Leave,2026-07-14,2026-07-20,6,Approved
LV01361,EMP00628,Maternity Leave,2026-06-28,2026-07-04,6,Pending
LV01362,EMP02108,Sick Leave,2026-03-31,2026-04-01,1,Pending
LV01363,EMP03002,Maternity Leave,2025-06-19,2025-06-29,10,Pending
LV01364,EMP00731,Casual Leave,2025-01-02,2025-01-08,6,Rejected
LV01365,EMP01651,Maternity Leave,2025-03-01,2025-03-09,8,Rejected
LV01366,EMP00385,Unpaid Leave,2026-05-05,2026-05-08,3,Rejected
LV01367,EMP02890,Earned Leave,2026-01-16,2026-01-20,4,Approved
LV01368,EMP02720,Paternity Leave,2025-01-04,2025-01-12,8,Pending
LV01369,EMP00366,Casual Leave,2026-05-07,2026-05-11,4,Approved
LV01370,EMP01791,Sick Leave,2026-01-24,2026-01-28,4,Approved
LV01371,EMP00550,Earned Leave,2025-12-29,2026-01-01,3,Approved
LV01372,EMP00537,Casual Leave,2025-05-13,2025-05-17,4,Pending
LV01373,EMP01778,Paternity Leave,2025-01-23,2025-02-02,10,Pending
LV01374,EMP00532,Earned Leave,2025-01-26,2025-01-27,1,Approved
LV01375,EMP03183,Sick Leave,2025-11-04,2025-11-13,9,Approved
LV01376,EMP00228,Unpaid Leave,2026-03-20,2026-03-21,1,Rejected
LV01377,EMP03119,Casual Leave,2025-07-17,2025-07-21,4,Pending
LV01378,EMP02314,Casual Leave,2026-05-03,2026-05-09,6,Pending
LV01379,EMP01082,Sick Leave,2025-07-29,2025-08-05,7,Approved
LV01380,EMP02504,Casual Leave,2025-08-10,2025-08-19,9,Approved
LV01381,EMP00930,Sick Leave,2025-05-25,2025-05-30,5,Rejected
LV01382,EMP00837,Paternity Leave,2025-01-07,2025-01-17,10,Pending
LV01383,EMP00833,Casual Leave,2025-08-02,2025-08-04,2,Approved
LV01384,EMP00550,Casual Leave,2025-11-04,2025-11-14,10,Rejected
LV01385,EMP02536,Earned Leave,2025-02-05,2025-02-07,2,Rejected
LV01386,EMP00058,Maternity Leave,2026-01-16,2026-01-19,3,Approved
LV01387,EMP02922,Maternity Leave,2025-08-27,2025-09-05,9,Approved
LV01388,EMP01044,Earned Leave,2025-12-09,2025-12-16,7,Approved
LV01389,EMP02808,Paternity Leave,2025-11-13,2025-11-18,5,Rejected
LV01390,EMP01851,Unpaid Leave,2025-08-09,2025-08-12,3,Pending
LV01391,EMP01285,Casual Leave,2026-04-06,2026-04-08,2,Rejected
LV01392,EMP02547,Casual Leave,2025-07-28,2025-07-31,3,Pending
LV01393,EMP01520,Casual Leave,2026-02-03,2026-02-09,6,Rejected
LV01394,EMP00639,Sick Leave,2025-08-16,2025-08-21,5,Pending
LV01395,EMP02781,Paternity Leave,2025-04-26,2025-05-02,6,Rejected
LV01396,EMP00337,Maternity Leave,2025-07-18,2025-07-24,6,Pending
LV01397,EMP00855,Paternity Leave,2025-01-31,2025-02-04,4,Rejected
LV01398,EMP03117,Casual Leave,2026-05-23,2026-05-31,8,Rejected
LV01399,EMP01634,Paternity Leave,2025-04-29,2025-05-05,6,Pending
LV01400,EMP02304,Sick Leave,2026-01-13,2026-01-20,7,Rejected
LV01401,EMP00327,Unpaid Leave,2025-02-02,2025-02-11,9,Rejected
LV01402,EMP01162,Paternity Leave,2025-01-18,2025-01-20,2,Rejected
LV01403,EMP02784,Paternity Leave,2025-01-16,2025-01-26,10,Approved
LV01404,EMP00586,Maternity Leave,2026-02-28,2026-03-09,9,Rejected
LV01405,EMP02365,Unpaid Leave,2026-06-05,2026-06-13,8,Rejected
LV01406,EMP03053,Casual Leave,2026-06-04,2026-06-09,5,Rejected
LV01407,EMP00488,Casual Leave,2026-07-01,2026-07-11,10,Pending
LV01408,EMP01364,Unpaid Leave,2025-09-26,2025-09-27,1,Rejected
LV01409,EMP01474,Casual Leave,2026-04-08,2026-04-17,9,Pending
LV01410,EMP01064,Paternity Leave,2025-02-02,2025-02-04,2,Approved
LV01411,EMP01766,Earned Leave,2025-02-02,2025-02-06,4,Rejected
LV01412,EMP01801,Casual Leave,2025-05-28,2025-06-05,8,Rejected
LV01413,EMP01420,Unpaid Leave,2025-03-17,2025-03-20,3,Approved
LV01414,EMP02699,Paternity Leave,2025-11-25,2025-11-26,1,Approved
LV01415,EMP00712,Paternity Leave,2026-06-14,2026-06-15,1,Approved
LV01416,EMP00877,Paternity Leave,2026-07-12,2026-07-15,3,Rejected
LV01417,EMP01220,Paternity Leave,2026-04-09,2026-04-11,2,Rejected
LV01418,EMP02246,Sick Leave,2025-08-30,2025-09-09,10,Approved
LV01419,EMP01507,Earned Leave,2026-04-07,2026-04-14,7,Rejected
LV01420,EMP02606,Casual Leave,2026-03-11,2026-03-16,5,Pending
LV01421,EMP02255,Sick Leave,2025-07-11,2025-07-19,8,Pending
LV01422,EMP02644,Maternity Leave,2025-05-23,2025-06-01,9,Rejected
LV01423,EMP00203,Unpaid Leave,2025-02-02,2025-02-06,4,Pending
LV01424,EMP01197,Earned Leave,2026-01-28,2026-01-30,2,Pending
LV01425,EMP03179,Earned Leave,2026-01-13,2026-01-20,7,Rejected
LV01426,EMP02741,Paternity Leave,2025-02-06,2025-02-08,2,Pending
LV01427,EMP00894,Sick Leave,2025-05-14,2025-05-23,9,Pending
LV01428,EMP01705,Casual Leave,2026-03-26,2026-04-03,8,Approved
LV01429,EMP03103,Casual Leave,2025-08-22,2025-08-25,3,Rejected
LV01430,EMP02198,Sick Leave,2025-10-02,2025-10-03,1,Pending
LV01431,EMP00681,Earned Leave,2025-10-29,2025-10-30,1,Pending
LV01432,EMP03100,Earned Leave,2025-12-29,2026-01-01,3,Approved
LV01433,EMP02445,Maternity Leave,2025-11-12,2025-11-15,3,Pending
LV01434,EMP01784,Earned Leave,2025-10-07,2025-10-16,9,Pending
LV01435,EMP01236,Casual Leave,2025-09-01,2025-09-09,8,Rejected
LV01436,EMP02831,Casual Leave,2026-03-23,2026-03-30,7,Rejected
LV01437,EMP91039,Maternity Leave,2026-05-09,2026-05-15,6,Approved
LV01438,EMP03050,Unpaid Leave,2025-03-18,2025-03-22,4,Pending
LV01439,EMP01446,Unpaid Leave,2026-02-05,2026-02-12,7,Approved
LV01440,EMP00278,Earned Leave,2025-02-24,2025-03-04,8,Pending
LV01441,EMP01631,Earned Leave,2025-05-30,2025-06-04,5,Pending
LV01442,EMP01238,Sick Leave,2025-11-03,2025-11-13,10,Rejected
LV01443,EMP00022,Maternity Leave,2025-01-21,2025-01-23,2,Rejected
LV01444,EMP02208,Casual Leave,2026-05-31,2026-06-09,9,Approved
LV01445,EMP01970,Earned Leave,2025-01-21,2025-01-24,3,Rejected
LV01446,EMP00950,Unpaid Leave,2026-02-11,2026-02-12,1,Pending
LV01447,EMP01377,Unpaid Leave,2025-08-03,2025-08-07,4,Pending
LV01448,EMP00467,Paternity Leave,2026-06-20,2026-06-27,7,Rejected
LV01449,EMP01942,Earned Leave,2026-05-31,2026-06-03,3,Rejected
LV01450,EMP02583,Earned Leave,2026-07-02,2026-07-10,8,Approved
LV01451,EMP02196,Casual Leave,2025-06-26,2025-07-01,5,Rejected
LV01452,EMP02681,Paternity Leave,2026-03-06,2026-03-09,3,Approved
LV01453,EMP02695,Sick Leave,2026-06-06,2026-06-11,5,Approved
LV01454,EMP00074,Earned Leave,2025-08-22,2025-08-29,7,Rejected
LV01455,EMP01263,Unpaid Leave,2026-03-09,2026-03-17,8,Approved
LV01456,EMP02702,Unpaid Leave,2026-03-20,2026-03-27,7,Pending
LV01457,EMP00016,Paternity Leave,2026-01-23,2026-02-01,9,Rejected
LV01458,EMP01043,Sick Leave,2025-02-07,2025-02-17,10,Approved
LV01459,EMP02490,Unpaid Leave,2025-03-09,2025-03-15,6,Pending
LV01460,EMP01086,Paternity Leave,2025-03-14,2025-03-20,6,Approved
LV01461,EMP01163,Paternity Leave,2026-04-20,2026-04-24,4,Rejected
LV01462,EMP02650,Casual Leave,2026-01-20,2026-01-28,8,Pending
LV01463,EMP00264,Earned Leave,2025-09-18,2025-09-22,4,Rejected
LV01464,EMP00302,Unpaid Leave,2025-10-19,2025-10-23,4,Rejected
LV01465,EMP01137,Sick Leave,2025-12-27,2026-01-02,6,Pending
LV01466,EMP01315,Earned Leave,2025-01-30,2025-02-04,5,Approved
LV01467,EMP00078,Maternity Leave,2026-06-30,2026-07-08,8,Rejected
LV01468,EMP02072,Maternity Leave,2026-03-10,2026-03-14,4,Pending
LV01469,EMP00080,Unpaid Leave,2025-02-28,2025-03-07,7,Pending
LV01470,EMP01640,Unpaid Leave,2026-01-14,2026-01-24,10,Rejected
LV01471,EMP02530,Sick Leave,2025-11-21,2025-12-01,10,Approved
LV01472,EMP98657,Earned Leave,2025-12-03,2025-12-06,3,Pending
LV01473,EMP01706,Earned Leave,2025-10-16,2025-10-18,2,Approved
LV01474,EMP02828,Unpaid Leave,2025-09-22,2025-09-24,2,Pending
LV01475,EMP01952,Casual Leave,2025-07-20,2025-07-27,7,Approved
LV01476,EMP00055,Maternity Leave,2026-06-27,2026-07-02,5,Approved
LV01477,EMP01911,Earned Leave,2025-08-15,2025-08-24,9,Approved
LV01478,EMP00632,Unpaid Leave,2025-07-27,2025-08-02,6,Approved
LV01479,EMP01595,Earned Leave,2026-03-16,2026-03-25,9,Approved
LV01480,EMP00443,Sick Leave,2026-05-28,2026-06-02,5,Rejected
LV01481,EMP02637,Paternity Leave,2025-05-10,2025-05-13,3,Pending
LV01482,EMP00079,Casual Leave,2025-07-21,2025-07-24,3,Rejected
LV01483,EMP02105,Maternity Leave,2025-11-18,2025-11-20,2,Rejected
LV01484,EMP00736,Unpaid Leave,2026-03-12,2026-03-21,9,Rejected
LV01485,EMP02655,Sick Leave,2026-06-19,2026-06-23,4,Rejected
LV01486,EMP02691,Sick Leave,2025-06-13,2025-06-20,7,Pending
LV01487,EMP94241,Paternity Leave,2026-05-26,2026-05-27,1,Pending
LV01488,EMP01246,Sick Leave,2025-02-02,2025-02-09,7,Approved
LV01489,EMP00304,Sick Leave,2025-09-03,2025-09-04,1,Rejected
LV01490,EMP01927,Casual Leave,2025-10-11,2025-10-13,2,Rejected
LV01491,EMP01519,Sick Leave,2025-12-13,2025-12-16,3,Pending
LV01492,EMP01916,Earned Leave,2025-03-31,2025-04-05,5,Pending
LV01493,EMP00982,Maternity Leave,2025-12-03,2025-12-05,2,Approved
LV01494,EMP02956,Casual Leave,2026-05-29,2026-06-04,6,Approved
LV01495,EMP02150,Sick Leave,2026-06-01,2026-06-10,9,Approved
LV01496,EMP02096,Casual Leave,2025-02-06,2025-02-14,8,Pending
LV01497,EMP00919,Casual Leave,2025-11-26,2025-12-02,6,Rejected
LV01498,EMP01516,Maternity Leave,2025-04-02,2025-04-04,2,Pending
LV01499,EMP02762,Sick Leave,2026-06-18,2026-06-19,1,Pending
LV01500,EMP00060,Earned Leave,2025-07-04,2025-07-10,6,Rejected
LV01501,EMP01238,Earned Leave,2026-05-19,2026-05-29,10,Pending
LV01502,EMP01232,Maternity Leave,2026-01-08,2026-01-09,1,Rejected
LV01503,EMP00365,Maternity Leave,2025-12-26,2026-01-02,7,Rejected
LV01504,EMP02744,Paternity Leave,2025-11-08,2025-11-14,6,Approved
LV01505,EMP02365,Earned Leave,2026-01-05,2026-01-10,5,Pending
LV01506,EMP01643,Earned Leave,2025-12-09,2025-12-15,6,Rejected
LV01507,EMP03200,Earned Leave,2025-02-09,2025-02-16,7,Approved
LV01508,EMP96083,Unpaid Leave,2026-03-26,2026-04-04,9,Rejected
LV01509,EMP98020,Earned Leave,2025-11-11,2025-11-13,2,Approved
LV01510,EMP02874,Maternity Leave,2026-01-18,2026-01-21,3,Pending
LV01511,EMP00628,Maternity Leave,2025-10-04,2025-10-13,9,Pending
LV01512,EMP03133,Unpaid Leave,2026-01-26,2026-01-28,2,Rejected
LV01513,EMP02375,Casual Leave,2026-05-03,2026-05-13,10,Pending
LV01514,EMP00349,Paternity Leave,2025-02-11,2025-02-14,3,Pending
LV01515,EMP03163,Casual Leave,2026-05-01,2026-05-09,8,Rejected
LV01516,EMP00661,Unpaid Leave,2025-02-07,2025-02-12,5,Approved
LV01517,EMP00915,Earned Leave,2026-04-04,2026-04-08,4,Pending
LV01518,EMP00405,Unpaid Leave,2025-01-29,2025-02-08,10,Approved
LV01519,EMP03076,Maternity Leave,2026-01-06,2026-01-16,10,Rejected
LV01520,EMP03065,Casual Leave,2026-03-08,2026-03-10,2,Pending
LV01521,EMP00973,Unpaid Leave,2026-02-25,2026-02-28,3,Approved
LV01522,EMP02816,Maternity Leave,2025-06-14,2025-06-21,7,Pending
LV01523,EMP00709,Maternity Leave,2026-05-16,2026-05-21,5,Approved
LV01524,EMP00557,Sick Leave,2025-07-24,2025-08-01,8,Pending
LV01525,EMP01956,Earned Leave,2025-11-19,2025-11-22,3,Pending
LV01526,EMP00334,Unpaid Leave,2026-05-05,2026-05-14,9,Rejected
LV01527,EMP02079,Paternity Leave,2026-04-06,2026-04-13,7,Rejected
LV01528,EMP00569,Maternity Leave,2025-09-22,2025-10-02,10,Pending
LV01529,EMP00485,Maternity Leave,2025-04-10,2025-04-17,7,Rejected
LV01530,EMP02942,Sick Leave,2025-10-26,2025-11-03,8,Rejected
LV01531,EMP94236,Paternity Leave,2025-09-14,2025-09-23,9,Pending
LV01532,EMP01412,Casual Leave,2026-07-01,2026-07-02,1,Approved
LV01533,EMP02931,Unpaid Leave,2025-04-15,2025-04-25,10,Approved
LV01534,EMP02654,Sick Leave,2026-06-08,2026-06-10,2,Rejected
LV01535,EMP00322,Sick Leave,2025-06-12,2025-06-17,5,Rejected
LV01536,EMP00396,Maternity Leave,2025-02-02,2025-02-04,2,Pending
LV01537,EMP01391,Unpaid Leave,2025-09-12,2025-09-15,3,Rejected
LV01538,EMP01228,Casual Leave,2026-03-07,2026-03-13,6,Pending
LV01539,EMP00131,Maternity Leave,2025-08-15,2025-08-23,8,Pending
LV01540,EMP00416,Paternity Leave,2025-07-20,2025-07-21,1,Rejected
LV01541,EMP03148,Sick Leave,2026-03-14,2026-03-15,1,Approved
LV01542,EMP00288,Sick Leave,2025-05-09,2025-05-12,3,Approved
LV01543,EMP02710,Unpaid Leave,2026-07-11,2026-07-20,9,Pending
LV01544,EMP02021,Paternity Leave,2026-01-02,2026-01-04,2,Approved
LV01545,EMP02632,Maternity Leave,2025-09-13,2025-09-20,7,Pending
LV01546,EMP02496,Casual Leave,2025-05-09,2025-05-17,8,Rejected
LV01547,EMP03009,Unpaid Leave,2025-02-17,2025-02-26,9,Pending
LV01548,EMP02212,Casual Leave,2025-01-22,2025-01-28,6,Pending
LV01549,EMP01383,Casual Leave,2025-10-27,2025-11-02,6,Pending
LV01550,EMP00638,Unpaid Leave,2025-12-29,2026-01-07,9,Approved
LV01551,EMP00652,Paternity Leave,2025-08-08,2025-08-16,8,Pending
LV01552,EMP00745,Paternity Leave,2026-03-27,2026-04-05,9,Pending
LV01553,EMP01251,Paternity Leave,2025-07-18,2025-07-26,8,Approved
LV01554,EMP01925,Earned Leave,2025-02-27,2025-03-08,9,Rejected
LV01555,EMP01763,Earned Leave,2025-07-28,2025-07-29,1,Pending
LV01556,EMP01661,Maternity Leave,2025-01-18,2025-01-19,1,Rejected
LV01557,EMP03172,Paternity Leave,2025-07-23,2025-07-30,7,Rejected
LV01558,EMP02582,Paternity Leave,2025-10-08,2025-10-12,4,Pending
LV01559,EMP00124,Paternity Leave,2025-01-17,2025-01-19,2,Rejected
LV01560,EMP00192,Earned Leave,2025-09-02,2025-09-12,10,Approved
LV01561,EMP02706,Sick Leave,2026-02-14,2026-02-21,7,Approved
LV01562,EMP00901,Earned Leave,2025-06-29,2025-07-01,2,Approved
LV01563,EMP01095,Casual Leave,2025-12-23,2025-12-24,1,Approved
LV01564,EMP01191,Maternity Leave,2025-03-21,2025-03-25,4,Approved
LV01565,EMP01971,Paternity Leave,2025-12-17,2025-12-21,4,Pending
LV01566,EMP02978,Sick Leave,2025-01-21,2025-01-22,1,Pending
LV01567,EMP02167,Earned Leave,2025-12-07,2025-12-11,4,Rejected
LV01568,EMP01510,Sick Leave,2025-04-21,2025-04-23,2,Approved
LV01569,EMP00375,Paternity Leave,2026-05-13,2026-05-21,8,Rejected
LV01570,EMP01235,Casual Leave,2025-09-22,2025-09-30,8,Approved
LV01571,EMP02796,Unpaid Leave,2026-01-18,2026-01-20,2,Pending
LV01572,EMP00268,Paternity Leave,2025-03-24,2025-03-27,3,Rejected
LV01573,EMP02802,Unpaid Leave,2026-05-18,2026-05-23,5,Pending
LV01574,EMP02746,Paternity Leave,2026-07-07,2026-07-15,8,Rejected
LV01575,EMP00045,Sick Leave,2026-06-08,2026-06-18,10,Rejected
LV01576,EMP02314,Sick Leave,2025-07-09,2025-07-14,5,Rejected
LV01577,EMP00952,Unpaid Leave,2026-06-17,2026-06-25,8,Rejected
LV01578,EMP02529,Casual Leave,2026-03-11,2026-03-16,5,Pending
LV01579,EMP98752,Unpaid Leave,2025-12-25,2025-12-26,1,Rejected
LV01580,EMP02938,Sick Leave,2025-12-08,2025-12-12,4,Approved
LV01581,EMP00722,Casual Leave,2025-02-06,2025-02-12,6,Approved
LV01582,EMP00072,Maternity Leave,2025-07-30,2025-08-07,8,Rejected
LV01583,EMP02456,Sick Leave,2025-11-13,2025-11-22,9,Rejected
LV01584,EMP02314,Maternity Leave,2026-04-16,2026-04-21,5,Pending
LV01585,EMP00624,Paternity Leave,2025-12-30,2026-01-09,10,Approved
LV01586,EMP00780,Casual Leave,2025-06-29,2025-07-04,5,Pending
LV01587,EMP02263,Maternity Leave,2026-04-14,2026-04-19,5,Rejected
LV01588,EMP00984,Maternity Leave,2025-12-10,2025-12-14,4,Pending
LV01589,EMP01533,Casual Leave,2025-04-01,2025-04-06,5,Approved
LV01590,EMP01646,Unpaid Leave,2025-11-14,2025-11-17,3,Approved
LV01591,EMP02286,Sick Leave,2025-11-21,2025-11-30,9,Pending
LV01592,EMP03033,Earned Leave,2026-02-11,2026-02-19,8,Rejected
LV01593,EMP01346,Unpaid Leave,2025-01-18,2025-01-23,5,Pending
LV01594,EMP03162,Unpaid Leave,2025-12-11,2025-12-21,10,Pending
LV01595,EMP02797,Paternity Leave,2026-03-30,2026-04-03,4,Approved
LV01596,EMP02624,Paternity Leave,2025-03-15,2025-03-21,6,Pending
LV01597,EMP00806,Sick Leave,2026-02-18,2026-02-26,8,Pending
LV01598,EMP02066,Sick Leave,2025-01-11,2025-01-18,7,Approved
LV01599,EMP01961,Maternity Leave,2025-10-23,2025-10-29,6,Approved
LV01600,EMP02061,Sick Leave,2026-06-12,2026-06-16,4,Rejected
LV01601,EMP00796,Sick Leave,2025-08-30,2025-09-07,8,Approved
LV01602,EMP00896,Casual Leave,2026-02-08,2026-02-11,3,Pending
LV01603,EMP02597,Casual Leave,2026-04-21,2026-04-22,1,Rejected
LV01604,EMP03198,Sick Leave,2026-04-24,2026-05-02,8,Pending
LV01605,EMP00702,Casual Leave,2025-05-06,2025-05-11,5,Pending
LV01606,EMP01396,Earned Leave,2026-03-23,2026-04-02,10,Rejected
LV01607,EMP02593,Paternity Leave,2025-10-08,2025-10-14,6,Rejected
LV01608,EMP02793,Sick Leave,2025-03-08,2025-03-14,6,Approved
LV01609,EMP02919,Unpaid Leave,2026-04-28,2026-04-30,2,Approved
LV01610,EMP00489,Maternity Leave,2025-08-25,2025-08-28,3,Pending
LV01611,EMP00727,Earned Leave,2025-11-08,2025-11-11,3,Approved
LV01612,EMP02095,Sick Leave,2026-06-03,2026-06-06,3,Approved
LV01613,EMP02850,Maternity Leave,2026-05-17,2026-05-27,10,Approved
LV01614,EMP03022,Sick Leave,2025-04-19,2025-04-21,2,Pending
LV01615,EMP02750,Sick Leave,2026-04-17,2026-04-20,3,Rejected
LV01616,EMP00170,Sick Leave,2026-02-20,2026-02-28,8,Rejected
LV01617,EMP00230,Paternity Leave,2026-04-07,2026-04-17,10,Approved
LV01618,EMP03044,Casual Leave,2025-04-30,2025-05-06,6,Pending
LV01619,EMP02553,Earned Leave,2025-03-27,2025-04-03,7,Pending
LV01620,EMP00203,Paternity Leave,2025-08-03,2025-08-13,10,Approved
LV01621,EMP02273,Casual Leave,2025-06-27,2025-07-03,6,Approved
LV01622,EMP02077,Earned Leave,2025-09-15,2025-09-17,2,Rejected
LV01623,EMP02369,Unpaid Leave,2025-02-26,2025-03-04,6,Rejected
LV01624,EMP01307,Paternity Leave,2026-07-13,2026-07-17,4,Approved
LV01625,EMP01287,Paternity Leave,2025-04-24,2025-04-30,6,Pending
LV01626,EMP00076,Maternity Leave,2025-03-07,2025-03-10,3,Approved
LV01627,EMP01262,Unpaid Leave,2025-02-06,2025-02-14,8,Pending
LV01628,EMP00767,Unpaid Leave,2026-03-27,2026-04-05,9,Approved
LV01629,EMP00292,Unpaid Leave,2026-04-08,2026-04-17,9,Approved
LV01630,EMP01854,Casual Leave,2025-03-25,2025-03-27,2,Pending
LV01631,EMP03139,Earned Leave,2026-04-07,2026-04-11,4,Rejected
LV01632,EMP02934,Sick Leave,2025-08-03,2025-08-09,6,Pending
LV01633,EMP02116,Earned Leave,2025-02-22,2025-02-27,5,Pending
LV01634,EMP01012,Maternity Leave,2026-05-13,2026-05-16,3,Rejected
LV01635,EMP01838,Paternity Leave,2025-02-19,2025-02-25,6,Rejected
LV01636,EMP02823,Casual Leave,2025-05-20,2025-05-28,8,Pending
LV01637,EMP01494,Earned Leave,2026-06-14,2026-06-15,1,Pending
LV01638,EMP01238,Paternity Leave,2025-02-23,2025-03-03,8,Rejected
LV01639,EMP02013,Casual Leave,2026-06-28,2026-07-08,10,Approved
LV01640,EMP01861,Sick Leave,2026-06-22,2026-06-26,4,Pending
LV01641,EMP02412,Sick Leave,2025-04-22,2025-04-30,8,Rejected
LV01642,EMP01894,Casual Leave,2025-05-24,2025-05-25,1,Rejected
LV01643,EMP02517,Maternity Leave,2026-07-14,2026-07-24,10,Approved
LV01644,EMP99478,Maternity Leave,2026-03-27,2026-04-02,6,Rejected
LV01645,EMP02836,Sick Leave,2025-09-01,2025-09-04,3,Rejected
LV01646,EMP02169,Earned Leave,2025-02-25,2025-03-01,4,Approved
LV01647,EMP02225,Unpaid Leave,2025-09-03,2025-09-04,1,Approved
LV01648,EMP02967,Earned Leave,2025-10-11,2025-10-12,1,Rejected
LV01649,EMP01179,Casual Leave,2026-01-12,2026-01-22,10,Approved
LV01650,EMP00072,Sick Leave,2025-05-11,2025-05-14,3,Approved
LV01651,EMP02739,Paternity Leave,2025-03-15,2025-03-17,2,Pending
LV01652,EMP00976,Sick Leave,2026-06-09,2026-06-18,9,Pending
LV01653,EMP00913,Sick Leave,2025-09-06,2025-09-15,9,Pending
LV01654,EMP00397,Casual Leave,2025-02-04,2025-02-05,1,Rejected
LV01655,EMP01943,Maternity Leave,2025-02-14,2025-02-22,8,Rejected
LV01656,EMP00730,Sick Leave,2026-02-21,2026-02-25,4,Approved
LV01657,EMP01860,Earned Leave,2025-08-02,2025-08-11,9,Rejected
LV01658,EMP02313,Sick Leave,2025-06-06,2025-06-08,2,Pending
LV01659,EMP01089,Earned Leave,2026-04-09,2026-04-19,10,Pending
LV01660,EMP00156,Casual Leave,2026-04-12,2026-04-18,6,Pending
LV01661,EMP01838,Unpaid Leave,2026-05-07,2026-05-11,4,Rejected
LV01662,EMP01322,Casual Leave,2025-09-18,2025-09-19,1,Rejected
LV01663,EMP01306,Sick Leave,2025-08-01,2025-08-05,4,Rejected
LV01664,EMP00908,Unpaid Leave,2025-11-16,2025-11-25,9,Approved
LV01665,EMP01576,Casual Leave,2025-09-13,2025-09-14,1,Rejected
LV01666,EMP01293,Paternity Leave,2026-06-16,2026-06-17,1,Approved
LV01667,EMP02949,Paternity Leave,2025-05-13,2025-05-21,8,Rejected
LV01668,EMP01573,Casual Leave,2026-06-06,2026-06-08,2,Pending
LV01669,EMP02503,Maternity Leave,2025-11-20,2025-11-21,1,Pending
LV01670,EMP02223,Paternity Leave,2025-05-31,2025-06-10,10,Rejected
LV01671,EMP00310,Earned Leave,2026-02-06,2026-02-10,4,Approved
LV01672,EMP03089,Maternity Leave,2025-02-04,2025-02-13,9,Rejected
LV01673,EMP00735,Earned Leave,2026-05-25,2026-05-27,2,Pending
LV01674,EMP02968,Sick Leave,2025-03-02,2025-03-05,3,Pending
LV01675,EMP00843,Casual Leave,2026-02-10,2026-02-14,4,Rejected
LV01676,EMP01532,Casual Leave,2025-06-25,2025-06-26,1,Rejected
LV01677,EMP02202,Maternity Leave,2026-03-13,2026-03-22,9,Pending
LV01678,EMP03141,Sick Leave,2025-06-27,2025-07-01,4,Rejected
LV01679,EMP02851,Earned Leave,2025-04-25,2025-05-02,7,Rejected
LV01680,EMP00260,Maternity Leave,2025-08-18,2025-08-19,1,Approved
LV01681,EMP02377,Sick Leave,2025-08-17,2025-08-19,2,Pending
LV01682,EMP02561,Casual Leave,2025-03-28,2025-04-07,10,Approved
LV01683,EMP02273,Maternity Leave,2025-12-18,2025-12-25,7,Approved
LV01684,EMP00935,Earned Leave,2025-09-10,2025-09-11,1,Rejected
LV01685,EMP01832,Casual Leave,2025-09-12,2025-09-18,6,Pending
LV01686,EMP00924,Paternity Leave,2026-06-22,2026-06-27,5,Pending
LV01687,EMP02230,Paternity Leave,2026-07-12,2026-07-16,4,Approved
LV01688,EMP02439,Maternity Leave,2025-03-23,2025-03-25,2,Pending
LV01689,EMP02555,Casual Leave,2025-05-24,2025-05-31,7,Approved
LV01690,EMP01439,Casual Leave,2025-06-11,2025-06-12,1,Rejected
LV01691,EMP00866,Casual Leave,2026-03-18,2026-03-23,5,Approved
LV01692,EMP03121,Maternity Leave,2025-09-05,2025-09-07,2,Pending
LV01693,EMP00859,Sick Leave,2026-04-03,2026-04-10,7,Pending
LV01694,EMP01132,Paternity Leave,2026-04-19,2026-04-24,5,Rejected
LV01695,EMP00959,Unpaid Leave,2026-04-11,2026-04-21,10,Pending
LV01696,EMP03185,Sick Leave,2025-11-15,2025-11-18,3,Approved
LV01697,EMP02588,Paternity Leave,2025-10-03,2025-10-06,3,Pending
LV01698,EMP01330,Unpaid Leave,2025-11-18,2025-11-26,8,Pending
LV01699,EMP00115,Unpaid Leave,2026-03-31,2026-04-03,3,Rejected
LV01700,EMP03033,Maternity Leave,2025-03-07,2025-03-15,8,Approved
LV01701,EMP02428,Earned Leave,2025-08-25,2025-08-31,6,Pending
LV01702,EMP01947,Maternity Leave,2025-12-15,2025-12-24,9,Rejected
LV01703,EMP02500,Unpaid Leave,2025-01-21,2025-01-25,4,Pending
LV01704,EMP00840,Earned Leave,2026-05-02,2026-05-11,9,Approved
LV01705,EMP01660,Earned Leave,2025-08-23,2025-09-02,10,Rejected
LV01706,EMP01564,Earned Leave,2025-11-03,2025-11-09,6,Approved
LV01707,EMP03186,Unpaid Leave,2026-04-30,2026-05-01,1,Rejected
LV01708,EMP02420,Sick Leave,2025-11-26,2025-12-05,9,Rejected
LV01709,EMP01829,Sick Leave,2026-07-04,2026-07-14,10,Approved
LV01710,EMP00674,Sick Leave,2026-06-25,2026-07-03,8,Rejected
LV01711,EMP02558,Maternity Leave,2025-07-27,2025-08-05,9,Approved
LV01712,EMP03059,Casual Leave,2025-09-14,2025-09-23,9,Rejected
LV01713,EMP00580,Maternity Leave,2025-09-14,2025-09-16,2,Rejected
LV01714,EMP02968,Unpaid Leave,2025-07-26,2025-07-29,3,Approved
LV01715,EMP02111,Earned Leave,2026-05-08,2026-05-12,4,Rejected
LV01716,EMP02958,Earned Leave,2025-08-11,2025-08-14,3,Rejected
LV01717,EMP02818,Paternity Leave,2026-01-13,2026-01-22,9,Pending
LV01718,EMP01532,Sick Leave,2026-04-30,2026-05-08,8,Approved
LV01719,EMP00436,Maternity Leave,2026-01-17,2026-01-25,8,Approved
LV01720,EMP02428,Maternity Leave,2025-04-27,2025-04-29,2,Rejected
LV01721,EMP00589,Earned Leave,2025-12-22,2025-12-23,1,Pending
LV01722,EMP96382,Casual Leave,2025-05-11,2025-05-13,2,Rejected
LV01723,EMP00982,Sick Leave,2025-07-26,2025-07-29,3,Pending
LV01724,EMP02071,Maternity Leave,2025-04-07,2025-04-13,6,Rejected
LV01725,EMP02235,Earned Leave,2026-02-24,2026-02-26,2,Approved
LV01726,EMP00217,Paternity Leave,2025-01-03,2025-01-13,10,Approved
LV01727,EMP02897,Maternity Leave,2025-04-25,2025-05-01,6,Approved
LV01728,EMP00809,Paternity Leave,2025-09-05,2025-09-12,7,Pending
LV01729,EMP01086,Earned Leave,2026-05-14,2026-05-19,5,Pending
LV01730,EMP01559,Earned Leave,2025-07-27,2025-07-29,2,Rejected
LV01731,EMP02236,Earned Leave,2025-11-07,2025-11-10,3,Pending
LV01732,EMP00132,Casual Leave,2026-02-11,2026-02-15,4,Rejected
LV01733,EMP01518,Maternity Leave,2026-03-31,2026-04-01,1,Pending
LV01734,EMP01666,Earned Leave,2025-08-04,2025-08-13,9,Rejected
LV01735,EMP01878,Unpaid Leave,2025-05-25,2025-05-27,2,Pending
LV01736,EMP01155,Unpaid Leave,2026-03-13,2026-03-14,1,Pending
LV01737,EMP97369,Unpaid Leave,2025-10-02,2025-10-09,7,Approved
LV01738,EMP00635,Maternity Leave,2025-03-31,2025-04-04,4,Rejected
LV01739,EMP02885,Maternity Leave,2025-09-13,2025-09-16,3,Approved
LV01740,EMP02863,Casual Leave,2025-08-13,2025-08-17,4,Approved
LV01741,EMP01570,Earned Leave,2025-04-29,2025-05-09,10,Rejected
LV01742,EMP02003,Earned Leave,2026-06-23,2026-06-25,2,Approved
LV01743,EMP00101,Sick Leave,2026-02-20,2026-02-26,6,Rejected
LV01744,EMP02194,Sick Leave,2026-03-07,2026-03-14,7,Approved
LV01745,EMP02212,Casual Leave,2026-06-16,2026-06-17,1,Rejected
LV01746,EMP00993,Unpaid Leave,2026-02-09,2026-02-17,8,Approved
LV01747,EMP03028,Sick Leave,2026-02-06,2026-02-10,4,Rejected
LV01748,EMP00645,Sick Leave,2025-04-20,2025-04-22,2,Rejected
LV01749,EMP01416,Unpaid Leave,2025-02-17,2025-02-20,3,Rejected
LV01750,EMP01399,Paternity Leave,2025-01-13,2025-01-19,6,Pending
LV01751,EMP02004,Sick Leave,2026-05-27,2026-06-03,7,Rejected
LV01752,EMP01303,Sick Leave,2026-06-29,2026-07-08,9,Pending
LV01753,EMP01937,Unpaid Leave,2025-02-09,2025-02-11,2,Approved
LV01754,EMP02185,Casual Leave,2026-01-27,2026-02-03,7,Pending
LV01755,EMP02531,Casual Leave,2025-07-04,2025-07-06,2,Pending
LV01756,EMP02869,Maternity Leave,2026-03-04,2026-03-10,6,Pending
LV01757,EMP01936,Paternity Leave,2026-05-14,2026-05-19,5,Rejected
LV01758,EMP02109,Paternity Leave,2025-05-27,2025-06-02,6,Approved
LV01759,EMP00454,Earned Leave,2025-11-28,2025-12-06,8,Pending
LV01760,EMP00795,Earned Leave,2025-01-04,2025-01-08,4,Pending
LV01761,EMP01847,Casual Leave,2025-06-24,2025-07-01,7,Rejected
LV01762,EMP02078,Casual Leave,2026-01-25,2026-01-30,5,Rejected
LV01763,EMP01979,Maternity Leave,2025-10-03,2025-10-05,2,Pending
LV01764,EMP00843,Paternity Leave,2025-11-24,2025-11-30,6,Pending
LV01765,EMP02903,Unpaid Leave,2025-06-11,2025-06-17,6,Approved
LV01766,EMP00509,Maternity Leave,2026-03-20,2026-03-29,9,Pending
LV01767,EMP00941,Maternity Leave,2026-07-14,2026-07-23,9,Pending
LV01768,EMP02718,Unpaid Leave,2025-03-11,2025-03-13,2,Pending
LV01769,EMP02185,Sick Leave,2025-07-26,2025-07-27,1,Approved
LV01770,EMP00578,Unpaid Leave,2025-09-18,2025-09-27,9,Pending
LV01771,EMP01886,Maternity Leave,2025-09-25,2025-10-02,7,Approved
LV01772,EMP00718,Paternity Leave,2025-06-02,2025-06-09,7,Rejected
LV01773,EMP00532,Unpaid Leave,2025-01-16,2025-01-21,5,Rejected
LV01774,EMP00288,Sick Leave,2025-08-20,2025-08-21,1,Pending
LV01775,EMP02763,Unpaid Leave,2025-08-20,2025-08-25,5,Pending
LV01776,EMP02347,Sick Leave,2026-03-25,2026-03-26,1,Pending
LV01777,EMP02112,Sick Leave,2026-02-13,2026-02-20,7,Approved
LV01778,EMP02383,Paternity Leave,2025-11-03,2025-11-06,3,Pending
LV01779,EMP03023,Maternity Leave,2026-02-20,2026-02-22,2,Rejected
LV01780,EMP00958,Sick Leave,2025-11-01,2025-11-03,2,Pending
LV01781,EMP00336,Earned Leave,2025-12-23,2026-01-01,9,Approved
LV01782,EMP01012,Casual Leave,2026-04-12,2026-04-17,5,Pending
LV01783,EMP00898,Maternity Leave,2026-01-04,2026-01-10,6,Rejected
LV01784,EMP02529,Paternity Leave,2025-06-27,2025-07-06,9,Approved
LV01785,EMP01932,Earned Leave,2026-01-17,2026-01-22,5,Approved
LV01786,EMP01574,Earned Leave,2026-06-28,2026-07-07,9,Pending
LV01787,EMP00070,Maternity Leave,2026-05-09,2026-05-14,5,Rejected
LV01788,EMP00102,Earned Leave,2025-02-10,2025-02-15,5,Pending
LV01789,EMP00393,Paternity Leave,2025-06-21,2025-06-24,3,Approved
LV01790,EMP00500,Maternity Leave,2025-10-05,2025-10-11,6,Pending
LV01791,EMP01502,Unpaid Leave,2026-06-04,2026-06-05,1,Rejected
LV01792,EMP00593,Earned Leave,2025-04-06,2025-04-16,10,Pending
LV01793,EMP00157,Paternity Leave,2025-07-01,2025-07-07,6,Approved
LV01794,EMP02535,Paternity Leave,2025-07-02,2025-07-09,7,Approved
LV01795,EMP00950,Paternity Leave,2026-07-03,2026-07-08,5,Pending
LV01796,EMP02316,Maternity Leave,2026-05-14,2026-05-18,4,Pending
LV01797,EMP01483,Casual Leave,2025-05-11,2025-05-16,5,Rejected
LV01798,EMP02445,Unpaid Leave,2025-10-25,2025-11-04,10,Rejected
LV01799,EMP01428,Sick Leave,2026-07-02,2026-07-06,4,Pending
LV01800,EMP01364,Maternity Leave,2025-09-17,2025-09-23,6,Pending
LV01801,EMP02275,Sick Leave,2025-10-13,2025-10-17,4,Approved
LV01802,EMP02182,Maternity Leave,2025-06-24,2025-06-30,6,Approved
LV01803,EMP01916,Earned Leave,2025-01-07,2025-01-15,8,Rejected
LV01804,EMP02552,Earned Leave,2026-05-17,2026-05-22,5,Pending
LV01805,EMP02628,Casual Leave,2025-06-04,2025-06-05,1,Rejected
LV01806,EMP02483,Earned Leave,2025-03-19,2025-03-23,4,Pending
LV01807,EMP02768,Earned Leave,2026-06-29,2026-07-09,10,Approved
LV01808,EMP02792,Earned Leave,2026-03-07,2026-03-08,1,Approved
LV01809,EMP00180,Casual Leave,2025-06-08,2025-06-12,4,Rejected
LV01810,EMP02230,Unpaid Leave,2025-03-22,2025-03-26,4,Rejected
LV01811,EMP01010,Earned Leave,2025-03-11,2025-03-21,10,Approved
LV01812,EMP01034,Casual Leave,2025-05-26,2025-05-31,5,Pending
LV01813,EMP01395,Maternity Leave,2026-02-21,2026-02-25,4,Rejected
LV01814,EMP01577,Unpaid Leave,2025-04-29,2025-05-03,4,Rejected
LV01815,EMP01320,Maternity Leave,2025-01-11,2025-01-13,2,Approved
LV01816,EMP00981,Unpaid Leave,2025-11-24,2025-11-27,3,Pending
LV01817,EMP01149,Casual Leave,2025-03-17,2025-03-27,10,Approved
LV01818,EMP01031,Casual Leave,2025-01-11,2025-01-16,5,Rejected
LV01819,EMP03133,Paternity Leave,2025-06-23,2025-07-03,10,Approved
LV01820,EMP92819,Casual Leave,2025-01-31,2025-02-05,5,Approved
LV01821,EMP02302,Unpaid Leave,2026-03-29,2026-04-04,6,Rejected
LV01822,EMP02524,Casual Leave,2025-02-17,2025-02-23,6,Approved
LV01823,EMP00748,Maternity Leave,2026-02-14,2026-02-19,5,Rejected
LV01824,EMP02521,Sick Leave,2026-02-08,2026-02-17,9,Rejected
LV01825,EMP00149,Sick Leave,2026-06-28,2026-07-04,6,Pending
LV01826,EMP00007,Paternity Leave,2026-04-27,2026-05-01,4,Pending
LV01827,EMP02588,Maternity Leave,2026-01-29,2026-02-07,9,Approved
LV01828,EMP02859,Paternity Leave,2025-04-06,2025-04-08,2,Rejected
LV01829,EMP00807,Earned Leave,2025-05-14,2025-05-17,3,Approved
LV01830,EMP00850,Earned Leave,2025-08-24,2025-09-03,10,Rejected
LV01831,EMP02750,Casual Leave,2025-03-10,2025-03-11,1,Approved
LV01832,EMP02263,Maternity Leave,2025-12-29,2026-01-03,5,Rejected
LV01833,EMP01422,Unpaid Leave,2026-03-23,2026-03-25,2,Rejected
LV01834,EMP02914,Paternity Leave,2025-12-24,2025-12-31,7,Rejected
LV01835,EMP02740,Unpaid Leave,2026-01-06,2026-01-14,8,Pending
LV01836,EMP02410,Paternity Leave,2026-04-26,2026-05-06,10,Approved
LV01837,EMP01131,Unpaid Leave,2025-09-02,2025-09-11,9,Approved
LV01838,EMP02490,Earned Leave,2025-12-21,2025-12-22,1,Pending
LV01839,EMP00471,Sick Leave,2026-05-24,2026-05-31,7,Pending
LV01840,EMP00743,Maternity Leave,2025-09-18,2025-09-23,5,Rejected
LV01841,EMP00699,Casual Leave,2025-11-26,2025-11-30,4,Pending
LV01842,EMP00857,Paternity Leave,2026-06-26,2026-06-29,3,Pending
LV01843,EMP00531,Sick Leave,2025-09-27,2025-10-04,7,Rejected
LV01844,EMP01719,Sick Leave,2025-04-16,2025-04-22,6,Pending
LV01845,EMP02829,Unpaid Leave,2025-04-26,2025-04-27,1,Rejected
LV01846,EMP01067,Maternity Leave,2025-08-22,2025-08-31,9,Pending
LV01847,EMP01034,Casual Leave,2025-03-11,2025-03-21,10,Approved
LV01848,EMP01015,Earned Leave,2025-05-28,2025-06-04,7,Approved
LV01849,EMP02030,Unpaid Leave,2025-11-30,2025-12-06,6,Approved
LV01850,EMP03057,Maternity Leave,2026-05-30,2026-06-02,3,Rejected
LV01851,EMP02930,Earned Leave,2025-05-27,2025-05-31,4,Pending
LV01852,EMP00677,Paternity Leave,2025-06-19,2025-06-24,5,Approved
LV01853,EMP02498,Casual Leave,2025-03-01,2025-03-09,8,Approved
LV01854,EMP02000,Casual Leave,2026-04-11,2026-04-20,9,Approved
LV01855,EMP01899,Paternity Leave,2025-11-16,2025-11-24,8,Approved
LV01856,EMP00251,Earned Leave,2025-01-26,2025-01-30,4,Rejected
LV01857,EMP02295,Maternity Leave,2025-07-23,2025-07-31,8,Rejected
LV01858,EMP03164,Paternity Leave,2025-05-22,2025-05-24,2,Approved
LV01859,EMP02347,Maternity Leave,2025-12-31,2026-01-10,10,Rejected
LV01860,EMP01572,Paternity Leave,2026-02-28,2026-03-09,9,Approved
LV01861,EMP02988,Unpaid Leave,2025-04-04,2025-04-10,6,Pending
LV01862,EMP01602,Unpaid Leave,2026-05-25,2026-05-30,5,Pending
LV01863,EMP03029,Unpaid Leave,2025-01-29,2025-02-07,9,Approved
LV01864,EMP00806,Casual Leave,2025-06-27,2025-07-01,4,Pending
LV01865,EMP02347,Casual Leave,2025-01-01,2025-01-09,8,Approved
LV01866,EMP02124,Sick Leave,2025-06-30,2025-07-04,4,Approved
LV01867,EMP02778,Unpaid Leave,2025-03-24,2025-04-01,8,Pending
LV01868,EMP02539,Sick Leave,2025-10-14,2025-10-19,5,Pending
LV01869,EMP02159,Earned Leave,2025-07-29,2025-07-31,2,Approved
LV01870,EMP02673,Paternity Leave,2025-08-30,2025-08-31,1,Rejected
LV01871,EMP02081,Sick Leave,2026-03-20,2026-03-26,6,Approved
LV01872,EMP01687,Earned Leave,2025-01-04,2025-01-12,8,Pending
LV01873,EMP01996,Earned Leave,2025-08-16,2025-08-22,6,Approved
LV01874,EMP02562,Maternity Leave,2025-09-21,2025-09-30,9,Pending
LV01875,EMP01091,Unpaid Leave,2025-03-11,2025-03-14,3,Rejected
LV01876,EMP02241,Maternity Leave,2025-02-08,2025-02-10,2,Pending
LV01877,EMP01327,Maternity Leave,2025-08-14,2025-08-18,4,Rejected
LV01878,EMP01279,Casual Leave,2025-11-26,2025-11-27,1,Rejected
LV01879,EMP01180,Earned Leave,2026-03-24,2026-03-27,3,Approved
LV01880,EMP02582,Earned Leave,2025-08-03,2025-08-05,2,Pending
LV01881,EMP02884,Earned Leave,2025-05-30,2025-06-08,9,Rejected
LV01882,EMP01017,Paternity Leave,2026-05-24,2026-05-28,4,Rejected
LV01883,EMP01570,Unpaid Leave,2025-02-06,2025-02-15,9,Approved
LV01884,EMP00644,Casual Leave,2026-01-03,2026-01-12,9,Rejected
LV01885,EMP02677,Casual Leave,2025-04-20,2025-04-27,7,Rejected
LV01886,EMP02305,Casual Leave,2025-02-10,2025-02-20,10,Pending
LV01887,EMP00832,Casual Leave,2026-06-11,2026-06-16,5,Rejected
LV01888,EMP00998,Earned Leave,2026-04-04,2026-04-11,7,Pending
LV01889,EMP00515,Sick Leave,2026-02-12,2026-02-17,5,Rejected
LV01890,EMP01110,Sick Leave,2026-07-12,2026-07-21,9,Pending
LV01891,EMP02800,Maternity Leave,2025-11-12,2025-11-15,3,Approved
LV01892,EMP00448,Paternity Leave,2025-06-02,2025-06-12,10,Pending
LV01893,EMP02280,Earned Leave,2025-12-24,2025-12-29,5,Rejected
LV01894,EMP02246,Paternity Leave,2026-06-10,2026-06-12,2,Approved
LV01895,EMP02146,Sick Leave,2026-01-03,2026-01-04,1,Pending
LV01896,EMP01432,Earned Leave,2026-06-14,2026-06-20,6,Pending
LV01897,EMP00784,Earned Leave,2025-03-12,2025-03-13,1,Rejected
LV01898,EMP00678,Earned Leave,2026-06-15,2026-06-25,10,Rejected
LV01899,EMP00341,Earned Leave,2025-03-06,2025-03-16,10,Pending
LV01900,EMP01824,Paternity Leave,2025-01-18,2025-01-28,10,Pending
LV01901,EMP00680,Casual Leave,2025-11-26,2025-12-05,9,Approved
LV01902,EMP00085,Earned Leave,2025-05-18,2025-05-27,9,Rejected
LV01903,EMP02025,Earned Leave,2025-12-11,2025-12-16,5,Approved
LV01904,EMP02737,Earned Leave,2025-12-05,2025-12-07,2,Pending
LV01905,EMP01272,Casual Leave,2025-12-24,2025-12-30,6,Pending
LV01906,EMP02631,Casual Leave,2026-03-13,2026-03-20,7,Pending
LV01907,EMP01667,Unpaid Leave,2026-01-28,2026-02-07,10,Pending
LV01908,EMP00589,Unpaid Leave,2026-05-22,2026-05-31,9,Approved
LV01909,EMP00152,Paternity Leave,2026-06-03,2026-06-06,3,Pending
LV01910,EMP00239,Paternity Leave,2025-02-24,2025-03-03,7,Rejected
LV01911,EMP01208,Paternity Leave,2026-02-01,2026-02-07,6,Rejected
LV01912,EMP01761,Unpaid Leave,2025-07-12,2025-07-16,4,Pending
LV01913,EMP00657,Maternity Leave,2025-08-28,2025-08-30,2,Approved
LV01914,EMP01384,Casual Leave,2026-06-23,2026-07-03,10,Approved
LV01915,EMP00620,Earned Leave,2026-02-22,2026-02-27,5,Pending
LV01916,EMP01331,Paternity Leave,2026-03-29,2026-04-07,9,Pending
LV01917,EMP02331,Sick Leave,2026-06-21,2026-06-22,1,Rejected
LV01918,EMP03077,Paternity Leave,2025-09-01,2025-09-09,8,Approved
LV01919,EMP02100,Sick Leave,2025-12-27,2026-01-03,7,Rejected
LV01920,EMP01970,Unpaid Leave,2026-03-05,2026-03-08,3,Approved
LV01921,EMP02193,Unpaid Leave,2026-03-19,2026-03-21,2,Pending
LV01922,EMP03112,Paternity Leave,2026-03-17,2026-03-24,7,Pending
LV01923,EMP01886,Casual Leave,2025-12-26,2025-12-31,5,Approved
LV01924,EMP01122,Casual Leave,2025-05-08,2025-05-18,10,Approved
LV01925,EMP01311,Earned Leave,2026-01-26,2026-01-28,2,Pending
LV01926,EMP01582,Sick Leave,2025-02-12,2025-02-22,10,Approved
LV01927,EMP01673,Earned Leave,2026-06-12,2026-06-19,7,Pending
LV01928,EMP01295,Maternity Leave,2025-08-30,2025-09-03,4,Approved
LV01929,EMP03008,Paternity Leave,2025-12-06,2025-12-14,8,Pending
LV01930,EMP01549,Casual Leave,2025-01-21,2025-01-30,9,Approved
LV01931,EMP00244,Maternity Leave,2026-01-22,2026-01-24,2,Approved
LV01932,EMP03113,Earned Leave,2025-03-30,2025-04-07,8,Approved
LV01933,EMP01691,Casual Leave,2026-02-12,2026-02-16,4,Rejected
LV01934,EMP01938,Unpaid Leave,2025-02-22,2025-02-23,1,Rejected
LV01935,EMP01575,Earned Leave,2025-10-02,2025-10-12,10,Pending
LV01936,EMP01659,Paternity Leave,2025-04-02,2025-04-04,2,Pending
LV01937,EMP00694,Unpaid Leave,2026-05-22,2026-05-24,2,Rejected
LV01938,EMP00541,Earned Leave,2026-03-23,2026-03-29,6,Approved
LV01939,EMP02402,Maternity Leave,2026-01-30,2026-02-05,6,Rejected
LV01940,EMP00287,Earned Leave,2026-03-13,2026-03-14,1,Pending
LV01941,EMP00630,Casual Leave,2025-09-15,2025-09-21,6,Pending
LV01942,EMP02315,Paternity Leave,2025-12-10,2025-12-16,6,Approved
LV01943,EMP00934,Maternity Leave,2025-06-05,2025-06-08,3,Approved
LV01944,EMP01206,Earned Leave,2025-05-24,2025-05-26,2,Approved
LV01945,EMP03105,Casual Leave,2025-05-09,2025-05-19,10,Pending
LV01946,EMP01889,Earned Leave,2026-04-16,2026-04-25,9,Pending
LV01947,EMP02387,Unpaid Leave,2025-03-09,2025-03-16,7,Pending
LV01948,EMP01315,Maternity Leave,2026-02-18,2026-02-27,9,Rejected
LV01949,EMP02738,Casual Leave,2025-08-01,2025-08-04,3,Rejected
LV01950,EMP00933,Unpaid Leave,2025-09-10,2025-09-11,1,Approved
LV01951,EMP01922,Maternity Leave,2025-10-31,2025-11-09,9,Rejected
LV01952,EMP00390,Unpaid Leave,2025-04-04,2025-04-12,8,Approved
LV01953,EMP01241,Sick Leave,2025-04-05,2025-04-12,7,Rejected
LV01954,EMP01647,Unpaid Leave,2026-06-05,2026-06-10,5,Rejected
LV01955,EMP02747,Casual Leave,2025-03-15,2025-03-23,8,Approved
LV01956,EMP00370,Unpaid Leave,2025-01-11,2025-01-12,1,Pending
LV01957,EMP02918,Sick Leave,2026-06-12,2026-06-16,4,Pending
LV01958,EMP00181,Unpaid Leave,2025-05-10,2025-05-17,7,Rejected
LV01959,EMP00026,Casual Leave,2026-05-24,2026-05-26,2,Approved
LV01960,EMP02531,Maternity Leave,2026-01-02,2026-01-09,7,Pending
LV01961,EMP03161,Casual Leave,2026-06-20,2026-06-22,2,Pending
LV01962,EMP01530,Casual Leave,2025-08-04,2025-08-09,5,Rejected
LV01963,EMP02894,Casual Leave,2025-09-06,2025-09-11,5,Pending
LV01964,EMP00150,Maternity Leave,2026-03-19,2026-03-25,6,Approved
LV01965,EMP02543,Unpaid Leave,2025-11-27,2025-12-06,9,Rejected
LV01966,EMP01785,Earned Leave,2026-06-20,2026-06-24,4,Rejected
LV01967,EMP01654,Earned Leave,2025-09-16,2025-09-20,4,Rejected
LV01968,EMP01661,Paternity Leave,2025-05-30,2025-05-31,1,Approved
LV01969,EMP02806,Casual Leave,2026-04-25,2026-05-02,7,Pending
LV01970,EMP00991,Maternity Leave,2026-01-21,2026-01-28,7,Approved
LV01971,EMP00119,Paternity Leave,2025-12-26,2025-12-27,1,Pending
LV01972,EMP01975,Maternity Leave,2026-04-01,2026-04-08,7,Approved
LV01973,EMP03141,Unpaid Leave,2026-04-29,2026-04-30,1,Pending
LV01974,EMP02276,Earned Leave,2026-01-21,2026-01-24,3,Rejected
LV01975,EMP01906,Unpaid Leave,2026-03-26,2026-03-28,2,Rejected
LV01976,EMP02018,Sick Leave,2026-07-15,2026-07-21,6,Approved
LV01977,EMP01539,Earned Leave,2025-01-31,2025-02-07,7,Rejected
LV01978,EMP98088,Sick Leave,2025-09-10,2025-09-17,7,Pending
LV01979,EMP00463,Unpaid Leave,2026-06-06,2026-06-13,7,Rejected
LV01980,EMP02498,Casual Leave,2025-03-01,2025-03-05,4,Approved
LV01981,EMP01184,Maternity Leave,2025-08-10,2025-08-15,5,Pending
LV01982,EMP01698,Unpaid Leave,2025-06-24,2025-06-25,1,Rejected
LV01983,EMP00877,Casual Leave,2026-06-05,2026-06-10,5,Pending
LV01984,EMP01627,Paternity Leave,2025-03-10,2025-03-12,2,Rejected
LV01985,EMP00144,Sick Leave,2026-05-06,2026-05-14,8,Approved
LV01986,EMP01733,Paternity Leave,2025-02-19,2025-02-28,9,Approved
LV01987,EMP02776,Paternity Leave,2026-05-30,2026-05-31,1,Pending
LV01988,EMP01143,Paternity Leave,2025-07-26,2025-07-27,1,Approved
LV01989,EMP00247,Unpaid Leave,2025-07-24,2025-07-29,5,Approved
LV01990,EMP01310,Paternity Leave,2025-08-05,2025-08-11,6,Approved
LV01991,EMP03071,Earned Leave,2025-07-12,2025-07-13,1,Approved
LV01992,EMP01010,Maternity Leave,2026-03-16,2026-03-19,3,Approved
LV01993,EMP02295,Maternity Leave,2025-08-15,2025-08-25,10,Rejected
LV01994,EMP01323,Sick Leave,2025-06-14,2025-06-21,7,Approved
LV01995,EMP02363,Unpaid Leave,2025-02-14,2025-02-16,2,Approved
LV01996,EMP00481,Earned Leave,2025-08-11,2025-08-17,6,Pending
LV01997,EMP97747,Paternity Leave,2026-03-03,2026-03-09,6,Pending
LV01998,EMP02073,Paternity Leave,2025-08-02,2025-08-04,2,Approved
LV01999,EMP02154,Unpaid Leave,2025-02-11,2025-02-13,2,Pending
LV02000,EMP02525,Sick Leave,2025-01-12,2025-01-13,1,Rejected
LV02001,EMP00831,Unpaid Leave,2025-03-26,2025-03-30,4,Pending
LV02002,EMP02380,Casual Leave,2025-04-25,2025-04-26,1,Rejected
LV02003,EMP01062,Maternity Leave,2025-01-25,2025-01-28,3,Approved
LV02004,EMP02395,Earned Leave,2026-04-22,2026-05-01,9,Rejected
LV02005,EMP01271,Earned Leave,2025-07-05,2025-07-08,3,Pending
LV02006,EMP02623,Earned Leave,2026-06-04,2026-06-11,7,Rejected
LV02007,EMP92082,Earned Leave,2026-02-04,2026-02-08,4,Approved
LV02008,EMP00069,Unpaid Leave,2026-04-22,2026-04-26,4,Rejected
LV02009,EMP00517,Maternity Leave,2025-04-12,2025-04-18,6,Pending
LV02010,EMP01906,Paternity Leave,2025-08-04,2025-08-14,10,Approved
LV02011,EMP01724,Casual Leave,2025-05-18,2025-05-27,9,Approved
LV02012,EMP02627,Casual Leave,2025-07-21,2025-07-29,8,Approved
LV02013,EMP01346,Casual Leave,2025-07-21,2025-07-29,8,Rejected
LV02014,EMP01414,Casual Leave,2025-06-19,2025-06-29,10,Approved
LV02015,EMP01129,Earned Leave,2026-03-20,2026-03-30,10,Rejected
LV02016,EMP00725,Casual Leave,2025-06-02,2025-06-10,8,Pending
LV02017,EMP00234,Earned Leave,2025-10-20,2025-10-28,8,Pending
LV02018,EMP00001,Casual Leave,2025-12-12,2025-12-13,1,Approved
LV02019,EMP01529,Casual Leave,2026-01-04,2026-01-05,1,Rejected
LV02020,EMP01094,Sick Leave,2026-07-09,2026-07-17,8,Pending
LV02021,EMP00575,Sick Leave,2025-12-20,2025-12-22,2,Rejected
LV02022,EMP00940,Casual Leave,2025-03-21,2025-03-25,4,Rejected
LV02023,EMP01362,Casual Leave,2025-12-14,2025-12-22,8,Rejected
LV02024,EMP01101,Casual Leave,2025-07-24,2025-08-01,8,Approved
LV02025,EMP01716,Casual Leave,2026-07-01,2026-07-10,9,Pending
LV02026,EMP00723,Sick Leave,2025-01-17,2025-01-26,9,Rejected
LV02027,EMP02269,Paternity Leave,2025-08-14,2025-08-24,10,Pending
LV02028,EMP02052,Earned Leave,2026-07-06,2026-07-16,10,Rejected
LV02029,EMP01478,Paternity Leave,2025-12-06,2025-12-14,8,Approved
LV02030,EMP01622,Earned Leave,2025-03-16,2025-03-20,4,Rejected
LV02031,EMP00242,Casual Leave,2025-12-12,2025-12-20,8,Rejected
LV02032,EMP01257,Paternity Leave,2026-05-26,2026-05-31,5,Pending
LV02033,EMP01463,Casual Leave,2025-02-15,2025-02-17,2,Rejected
LV02034,EMP01325,Sick Leave,2025-01-09,2025-01-12,3,Approved
LV02035,EMP00730,Earned Leave,2025-12-16,2025-12-20,4,Approved
LV02036,EMP00671,Paternity Leave,2025-07-17,2025-07-26,9,Rejected
LV02037,EMP02609,Earned Leave,2025-09-19,2025-09-21,2,Rejected
LV02038,EMP01138,Paternity Leave,2026-06-19,2026-06-27,8,Approved
LV02039,EMP01372,Unpaid Leave,2025-12-12,2025-12-20,8,Pending
LV02040,EMP00879,Unpaid Leave,2026-05-22,2026-05-30,8,Approved
LV02041,EMP00224,Unpaid Leave,2025-01-06,2025-01-11,5,Pending
LV02042,EMP01860,Maternity Leave,2025-05-11,2025-05-18,7,Approved
LV02043,EMP02445,Sick Leave,2025-03-01,2025-03-10,9,Approved
LV02044,EMP02728,Paternity Leave,2025-08-27,2025-08-28,1,Pending
LV02045,EMP01195,Earned Leave,2025-05-04,2025-05-06,2,Approved
LV02046,EMP01858,Earned Leave,2025-11-28,2025-12-07,9,Rejected
LV02047,EMP01613,Paternity Leave,2025-02-26,2025-03-05,7,Rejected
LV02048,EMP02194,Sick Leave,2025-02-28,2025-03-08,8,Pending
LV02049,EMP02061,Unpaid Leave,2025-12-31,2026-01-02,2,Pending
LV02050,EMP00342,Earned Leave,2026-06-25,2026-07-03,8,Approved
LV02051,EMP00686,Casual Leave,2025-12-07,2025-12-13,6,Rejected
LV02052,EMP01359,Sick Leave,2025-05-18,2025-05-24,6,Rejected
LV02053,EMP02320,Maternity Leave,2025-03-27,2025-04-03,7,Pending
LV02054,EMP00152,Paternity Leave,2025-03-25,2025-04-02,8,Approved
LV02055,EMP00416,Maternity Leave,2025-09-15,2025-09-18,3,Rejected
LV02056,EMP01241,Unpaid Leave,2025-05-16,2025-05-22,6,Approved
LV02057,EMP00707,Unpaid Leave,2026-01-23,2026-01-26,3,Rejected
LV02058,EMP02690,Casual Leave,2025-06-04,2025-06-09,5,Pending
LV02059,EMP02387,Maternity Leave,2025-12-01,2025-12-10,9,Rejected
LV02060,EMP02894,Earned Leave,2025-08-08,2025-08-09,1,Rejected
LV02061,EMP02927,Maternity Leave,2025-01-20,2025-01-30,10,Approved
LV02062,EMP01244,Earned Leave,2026-04-11,2026-04-16,5,Rejected
LV02063,EMP00624,Sick Leave,2026-02-15,2026-02-23,8,Approved
LV02064,EMP02248,Sick Leave,2026-06-07,2026-06-09,2,Pending
LV02065,EMP02884,Maternity Leave,2026-04-20,2026-04-28,8,Rejected
LV02066,EMP02661,Paternity Leave,2026-03-12,2026-03-19,7,Pending
LV02067,EMP02356,Sick Leave,2026-06-08,2026-06-12,4,Rejected
LV02068,EMP01062,Casual Leave,2025-12-05,2025-12-08,3,Pending
LV02069,EMP02985,Casual Leave,2026-05-28,2026-06-02,5,Pending
LV02070,EMP01705,Sick Leave,2026-01-16,2026-01-21,5,Pending
LV02071,EMP02938,Unpaid Leave,2025-11-01,2025-11-10,9,Pending
LV02072,EMP02471,Earned Leave,2025-08-22,2025-08-29,7,Rejected
LV02073,EMP01618,Paternity Leave,2025-09-06,2025-09-07,1,Rejected
LV02074,EMP02971,Sick Leave,2026-06-11,2026-06-16,5,Rejected
LV02075,EMP00763,Paternity Leave,2025-11-05,2025-11-09,4,Pending
LV02076,EMP01252,Paternity Leave,2025-01-07,2025-01-11,4,Pending
LV02077,EMP02996,Casual Leave,2026-03-04,2026-03-06,2,Rejected
LV02078,EMP00931,Unpaid Leave,2026-02-09,2026-02-10,1,Approved
LV02079,EMP02507,Paternity Leave,2026-01-14,2026-01-18,4,Pending
LV02080,EMP02230,Casual Leave,2025-06-26,2025-07-06,10,Rejected
LV02081,EMP02239,Casual Leave,2025-03-26,2025-04-05,10,Pending
LV02082,EMP00780,Paternity Leave,2025-05-18,2025-05-19,1,Rejected
LV02083,EMP01229,Paternity Leave,2025-11-21,2025-11-26,5,Rejected
LV02084,EMP00753,Sick Leave,2026-02-14,2026-02-23,9,Rejected
LV02085,EMP00930,Sick Leave,2025-05-30,2025-06-06,7,Rejected
LV02086,EMP02161,Casual Leave,2025-06-20,2025-06-26,6,Rejected
LV02087,EMP02482,Unpaid Leave,2025-09-18,2025-09-21,3,Rejected
LV02088,EMP00119,Maternity Leave,2026-01-12,2026-01-13,1,Approved
LV02089,EMP01233,Paternity Leave,2025-06-12,2025-06-21,9,Rejected
LV02090,EMP01597,Paternity Leave,2025-09-10,2025-09-18,8,Approved
LV02091,EMP02011,Unpaid Leave,2025-08-04,2025-08-08,4,Pending
LV02092,EMP00227,Unpaid Leave,2025-03-08,2025-03-09,1,Approved
LV02093,EMP02481,Paternity Leave,2025-09-08,2025-09-10,2,Approved
LV02094,EMP00995,Sick Leave,2025-04-18,2025-04-23,5,Pending
LV02095,EMP00968,Earned Leave,2025-04-22,2025-04-23,1,Rejected
LV02096,EMP01911,Earned Leave,2025-12-18,2025-12-24,6,Pending
LV02097,EMP02218,Casual Leave,2025-11-12,2025-11-17,5,Approved
LV02098,EMP92728,Sick Leave,2025-04-27,2025-05-05,8,Rejected
LV02099,EMP02175,Earned Leave,2025-09-29,2025-10-02,3,Approved
LV02100,EMP02609,Paternity Leave,2026-01-01,2026-01-08,7,Pending
LV02101,EMP02259,Casual Leave,2025-02-11,2025-02-15,4,Rejected
LV02102,EMP01595,Casual Leave,2025-09-07,2025-09-14,7,Rejected
LV02103,EMP00925,Casual Leave,2025-11-23,2025-12-01,8,Pending
LV02104,EMP02517,Maternity Leave,2025-06-23,2025-06-26,3,Approved
LV02105,EMP01511,Unpaid Leave,2025-05-22,2025-05-25,3,Rejected
LV02106,EMP01371,Unpaid Leave,2026-03-11,2026-03-14,3,Pending
LV02107,EMP01793,Earned Leave,2025-08-03,2025-08-13,10,Approved
LV02108,EMP02371,Earned Leave,2025-12-04,2025-12-05,1,Approved
LV02109,EMP01216,Unpaid Leave,2026-03-06,2026-03-09,3,Approved
LV02110,EMP02929,Earned Leave,2025-08-03,2025-08-04,1,Pending
LV02111,EMP02259,Unpaid Leave,2025-07-07,2025-07-11,4,Pending
LV02112,EMP00677,Maternity Leave,2025-02-11,2025-02-12,1,Pending
LV02113,EMP00627,Casual Leave,2025-07-25,2025-08-02,8,Approved
LV02114,EMP02307,Earned Leave,2025-01-26,2025-02-01,6,Approved
LV02115,EMP00529,Casual Leave,2026-05-13,2026-05-23,10,Rejected
LV02116,EMP00535,Paternity Leave,2025-07-10,2025-07-11,1,Rejected
LV02117,EMP01919,Paternity Leave,2025-11-04,2025-11-05,1,Approved
LV02118,EMP02219,Maternity Leave,2025-09-07,2025-09-16,9,Approved
LV02119,EMP03138,Paternity Leave,2025-02-04,2025-02-12,8,Pending
LV02120,EMP01220,Earned Leave,2026-06-22,2026-06-30,8,Rejected
LV02121,EMP02420,Unpaid Leave,2025-07-03,2025-07-07,4,Rejected
LV02122,EMP00635,Sick Leave,2026-02-27,2026-03-08,9,Pending
LV02123,EMP00710,Paternity Leave,2026-01-30,2026-02-04,5,Approved
LV02124,EMP00646,Unpaid Leave,2025-02-19,2025-02-22,3,Pending
LV02125,EMP00510,Casual Leave,2026-03-20,2026-03-29,9,Approved
LV02126,EMP00628,Unpaid Leave,2025-11-09,2025-11-12,3,Approved
LV02127,EMP01550,Maternity Leave,2025-02-04,2025-02-08,4,Rejected
LV02128,EMP02982,Unpaid Leave,2025-11-07,2025-11-17,10,Pending
LV02129,EMP01116,Maternity Leave,2025-11-02,2025-11-11,9,Pending
LV02130,EMP02930,Paternity Leave,2025-10-24,2025-10-26,2,Rejected
LV02131,EMP02065,Paternity Leave,2026-06-30,2026-07-06,6,Rejected
LV02132,EMP00500,Paternity Leave,2026-02-22,2026-02-23,1,Approved
LV02133,EMP00916,Sick Leave,2026-04-20,2026-04-30,10,Approved
LV02134,EMP02475,Maternity Leave,2026-03-14,2026-03-16,2,Rejected
LV02135,EMP00660,Casual Leave,2025-06-02,2025-06-09,7,Pending
LV02136,EMP00586,Paternity Leave,2025-04-26,2025-05-01,5,Pending
LV02137,EMP03149,Sick Leave,2025-03-28,2025-04-07,10,Approved
LV02138,EMP00325,Earned Leave,2025-01-06,2025-01-12,6,Pending
LV02139,EMP00298,Maternity Leave,2025-06-22,2025-07-02,10,Approved
LV02140,EMP02964,Casual Leave,2025-07-11,2025-07-14,3,Rejected
LV02141,EMP02089,Maternity Leave,2025-10-04,2025-10-08,4,Pending
LV02142,EMP01045,Sick Leave,2025-11-28,2025-12-03,5,Rejected
LV02143,EMP02739,Paternity Leave,2025-10-29,2025-11-02,4,Approved
LV02144,EMP01836,Casual Leave,2025-08-24,2025-08-30,6,Approved
LV02145,EMP02621,Sick Leave,2026-04-23,2026-04-29,6,Approved
LV02146,EMP00185,Unpaid Leave,2025-05-29,2025-06-08,10,Approved
LV02147,EMP02850,Casual Leave,2025-07-25,2025-08-02,8,Rejected
LV02148,EMP00913,Maternity Leave,2025-06-27,2025-06-30,3,Approved
LV02149,EMP02210,Maternity Leave,2026-04-12,2026-04-18,6,Pending
LV02150,EMP00009,Casual Leave,2026-01-29,2026-02-06,8,Approved
LV02151,EMP01140,Casual Leave,2025-07-21,2025-07-27,6,Rejected
LV02152,EMP02801,Sick Leave,2026-02-13,2026-02-16,3,Pending
LV02153,EMP00961,Paternity Leave,2026-06-04,2026-06-07,3,Pending
LV02154,EMP01677,Casual Leave,2025-01-21,2025-01-25,4,Approved
LV02155,EMP00616,Paternity Leave,2025-01-18,2025-01-27,9,Approved
LV02156,EMP01646,Earned Leave,2025-11-26,2025-11-29,3,Approved
LV02157,EMP00979,Maternity Leave,2025-10-06,2025-10-10,4,Rejected
LV02158,EMP02342,Casual Leave,2025-09-06,2025-09-12,6,Pending
LV02159,EMP01668,Earned Leave,2026-03-07,2026-03-10,3,Approved
LV02160,EMP01643,Sick Leave,2025-07-13,2025-07-16,3,Pending
LV02161,EMP00929,Maternity Leave,2025-03-17,2025-03-20,3,Rejected
LV02162,EMP01639,Unpaid Leave,2025-10-27,2025-11-02,6,Approved
LV02163,EMP01866,Maternity Leave,2025-01-11,2025-01-13,2,Approved
LV02164,EMP00275,Unpaid Leave,2025-10-16,2025-10-19,3,Rejected
LV02165,EMP00325,Paternity Leave,2025-04-02,2025-04-09,7,Approved
LV02166,EMP01158,Unpaid Leave,2025-02-16,2025-02-25,9,Pending
LV02167,EMP00635,Paternity Leave,2025-05-27,2025-05-28,1,Pending
LV02168,EMP00329,Unpaid Leave,2026-01-10,2026-01-12,2,Approved
LV02169,EMP01991,Maternity Leave,2025-03-15,2025-03-18,3,Pending
LV02170,EMP01976,Sick Leave,2025-01-31,2025-02-05,5,Approved
LV02171,EMP02468,Sick Leave,2025-01-04,2025-01-09,5,Pending
LV02172,EMP03059,Paternity Leave,2026-07-14,2026-07-21,7,Pending
LV02173,EMP00782,Sick Leave,2026-06-07,2026-06-08,1,Approved
LV02174,EMP01605,Casual Leave,2026-03-20,2026-03-26,6,Rejected
LV02175,EMP02268,Sick Leave,2026-02-14,2026-02-22,8,Rejected
LV02176,EMP02995,Paternity Leave,2025-08-06,2025-08-13,7,Rejected
LV02177,EMP01987,Unpaid Leave,2025-05-02,2025-05-04,2,Pending
LV02178,EMP01756,Casual Leave,2025-03-21,2025-03-31,10,Approved
LV02179,EMP02264,Unpaid Leave,2026-06-11,2026-06-16,5,Pending
LV02180,EMP02781,Casual Leave,2026-03-27,2026-03-30,3,Pending
LV02181,EMP01680,Paternity Leave,2025-01-03,2025-01-05,2,Pending
LV02182,EMP00332,Casual Leave,2025-06-04,2025-06-11,7,Approved
LV02183,EMP01553,Paternity Leave,2025-09-08,2025-09-12,4,Pending
LV02184,EMP03189,Unpaid Leave,2026-05-05,2026-05-13,8,Rejected
LV02185,EMP01665,Maternity Leave,2025-03-13,2025-03-23,10,Approved
LV02186,EMP01387,Casual Leave,2026-01-26,2026-02-04,9,Pending
LV02187,EMP01969,Paternity Leave,2025-03-10,2025-03-16,6,Approved
LV02188,EMP02317,Sick Leave,2025-08-08,2025-08-13,5,Pending
LV02189,EMP02896,Sick Leave,2025-10-30,2025-11-06,7,Pending
LV02190,EMP02542,Paternity Leave,2026-04-13,2026-04-21,8,Rejected
LV02191,EMP01970,Earned Leave,2026-05-20,2026-05-22,2,Rejected
LV02192,EMP00176,Earned Leave,2025-08-31,2025-09-08,8,Pending
LV02193,EMP01882,Paternity Leave,2025-07-01,2025-07-07,6,Rejected
LV02194,EMP00095,Casual Leave,2026-07-01,2026-07-06,5,Pending
LV02195,EMP02370,Sick Leave,2026-06-24,2026-06-26,2,Rejected
LV02196,EMP95388,Sick Leave,2025-03-28,2025-03-29,1,Approved
LV02197,EMP00173,Earned Leave,2025-09-21,2025-09-24,3,Pending
LV02198,EMP02349,Sick Leave,2025-02-03,2025-02-11,8,Approved
LV02199,EMP00417,Sick Leave,2025-11-05,2025-11-13,8,Pending
LV02200,EMP02810,Earned Leave,2025-11-07,2025-11-15,8,Rejected
LV02201,EMP00068,Earned Leave,2025-04-27,2025-05-03,6,Rejected
LV02202,EMP00378,Earned Leave,2025-08-04,2025-08-10,6,Approved
LV02203,EMP95663,Earned Leave,2026-05-14,2026-05-15,1,Rejected
LV02204,EMP00350,Unpaid Leave,2025-06-28,2025-07-02,4,Pending
LV02205,EMP01471,Casual Leave,2026-02-23,2026-03-05,10,Rejected
LV02206,EMP01094,Maternity Leave,2025-04-05,2025-04-11,6,Pending
LV02207,EMP01604,Earned Leave,2025-01-20,2025-01-30,10,Pending
LV02208,EMP02246,Maternity Leave,2025-09-09,2025-09-15,6,Rejected
LV02209,EMP00232,Unpaid Leave,2025-01-24,2025-01-28,4,Approved
LV02210,EMP02052,Maternity Leave,2025-10-23,2025-11-02,10,Pending
LV02211,EMP02390,Paternity Leave,2025-01-29,2025-02-04,6,Rejected
LV02212,EMP01264,Casual Leave,2026-02-13,2026-02-20,7,Approved
LV02213,EMP02070,Unpaid Leave,2026-07-13,2026-07-18,5,Approved
LV02214,EMP00017,Sick Leave,2025-05-20,2025-05-27,7,Approved
LV02215,EMP01922,Paternity Leave,2026-01-17,2026-01-20,3,Approved
LV02216,EMP00042,Maternity Leave,2025-08-18,2025-08-23,5,Approved
LV02217,EMP03108,Earned Leave,2025-10-10,2025-10-17,7,Rejected
LV02218,EMP01532,Paternity Leave,2026-01-22,2026-01-23,1,Approved
LV02219,EMP01515,Casual Leave,2025-08-24,2025-08-30,6,Approved
LV02220,EMP00311,Maternity Leave,2025-03-01,2025-03-02,1,Approved
LV02221,EMP00136,Earned Leave,2026-03-23,2026-03-24,1,Pending
LV02222,EMP02854,Earned Leave,2026-03-30,2026-04-06,7,Pending
LV02223,EMP02623,Sick Leave,2026-01-03,2026-01-08,5,Approved
LV02224,EMP01319,Unpaid Leave,2025-05-06,2025-05-07,1,Pending
LV02225,EMP01799,Paternity Leave,2026-02-19,2026-02-25,6,Pending
LV02226,EMP02315,Casual Leave,2026-03-21,2026-03-25,4,Pending
LV02227,EMP01631,Unpaid Leave,2026-04-27,2026-05-07,10,Pending
LV02228,EMP02568,Casual Leave,2025-06-19,2025-06-23,4,Rejected
LV02229,EMP02691,Earned Leave,2025-09-16,2025-09-26,10,Pending
LV02230,EMP00352,Casual Leave,2026-06-07,2026-06-16,9,Pending
LV02231,EMP00159,Earned Leave,2025-03-23,2025-03-26,3,Pending
LV02232,EMP01125,Unpaid Leave,2025-06-03,2025-06-05,2,Approved
LV02233,EMP01671,Sick Leave,2025-07-19,2025-07-26,7,Rejected
LV02234,EMP00272,Paternity Leave,2026-01-15,2026-01-19,4,Pending
LV02235,EMP01608,Casual Leave,2025-02-09,2025-02-15,6,Pending
LV02236,EMP02070,Sick Leave,2025-04-28,2025-05-02,4,Rejected
LV02237,EMP02015,Maternity Leave,2026-06-14,2026-06-17,3,Approved
LV02238,EMP01641,Sick Leave,2026-02-26,2026-03-02,4,Pending
LV02239,EMP02929,Paternity Leave,2025-09-21,2025-09-22,1,Rejected
LV02240,EMP02371,Earned Leave,2025-12-29,2026-01-01,3,Rejected
LV02241,EMP01270,Maternity Leave,2025-08-12,2025-08-19,7,Pending
LV02242,EMP00581,Unpaid Leave,2026-04-29,2026-05-05,6,Pending
LV02243,EMP03131,Earned Leave,2025-03-14,2025-03-17,3,Pending
LV02244,EMP02358,Casual Leave,2025-08-08,2025-08-17,9,Pending
LV02245,EMP03124,Maternity Leave,2026-01-26,2026-02-01,6,Rejected
LV02246,EMP02268,Casual Leave,2025-01-20,2025-01-26,6,Pending
LV02247,EMP01740,Casual Leave,2025-07-30,2025-08-05,6,Rejected
LV02248,EMP02044,Earned Leave,2026-02-19,2026-02-25,6,Rejected
LV02249,EMP02056,Paternity Leave,2026-05-24,2026-05-29,5,Approved
LV02250,EMP98026,Paternity Leave,2025-04-10,2025-04-18,8,Rejected
LV02251,EMP01062,Sick Leave,2025-11-27,2025-11-30,3,Rejected
LV02252,EMP01184,Paternity Leave,2026-04-10,2026-04-15,5,Approved
LV02253,EMP01925,Earned Leave,2025-11-06,2025-11-11,5,Rejected
LV02254,EMP02624,Casual Leave,2025-08-03,2025-08-11,8,Approved
LV02255,EMP02280,Paternity Leave,2025-11-11,2025-11-16,5,Rejected
LV02256,EMP00983,Paternity Leave,2026-05-10,2026-05-13,3,Pending
LV02257,EMP02014,Maternity Leave,2025-07-04,2025-07-08,4,Approved
LV02258,EMP01015,Sick Leave,2025-09-22,2025-09-27,5,Rejected
LV02259,EMP01562,Casual Leave,2025-07-21,2025-07-23,2,Approved
LV02260,EMP01171,Earned Leave,2025-02-05,2025-02-08,3,Rejected
LV02261,EMP01007,Paternity Leave,2025-03-03,2025-03-09,6,Approved
LV02262,EMP02943,Sick Leave,2025-11-28,2025-12-07,9,Approved
LV02263,EMP02737,Casual Leave,2026-03-12,2026-03-18,6,Rejected
LV02264,EMP02551,Unpaid Leave,2026-01-14,2026-01-23,9,Pending
LV02265,EMP01385,Casual Leave,2025-10-26,2025-11-04,9,Rejected
LV02266,EMP02849,Earned Leave,2026-01-04,2026-01-08,4,Approved
LV02267,EMP02651,Sick Leave,2025-08-21,2025-08-27,6,Pending
LV02268,EMP01638,Maternity Leave,2025-02-21,2025-03-03,10,Rejected
LV02269,EMP01029,Earned Leave,2026-05-23,2026-05-30,7,Approved
LV02270,EMP03186,Unpaid Leave,2025-03-04,2025-03-05,1,Approved
LV02271,EMP00590,Maternity Leave,2025-03-15,2025-03-23,8,Approved
LV02272,EMP00199,Paternity Leave,2026-07-07,2026-07-11,4,Approved
LV02273,EMP01008,Maternity Leave,2026-05-18,2026-05-28,10,Rejected
LV02274,EMP01776,Earned Leave,2026-02-02,2026-02-05,3,Pending
LV02275,EMP00227,Unpaid Leave,2025-09-08,2025-09-15,7,Rejected
LV02276,EMP00054,Maternity Leave,2025-03-31,2025-04-10,10,Approved
LV02277,EMP01771,Maternity Leave,2025-07-05,2025-07-12,7,Rejected
LV02278,EMP00791,Sick Leave,2025-02-23,2025-03-05,10,Approved
LV02279,EMP02813,Paternity Leave,2025-12-18,2025-12-20,2,Rejected
LV02280,EMP00579,Sick Leave,2025-10-26,2025-10-31,5,Approved
LV02281,EMP00198,Sick Leave,2026-03-02,2026-03-06,4,Rejected
LV02282,EMP02576,Earned Leave,2025-03-03,2025-03-11,8,Pending
LV02283,EMP01573,Earned Leave,2025-11-25,2025-11-27,2,Rejected
LV02284,EMP00705,Paternity Leave,2025-05-27,2025-06-04,8,Approved
LV02285,EMP00157,Unpaid Leave,2025-11-30,2025-12-10,10,Pending
LV02286,EMP01754,Earned Leave,2025-11-17,2025-11-22,5,Pending
LV02287,EMP00461,Unpaid Leave,2026-06-29,2026-07-03,4,Pending
LV02288,EMP00559,Casual Leave,2026-06-22,2026-06-29,7,Approved
LV02289,EMP02107,Sick Leave,2025-05-19,2025-05-29,10,Pending
LV02290,EMP01438,Earned Leave,2025-03-21,2025-03-30,9,Approved
LV02291,EMP01624,Casual Leave,2025-05-17,2025-05-20,3,Rejected
LV02292,EMP02713,Sick Leave,2025-11-18,2025-11-20,2,Approved
LV02293,EMP01202,Maternity Leave,2025-10-04,2025-10-08,4,Rejected
LV02294,EMP03122,Maternity Leave,2025-01-19,2025-01-28,9,Approved
LV02295,EMP01143,Sick Leave,2025-03-28,2025-04-02,5,Approved
LV02296,EMP01783,Casual Leave,2026-04-07,2026-04-15,8,Pending
LV02297,EMP01083,Paternity Leave,2025-11-23,2025-11-27,4,Rejected
LV02298,EMP01239,Maternity Leave,2026-02-23,2026-02-27,4,Pending
LV02299,EMP00819,Maternity Leave,2026-03-01,2026-03-08,7,Approved
LV02300,EMP00712,Maternity Leave,2025-04-02,2025-04-08,6,Approved
LV02301,EMP02472,Paternity Leave,2025-11-26,2025-11-28,2,Approved
LV02302,EMP02144,Earned Leave,2025-11-18,2025-11-21,3,Rejected
LV02303,EMP01715,Unpaid Leave,2026-01-15,2026-01-22,7,Approved
LV02304,EMP02088,Paternity Leave,2026-06-30,2026-07-02,2,Pending
LV02305,EMP00630,Unpaid Leave,2025-04-21,2025-04-25,4,Approved
LV02306,EMP91332,Sick Leave,2026-04-10,2026-04-19,9,Approved
LV02307,EMP03007,Casual Leave,2026-05-07,2026-05-15,8,Rejected
LV02308,EMP01775,Maternity Leave,2025-02-20,2025-03-01,9,Pending
LV02309,EMP01087,Earned Leave,2025-11-19,2025-11-25,6,Pending
LV02310,EMP02222,Earned Leave,2026-06-08,2026-06-14,6,Rejected
LV02311,EMP02557,Earned Leave,2025-03-09,2025-03-17,8,Approved
LV02312,EMP01408,Paternity Leave,2025-01-15,2025-01-21,6,Pending
LV02313,EMP02458,Casual Leave,2025-12-31,2026-01-06,6,Rejected
LV02314,EMP02055,Paternity Leave,2025-10-12,2025-10-14,2,Approved
LV02315,EMP02504,Paternity Leave,2025-02-08,2025-02-13,5,Pending
LV02316,EMP02556,Casual Leave,2025-12-14,2025-12-24,10,Approved
LV02317,EMP00688,Casual Leave,2026-04-21,2026-04-26,5,Rejected
LV02318,EMP02645,Unpaid Leave,2025-03-14,2025-03-15,1,Approved
LV02319,EMP01575,Unpaid Leave,2026-03-21,2026-03-29,8,Pending
LV02320,EMP00772,Maternity Leave,2025-09-23,2025-10-02,9,Approved
LV02321,EMP02930,Paternity Leave,2026-02-15,2026-02-20,5,Rejected
LV02322,EMP01309,Earned Leave,2025-10-07,2025-10-09,2,Rejected
LV02323,EMP02805,Casual Leave,2025-03-18,2025-03-22,4,Pending
LV02324,EMP01192,Earned Leave,2025-07-28,2025-08-03,6,Approved
LV02325,EMP01369,Maternity Leave,2025-05-24,2025-05-25,1,Approved
LV02326,EMP00528,Earned Leave,2025-03-17,2025-03-19,2,Rejected
LV02327,EMP01607,Sick Leave,2025-08-17,2025-08-26,9,Rejected
LV02328,EMP00217,Paternity Leave,2025-12-01,2025-12-04,3,Approved
LV02329,EMP01988,Casual Leave,2025-06-16,2025-06-23,7,Approved
LV02330,EMP01447,Maternity Leave,2026-03-04,2026-03-13,9,Rejected
LV02331,EMP02410,Maternity Leave,2026-07-13,2026-07-15,2,Pending
LV02332,EMP03101,Maternity Leave,2025-01-14,2025-01-17,3,Approved
LV02333,EMP00360,Casual Leave,2026-03-01,2026-03-05,4,Approved
LV02334,EMP01421,Unpaid Leave,2025-08-18,2025-08-28,10,Pending
LV02335,EMP97222,Unpaid Leave,2025-05-07,2025-05-12,5,Rejected
LV02336,EMP03008,Earned Leave,2025-07-11,2025-07-17,6,Rejected
LV02337,EMP02560,Paternity Leave,2025-03-18,2025-03-26,8,Rejected
LV02338,EMP01479,Unpaid Leave,2026-02-01,2026-02-10,9,Approved
LV02339,EMP00282,Sick Leave,2026-04-23,2026-04-24,1,Pending
LV02340,EMP02880,Casual Leave,2026-06-09,2026-06-13,4,Pending
LV02341,EMP02189,Casual Leave,2025-04-28,2025-05-06,8,Pending
LV02342,EMP01714,Casual Leave,2026-01-17,2026-01-18,1,Pending
LV02343,EMP02547,Unpaid Leave,2026-05-20,2026-05-26,6,Rejected
LV02344,EMP02382,Casual Leave,2025-01-03,2025-01-09,6,Rejected
LV02345,EMP00658,Maternity Leave,2025-03-22,2025-03-29,7,Approved
LV02346,EMP00301,Casual Leave,2026-03-22,2026-03-24,2,Approved
LV02347,EMP02043,Unpaid Leave,2025-04-12,2025-04-20,8,Approved
LV02348,EMP01991,Unpaid Leave,2025-01-17,2025-01-19,2,Rejected
LV02349,EMP01495,Earned Leave,2025-04-29,2025-04-30,1,Approved
LV02350,EMP00024,Paternity Leave,2025-06-11,2025-06-17,6,Approved
LV02351,EMP01618,Unpaid Leave,2026-06-04,2026-06-05,1,Pending
LV02352,EMP00359,Unpaid Leave,2025-03-30,2025-04-09,10,Rejected
LV02353,EMP01747,Unpaid Leave,2025-09-21,2025-09-27,6,Rejected
LV02354,EMP00302,Unpaid Leave,2025-09-23,2025-10-03,10,Pending
LV02355,EMP00571,Casual Leave,2025-05-21,2025-05-22,1,Approved
LV02356,EMP01571,Unpaid Leave,2025-10-02,2025-10-08,6,Pending
LV02357,EMP00819,Unpaid Leave,2025-11-18,2025-11-24,6,Rejected
LV02358,EMP00215,Sick Leave,2025-06-24,2025-07-02,8,Approved
LV02359,EMP02209,Casual Leave,2026-05-27,2026-05-28,1,Pending
LV02360,EMP01307,Maternity Leave,2026-04-19,2026-04-29,10,Rejected
LV02361,EMP00167,Paternity Leave,2025-07-16,2025-07-22,6,Pending
LV02362,EMP01326,Casual Leave,2025-09-16,2025-09-19,3,Rejected
LV02363,EMP01173,Maternity Leave,2026-03-18,2026-03-23,5,Pending
LV02364,EMP02895,Paternity Leave,2025-02-08,2025-02-18,10,Approved
LV02365,EMP00353,Maternity Leave,2025-01-15,2025-01-21,6,Rejected
LV02366,EMP00676,Unpaid Leave,2025-03-17,2025-03-22,5,Approved
LV02367,EMP02495,Earned Leave,2025-09-21,2025-09-22,1,Pending
LV02368,EMP02538,Maternity Leave,2025-10-14,2025-10-21,7,Pending
LV02369,EMP00644,Paternity Leave,2026-01-14,2026-01-16,2,Approved
LV02370,EMP01956,Sick Leave,2026-03-09,2026-03-11,2,Pending
LV02371,EMP00043,Earned Leave,2025-05-12,2025-05-20,8,Rejected
LV02372,EMP02608,Unpaid Leave,2026-06-22,2026-06-25,3,Pending
LV02373,EMP01135,Sick Leave,2025-07-23,2025-08-01,9,Rejected
LV02374,EMP01832,Earned Leave,2026-04-11,2026-04-12,1,Pending
LV02375,EMP01345,Maternity Leave,2025-01-17,2025-01-22,5,Approved
LV02376,EMP00240,Earned Leave,2025-10-12,2025-10-19,7,Pending
LV02377,EMP02990,Casual Leave,2025-03-10,2025-03-17,7,Approved
LV02378,EMP00541,Casual Leave,2026-04-01,2026-04-09,8,Rejected
LV02379,EMP00012,Maternity Leave,2026-07-13,2026-07-21,8,Approved
LV02380,EMP00158,Casual Leave,2026-07-09,2026-07-11,2,Rejected
LV02381,EMP02497,Earned Leave,2025-03-29,2025-04-05,7,Approved
LV02382,EMP02225,Maternity Leave,2025-11-14,2025-11-23,9,Rejected
LV02383,EMP00684,Sick Leave,2025-01-25,2025-02-03,9,Rejected
LV02384,EMP00173,Earned Leave,2026-01-06,2026-01-07,1,Rejected
LV02385,EMP01269,Unpaid Leave,2026-01-14,2026-01-15,1,Pending
LV02386,EMP00958,Casual Leave,2025-03-27,2025-04-04,8,Approved
LV02387,EMP01467,Unpaid Leave,2026-02-19,2026-02-20,1,Pending
LV02388,EMP02404,Earned Leave,2026-01-10,2026-01-17,7,Rejected
LV02389,EMP01085,Maternity Leave,2025-12-13,2025-12-16,3,Rejected
LV02390,EMP02988,Casual Leave,2025-07-18,2025-07-22,4,Rejected
LV02391,EMP00423,Maternity Leave,2025-05-28,2025-05-29,1,Rejected
LV02392,EMP02240,Maternity Leave,2025-08-22,2025-08-24,2,Rejected
LV02393,EMP02234,Paternity Leave,2026-05-09,2026-05-10,1,Pending
LV02394,EMP00827,Paternity Leave,2026-05-02,2026-05-07,5,Approved
LV02395,EMP00913,Maternity Leave,2026-05-10,2026-05-16,6,Rejected
LV02396,EMP02978,Paternity Leave,2026-06-26,2026-06-30,4,Rejected
LV02397,EMP02040,Paternity Leave,2025-06-16,2025-06-23,7,Rejected
LV02398,EMP02835,Casual Leave,2025-06-26,2025-06-29,3,Pending
LV02399,EMP02880,Unpaid Leave,2026-01-29,2026-02-06,8,Approved
LV02400,EMP97884,Paternity Leave,2025-12-14,2025-12-21,7,Rejected
LV02401,EMP00634,Unpaid Leave,2026-03-09,2026-03-17,8,Approved
LV02402,EMP00740,Casual Leave,2025-09-18,2025-09-23,5,Pending
LV02403,EMP00646,Unpaid Leave,2025-11-20,2025-11-30,10,Rejected
LV02404,EMP00414,Casual Leave,2025-11-03,2025-11-06,3,Pending
LV02405,EMP01464,Casual Leave,2026-04-10,2026-04-19,9,Pending
LV02406,EMP01555,Unpaid Leave,2025-04-15,2025-04-20,5,Pending
LV02407,EMP02295,Sick Leave,2026-06-03,2026-06-07,4,Rejected
LV02408,EMP02086,Paternity Leave,2025-08-26,2025-08-29,3,Rejected
LV02409,EMP00819,Unpaid Leave,2025-11-07,2025-11-11,4,Pending
LV02410,EMP02465,Unpaid Leave,2025-05-02,2025-05-04,2,Approved
LV02411,EMP01028,Maternity Leave,2025-01-18,2025-01-23,5,Approved
LV02412,EMP01095,Unpaid Leave,2025-07-06,2025-07-15,9,Rejected
LV02413,EMP00996,Casual Leave,2025-05-22,2025-05-31,9,Rejected
LV02414,EMP00250,Sick Leave,2025-06-22,2025-07-02,10,Approved
LV02415,EMP00767,Maternity Leave,2025-12-13,2025-12-17,4,Pending
LV02416,EMP01001,Earned Leave,2025-09-28,2025-10-02,4,Approved
LV02417,EMP00188,Sick Leave,2025-07-03,2025-07-05,2,Approved
LV02418,EMP00389,Sick Leave,2025-09-29,2025-10-01,2,Pending
LV02419,EMP00977,Unpaid Leave,2025-02-25,2025-03-01,4,Approved
LV02420,EMP02221,Earned Leave,2025-02-25,2025-03-06,9,Approved
LV02421,EMP03200,Unpaid Leave,2026-07-06,2026-07-09,3,Pending
LV02422,EMP02226,Earned Leave,2025-02-07,2025-02-11,4,Rejected
LV02423,EMP00671,Sick Leave,2025-11-16,2025-11-22,6,Rejected
LV02424,EMP00368,Earned Leave,2025-10-10,2025-10-13,3,Pending
LV02425,EMP01592,Unpaid Leave,2025-04-24,2025-05-01,7,Approved
LV02426,EMP00961,Paternity Leave,2025-01-02,2025-01-08,6,Approved
LV02427,EMP01746,Earned Leave,2026-05-12,2026-05-19,7,Rejected
LV02428,EMP03109,Casual Leave,2026-03-05,2026-03-12,7,Approved
LV02429,EMP01294,Unpaid Leave,2025-08-15,2025-08-19,4,Approved
LV02430,EMP00183,Maternity Leave,2025-07-25,2025-07-27,2,Approved
LV02431,EMP00889,Unpaid Leave,2026-04-24,2026-05-01,7,Approved
LV02432,EMP02556,Paternity Leave,2026-03-02,2026-03-09,7,Approved
LV02433,EMP02678,Unpaid Leave,2026-06-03,2026-06-12,9,Approved
LV02434,EMP02767,Unpaid Leave,2025-09-11,2025-09-17,6,Approved
LV02435,EMP01840,Sick Leave,2025-09-09,2025-09-17,8,Rejected
LV02436,EMP03110,Maternity Leave,2025-09-07,2025-09-10,3,Approved
LV02437,EMP02458,Maternity Leave,2025-10-11,2025-10-14,3,Rejected
LV02438,EMP00510,Casual Leave,2026-02-09,2026-02-19,10,Approved
LV02439,EMP01705,Earned Leave,2026-01-14,2026-01-17,3,Approved
LV02440,EMP00007,Sick Leave,2026-04-07,2026-04-16,9,Pending
LV02441,EMP00966,Earned Leave,2025-06-27,2025-07-01,4,Pending
LV02442,EMP95217,Paternity Leave,2025-06-05,2025-06-14,9,Rejected
LV02443,EMP02392,Paternity Leave,2025-07-24,2025-07-28,4,Pending
LV02444,EMP02182,Maternity Leave,2025-06-13,2025-06-14,1,Approved
LV02445,EMP00308,Casual Leave,2026-03-21,2026-03-29,8,Approved
LV02446,EMP02835,Sick Leave,2025-01-31,2025-02-03,3,Approved
LV02447,EMP02244,Earned Leave,2025-04-25,2025-04-29,4,Rejected
LV02448,EMP01366,Casual Leave,2025-03-23,2025-03-31,8,Rejected
LV02449,EMP01711,Unpaid Leave,2025-02-24,2025-02-28,4,Approved
LV02450,EMP02982,Sick Leave,2025-01-26,2025-02-02,7,Approved
LV02451,EMP02030,Maternity Leave,2025-01-06,2025-01-09,3,Pending
LV02452,EMP01740,Casual Leave,2025-11-08,2025-11-12,4,Approved
LV02453,EMP00908,Earned Leave,2026-04-01,2026-04-11,10,Pending
LV02454,EMP02338,Unpaid Leave,2025-10-21,2025-10-30,9,Approved
LV02455,EMP02864,Maternity Leave,2025-07-01,2025-07-04,3,Approved
LV02456,EMP02497,Unpaid Leave,2025-04-15,2025-04-25,10,Pending
LV02457,EMP02811,Paternity Leave,2026-06-21,2026-07-01,10,Approved
LV02458,EMP02563,Casual Leave,2026-05-26,2026-05-31,5,Rejected
LV02459,EMP01846,Sick Leave,2025-08-09,2025-08-16,7,Rejected
LV02460,EMP00182,Casual Leave,2025-12-26,2025-12-27,1,Pending
LV02461,EMP01743,Maternity Leave,2025-01-16,2025-01-18,2,Approved
LV02462,EMP03199,Earned Leave,2026-03-29,2026-04-05,7,Approved
LV02463,EMP00623,Earned Leave,2025-12-06,2025-12-11,5,Rejected
LV02464,EMP02757,Casual Leave,2026-06-13,2026-06-19,6,Pending
LV02465,EMP00302,Casual Leave,2025-02-26,2025-03-01,3,Rejected
LV02466,EMP00006,Casual Leave,2025-02-21,2025-02-25,4,Pending
LV02467,EMP00320,Sick Leave,2025-10-28,2025-11-05,8,Rejected
LV02468,EMP00630,Paternity Leave,2026-05-30,2026-06-05,6,Approved
LV02469,EMP00859,Maternity Leave,2025-03-30,2025-04-05,6,Rejected
LV02470,EMP02752,Sick Leave,2025-12-19,2025-12-27,8,Pending
LV02471,EMP00785,Casual Leave,2026-02-17,2026-02-25,8,Rejected
LV02472,EMP00197,Paternity Leave,2026-07-10,2026-07-15,5,Pending
LV02473,EMP02008,Maternity Leave,2025-06-27,2025-06-28,1,Rejected
LV02474,EMP02715,Maternity Leave,2026-02-10,2026-02-16,6,Rejected
LV02475,EMP02954,Earned Leave,2025-07-06,2025-07-08,2,Rejected
LV02476,EMP01132,Unpaid Leave,2025-04-07,2025-04-09,2,Approved
LV02477,EMP00880,Sick Leave,2025-01-29,2025-02-02,4,Pending
LV02478,EMP02941,Maternity Leave,2025-11-02,2025-11-11,9,Pending
LV02479,EMP01020,Casual Leave,2025-06-24,2025-06-30,6,Approved
LV02480,EMP02418,Sick Leave,2025-06-18,2025-06-25,7,Pending
LV02481,EMP01382,Sick Leave,2025-12-08,2025-12-16,8,Pending
LV02482,EMP00234,Earned Leave,2025-12-10,2025-12-11,1,Rejected
LV02483,EMP00757,Earned Leave,2025-01-20,2025-01-27,7,Rejected
LV02484,EMP02279,Sick Leave,2025-05-19,2025-05-22,3,Pending
LV02485,EMP02007,Paternity Leave,2025-01-20,2025-01-30,10,Approved
LV02486,EMP01122,Earned Leave,2026-06-01,2026-06-10,9,Approved
LV02487,EMP03138,Sick Leave,2026-03-03,2026-03-08,5,Pending
LV02488,EMP00915,Casual Leave,2025-09-28,2025-10-03,5,Approved
LV02489,EMP02284,Maternity Leave,2026-05-24,2026-06-02,9,Approved
LV02490,EMP01708,Sick Leave,2025-09-24,2025-09-30,6,Rejected
LV02491,EMP00011,Unpaid Leave,2025-09-18,2025-09-25,7,Rejected
LV02492,EMP02225,Earned Leave,2025-10-26,2025-10-30,4,Approved
LV02493,EMP02552,Earned Leave,2025-01-05,2025-01-12,7,Approved
LV02494,EMP01050,Maternity Leave,2025-09-13,2025-09-20,7,Approved
LV02495,EMP03069,Maternity Leave,2025-06-26,2025-06-30,4,Pending
LV02496,EMP02261,Casual Leave,2025-05-09,2025-05-18,9,Rejected
LV02497,EMP00324,Paternity Leave,2025-03-11,2025-03-13,2,Pending
LV02498,EMP00876,Paternity Leave,2025-01-25,2025-01-30,5,Rejected
LV02499,EMP01536,Sick Leave,2025-05-04,2025-05-09,5,Approved
LV02500,EMP00970,Paternity Leave,2025-09-24,2025-09-30,6,Approved
LV02501,EMP01027,Casual Leave,2025-01-30,2025-02-01,2,Rejected
LV02502,EMP02927,Paternity Leave,2025-06-15,2025-06-19,4,Rejected
LV02503,EMP01546,Earned Leave,2025-09-27,2025-09-28,1,Pending
LV02504,EMP95327,Casual Leave,2026-06-04,2026-06-12,8,Pending
LV02505,EMP00323,Unpaid Leave,2026-03-22,2026-03-24,2,Pending
LV02506,EMP01715,Earned Leave,2026-04-15,2026-04-19,4,Approved
LV02507,EMP00883,Paternity Leave,2025-08-14,2025-08-18,4,Rejected
LV02508,EMP02613,Maternity Leave,2025-02-06,2025-02-16,10,Pending
LV02509,EMP00218,Maternity Leave,2025-02-19,2025-02-21,2,Approved
LV02510,EMP00012,Sick Leave,2025-07-14,2025-07-21,7,Approved
LV02511,EMP01795,Maternity Leave,2025-09-10,2025-09-14,4,Pending
LV02512,EMP00599,Unpaid Leave,2026-06-20,2026-06-28,8,Approved
LV02513,EMP00438,Sick Leave,2025-03-03,2025-03-04,1,Rejected
LV02514,EMP00580,Earned Leave,2025-03-15,2025-03-21,6,Pending
LV02515,EMP01653,Paternity Leave,2025-12-18,2025-12-27,9,Pending
LV02516,EMP02750,Casual Leave,2025-03-21,2025-03-28,7,Pending
LV02517,EMP00695,Maternity Leave,2026-02-10,2026-02-14,4,Approved
LV02518,EMP02388,Paternity Leave,2026-06-12,2026-06-18,6,Approved
LV02519,EMP01264,Paternity Leave,2025-10-26,2025-10-29,3,Rejected
LV02520,EMP00173,Paternity Leave,2025-06-13,2025-06-16,3,Pending
LV02521,EMP00475,Sick Leave,2025-11-01,2025-11-11,10,Approved
LV02522,EMP01853,Maternity Leave,2026-07-01,2026-07-02,1,Rejected
LV02523,EMP03072,Earned Leave,2026-06-24,2026-06-30,6,Rejected
LV02524,EMP00937,Paternity Leave,2025-09-15,2025-09-20,5,Approved
LV02525,EMP02660,Earned Leave,2026-07-09,2026-07-14,5,Rejected
LV02526,EMP03093,Paternity Leave,2025-01-01,2025-01-10,9,Approved
LV02527,EMP02530,Unpaid Leave,2025-08-24,2025-08-31,7,Approved
LV02528,EMP01432,Maternity Leave,2025-11-12,2025-11-22,10,Pending
LV02529,EMP02764,Earned Leave,2025-12-15,2025-12-19,4,Pending
LV02530,EMP02348,Earned Leave,2026-02-21,2026-02-23,2,Approved
LV02531,EMP02802,Earned Leave,2026-06-27,2026-07-02,5,Rejected
LV02532,EMP02863,Sick Leave,2025-05-08,2025-05-16,8,Rejected
LV02533,EMP00280,Maternity Leave,2025-04-25,2025-04-30,5,Pending
LV02534,EMP02788,Earned Leave,2026-05-16,2026-05-23,7,Approved
LV02535,EMP02113,Paternity Leave,2026-02-23,2026-02-28,5,Pending
LV02536,EMP00868,Paternity Leave,2025-09-29,2025-10-06,7,Pending
LV02537,EMP01108,Maternity Leave,2025-09-19,2025-09-23,4,Pending
LV02538,EMP01149,Unpaid Leave,2025-02-27,2025-03-04,5,Pending
LV02539,EMP01332,Sick Leave,2025-09-14,2025-09-20,6,Rejected
LV02540,EMP01582,Maternity Leave,2025-07-08,2025-07-11,3,Pending
LV02541,EMP02943,Unpaid Leave,2025-01-10,2025-01-13,3,Rejected
LV02542,EMP01514,Earned Leave,2026-01-25,2026-01-29,4,Approved
LV02543,EMP01598,Maternity Leave,2026-05-09,2026-05-16,7,Rejected
LV02544,EMP00256,Earned Leave,2026-01-07,2026-01-10,3,Approved
LV02545,EMP02006,Earned Leave,2026-04-19,2026-04-26,7,Approved
LV02546,EMP00834,Unpaid Leave,2025-08-08,2025-08-12,4,Pending
LV02547,EMP02330,Casual Leave,2025-07-10,2025-07-12,2,Pending
LV02548,EMP01263,Earned Leave,2025-07-01,2025-07-07,6,Pending
LV02549,EMP01574,Earned Leave,2025-10-11,2025-10-19,8,Approved
LV02550,EMP01641,Maternity Leave,2025-05-08,2025-05-09,1,Pending
LV02551,EMP00647,Unpaid Leave,2025-05-21,2025-05-24,3,Rejected
LV02552,EMP03052,Sick Leave,2026-05-14,2026-05-19,5,Approved
LV02553,EMP00239,Earned Leave,2025-09-21,2025-09-24,3,Approved
LV02554,EMP03134,Casual Leave,2026-01-25,2026-01-31,6,Pending
LV02555,EMP01392,Paternity Leave,2025-10-18,2025-10-20,2,Pending
LV02556,EMP01700,Maternity Leave,2025-04-30,2025-05-05,5,Approved
LV02557,EMP00452,Earned Leave,2025-08-22,2025-08-31,9,Approved
LV02558,EMP02587,Earned Leave,2025-02-28,2025-03-05,5,Rejected
LV02559,EMP01957,Sick Leave,2025-04-07,2025-04-08,1,Pending
LV02560,EMP01702,Casual Leave,2025-11-29,2025-12-07,8,Approved
LV02561,EMP01745,Earned Leave,2025-09-22,2025-09-26,4,Rejected
LV02562,EMP00537,Unpaid Leave,2026-03-24,2026-04-03,10,Rejected
LV02563,EMP00604,Paternity Leave,2025-04-14,2025-04-20,6,Rejected
LV02564,EMP00563,Unpaid Leave,2025-10-30,2025-11-01,2,Pending
LV02565,EMP02162,Earned Leave,2025-04-21,2025-04-28,7,Pending
LV02566,EMP01414,Unpaid Leave,2025-12-15,2025-12-22,7,Approved
LV02567,EMP00907,Sick Leave,2026-05-20,2026-05-24,4,Approved
LV02568,EMP01708,Maternity Leave,2025-11-03,2025-11-07,4,Rejected
LV02569,EMP00382,Unpaid Leave,2025-11-04,2025-11-12,8,Pending
LV02570,EMP03158,Unpaid Leave,2025-01-04,2025-01-11,7,Approved
LV02571,EMP00485,Sick Leave,2025-01-27,2025-02-04,8,Rejected
LV02572,EMP01609,Earned Leave,2026-03-02,2026-03-10,8,Approved
LV02573,EMP03098,Casual Leave,2025-07-08,2025-07-18,10,Rejected
LV02574,EMP02160,Earned Leave,2025-01-19,2025-01-20,1,Approved
LV02575,EMP02517,Maternity Leave,2026-05-26,2026-05-29,3,Pending
LV02576,EMP02121,Unpaid Leave,2025-08-24,2025-08-30,6,Pending
LV02577,EMP02429,Paternity Leave,2026-05-15,2026-05-19,4,Rejected
LV02578,EMP00815,Earned Leave,2026-03-08,2026-03-17,9,Approved
LV02579,EMP02418,Paternity Leave,2026-05-16,2026-05-20,4,Rejected
LV02580,EMP03077,Paternity Leave,2025-07-16,2025-07-18,2,Approved
LV02581,EMP01621,Earned Leave,2025-03-03,2025-03-06,3,Pending
LV02582,EMP01302,Paternity Leave,2025-05-16,2025-05-19,3,Rejected
LV02583,EMP03071,Maternity Leave,2026-06-16,2026-06-26,10,Rejected
LV02584,EMP00338,Sick Leave,2026-04-30,2026-05-03,3,Rejected
LV02585,EMP02780,Unpaid Leave,2026-05-11,2026-05-20,9,Rejected
LV02586,EMP00364,Casual Leave,2026-06-17,2026-06-19,2,Rejected
LV02587,EMP00968,Sick Leave,2025-11-08,2025-11-09,1,Pending
LV02588,EMP01170,Earned Leave,2026-04-10,2026-04-18,8,Approved
LV02589,EMP01964,Unpaid Leave,2026-01-07,2026-01-11,4,Rejected
LV02590,EMP03068,Earned Leave,2026-01-09,2026-01-10,1,Approved
LV02591,EMP01163,Earned Leave,2025-04-12,2025-04-18,6,Rejected
LV02592,EMP00705,Unpaid Leave,2026-02-26,2026-03-03,5,Rejected
LV02593,EMP03198,Earned Leave,2025-01-01,2025-01-04,3,Pending
LV02594,EMP00036,Earned Leave,2025-04-04,2025-04-12,8,Pending
LV02595,EMP01259,Paternity Leave,2025-06-27,2025-07-01,4,Rejected
LV02596,EMP00515,Sick Leave,2026-05-07,2026-05-11,4,Approved
LV02597,EMP03190,Unpaid Leave,2025-07-02,2025-07-09,7,Pending
LV02598,EMP01694,Earned Leave,2025-05-05,2025-05-13,8,Pending
LV02599,EMP02924,Earned Leave,2026-05-07,2026-05-08,1,Rejected
LV02600,EMP02370,Sick Leave,2025-06-08,2025-06-11,3,Pending
LV02601,EMP02707,Sick Leave,2026-05-28,2026-06-01,4,Rejected
LV02602,EMP02605,Sick Leave,2025-07-05,2025-07-07,2,Approved
LV02603,EMP03150,Paternity Leave,2025-03-29,2025-04-07,9,Approved
LV02604,EMP02896,Unpaid Leave,2025-02-25,2025-03-01,4,Approved
LV02605,EMP01437,Sick Leave,2025-04-21,2025-04-23,2,Approved
LV02606,EMP01599,Maternity Leave,2025-06-26,2025-06-29,3,Rejected
LV02607,EMP00060,Paternity Leave,2026-02-27,2026-02-28,1,Rejected
LV02608,EMP01310,Paternity Leave,2025-03-20,2025-03-21,1,Pending
LV02609,EMP00059,Unpaid Leave,2026-01-05,2026-01-09,4,Pending
LV02610,EMP02494,Earned Leave,2025-07-11,2025-07-12,1,Rejected
LV02611,EMP01810,Unpaid Leave,2026-06-23,2026-06-25,2,Approved
LV02612,EMP93973,Casual Leave,2025-02-25,2025-03-02,5,Pending
LV02613,EMP01540,Paternity Leave,2025-02-12,2025-02-18,6,Approved
LV02614,EMP01196,Unpaid Leave,2025-09-06,2025-09-14,8,Rejected
LV02615,EMP02634,Paternity Leave,2026-04-11,2026-04-21,10,Approved
LV02616,EMP01260,Sick Leave,2025-08-06,2025-08-13,7,Rejected
LV02617,EMP01828,Maternity Leave,2025-05-22,2025-05-31,9,Approved
LV02618,EMP02615,Casual Leave,2025-08-09,2025-08-17,8,Rejected
LV02619,EMP00745,Casual Leave,2025-12-29,2025-12-31,2,Pending
LV02620,EMP01433,Paternity Leave,2026-01-06,2026-01-16,10,Pending
LV02621,EMP01004,Paternity Leave,2026-02-06,2026-02-15,9,Pending
LV02622,EMP01911,Paternity Leave,2025-10-06,2025-10-16,10,Approved
LV02623,EMP00516,Unpaid Leave,2025-06-07,2025-06-15,8,Approved
LV02624,EMP00638,Earned Leave,2026-07-12,2026-07-15,3,Pending
LV02625,EMP03012,Sick Leave,2025-05-31,2025-06-02,2,Approved
LV02626,EMP00749,Earned Leave,2025-11-14,2025-11-19,5,Approved
LV02627,EMP00167,Casual Leave,2026-02-01,2026-02-03,2,Approved
LV02628,EMP01488,Paternity Leave,2025-04-08,2025-04-17,9,Approved
LV02629,EMP02312,Maternity Leave,2025-12-06,2025-12-13,7,Rejected
LV02630,EMP01275,Sick Leave,2025-11-13,2025-11-15,2,Rejected
LV02631,EMP00602,Casual Leave,2025-11-05,2025-11-06,1,Approved
LV02632,EMP02711,Sick Leave,2025-04-10,2025-04-14,4,Rejected
LV02633,EMP01287,Paternity Leave,2026-01-07,2026-01-13,6,Approved
LV02634,EMP03038,Sick Leave,2026-01-11,2026-01-18,7,Approved
LV02635,EMP00408,Unpaid Leave,2026-05-17,2026-05-26,9,Rejected
LV02636,EMP03001,Paternity Leave,2025-04-08,2025-04-18,10,Pending
LV02637,EMP02735,Maternity Leave,2025-08-15,2025-08-21,6,Approved
LV02638,EMP01879,Paternity Leave,2025-10-01,2025-10-02,1,Approved
LV02639,EMP03079,Maternity Leave,2025-09-12,2025-09-20,8,Pending
LV02640,EMP02018,Paternity Leave,2026-01-23,2026-01-28,5,Rejected
LV02641,EMP00477,Maternity Leave,2025-08-16,2025-08-24,8,Rejected
LV02642,EMP01186,Paternity Leave,2026-04-14,2026-04-24,10,Pending
LV02643,EMP01460,Casual Leave,2026-04-05,2026-04-07,2,Pending
LV02644,EMP01549,Maternity Leave,2026-04-04,2026-04-07,3,Rejected
LV02645,EMP02548,Paternity Leave,2025-10-10,2025-10-11,1,Pending
LV02646,EMP00413,Sick Leave,2025-02-06,2025-02-12,6,Approved
LV02647,EMP02042,Sick Leave,2026-06-04,2026-06-05,1,Rejected
LV02648,EMP01746,Earned Leave,2025-09-16,2025-09-25,9,Rejected
LV02649,EMP00258,Unpaid Leave,2025-06-30,2025-07-02,2,Approved
LV02650,EMP00964,Earned Leave,2025-07-16,2025-07-23,7,Approved
LV02651,EMP01217,Maternity Leave,2025-06-27,2025-07-07,10,Rejected
LV02652,EMP02980,Unpaid Leave,2025-01-24,2025-01-31,7,Rejected
LV02653,EMP00503,Sick Leave,2025-01-03,2025-01-07,4,Approved
LV02654,EMP01339,Casual Leave,2025-05-26,2025-05-28,2,Approved
LV02655,EMP00681,Sick Leave,2026-03-20,2026-03-27,7,Approved
LV02656,EMP02980,Unpaid Leave,2025-03-11,2025-03-20,9,Rejected
LV02657,EMP01307,Sick Leave,2025-01-30,2025-02-02,3,Approved
LV02658,EMP03043,Sick Leave,2025-04-29,2025-05-02,3,Pending
LV02659,EMP01946,Maternity Leave,2026-02-11,2026-02-14,3,Approved
LV02660,EMP01635,Casual Leave,2025-10-31,2025-11-10,10,Pending
LV02661,EMP00819,Unpaid Leave,2025-06-17,2025-06-27,10,Rejected
LV02662,EMP03043,Earned Leave,2025-05-15,2025-05-22,7,Pending
LV02663,EMP02210,Earned Leave,2026-04-29,2026-05-05,6,Rejected
LV02664,EMP00949,Paternity Leave,2025-02-10,2025-02-13,3,Pending
LV02665,EMP01017,Unpaid Leave,2026-01-30,2026-02-08,9,Rejected
LV02666,EMP02337,Unpaid Leave,2025-04-22,2025-05-02,10,Approved
LV02667,EMP00386,Casual Leave,2025-08-08,2025-08-09,1,Rejected
LV02668,EMP00746,Sick Leave,2025-10-22,2025-10-23,1,Pending
LV02669,EMP01951,Sick Leave,2025-07-04,2025-07-07,3,Rejected
LV02670,EMP00393,Maternity Leave,2025-06-19,2025-06-24,5,Approved
LV02671,EMP00198,Paternity Leave,2025-05-27,2025-05-28,1,Approved
LV02672,EMP03145,Paternity Leave,2026-07-04,2026-07-05,1,Pending
LV02673,EMP00096,Paternity Leave,2025-02-22,2025-02-27,5,Approved
LV02674,EMP03009,Casual Leave,2026-03-02,2026-03-11,9,Approved
LV02675,EMP01030,Paternity Leave,2025-05-07,2025-05-12,5,Approved
LV02676,EMP02810,Unpaid Leave,2026-05-20,2026-05-21,1,Approved
LV02677,EMP01689,Maternity Leave,2026-04-04,2026-04-07,3,Pending
LV02678,EMP02421,Earned Leave,2025-12-22,2025-12-26,4,Rejected
LV02679,EMP03043,Maternity Leave,2026-05-14,2026-05-20,6,Approved
LV02680,EMP02666,Casual Leave,2025-02-22,2025-02-23,1,Approved
LV02681,EMP00529,Casual Leave,2026-05-05,2026-05-08,3,Pending
LV02682,EMP02302,Sick Leave,2025-11-02,2025-11-08,6,Approved
LV02683,EMP01704,Sick Leave,2025-10-09,2025-10-11,2,Pending
LV02684,EMP01425,Casual Leave,2026-06-02,2026-06-10,8,Pending
LV02685,EMP00713,Sick Leave,2025-05-21,2025-05-25,4,Pending
LV02686,EMP00346,Sick Leave,2025-04-07,2025-04-09,2,Approved
LV02687,EMP02848,Earned Leave,2025-05-01,2025-05-07,6,Approved
LV02688,EMP02764,Maternity Leave,2025-09-14,2025-09-15,1,Rejected
LV02689,EMP01666,Earned Leave,2025-09-12,2025-09-13,1,Approved
LV02690,EMP01096,Unpaid Leave,2025-04-12,2025-04-19,7,Approved
LV02691,EMP00512,Earned Leave,2026-03-21,2026-03-26,5,Pending
LV02692,EMP03182,Casual Leave,2025-02-16,2025-02-24,8,Rejected
LV02693,EMP02206,Unpaid Leave,2025-09-28,2025-10-01,3,Approved
LV02694,EMP02681,Paternity Leave,2026-01-26,2026-02-05,10,Rejected
LV02695,EMP02391,Unpaid Leave,2025-05-06,2025-05-16,10,Pending
LV02696,EMP00997,Unpaid Leave,2025-05-05,2025-05-06,1,Pending
LV02697,EMP00146,Sick Leave,2025-05-19,2025-05-27,8,Approved
LV02698,EMP02334,Sick Leave,2026-05-20,2026-05-30,10,Pending
LV02699,EMP01932,Unpaid Leave,2026-04-05,2026-04-13,8,Approved
LV02700,EMP96683,Earned Leave,2025-05-12,2025-05-18,6,Approved
LV02701,EMP01025,Unpaid Leave,2026-06-29,2026-07-03,4,Pending
LV02702,EMP03059,Paternity Leave,2026-06-01,2026-06-06,5,Approved
LV02703,EMP01285,Paternity Leave,2026-02-14,2026-02-24,10,Pending
LV02704,EMP00908,Earned Leave,2026-06-13,2026-06-14,1,Pending
LV02705,EMP02667,Paternity Leave,2025-01-25,2025-02-01,7,Rejected
LV02706,EMP03052,Unpaid Leave,2025-12-06,2025-12-13,7,Pending
LV02707,EMP03117,Casual Leave,2026-05-23,2026-05-24,1,Pending
LV02708,EMP01233,Sick Leave,2026-06-05,2026-06-09,4,Rejected
LV02709,EMP00747,Sick Leave,2025-02-04,2025-02-12,8,Approved
LV02710,EMP02218,Paternity Leave,2025-06-07,2025-06-13,6,Approved
LV02711,EMP01714,Earned Leave,2025-11-07,2025-11-11,4,Approved
LV02712,EMP00509,Paternity Leave,2025-10-20,2025-10-23,3,Rejected
LV02713,EMP02145,Maternity Leave,2026-04-13,2026-04-23,10,Pending
LV02714,EMP02770,Casual Leave,2026-06-09,2026-06-17,8,Rejected
LV02715,EMP00418,Sick Leave,2025-04-16,2025-04-25,9,Approved
LV02716,EMP00736,Maternity Leave,2026-03-12,2026-03-13,1,Pending
LV02717,EMP00590,Unpaid Leave,2026-05-08,2026-05-14,6,Pending
LV02718,EMP00781,Paternity Leave,2025-04-09,2025-04-13,4,Pending
LV02719,EMP02651,Unpaid Leave,2025-03-14,2025-03-18,4,Pending
LV02720,EMP00348,Unpaid Leave,2025-08-11,2025-08-17,6,Approved
LV02721,EMP01429,Maternity Leave,2026-02-07,2026-02-12,5,Rejected
LV02722,EMP02962,Earned Leave,2026-05-07,2026-05-16,9,Rejected
LV02723,EMP03043,Maternity Leave,2025-08-21,2025-08-28,7,Approved
LV02724,EMP01272,Unpaid Leave,2025-01-10,2025-01-15,5,Approved
LV02725,EMP03199,Unpaid Leave,2025-06-24,2025-07-04,10,Approved
LV02726,EMP00454,Paternity Leave,2025-09-19,2025-09-26,7,Pending
LV02727,EMP01337,Unpaid Leave,2026-05-21,2026-05-26,5,Pending
LV02728,EMP01235,Maternity Leave,2025-01-09,2025-01-17,8,Pending
LV02729,EMP01651,Paternity Leave,2025-04-04,2025-04-07,3,Approved
LV02730,EMP02494,Unpaid Leave,2025-05-17,2025-05-25,8,Approved
LV02731,EMP02492,Sick Leave,2025-12-09,2025-12-19,10,Pending
LV02732,EMP03046,Unpaid Leave,2025-11-13,2025-11-23,10,Pending
LV02733,EMP00377,Casual Leave,2026-05-06,2026-05-16,10,Rejected
LV02734,EMP02735,Maternity Leave,2025-12-28,2025-12-31,3,Pending
LV02735,EMP02795,Unpaid Leave,2025-11-19,2025-11-29,10,Approved
LV02736,EMP91570,Maternity Leave,2026-06-08,2026-06-11,3,Approved
LV02737,EMP92999,Maternity Leave,2025-08-01,2025-08-04,3,Rejected
LV02738,EMP03089,Earned Leave,2026-05-26,2026-06-01,6,Rejected
LV02739,EMP02779,Casual Leave,2025-07-29,2025-07-30,1,Pending
LV02740,EMP00211,Maternity Leave,2025-11-24,2025-12-03,9,Pending
LV02741,EMP01001,Unpaid Leave,2026-04-14,2026-04-16,2,Approved
LV02742,EMP02716,Earned Leave,2025-07-06,2025-07-12,6,Pending
LV02743,EMP02151,Paternity Leave,2025-03-01,2025-03-03,2,Pending
LV02744,EMP00653,Casual Leave,2025-03-17,2025-03-24,7,Rejected
LV02745,EMP00488,Sick Leave,2025-10-24,2025-10-30,6,Pending
LV02746,EMP03081,Casual Leave,2025-05-13,2025-05-18,5,Pending
LV02747,EMP02639,Casual Leave,2026-02-08,2026-02-09,1,Approved
LV02748,EMP00030,Sick Leave,2026-06-01,2026-06-11,10,Approved
LV02749,EMP02257,Paternity Leave,2025-01-21,2025-01-26,5,Pending
LV02750,EMP01950,Maternity Leave,2025-06-19,2025-06-29,10,Approved
LV02751,EMP01582,Sick Leave,2025-05-01,2025-05-05,4,Pending
LV02752,EMP00237,Paternity Leave,2025-06-06,2025-06-07,1,Rejected
LV02753,EMP03104,Maternity Leave,2025-02-20,2025-02-21,1,Rejected
LV02754,EMP02216,Earned Leave,2025-10-06,2025-10-07,1,Approved
LV02755,EMP02480,Sick Leave,2026-04-05,2026-04-06,1,Pending
LV02756,EMP00259,Paternity Leave,2025-01-17,2025-01-24,7,Rejected
LV02757,EMP00984,Sick Leave,2025-11-18,2025-11-23,5,Approved
LV02758,EMP00371,Maternity Leave,2025-10-23,2025-10-27,4,Approved
LV02759,EMP00046,Paternity Leave,2025-08-13,2025-08-16,3,Pending
LV02760,EMP02910,Unpaid Leave,2025-02-03,2025-02-09,6,Rejected
LV02761,EMP02684,Sick Leave,2026-03-17,2026-03-27,10,Approved
LV02762,EMP00823,Maternity Leave,2026-04-21,2026-04-22,1,Rejected
LV02763,EMP00955,Unpaid Leave,2025-07-20,2025-07-30,10,Approved
LV02764,EMP00504,Unpaid Leave,2025-04-12,2025-04-15,3,Rejected
LV02765,EMP02698,Casual Leave,2026-02-06,2026-02-07,1,Approved
LV02766,EMP01161,Paternity Leave,2026-03-13,2026-03-16,3,Rejected
LV02767,EMP02344,Maternity Leave,2026-03-14,2026-03-21,7,Pending
LV02768,EMP01171,Maternity Leave,2025-07-24,2025-08-02,9,Approved
LV02769,EMP03122,Earned Leave,2026-04-25,2026-05-05,10,Approved
LV02770,EMP01867,Earned Leave,2026-02-22,2026-03-01,7,Pending
LV02771,EMP01361,Sick Leave,2026-04-20,2026-04-27,7,Approved
LV02772,EMP00350,Unpaid Leave,2025-09-10,2025-09-12,2,Approved
LV02773,EMP00230,Earned Leave,2026-05-10,2026-05-17,7,Rejected
LV02774,EMP01368,Casual Leave,2025-04-23,2025-05-02,9,Rejected
LV02775,EMP02763,Unpaid Leave,2025-07-10,2025-07-14,4,Approved
LV02776,EMP00404,Casual Leave,2025-09-29,2025-10-08,9,Approved
LV02777,EMP00231,Earned Leave,2025-05-29,2025-06-08,10,Rejected
LV02778,EMP01660,Paternity Leave,2025-05-29,2025-06-03,5,Rejected
LV02779,EMP00084,Sick Leave,2025-11-05,2025-11-08,3,Approved
LV02780,EMP01879,Earned Leave,2025-10-24,2025-11-02,9,Pending
LV02781,EMP01259,Paternity Leave,2025-10-13,2025-10-19,6,Approved
LV02782,EMP02708,Casual Leave,2026-04-27,2026-05-05,8,Pending
LV02783,EMP02301,Sick Leave,2025-04-05,2025-04-12,7,Pending
LV02784,EMP02817,Sick Leave,2025-10-04,2025-10-13,9,Approved
LV02785,EMP00509,Casual Leave,2025-04-25,2025-05-04,9,Pending
LV02786,EMP00733,Sick Leave,2026-04-10,2026-04-20,10,Rejected
LV02787,EMP03183,Maternity Leave,2025-12-06,2025-12-13,7,Approved
LV02788,EMP01019,Paternity Leave,2025-01-29,2025-02-08,10,Approved
LV02789,EMP02213,Paternity Leave,2025-04-18,2025-04-20,2,Rejected
LV02790,EMP98541,Sick Leave,2025-11-02,2025-11-10,8,Rejected
LV02791,EMP02904,Earned Leave,2025-03-30,2025-04-09,10,Rejected
LV02792,EMP02689,Paternity Leave,2025-06-25,2025-07-04,9,Pending
LV02793,EMP00896,Sick Leave,2025-10-01,2025-10-04,3,Rejected
LV02794,EMP02431,Paternity Leave,2025-08-21,2025-08-28,7,Approved
LV02795,EMP00143,Paternity Leave,2026-07-09,2026-07-18,9,Pending
LV02796,EMP01831,Earned Leave,2025-08-19,2025-08-21,2,Rejected
LV02797,EMP01475,Paternity Leave,2026-07-15,2026-07-24,9,Pending
LV02798,EMP03184,Maternity Leave,2026-01-28,2026-01-31,3,Pending
LV02799,EMP01654,Unpaid Leave,2026-01-06,2026-01-12,6,Pending
LV02800,EMP00014,Maternity Leave,2025-10-02,2025-10-05,3,Pending
LV02801,EMP01243,Sick Leave,2025-05-12,2025-05-13,1,Rejected
LV02802,EMP01329,Paternity Leave,2025-02-15,2025-02-19,4,Approved
LV02803,EMP00706,Paternity Leave,2025-07-29,2025-08-08,10,Approved
LV02804,EMP00194,Paternity Leave,2025-06-04,2025-06-12,8,Approved
LV02805,EMP02983,Maternity Leave,2025-09-20,2025-09-24,4,Pending
LV02806,EMP00792,Paternity Leave,2025-10-29,2025-11-01,3,Approved
LV02807,EMP00121,Sick Leave,2026-06-11,2026-06-21,10,Rejected
LV02808,EMP02375,Unpaid Leave,2026-06-15,2026-06-23,8,Pending
LV02809,EMP00034,Earned Leave,2026-05-12,2026-05-16,4,Pending
LV02810,EMP01223,Unpaid Leave,2025-05-29,2025-06-05,7,Rejected
LV02811,EMP02297,Sick Leave,2025-12-04,2025-12-11,7,Rejected
LV02812,EMP02854,Unpaid Leave,2025-01-22,2025-01-31,9,Rejected
LV02813,EMP03181,Sick Leave,2025-06-13,2025-06-21,8,Rejected
LV02814,EMP01743,Paternity Leave,2026-06-18,2026-06-19,1,Approved
LV02815,EMP02213,Sick Leave,2025-09-14,2025-09-17,3,Approved
LV02816,EMP01988,Casual Leave,2026-06-12,2026-06-22,10,Approved
LV02817,EMP00351,Unpaid Leave,2025-11-16,2025-11-17,1,Pending
LV02818,EMP02841,Maternity Leave,2026-01-30,2026-02-03,4,Rejected
LV02819,EMP01406,Casual Leave,2025-06-01,2025-06-03,2,Approved
LV02820,EMP01882,Unpaid Leave,2026-05-31,2026-06-02,2,Rejected
LV02821,EMP00119,Unpaid Leave,2025-05-17,2025-05-27,10,Approved
LV02822,EMP01537,Unpaid Leave,2025-09-13,2025-09-22,9,Rejected
LV02823,EMP01202,Unpaid Leave,2026-07-05,2026-07-15,10,Rejected
LV02824,EMP01198,Earned Leave,2026-03-04,2026-03-06,2,Pending
LV02825,EMP02950,Earned Leave,2026-06-03,2026-06-05,2,Rejected
LV02826,EMP00570,Casual Leave,2025-04-18,2025-04-21,3,Rejected
LV02827,EMP02111,Paternity Leave,2025-12-12,2025-12-20,8,Rejected
LV02828,EMP03109,Earned Leave,2025-08-06,2025-08-16,10,Approved
LV02829,EMP02362,Maternity Leave,2025-10-01,2025-10-04,3,Pending
LV02830,EMP97273,Maternity Leave,2025-10-11,2025-10-19,8,Approved
LV02831,EMP00917,Maternity Leave,2025-04-21,2025-04-23,2,Approved
LV02832,EMP01182,Paternity Leave,2026-01-13,2026-01-14,1,Approved
LV02833,EMP03109,Paternity Leave,2026-02-01,2026-02-04,3,Approved
LV02834,EMP01942,Paternity Leave,2025-02-10,2025-02-17,7,Pending
LV02835,EMP01411,Maternity Leave,2026-05-14,2026-05-23,9,Pending
LV02836,EMP00289,Maternity Leave,2025-09-16,2025-09-26,10,Approved
LV02837,EMP00158,Sick Leave,2025-08-24,2025-08-31,7,Approved
LV02838,EMP01465,Sick Leave,2026-02-26,2026-03-03,5,Rejected
LV02839,EMP02378,Sick Leave,2025-08-31,2025-09-08,8,Pending
LV02840,EMP02606,Unpaid Leave,2026-04-29,2026-05-02,3,Approved
LV02841,EMP02609,Maternity Leave,2026-03-02,2026-03-07,5,Approved
LV02842,EMP00553,Sick Leave,2025-06-09,2025-06-15,6,Rejected
LV02843,EMP00460,Paternity Leave,2026-02-15,2026-02-23,8,Rejected
LV02844,EMP01048,Unpaid Leave,2026-03-30,2026-03-31,1,Rejected
LV02845,EMP01051,Casual Leave,2025-11-13,2025-11-20,7,Approved
LV02846,EMP03118,Maternity Leave,2026-01-30,2026-02-05,6,Rejected
LV02847,EMP01808,Casual Leave,2025-10-17,2025-10-27,10,Pending
LV02848,EMP01005,Maternity Leave,2026-04-25,2026-05-02,7,Pending
LV02849,EMP01958,Casual Leave,2026-04-06,2026-04-12,6,Pending
LV02850,EMP01591,Earned Leave,2025-10-22,2025-10-29,7,Pending
LV02851,EMP00575,Earned Leave,2025-09-20,2025-09-28,8,Approved
LV02852,EMP02958,Paternity Leave,2025-04-25,2025-04-28,3,Rejected
LV02853,EMP02241,Maternity Leave,2026-02-25,2026-03-06,9,Pending
LV02854,EMP00671,Maternity Leave,2025-08-08,2025-08-10,2,Pending
LV02855,EMP00635,Unpaid Leave,2026-04-11,2026-04-15,4,Pending
LV02856,EMP91560,Casual Leave,2025-07-03,2025-07-09,6,Rejected
LV02857,EMP00640,Unpaid Leave,2025-09-11,2025-09-21,10,Rejected
LV02858,EMP02661,Casual Leave,2025-03-04,2025-03-13,9,Pending
LV02859,EMP00662,Casual Leave,2025-04-06,2025-04-14,8,Approved
LV02860,EMP01383,Maternity Leave,2025-06-05,2025-06-11,6,Approved
LV02861,EMP03112,Maternity Leave,2026-05-05,2026-05-12,7,Pending
LV02862,EMP03028,Earned Leave,2026-02-21,2026-03-03,10,Pending
LV02863,EMP01811,Paternity Leave,2025-10-23,2025-10-27,4,Rejected
LV02864,EMP01427,Paternity Leave,2025-05-22,2025-05-25,3,Approved
LV02865,EMP01622,Maternity Leave,2025-02-25,2025-02-27,2,Rejected
LV02866,EMP00057,Paternity Leave,2026-05-04,2026-05-05,1,Pending
LV02867,EMP00161,Maternity Leave,2025-04-12,2025-04-16,4,Approved
LV02868,EMP02876,Maternity Leave,2025-07-26,2025-07-28,2,Approved
LV02869,EMP00199,Earned Leave,2026-05-26,2026-06-05,10,Rejected
LV02870,EMP01805,Unpaid Leave,2025-01-22,2025-01-30,8,Approved
LV02871,EMP02097,Casual Leave,2026-02-10,2026-02-17,7,Pending
LV02872,EMP01203,Casual Leave,2025-11-23,2025-11-25,2,Rejected
LV02873,EMP01975,Sick Leave,2026-07-08,2026-07-16,8,Rejected
LV02874,EMP01993,Casual Leave,2025-09-11,2025-09-15,4,Pending
LV02875,EMP01138,Earned Leave,2025-06-26,2025-07-02,6,Approved
LV02876,EMP01216,Casual Leave,2026-02-13,2026-02-21,8,Rejected
LV02877,EMP03046,Casual Leave,2025-10-31,2025-11-02,2,Pending
LV02878,EMP01492,Maternity Leave,2025-10-31,2025-11-06,6,Pending
LV02879,EMP00950,Sick Leave,2026-01-23,2026-01-27,4,Rejected
LV02880,EMP00342,Unpaid Leave,2025-08-21,2025-08-28,7,Rejected
LV02881,EMP01288,Maternity Leave,2025-07-25,2025-07-28,3,Pending
LV02882,EMP03174,Sick Leave,2025-04-25,2025-04-27,2,Approved
LV02883,EMP01715,Casual Leave,2025-12-09,2025-12-16,7,Rejected
LV02884,EMP00276,Paternity Leave,2025-11-10,2025-11-20,10,Rejected
LV02885,EMP01476,Paternity Leave,2026-06-16,2026-06-22,6,Pending
LV02886,EMP01447,Paternity Leave,2026-05-30,2026-06-01,2,Pending
LV02887,EMP00950,Casual Leave,2025-10-14,2025-10-24,10,Approved
LV02888,EMP01912,Paternity Leave,2025-09-30,2025-10-04,4,Rejected
LV02889,EMP00477,Unpaid Leave,2025-10-16,2025-10-17,1,Rejected
LV02890,EMP02333,Paternity Leave,2025-01-27,2025-01-28,1,Pending
LV02891,EMP00813,Earned Leave,2026-02-18,2026-02-22,4,Approved
LV02892,EMP96779,Casual Leave,2026-02-05,2026-02-08,3,Rejected
LV02893,EMP01206,Maternity Leave,2026-03-22,2026-03-26,4,Approved
LV02894,EMP00857,Sick Leave,2025-03-04,2025-03-12,8,Rejected
LV02895,EMP02163,Earned Leave,2025-04-13,2025-04-22,9,Approved
LV02896,EMP01403,Unpaid Leave,2025-08-31,2025-09-01,1,Pending
LV02897,EMP01080,Paternity Leave,2025-03-20,2025-03-23,3,Pending
LV02898,EMP02538,Casual Leave,2025-05-08,2025-05-12,4,Rejected
LV02899,EMP03087,Unpaid Leave,2025-06-13,2025-06-21,8,Pending
LV02900,EMP02003,Paternity Leave,2025-10-27,2025-10-31,4,Approved
LV02901,EMP00144,Maternity Leave,2025-06-09,2025-06-10,1,Approved
LV02902,EMP02216,Casual Leave,2025-03-30,2025-03-31,1,Rejected
LV02903,EMP02471,Unpaid Leave,2025-11-06,2025-11-15,9,Pending
LV02904,EMP95227,Maternity Leave,2026-04-18,2026-04-21,3,Rejected
LV02905,EMP02740,Maternity Leave,2025-09-25,2025-10-03,8,Rejected
LV02906,EMP02241,Unpaid Leave,2025-11-23,2025-11-24,1,Approved
LV02907,EMP00264,Sick Leave,2025-09-25,2025-10-04,9,Rejected
LV02908,EMP00702,Maternity Leave,2025-03-29,2025-03-30,1,Pending
LV02909,EMP03172,Earned Leave,2025-06-19,2025-06-23,4,Rejected
LV02910,EMP02025,Casual Leave,2025-04-29,2025-05-06,7,Approved
LV02911,EMP01394,Earned Leave,2025-11-03,2025-11-07,4,Rejected
LV02912,EMP02412,Earned Leave,2025-07-07,2025-07-11,4,Pending
LV02913,EMP00173,Casual Leave,2025-09-19,2025-09-22,3,Pending
LV02914,EMP00268,Earned Leave,2025-08-28,2025-09-03,6,Pending
LV02915,EMP02388,Maternity Leave,2025-03-18,2025-03-28,10,Pending
LV02916,EMP01351,Casual Leave,2026-06-25,2026-06-28,3,Pending
LV02917,EMP01683,Paternity Leave,2025-04-12,2025-04-20,8,Pending
LV02918,EMP03049,Sick Leave,2026-03-19,2026-03-28,9,Pending
LV02919,EMP02895,Earned Leave,2025-06-21,2025-06-27,6,Approved
LV02920,EMP02496,Casual Leave,2026-02-24,2026-02-25,1,Pending
LV02921,EMP00905,Paternity Leave,2025-10-11,2025-10-12,1,Rejected
LV02922,EMP02452,Sick Leave,2025-08-24,2025-09-02,9,Approved
LV02923,EMP00644,Sick Leave,2026-01-11,2026-01-13,2,Approved
LV02924,EMP02308,Casual Leave,2025-10-26,2025-10-30,4,Pending
LV02925,EMP01012,Paternity Leave,2026-05-07,2026-05-09,2,Approved
LV02926,EMP02782,Maternity Leave,2025-03-12,2025-03-22,10,Approved
LV02927,EMP01818,Earned Leave,2026-04-29,2026-05-08,9,Pending
LV02928,EMP02304,Paternity Leave,2026-02-09,2026-02-14,5,Pending
LV02929,EMP00403,Paternity Leave,2025-07-31,2025-08-05,5,Rejected
LV02930,EMP01662,Earned Leave,2026-01-25,2026-01-26,1,Rejected
LV02931,EMP01405,Unpaid Leave,2025-01-31,2025-02-05,5,Approved
LV02932,EMP00309,Maternity Leave,2025-09-26,2025-09-30,4,Pending
LV02933,EMP01893,Earned Leave,2025-11-17,2025-11-20,3,Approved
LV02934,EMP00542,Casual Leave,2025-09-30,2025-10-06,6,Rejected
LV02935,EMP00615,Earned Leave,2025-12-27,2025-12-31,4,Rejected
LV02936,EMP02815,Unpaid Leave,2026-06-22,2026-06-28,6,Approved
LV02937,EMP02896,Maternity Leave,2026-03-29,2026-03-30,1,Approved
LV02938,EMP02071,Maternity Leave,2025-07-10,2025-07-20,10,Approved
LV02939,EMP02890,Maternity Leave,2025-11-23,2025-12-02,9,Pending
LV02940,EMP03144,Earned Leave,2026-05-15,2026-05-16,1,Rejected
LV02941,EMP00617,Earned Leave,2026-05-30,2026-06-05,6,Approved
LV02942,EMP01353,Earned Leave,2025-01-23,2025-02-01,9,Approved
LV02943,EMP02878,Unpaid Leave,2026-01-26,2026-01-30,4,Rejected
LV02944,EMP01195,Sick Leave,2025-06-01,2025-06-02,1,Approved
LV02945,EMP01725,Paternity Leave,2026-02-25,2026-03-06,9,Approved
LV02946,EMP01606,Casual Leave,2025-08-14,2025-08-21,7,Approved
LV02947,EMP02297,Unpaid Leave,2025-05-26,2025-05-27,1,Rejected
LV02948,EMP02489,Paternity Leave,2026-06-10,2026-06-14,4,Pending
LV02949,EMP00589,Earned Leave,2026-01-21,2026-01-26,5,Approved
LV02950,EMP01232,Unpaid Leave,2025-07-16,2025-07-25,9,Approved
LV02951,EMP02482,Sick Leave,2025-02-13,2025-02-14,1,Rejected
LV02952,EMP00010,Paternity Leave,2025-01-07,2025-01-09,2,Approved
LV02953,EMP02278,Paternity Leave,2026-01-29,2026-02-03,5,Rejected
LV02954,EMP00280,Unpaid Leave,2025-05-16,2025-05-18,2,Rejected
LV02955,EMP00976,Paternity Leave,2026-02-03,2026-02-06,3,Rejected
LV02956,EMP02255,Paternity Leave,2025-05-13,2025-05-15,2,Pending
LV02957,EMP94241,Casual Leave,2025-09-06,2025-09-12,6,Pending
LV02958,EMP02911,Unpaid Leave,2026-06-04,2026-06-10,6,Approved
LV02959,EMP01686,Maternity Leave,2025-08-16,2025-08-24,8,Approved
LV02960,EMP00571,Unpaid Leave,2025-11-18,2025-11-26,8,Approved
LV02961,EMP00167,Unpaid Leave,2026-06-04,2026-06-13,9,Rejected
LV02962,EMP00262,Paternity Leave,2025-01-12,2025-01-21,9,Approved
LV02963,EMP01000,Paternity Leave,2026-07-03,2026-07-05,2,Pending
LV02964,EMP02330,Maternity Leave,2026-07-12,2026-07-13,1,Approved
LV02965,EMP00119,Paternity Leave,2026-03-07,2026-03-14,7,Approved
LV02966,EMP01930,Casual Leave,2026-06-13,2026-06-16,3,Rejected
LV02967,EMP01800,Unpaid Leave,2026-01-06,2026-01-12,6,Rejected
LV02968,EMP02991,Unpaid Leave,2025-12-29,2026-01-07,9,Approved
LV02969,EMP01284,Unpaid Leave,2025-01-28,2025-02-03,6,Approved
LV02970,EMP01537,Maternity Leave,2025-12-19,2025-12-20,1,Pending
LV02971,EMP00931,Sick Leave,2025-10-29,2025-11-02,4,Approved
LV02972,EMP01063,Earned Leave,2026-02-27,2026-02-28,1,Rejected
LV02973,EMP02709,Casual Leave,2026-05-05,2026-05-07,2,Rejected
LV02974,EMP02185,Casual Leave,2025-01-09,2025-01-16,7,Pending
LV02975,EMP01731,Sick Leave,2025-11-08,2025-11-09,1,Rejected
LV02976,EMP01420,Unpaid Leave,2025-05-14,2025-05-16,2,Approved
LV02977,EMP02053,Earned Leave,2025-10-06,2025-10-11,5,Approved
LV02978,EMP02117,Maternity Leave,2025-05-18,2025-05-19,1,Approved
LV02979,EMP01753,Casual Leave,2026-01-09,2026-01-12,3,Rejected
LV02980,EMP02670,Unpaid Leave,2025-05-25,2025-06-01,7,Approved
LV02981,EMP00163,Unpaid Leave,2025-05-21,2025-05-27,6,Rejected
LV02982,EMP01846,Sick Leave,2025-11-03,2025-11-12,9,Approved
LV02983,EMP01232,Casual Leave,2025-05-17,2025-05-27,10,Approved
LV02984,EMP01730,Paternity Leave,2025-02-17,2025-02-21,4,Pending
LV02985,EMP00913,Maternity Leave,2026-06-06,2026-06-10,4,Pending
LV02986,EMP00140,Maternity Leave,2025-07-21,2025-07-26,5,Pending
LV02987,EMP90166,Unpaid Leave,2025-11-16,2025-11-19,3,Approved
LV02988,EMP02044,Earned Leave,2025-11-28,2025-12-02,4,Approved
LV02989,EMP00568,Earned Leave,2025-07-16,2025-07-26,10,Rejected
LV02990,EMP02849,Unpaid Leave,2025-04-26,2025-05-03,7,Rejected
LV02991,EMP00951,Earned Leave,2026-06-15,2026-06-19,4,Approved
LV02992,EMP92738,Sick Leave,2026-04-27,2026-04-30,3,Approved
LV02993,EMP02966,Casual Leave,2025-05-22,2025-05-28,6,Rejected
LV02994,EMP01420,Casual Leave,2025-09-04,2025-09-14,10,Rejected
LV02995,EMP01439,Unpaid Leave,2025-03-27,2025-03-29,2,Approved
LV02996,EMP00458,Maternity Leave,2026-04-15,2026-04-19,4,Pending
LV02997,EMP00548,Casual Leave,2026-01-18,2026-01-22,4,Approved
LV02998,EMP02411,Casual Leave,2026-06-05,2026-06-07,2,Pending
LV02999,EMP00415,Sick Leave,2026-05-05,2026-05-14,9,Approved
LV03000,EMP01062,Earned Leave,2025-08-01,2025-08-07,6,Rejected
LV03001,EMP01724,Maternity Leave,2025-10-05,2025-10-07,2,Approved
LV03002,EMP01743,Casual Leave,2026-03-13,2026-03-19,6,Approved
LV03003,EMP02760,Earned Leave,2025-07-06,2025-07-10,4,Rejected
LV03004,EMP00418,Paternity Leave,2025-06-23,2025-06-29,6,Approved
LV03005,EMP00463,Earned Leave,2025-08-22,2025-08-26,4,Rejected
LV03006,EMP00751,Sick Leave,2025-08-21,2025-08-24,3,Pending
LV03007,EMP01513,Casual Leave,2026-05-04,2026-05-14,10,Approved
LV03008,EMP02966,Earned Leave,2026-05-12,2026-05-16,4,Pending
LV03009,EMP01593,Sick Leave,2025-04-18,2025-04-19,1,Rejected
LV03010,EMP00675,Sick Leave,2026-01-03,2026-01-13,10,Rejected
LV03011,EMP01193,Sick Leave,2026-05-23,2026-05-25,2,Pending
LV03012,EMP02609,Earned Leave,2026-06-09,2026-06-12,3,Rejected
LV03013,EMP02962,Maternity Leave,2025-01-04,2025-01-10,6,Approved
LV03014,EMP03135,Maternity Leave,2026-05-25,2026-05-29,4,Approved
LV03015,EMP03139,Earned Leave,2025-09-05,2025-09-13,8,Approved
LV03016,EMP02894,Paternity Leave,2025-12-01,2025-12-06,5,Pending
LV03017,EMP02509,Casual Leave,2025-10-06,2025-10-11,5,Approved
LV03018,EMP00168,Unpaid Leave,2025-05-17,2025-05-24,7,Pending
LV03019,EMP01589,Unpaid Leave,2025-09-12,2025-09-14,2,Rejected
LV03020,EMP00756,Sick Leave,2025-02-19,2025-02-21,2,Rejected
LV03021,EMP02654,Sick Leave,2025-08-28,2025-09-06,9,Approved
LV03022,EMP01240,Unpaid Leave,2026-02-22,2026-02-27,5,Approved
LV03023,EMP00003,Sick Leave,2025-03-19,2025-03-20,1,Rejected
LV03024,EMP03096,Paternity Leave,2025-05-26,2025-05-30,4,Approved
LV03025,EMP00964,Casual Leave,2026-02-17,2026-02-26,9,Pending
LV03026,EMP97396,Earned Leave,2025-06-09,2025-06-12,3,Approved
LV03027,EMP01649,Earned Leave,2025-02-25,2025-02-26,1,Pending
LV03028,EMP00438,Unpaid Leave,2026-03-02,2026-03-12,10,Pending
LV03029,EMP00523,Casual Leave,2026-06-18,2026-06-27,9,Rejected
LV03030,EMP02945,Earned Leave,2025-02-27,2025-03-03,4,Approved
LV03031,EMP00325,Earned Leave,2026-02-05,2026-02-06,1,Approved
LV03032,EMP02103,Casual Leave,2025-04-05,2025-04-15,10,Rejected
LV03033,EMP02264,Paternity Leave,2026-04-28,2026-05-07,9,Approved
LV03034,EMP02926,Maternity Leave,2025-10-14,2025-10-15,1,Rejected
LV03035,EMP01515,Paternity Leave,2025-11-13,2025-11-14,1,Rejected
LV03036,EMP03125,Maternity Leave,2026-04-01,2026-04-09,8,Approved
LV03037,EMP00320,Casual Leave,2026-05-09,2026-05-14,5,Pending
LV03038,EMP01277,Casual Leave,2026-03-15,2026-03-16,1,Rejected
LV03039,EMP02505,Sick Leave,2025-02-09,2025-02-10,1,Approved
LV03040,EMP00967,Sick Leave,2026-04-18,2026-04-22,4,Approved
LV03041,EMP95425,Sick Leave,2026-03-28,2026-04-06,9,Approved
LV03042,EMP01956,Maternity Leave,2025-09-10,2025-09-12,2,Rejected
LV03043,EMP00521,Paternity Leave,2025-06-23,2025-06-24,1,Approved
LV03044,EMP02352,Unpaid Leave,2025-06-03,2025-06-04,1,Pending
LV03045,EMP00614,Casual Leave,2025-04-24,2025-04-26,2,Pending
LV03046,EMP02423,Maternity Leave,2025-05-09,2025-05-19,10,Rejected
LV03047,EMP02637,Paternity Leave,2026-03-05,2026-03-08,3,Pending
LV03048,EMP01438,Paternity Leave,2026-03-21,2026-03-31,10,Rejected
LV03049,EMP02351,Sick Leave,2026-02-14,2026-02-18,4,Pending
LV03050,EMP03040,Earned Leave,2025-09-20,2025-09-25,5,Rejected
LV03051,EMP02138,Casual Leave,2025-08-21,2025-08-30,9,Pending
LV03052,EMP03049,Sick Leave,2026-01-16,2026-01-24,8,Rejected
LV03053,EMP02251,Sick Leave,2025-04-24,2025-04-30,6,Rejected
LV03054,EMP02280,Paternity Leave,2026-03-09,2026-03-16,7,Rejected
LV03055,EMP02299,Earned Leave,2026-04-03,2026-04-08,5,Pending
LV03056,EMP01323,Paternity Leave,2025-06-02,2025-06-12,10,Pending
LV03057,EMP00464,Unpaid Leave,2025-04-26,2025-05-06,10,Approved
LV03058,EMP00184,Unpaid Leave,2025-11-20,2025-11-30,10,Rejected
LV03059,EMP96206,Paternity Leave,2026-02-14,2026-02-17,3,Approved
LV03060,EMP01390,Casual Leave,2025-05-13,2025-05-14,1,Rejected
LV03061,EMP01908,Sick Leave,2025-08-19,2025-08-29,10,Pending
LV03062,EMP02069,Earned Leave,2025-04-16,2025-04-25,9,Rejected
LV03063,EMP01582,Casual Leave,2025-10-21,2025-10-31,10,Rejected
LV03064,EMP02685,Paternity Leave,2025-06-16,2025-06-24,8,Approved
LV03065,EMP02407,Unpaid Leave,2025-03-11,2025-03-19,8,Pending
LV03066,EMP01413,Unpaid Leave,2026-04-26,2026-04-28,2,Approved
LV03067,EMP00856,Earned Leave,2025-07-24,2025-08-03,10,Pending
LV03068,EMP00188,Earned Leave,2025-10-07,2025-10-15,8,Rejected
LV03069,EMP01374,Paternity Leave,2025-12-03,2025-12-05,2,Pending
LV03070,EMP02010,Earned Leave,2026-05-23,2026-05-27,4,Rejected
LV03071,EMP03109,Unpaid Leave,2025-04-20,2025-04-27,7,Rejected
LV03072,EMP01628,Unpaid Leave,2025-02-17,2025-02-19,2,Rejected
LV03073,EMP01113,Casual Leave,2025-08-22,2025-08-23,1,Approved
LV03074,EMP00434,Sick Leave,2025-05-21,2025-05-31,10,Rejected
LV03075,EMP01374,Paternity Leave,2025-10-26,2025-11-03,8,Pending
LV03076,EMP02354,Maternity Leave,2025-11-07,2025-11-15,8,Rejected
LV03077,EMP02992,Casual Leave,2025-03-19,2025-03-28,9,Approved
LV03078,EMP01046,Earned Leave,2025-12-28,2026-01-03,6,Approved
LV03079,EMP02332,Earned Leave,2026-05-18,2026-05-23,5,Approved
LV03080,EMP01383,Paternity Leave,2025-11-06,2025-11-09,3,Approved
LV03081,EMP02669,Unpaid Leave,2025-06-12,2025-06-20,8,Rejected
LV03082,EMP00971,Unpaid Leave,2025-11-20,2025-11-24,4,Approved
LV03083,EMP03024,Maternity Leave,2025-07-31,2025-08-01,1,Pending
LV03084,EMP00008,Casual Leave,2025-11-10,2025-11-11,1,Approved
LV03085,EMP01294,Maternity Leave,2026-04-20,2026-04-30,10,Pending
LV03086,EMP00463,Unpaid Leave,2025-03-31,2025-04-09,9,Approved
LV03087,EMP01483,Paternity Leave,2025-05-27,2025-05-30,3,Approved
LV03088,EMP02622,Casual Leave,2025-01-02,2025-01-04,2,Pending
LV03089,EMP00370,Unpaid Leave,2025-05-14,2025-05-22,8,Rejected
LV03090,EMP02249,Paternity Leave,2026-06-19,2026-06-22,3,Rejected
LV03091,EMP02606,Paternity Leave,2026-05-13,2026-05-17,4,Approved
LV03092,EMP03105,Sick Leave,2025-11-16,2025-11-25,9,Approved
LV03093,EMP02108,Paternity Leave,2026-06-10,2026-06-14,4,Rejected
LV03094,EMP01385,Paternity Leave,2025-09-05,2025-09-08,3,Pending
LV03095,EMP00623,Casual Leave,2025-05-08,2025-05-12,4,Rejected
LV03096,EMP02834,Maternity Leave,2026-02-25,2026-03-05,8,Pending
LV03097,EMP03064,Casual Leave,2025-09-23,2025-09-30,7,Approved
LV03098,EMP02662,Earned Leave,2026-03-18,2026-03-24,6,Pending
LV03099,EMP00077,Maternity Leave,2025-09-22,2025-10-02,10,Approved
LV03100,EMP00235,Earned Leave,2025-09-21,2025-09-27,6,Rejected
LV03101,EMP02647,Paternity Leave,2026-04-04,2026-04-08,4,Approved
LV03102,EMP01124,Earned Leave,2025-12-20,2025-12-29,9,Approved
LV03103,EMP01028,Unpaid Leave,2025-08-24,2025-08-28,4,Rejected
LV03104,EMP00044,Casual Leave,2026-03-16,2026-03-26,10,Rejected
LV03105,EMP01498,Casual Leave,2025-05-25,2025-05-26,1,Approved
LV03106,EMP03056,Earned Leave,2026-02-19,2026-02-21,2,Rejected
LV03107,EMP02246,Casual Leave,2025-01-28,2025-02-06,9,Rejected
LV03108,EMP02425,Casual Leave,2026-06-10,2026-06-15,5,Approved
LV03109,EMP01892,Maternity Leave,2025-10-01,2025-10-02,1,Approved
LV03110,EMP00391,Sick Leave,2025-09-26,2025-09-29,3,Approved
LV03111,EMP00850,Earned Leave,2026-04-22,2026-04-27,5,Rejected
LV03112,EMP00669,Unpaid Leave,2025-08-25,2025-09-03,9,Approved
LV03113,EMP00847,Sick Leave,2025-02-18,2025-02-25,7,Rejected
LV03114,EMP00276,Sick Leave,2026-07-13,2026-07-15,2,Rejected
LV03115,EMP01002,Unpaid Leave,2025-11-11,2025-11-17,6,Rejected
LV03116,EMP02061,Sick Leave,2026-07-13,2026-07-20,7,Pending
LV03117,EMP02563,Sick Leave,2026-05-22,2026-05-25,3,Pending
LV03118,EMP03138,Sick Leave,2026-07-05,2026-07-10,5,Pending
LV03119,EMP00962,Paternity Leave,2026-03-06,2026-03-16,10,Rejected
LV03120,EMP02866,Paternity Leave,2026-03-08,2026-03-18,10,Pending
LV03121,EMP00773,Sick Leave,2025-04-14,2025-04-23,9,Rejected
LV03122,EMP00063,Maternity Leave,2025-02-16,2025-02-26,10,Approved
LV03123,EMP02261,Sick Leave,2025-05-04,2025-05-14,10,Pending
LV03124,EMP01176,Sick Leave,2026-06-02,2026-06-06,4,Pending
LV03125,EMP02300,Sick Leave,2025-02-24,2025-02-25,1,Pending
LV03126,EMP01530,Unpaid Leave,2026-03-26,2026-03-30,4,Pending
LV03127,EMP02935,Sick Leave,2025-12-18,2025-12-27,9,Rejected
LV03128,EMP00935,Unpaid Leave,2025-12-27,2026-01-02,6,Pending
LV03129,EMP00797,Paternity Leave,2026-05-15,2026-05-17,2,Approved
LV03130,EMP02371,Earned Leave,2026-07-13,2026-07-22,9,Pending
LV03131,EMP02033,Paternity Leave,2025-04-22,2025-04-24,2,Approved
LV03132,EMP02480,Earned Leave,2026-02-24,2026-03-04,8,Pending
LV03133,EMP01406,Casual Leave,2025-07-11,2025-07-16,5,Approved
LV03134,EMP00776,Unpaid Leave,2026-01-14,2026-01-20,6,Rejected
LV03135,EMP02143,Paternity Leave,2025-09-13,2025-09-14,1,Approved
LV03136,EMP02147,Paternity Leave,2025-08-27,2025-08-28,1,Approved
LV03137,EMP01076,Unpaid Leave,2025-05-18,2025-05-28,10,Pending
LV03138,EMP00136,Casual Leave,2025-10-29,2025-11-02,4,Rejected
LV03139,EMP00909,Casual Leave,2025-02-10,2025-02-11,1,Rejected
LV03140,EMP00809,Maternity Leave,2026-03-09,2026-03-19,10,Pending
LV03141,EMP00289,Maternity Leave,2025-02-06,2025-02-14,8,Approved
LV03142,EMP01622,Earned Leave,2026-02-08,2026-02-18,10,Approved
LV03143,EMP00001,Unpaid Leave,2025-12-17,2025-12-21,4,Pending
LV03144,EMP01510,Unpaid Leave,2025-05-25,2025-05-31,6,Rejected
LV03145,EMP90768,Paternity Leave,2026-06-22,2026-06-24,2,Pending
LV03146,EMP00899,Unpaid Leave,2025-05-24,2025-06-02,9,Rejected
LV03147,EMP02791,Earned Leave,2025-03-26,2025-03-30,4,Rejected
LV03148,EMP00606,Unpaid Leave,2026-02-06,2026-02-09,3,Rejected
LV03149,EMP00745,Paternity Leave,2026-07-04,2026-07-08,4,Rejected
LV03150,EMP01767,Maternity Leave,2025-12-16,2025-12-22,6,Rejected
LV03151,EMP00350,Earned Leave,2025-08-10,2025-08-14,4,Pending
LV03152,EMP02420,Maternity Leave,2025-06-17,2025-06-25,8,Pending
LV03153,EMP02471,Earned Leave,2025-07-15,2025-07-21,6,Approved
LV03154,EMP02988,Unpaid Leave,2025-08-18,2025-08-20,2,Rejected
LV03155,EMP01205,Paternity Leave,2025-11-06,2025-11-09,3,Pending
LV03156,EMP00444,Earned Leave,2026-07-07,2026-07-16,9,Rejected
LV03157,EMP01265,Sick Leave,2026-02-02,2026-02-08,6,Approved
LV03158,EMP00956,Casual Leave,2025-06-14,2025-06-22,8,Pending
LV03159,EMP00021,Maternity Leave,2025-11-01,2025-11-11,10,Approved
LV03160,EMP00148,Sick Leave,2025-07-12,2025-07-21,9,Pending
LV03161,EMP02765,Maternity Leave,2026-06-15,2026-06-16,1,Rejected
LV03162,EMP02892,Paternity Leave,2026-05-20,2026-05-21,1,Approved
LV03163,EMP00457,Paternity Leave,2025-09-20,2025-09-21,1,Pending
LV03164,EMP00851,Unpaid Leave,2025-08-20,2025-08-24,4,Approved
LV03165,EMP03029,Casual Leave,2026-03-21,2026-03-27,6,Pending
LV03166,EMP01397,Paternity Leave,2025-07-24,2025-08-02,9,Pending
LV03167,EMP00375,Casual Leave,2025-02-27,2025-03-01,2,Rejected
LV03168,EMP02140,Casual Leave,2026-07-10,2026-07-19,9,Rejected
LV03169,EMP02833,Unpaid Leave,2025-11-26,2025-12-04,8,Rejected
LV03170,EMP02919,Earned Leave,2025-12-21,2025-12-30,9,Pending
LV03171,EMP02697,Maternity Leave,2026-04-02,2026-04-10,8,Rejected
LV03172,EMP02992,Paternity Leave,2026-05-17,2026-05-27,10,Rejected
LV03173,EMP00961,Maternity Leave,2025-05-29,2025-06-02,4,Approved
LV03174,EMP00632,Maternity Leave,2025-04-11,2025-04-18,7,Rejected
LV03175,EMP01237,Casual Leave,2025-10-27,2025-11-03,7,Pending
LV03176,EMP00566,Earned Leave,2025-10-23,2025-10-24,1,Pending
LV03177,EMP02901,Sick Leave,2025-01-25,2025-02-01,7,Rejected
LV03178,EMP02341,Sick Leave,2026-03-20,2026-03-22,2,Rejected
LV03179,EMP03193,Unpaid Leave,2025-11-30,2025-12-09,9,Rejected
LV03180,EMP00592,Earned Leave,2025-01-23,2025-01-25,2,Approved
LV03181,EMP01613,Paternity Leave,2026-04-14,2026-04-19,5,Approved
LV03182,EMP01060,Sick Leave,2025-04-16,2025-04-26,10,Rejected
LV03183,EMP01635,Unpaid Leave,2025-04-21,2025-04-27,6,Rejected
LV03184,EMP01097,Paternity Leave,2025-03-25,2025-03-30,5,Approved
LV03185,EMP01501,Earned Leave,2025-11-11,2025-11-21,10,Rejected
LV03186,EMP00623,Casual Leave,2026-06-03,2026-06-13,10,Approved
LV03187,EMP03079,Sick Leave,2025-10-17,2025-10-18,1,Approved
LV03188,EMP03005,Sick Leave,2025-03-03,2025-03-08,5,Approved
LV03189,EMP02430,Casual Leave,2025-10-01,2025-10-10,9,Approved
LV03190,EMP00075,Sick Leave,2025-02-22,2025-03-02,8,Rejected
LV03191,EMP00171,Sick Leave,2026-05-15,2026-05-21,6,Rejected
LV03192,EMP00259,Earned Leave,2025-05-09,2025-05-16,7,Pending
LV03193,EMP03046,Casual Leave,2025-10-23,2025-10-27,4,Rejected
LV03194,EMP01389,Maternity Leave,2026-05-21,2026-05-29,8,Pending
LV03195,EMP02429,Paternity Leave,2025-09-04,2025-09-12,8,Pending
LV03196,EMP02159,Paternity Leave,2025-02-17,2025-02-21,4,Pending
LV03197,EMP02768,Earned Leave,2025-09-25,2025-10-02,7,Pending
LV03198,EMP00267,Maternity Leave,2025-04-10,2025-04-12,2,Approved
LV03199,EMP02885,Casual Leave,2025-01-01,2025-01-06,5,Rejected
LV03200,EMP00802,Maternity Leave,2025-04-20,2025-04-25,5,Rejected
LV03201,EMP01278,Earned Leave,2025-09-23,2025-09-24,1,Rejected
LV03202,EMP01944,Sick Leave,2025-11-30,2025-12-03,3,Rejected
LV03203,EMP00582,Casual Leave,2026-03-29,2026-03-30,1,Rejected
LV03204,EMP90019,Paternity Leave,2026-02-23,2026-02-27,4,Approved
LV03205,EMP01851,Casual Leave,2025-12-21,2025-12-29,8,Approved
LV03206,EMP00940,Unpaid Leave,2025-07-22,2025-07-30,8,Pending
LV03207,EMP02059,Maternity Leave,2025-09-03,2025-09-09,6,Approved
LV03208,EMP02440,Maternity Leave,2026-02-11,2026-02-13,2,Rejected
LV03209,EMP01605,Earned Leave,2026-03-21,2026-03-31,10,Rejected
LV03210,EMP00262,Unpaid Leave,2026-07-06,2026-07-13,7,Rejected
LV03211,EMP00722,Unpaid Leave,2025-04-18,2025-04-24,6,Rejected
LV03212,EMP02136,Earned Leave,2025-10-31,2025-11-05,5,Pending
LV03213,EMP02381,Unpaid Leave,2026-02-27,2026-03-06,7,Pending
LV03214,EMP00987,Casual Leave,2026-03-18,2026-03-24,6,Approved
LV03215,EMP00399,Unpaid Leave,2025-07-24,2025-07-27,3,Pending
LV03216,EMP01290,Earned Leave,2025-05-02,2025-05-06,4,Approved
LV03217,EMP02309,Earned Leave,2026-06-13,2026-06-21,8,Pending
LV03218,EMP01433,Casual Leave,2025-05-01,2025-05-04,3,Rejected
LV03219,EMP02832,Earned Leave,2025-02-22,2025-03-04,10,Pending
LV03220,EMP01745,Earned Leave,2025-11-08,2025-11-14,6,Pending
LV03221,EMP00495,Maternity Leave,2026-06-09,2026-06-12,3,Pending
LV03222,EMP03118,Sick Leave,2025-03-03,2025-03-07,4,Approved
LV03223,EMP02345,Casual Leave,2025-09-30,2025-10-09,9,Rejected
LV03224,EMP03078,Casual Leave,2025-05-04,2025-05-12,8,Pending
LV03225,EMP01115,Earned Leave,2025-06-20,2025-06-29,9,Pending
LV03226,EMP02140,Maternity Leave,2025-12-26,2026-01-01,6,Pending
LV03227,EMP02833,Unpaid Leave,2026-07-03,2026-07-09,6,Rejected
LV03228,EMP02362,Unpaid Leave,2025-11-30,2025-12-05,5,Approved
LV03229,EMP01663,Earned Leave,2026-06-04,2026-06-10,6,Pending
LV03230,EMP01024,Earned Leave,2025-02-18,2025-02-21,3,Pending
LV03231,EMP01428,Casual Leave,2025-05-28,2025-05-31,3,Rejected
LV03232,EMP00597,Unpaid Leave,2025-09-09,2025-09-10,1,Approved
LV03233,EMP00002,Casual Leave,2025-02-18,2025-02-25,7,Pending
LV03234,EMP00389,Sick Leave,2025-07-06,2025-07-12,6,Rejected
LV03235,EMP01856,Sick Leave,2025-08-05,2025-08-14,9,Rejected
LV03236,EMP01690,Earned Leave,2025-10-04,2025-10-12,8,Approved
LV03237,EMP01724,Sick Leave,2025-09-10,2025-09-15,5,Approved
LV03238,EMP03079,Unpaid Leave,2025-05-04,2025-05-08,4,Pending
LV03239,EMP00587,Unpaid Leave,2025-06-07,2025-06-12,5,Approved
LV03240,EMP00520,Maternity Leave,2025-04-08,2025-04-15,7,Rejected
LV03241,EMP00137,Maternity Leave,2026-03-25,2026-04-02,8,Approved
LV03242,EMP00341,Sick Leave,2025-06-24,2025-06-26,2,Rejected
LV03243,EMP01467,Sick Leave,2025-06-27,2025-07-01,4,Pending
LV03244,EMP00017,Sick Leave,2025-01-04,2025-01-13,9,Approved
LV03245,EMP00918,Earned Leave,2025-08-05,2025-08-10,5,Rejected
LV03246,EMP01756,Sick Leave,2026-01-10,2026-01-17,7,Rejected
LV03247,EMP02701,Sick Leave,2025-12-18,2025-12-20,2,Approved
LV03248,EMP00731,Earned Leave,2025-09-15,2025-09-18,3,Pending
LV03249,EMP00644,Sick Leave,2025-08-07,2025-08-15,8,Rejected
LV03250,EMP02388,Earned Leave,2026-05-11,2026-05-20,9,Pending
LV03251,EMP01355,Maternity Leave,2025-01-14,2025-01-20,6,Approved
LV03252,EMP02873,Maternity Leave,2026-04-25,2026-04-27,2,Pending
LV03253,EMP01606,Earned Leave,2026-04-04,2026-04-11,7,Pending
LV03254,EMP00451,Maternity Leave,2025-05-21,2025-05-22,1,Approved
LV03255,EMP02344,Casual Leave,2025-05-12,2025-05-21,9,Pending
LV03256,EMP01604,Casual Leave,2025-11-05,2025-11-14,9,Rejected
LV03257,EMP01018,Unpaid Leave,2025-01-16,2025-01-26,10,Pending
LV03258,EMP01722,Unpaid Leave,2025-07-09,2025-07-19,10,Pending
LV03259,EMP00601,Maternity Leave,2025-07-18,2025-07-24,6,Rejected
LV03260,EMP01142,Unpaid Leave,2026-03-15,2026-03-22,7,Rejected
LV03261,EMP00158,Paternity Leave,2026-05-27,2026-05-28,1,Pending
LV03262,EMP00011,Sick Leave,2025-07-29,2025-08-06,8,Approved
LV03263,EMP00667,Sick Leave,2025-01-19,2025-01-22,3,Approved
LV03264,EMP00518,Unpaid Leave,2026-05-05,2026-05-14,9,Approved
LV03265,EMP01989,Paternity Leave,2025-12-31,2026-01-08,8,Rejected
LV03266,EMP02674,Earned Leave,2025-07-10,2025-07-13,3,Pending
LV03267,EMP02974,Paternity Leave,2025-06-29,2025-07-05,6,Rejected
LV03268,EMP01308,Casual Leave,2026-01-01,2026-01-11,10,Approved
LV03269,EMP03140,Earned Leave,2026-07-06,2026-07-14,8,Approved
LV03270,EMP02814,Unpaid Leave,2025-06-21,2025-06-29,8,Approved
LV03271,EMP00664,Unpaid Leave,2025-01-21,2025-01-22,1,Rejected
LV03272,EMP00992,Earned Leave,2025-09-09,2025-09-10,1,Pending
LV03273,EMP03091,Maternity Leave,2026-03-25,2026-04-02,8,Rejected
LV03274,EMP02999,Earned Leave,2025-05-24,2025-06-03,10,Pending
LV03275,EMP02151,Sick Leave,2026-05-08,2026-05-18,10,Approved
LV03276,EMP00441,Unpaid Leave,2025-12-19,2025-12-21,2,Approved
LV03277,EMP02968,Earned Leave,2025-08-21,2025-08-25,4,Approved
LV03278,EMP00315,Unpaid Leave,2025-04-12,2025-04-17,5,Pending
LV03279,EMP01871,Sick Leave,2025-01-28,2025-02-06,9,Pending
LV03280,EMP00010,Unpaid Leave,2025-11-18,2025-11-28,10,Pending
LV03281,EMP00603,Earned Leave,2025-01-25,2025-01-27,2,Approved
LV03282,EMP00904,Maternity Leave,2025-05-05,2025-05-13,8,Approved
LV03283,EMP00867,Unpaid Leave,2025-08-13,2025-08-15,2,Approved
LV03284,EMP01133,Earned Leave,2025-01-21,2025-01-26,5,Approved
LV03285,EMP01758,Maternity Leave,2025-03-03,2025-03-11,8,Rejected
LV03286,EMP03077,Sick Leave,2025-08-13,2025-08-15,2,Rejected
LV03287,EMP01041,Maternity Leave,2025-03-20,2025-03-30,10,Rejected
LV03288,EMP95397,Earned Leave,2025-09-11,2025-09-21,10,Rejected
LV03289,EMP00808,Sick Leave,2026-02-03,2026-02-06,3,Pending
LV03290,EMP02911,Earned Leave,2025-10-04,2025-10-08,4,Approved
LV03291,EMP01551,Casual Leave,2025-01-15,2025-01-25,10,Approved
LV03292,EMP00267,Sick Leave,2025-12-24,2025-12-31,7,Rejected
LV03293,EMP01977,Sick Leave,2025-01-03,2025-01-07,4,Pending
LV03294,EMP01315,Paternity Leave,2025-12-23,2025-12-27,4,Approved
LV03295,EMP96503,Casual Leave,2026-01-15,2026-01-22,7,Pending
LV03296,EMP02723,Casual Leave,2026-07-14,2026-07-22,8,Pending
LV03297,EMP03134,Paternity Leave,2025-07-01,2025-07-02,1,Rejected
LV03298,EMP00683,Paternity Leave,2025-11-03,2025-11-09,6,Approved
LV03299,EMP02941,Paternity Leave,2025-02-10,2025-02-16,6,Approved
LV03300,EMP00114,Paternity Leave,2025-06-22,2025-06-29,7,Approved
LV03301,EMP01015,Unpaid Leave,2026-06-18,2026-06-26,8,Approved
LV03302,EMP00891,Earned Leave,2025-06-23,2025-06-27,4,Approved
LV03303,EMP03048,Unpaid Leave,2026-03-13,2026-03-14,1,Pending
LV03304,EMP01656,Casual Leave,2026-02-08,2026-02-16,8,Approved
LV03305,EMP02148,Casual Leave,2026-06-28,2026-06-29,1,Approved
LV03306,EMP02439,Earned Leave,2025-08-17,2025-08-19,2,Rejected
LV03307,EMP00367,Casual Leave,2026-03-08,2026-03-09,1,Approved
LV03308,EMP01362,Unpaid Leave,2026-07-12,2026-07-20,8,Rejected
LV03309,EMP03087,Unpaid Leave,2025-04-17,2025-04-27,10,Pending
LV03310,EMP02098,Sick Leave,2025-09-28,2025-10-01,3,Pending
LV03311,EMP02611,Casual Leave,2025-05-16,2025-05-24,8,Pending
LV03312,EMP02662,Unpaid Leave,2025-12-01,2025-12-09,8,Rejected
LV03313,EMP03011,Earned Leave,2025-05-16,2025-05-20,4,Rejected
LV03314,EMP02072,Unpaid Leave,2026-04-25,2026-05-04,9,Approved
LV03315,EMP01617,Earned Leave,2026-03-31,2026-04-10,10,Pending
LV03316,EMP02346,Unpaid Leave,2026-05-16,2026-05-24,8,Approved
LV03317,EMP00378,Maternity Leave,2026-03-30,2026-04-08,9,Approved
LV03318,EMP00371,Maternity Leave,2026-02-10,2026-02-12,2,Pending
LV03319,EMP01965,Sick Leave,2025-02-05,2025-02-14,9,Approved
LV03320,EMP02408,Earned Leave,2026-06-13,2026-06-15,2,Approved
LV03321,EMP03128,Unpaid Leave,2025-01-01,2025-01-07,6,Pending
LV03322,EMP00098,Paternity Leave,2026-06-10,2026-06-13,3,Approved
LV03323,EMP00374,Maternity Leave,2025-07-26,2025-07-27,1,Approved
LV03324,EMP02838,Paternity Leave,2025-06-18,2025-06-22,4,Pending
LV03325,EMP00646,Sick Leave,2025-07-26,2025-07-28,2,Rejected
LV03326,EMP02341,Unpaid Leave,2025-06-17,2025-06-26,9,Approved
LV03327,EMP01524,Earned Leave,2026-01-20,2026-01-24,4,Pending
LV03328,EMP02960,Maternity Leave,2026-02-04,2026-02-10,6,Approved
LV03329,EMP02582,Maternity Leave,2025-03-25,2025-04-02,8,Pending
LV03330,EMP00836,Sick Leave,2026-03-22,2026-03-31,9,Rejected
LV03331,EMP00965,Unpaid Leave,2025-08-28,2025-09-02,5,Rejected
LV03332,EMP00492,Earned Leave,2025-11-12,2025-11-14,2,Rejected
LV03333,EMP00538,Maternity Leave,2025-10-24,2025-10-29,5,Approved
LV03334,EMP00777,Casual Leave,2025-11-30,2025-12-07,7,Rejected
LV03335,EMP02055,Earned Leave,2026-06-09,2026-06-12,3,Approved
LV03336,EMP00079,Unpaid Leave,2026-06-22,2026-06-30,8,Approved
LV03337,EMP01981,Paternity Leave,2026-05-30,2026-05-31,1,Rejected
LV03338,EMP02659,Casual Leave,2025-09-27,2025-09-28,1,Rejected
LV03339,EMP02329,Unpaid Leave,2026-06-09,2026-06-14,5,Approved
LV03340,EMP02717,Casual Leave,2025-07-18,2025-07-22,4,Rejected
LV03341,EMP00438,Paternity Leave,2026-02-15,2026-02-16,1,Approved
LV03342,EMP02023,Maternity Leave,2026-01-11,2026-01-20,9,Pending
LV03343,EMP00087,Casual Leave,2025-11-30,2025-12-09,9,Rejected
LV03344,EMP00102,Maternity Leave,2025-06-27,2025-07-07,10,Pending
LV03345,EMP00925,Paternity Leave,2025-09-24,2025-10-01,7,Approved
LV03346,EMP00674,Casual Leave,2025-08-06,2025-08-16,10,Approved
LV03347,EMP00169,Casual Leave,2026-05-28,2026-06-03,6,Rejected
LV03348,EMP02779,Sick Leave,2025-07-07,2025-07-16,9,Pending
LV03349,EMP00636,Paternity Leave,2025-10-28,2025-11-01,4,Rejected
LV03350,EMP00012,Maternity Leave,2026-01-26,2026-01-28,2,Approved
LV03351,EMP01102,Casual Leave,2025-03-17,2025-03-22,5,Approved
LV03352,EMP00460,Sick Leave,2025-04-03,2025-04-12,9,Rejected
LV03353,EMP03127,Earned Leave,2025-09-13,2025-09-21,8,Approved
LV03354,EMP02444,Paternity Leave,2026-05-25,2026-05-29,4,Rejected
LV03355,EMP02080,Paternity Leave,2025-10-10,2025-10-15,5,Rejected
LV03356,EMP02570,Casual Leave,2025-06-24,2025-06-26,2,Rejected
LV03357,EMP03177,Unpaid Leave,2025-07-14,2025-07-22,8,Rejected
LV03358,EMP00167,Maternity Leave,2026-04-01,2026-04-10,9,Rejected
LV03359,EMP00738,Unpaid Leave,2025-04-10,2025-04-15,5,Rejected
LV03360,EMP02299,Sick Leave,2025-09-29,2025-10-05,6,Pending
LV03361,EMP00636,Maternity Leave,2025-08-26,2025-08-28,2,Approved
LV03362,EMP02308,Maternity Leave,2025-04-03,2025-04-07,4,Pending
LV03363,EMP00087,Sick Leave,2025-10-17,2025-10-26,9,Pending
LV03364,EMP00856,Unpaid Leave,2026-06-04,2026-06-08,4,Approved
LV03365,EMP01320,Maternity Leave,2026-04-07,2026-04-13,6,Approved
LV03366,EMP01466,Maternity Leave,2025-04-09,2025-04-10,1,Approved
LV03367,EMP01900,Sick Leave,2026-04-11,2026-04-15,4,Pending
LV03368,EMP00917,Earned Leave,2025-04-21,2025-04-27,6,Rejected
LV03369,EMP01493,Sick Leave,2025-02-09,2025-02-15,6,Approved
LV03370,EMP02174,Maternity Leave,2026-04-04,2026-04-13,9,Approved
LV03371,EMP00675,Sick Leave,2025-07-08,2025-07-17,9,Pending
LV03372,EMP00296,Earned Leave,2026-06-24,2026-06-28,4,Pending
LV03373,EMP02303,Sick Leave,2025-09-05,2025-09-11,6,Pending
LV03374,EMP01929,Earned Leave,2025-12-05,2025-12-13,8,Approved
LV03375,EMP01672,Casual Leave,2026-04-02,2026-04-04,2,Rejected
LV03376,EMP01864,Casual Leave,2025-04-17,2025-04-18,1,Approved
LV03377,EMP00431,Casual Leave,2025-10-24,2025-11-01,8,Rejected
LV03378,EMP00619,Unpaid Leave,2025-07-27,2025-07-31,4,Pending
LV03379,EMP03127,Unpaid Leave,2025-04-07,2025-04-09,2,Approved
LV03380,EMP03126,Unpaid Leave,2025-06-30,2025-07-03,3,Pending
LV03381,EMP01007,Unpaid Leave,2026-03-17,2026-03-22,5,Approved
LV03382,EMP00493,Earned Leave,2025-11-20,2025-11-23,3,Pending
LV03383,EMP02567,Paternity Leave,2025-02-24,2025-02-25,1,Pending
LV03384,EMP02772,Earned Leave,2025-05-30,2025-06-01,2,Rejected
LV03385,EMP00219,Paternity Leave,2025-04-30,2025-05-07,7,Pending
LV03386,EMP01507,Paternity Leave,2025-07-01,2025-07-08,7,Approved
LV03387,EMP01140,Sick Leave,2025-03-16,2025-03-23,7,Approved
LV03388,EMP02805,Unpaid Leave,2026-03-08,2026-03-09,1,Pending
LV03389,EMP02820,Unpaid Leave,2025-11-28,2025-12-02,4,Approved
LV03390,EMP00092,Earned Leave,2026-03-21,2026-03-27,6,Rejected
LV03391,EMP02224,Paternity Leave,2025-06-13,2025-06-16,3,Approved
LV03392,EMP00459,Casual Leave,2025-05-08,2025-05-18,10,Pending
LV03393,EMP02269,Maternity Leave,2026-05-29,2026-06-01,3,Approved
LV03394,EMP00264,Sick Leave,2025-09-15,2025-09-19,4,Pending
LV03395,EMP01473,Paternity Leave,2025-12-07,2025-12-08,1,Approved
LV03396,EMP02535,Maternity Leave,2025-10-09,2025-10-14,5,Pending
LV03397,EMP01644,Maternity Leave,2026-05-10,2026-05-14,4,Rejected
LV03398,EMP02192,Casual Leave,2026-02-19,2026-02-21,2,Approved
LV03399,EMP01497,Sick Leave,2026-06-26,2026-06-27,1,Pending
LV03400,EMP03033,Earned Leave,2026-04-11,2026-04-15,4,Approved
LV03401,EMP01493,Earned Leave,2025-06-29,2025-07-06,7,Pending
LV03402,EMP00119,Sick Leave,2025-07-23,2025-07-29,6,Pending
LV03403,EMP01703,Maternity Leave,2026-04-24,2026-04-28,4,Pending
LV03404,EMP01962,Unpaid Leave,2025-10-15,2025-10-19,4,Pending
LV03405,EMP02686,Earned Leave,2025-07-01,2025-07-07,6,Approved
LV03406,EMP02350,Maternity Leave,2026-01-18,2026-01-27,9,Pending
LV03407,EMP00511,Casual Leave,2025-04-29,2025-05-09,10,Pending
LV03408,EMP00978,Earned Leave,2026-04-01,2026-04-09,8,Approved
LV03409,EMP00415,Sick Leave,2025-06-16,2025-06-24,8,Rejected
LV03410,EMP02047,Maternity Leave,2025-11-09,2025-11-15,6,Approved
LV03411,EMP00213,Sick Leave,2025-11-01,2025-11-08,7,Pending
LV03412,EMP00441,Earned Leave,2026-03-05,2026-03-15,10,Approved
LV03413,EMP00416,Unpaid Leave,2025-02-18,2025-02-21,3,Rejected
LV03414,EMP03187,Casual Leave,2026-05-14,2026-05-15,1,Approved
LV03415,EMP00842,Paternity Leave,2025-01-23,2025-01-24,1,Approved
LV03416,EMP02051,Casual Leave,2026-04-15,2026-04-23,8,Approved
LV03417,EMP01764,Casual Leave,2025-05-22,2025-06-01,10,Rejected
LV03418,EMP01330,Paternity Leave,2025-03-10,2025-03-18,8,Pending
LV03419,EMP00922,Paternity Leave,2025-11-13,2025-11-14,1,Pending
LV03420,EMP00238,Unpaid Leave,2026-06-28,2026-06-29,1,Pending
LV03421,EMP02291,Maternity Leave,2026-02-27,2026-03-02,3,Rejected
LV03422,EMP02426,Sick Leave,2026-05-25,2026-06-03,9,Pending
LV03423,EMP02863,Maternity Leave,2025-12-03,2025-12-08,5,Pending
LV03424,EMP03130,Paternity Leave,2026-06-23,2026-07-01,8,Pending
LV03425,EMP00371,Sick Leave,2026-02-02,2026-02-07,5,Rejected
LV03426,EMP02283,Casual Leave,2026-02-24,2026-03-04,8,Pending
LV03427,EMP01195,Earned Leave,2025-09-09,2025-09-15,6,Approved
LV03428,EMP02249,Earned Leave,2026-03-30,2026-04-04,5,Pending
LV03429,EMP00873,Sick Leave,2025-08-26,2025-09-03,8,Rejected
LV03430,EMP02828,Unpaid Leave,2025-06-24,2025-06-27,3,Rejected
LV03431,EMP02430,Sick Leave,2026-02-06,2026-02-15,9,Rejected
LV03432,EMP00889,Paternity Leave,2026-02-09,2026-02-15,6,Rejected
LV03433,EMP02033,Earned Leave,2026-03-25,2026-04-03,9,Pending
LV03434,EMP97362,Earned Leave,2025-01-08,2025-01-12,4,Approved
LV03435,EMP01095,Unpaid Leave,2025-10-25,2025-11-02,8,Approved
LV03436,EMP03055,Paternity Leave,2025-03-08,2025-03-14,6,Rejected
LV03437,EMP01681,Sick Leave,2026-06-26,2026-07-02,6,Rejected
LV03438,EMP02118,Casual Leave,2025-07-20,2025-07-23,3,Pending
LV03439,EMP02956,Unpaid Leave,2026-07-07,2026-07-14,7,Rejected
LV03440,EMP01009,Maternity Leave,2025-08-27,2025-08-29,2,Pending
LV03441,EMP02378,Maternity Leave,2025-04-09,2025-04-19,10,Rejected
LV03442,EMP01187,Maternity Leave,2026-04-16,2026-04-23,7,Approved
LV03443,EMP01419,Casual Leave,2025-04-23,2025-04-30,7,Pending
LV03444,EMP01541,Sick Leave,2025-06-19,2025-06-21,2,Approved
LV03445,EMP00753,Sick Leave,2025-12-15,2025-12-19,4,Approved
LV03446,EMP00795,Casual Leave,2026-02-12,2026-02-20,8,Approved
LV03447,EMP00131,Maternity Leave,2026-04-10,2026-04-18,8,Rejected
LV03448,EMP01081,Earned Leave,2026-04-29,2026-05-08,9,Rejected
LV03449,EMP02229,Paternity Leave,2025-08-31,2025-09-04,4,Rejected
LV03450,EMP02692,Unpaid Leave,2025-01-08,2025-01-12,4,Pending
LV03451,EMP01077,Sick Leave,2025-07-21,2025-07-31,10,Pending
LV03452,EMP01045,Maternity Leave,2025-08-15,2025-08-21,6,Rejected
LV03453,EMP00975,Casual Leave,2026-04-06,2026-04-12,6,Approved
LV03454,EMP01342,Sick Leave,2025-11-09,2025-11-14,5,Pending
LV03455,EMP00840,Earned Leave,2025-01-02,2025-01-09,7,Pending
LV03456,EMP96055,Sick Leave,2026-03-26,2026-04-02,7,Approved
LV03457,EMP02738,Maternity Leave,2025-12-16,2025-12-25,9,Pending
LV03458,EMP02696,Earned Leave,2025-08-23,2025-08-27,4,Pending
LV03459,EMP01614,Unpaid Leave,2025-09-14,2025-09-15,1,Pending
LV03460,EMP00084,Paternity Leave,2026-03-01,2026-03-11,10,Rejected
LV03461,EMP03023,Earned Leave,2025-09-12,2025-09-16,4,Rejected
LV03462,EMP02040,Sick Leave,2025-10-06,2025-10-07,1,Pending
LV03463,EMP01898,Unpaid Leave,2025-06-29,2025-07-08,9,Rejected
LV03464,EMP94828,Paternity Leave,2025-12-29,2025-12-31,2,Pending
LV03465,EMP01062,Casual Leave,2025-08-23,2025-09-02,10,Approved
LV03466,EMP02701,Paternity Leave,2026-06-17,2026-06-18,1,Pending
LV03467,EMP01561,Maternity Leave,2026-03-28,2026-04-02,5,Rejected
LV03468,EMP00167,Earned Leave,2025-07-19,2025-07-27,8,Pending
LV03469,EMP02560,Casual Leave,2026-04-07,2026-04-10,3,Rejected
LV03470,EMP02223,Paternity Leave,2026-02-27,2026-02-28,1,Rejected
LV03471,EMP02277,Unpaid Leave,2026-04-21,2026-04-24,3,Pending
LV03472,EMP02465,Paternity Leave,2026-01-12,2026-01-22,10,Pending
LV03473,EMP01635,Unpaid Leave,2025-05-07,2025-05-16,9,Approved
LV03474,EMP01336,Paternity Leave,2025-10-26,2025-10-30,4,Approved
LV03475,EMP00802,Earned Leave,2026-05-07,2026-05-09,2,Pending
LV03476,EMP03187,Casual Leave,2025-06-01,2025-06-06,5,Approved
LV03477,EMP02356,Earned Leave,2026-06-06,2026-06-12,6,Rejected
LV03478,EMP01490,Casual Leave,2025-08-29,2025-09-06,8,Rejected
LV03479,EMP02499,Sick Leave,2026-03-23,2026-03-26,3,Approved
LV03480,EMP00653,Casual Leave,2025-04-28,2025-05-06,8,Rejected
LV03481,EMP01770,Earned Leave,2025-01-27,2025-01-31,4,Pending
LV03482,EMP00229,Unpaid Leave,2025-03-17,2025-03-24,7,Rejected
LV03483,EMP00848,Sick Leave,2025-08-20,2025-08-22,2,Rejected
LV03484,EMP01755,Casual Leave,2025-01-19,2025-01-27,8,Approved
LV03485,EMP03063,Paternity Leave,2025-01-19,2025-01-21,2,Approved
LV03486,EMP02547,Sick Leave,2025-10-28,2025-11-01,4,Rejected
LV03487,EMP01453,Paternity Leave,2025-12-21,2025-12-25,4,Pending
LV03488,EMP02448,Maternity Leave,2026-02-03,2026-02-10,7,Approved
LV03489,EMP02117,Paternity Leave,2025-09-08,2025-09-09,1,Approved
LV03490,EMP02494,Unpaid Leave,2025-09-19,2025-09-20,1,Pending
LV03491,EMP02764,Earned Leave,2025-04-14,2025-04-18,4,Pending
LV03492,EMP03188,Casual Leave,2025-06-28,2025-07-03,5,Approved
LV03493,EMP00801,Casual Leave,2025-03-24,2025-04-01,8,Approved
LV03494,EMP01875,Unpaid Leave,2026-05-08,2026-05-12,4,Rejected
LV03495,EMP02250,Paternity Leave,2025-07-21,2025-07-31,10,Pending
LV03496,EMP01489,Maternity Leave,2025-09-14,2025-09-20,6,Approved
LV03497,EMP01474,Casual Leave,2026-03-30,2026-04-08,9,Pending
LV03498,EMP00554,Maternity Leave,2026-02-20,2026-02-25,5,Rejected
LV03499,EMP01061,Sick Leave,2025-04-19,2025-04-28,9,Approved
LV03500,EMP02320,Paternity Leave,2025-04-03,2025-04-12,9,Approved
LV03501,EMP01945,Sick Leave,2026-06-23,2026-07-02,9,Pending
LV03502,EMP02736,Earned Leave,2025-03-30,2025-04-02,3,Pending
LV03503,EMP02730,Maternity Leave,2025-03-14,2025-03-23,9,Rejected
LV03504,EMP02158,Paternity Leave,2026-05-08,2026-05-13,5,Pending
LV03505,EMP00171,Earned Leave,2025-12-16,2025-12-19,3,Pending
LV03506,EMP02339,Paternity Leave,2025-03-01,2025-03-10,9,Pending
LV03507,EMP00196,Maternity Leave,2025-06-10,2025-06-15,5,Rejected
LV03508,EMP01352,Earned Leave,2025-08-29,2025-08-31,2,Rejected
LV03509,EMP00541,Casual Leave,2025-05-17,2025-05-25,8,Pending
LV03510,EMP01753,Casual Leave,2025-01-31,2025-02-02,2,Approved
LV03511,EMP02098,Sick Leave,2025-03-12,2025-03-19,7,Pending
LV03512,EMP00555,Paternity Leave,2025-11-05,2025-11-15,10,Pending
LV03513,EMP02488,Sick Leave,2025-09-18,2025-09-26,8,Rejected
LV03514,EMP00752,Paternity Leave,2025-02-09,2025-02-10,1,Approved
LV03515,EMP01787,Unpaid Leave,2026-04-17,2026-04-23,6,Pending
LV03516,EMP00803,Paternity Leave,2025-10-06,2025-10-13,7,Pending
LV03517,EMP00517,Paternity Leave,2026-04-04,2026-04-09,5,Rejected
LV03518,EMP00254,Earned Leave,2026-06-17,2026-06-18,1,Rejected
LV03519,EMP01170,Unpaid Leave,2026-06-20,2026-06-23,3,Rejected
LV03520,EMP00279,Sick Leave,2026-06-04,2026-06-10,6,Pending
LV03521,EMP02995,Casual Leave,2025-05-09,2025-05-17,8,Rejected
LV03522,EMP02695,Maternity Leave,2025-12-11,2025-12-13,2,Approved
LV03523,EMP00137,Earned Leave,2025-02-13,2025-02-18,5,Approved
LV03524,EMP00108,Maternity Leave,2026-05-05,2026-05-14,9,Approved
LV03525,EMP01065,Maternity Leave,2025-01-22,2025-01-24,2,Approved
LV03526,EMP00341,Maternity Leave,2025-10-31,2025-11-05,5,Pending
LV03527,EMP01093,Paternity Leave,2025-05-18,2025-05-26,8,Approved
LV03528,EMP01654,Paternity Leave,2025-06-13,2025-06-20,7,Rejected
LV03529,EMP01442,Casual Leave,2025-10-18,2025-10-25,7,Approved
LV03530,EMP01242,Paternity Leave,2025-02-24,2025-02-25,1,Rejected
LV03531,EMP01202,Unpaid Leave,2025-06-03,2025-06-08,5,Approved
LV03532,EMP02470,Earned Leave,2025-07-02,2025-07-12,10,Pending
LV03533,EMP02296,Casual Leave,2026-05-29,2026-05-30,1,Approved
LV03534,EMP02575,Maternity Leave,2025-09-07,2025-09-15,8,Pending
LV03535,EMP02185,Maternity Leave,2026-03-07,2026-03-14,7,Rejected
LV03536,EMP01091,Earned Leave,2025-11-29,2025-12-03,4,Rejected
LV03537,EMP00525,Unpaid Leave,2025-08-04,2025-08-05,1,Rejected
LV03538,EMP00629,Paternity Leave,2025-10-23,2025-10-25,2,Approved
LV03539,EMP01242,Maternity Leave,2025-03-22,2025-03-23,1,Approved
LV03540,EMP00170,Sick Leave,2025-02-19,2025-02-22,3,Pending
LV03541,EMP02040,Maternity Leave,2025-09-06,2025-09-07,1,Approved
LV03542,EMP02071,Maternity Leave,2025-10-15,2025-10-21,6,Pending
LV03543,EMP03053,Casual Leave,2026-01-23,2026-01-27,4,Rejected
LV03544,EMP01847,Unpaid Leave,2025-04-16,2025-04-19,3,Pending
LV03545,EMP99750,Earned Leave,2026-05-15,2026-05-19,4,Approved
LV03546,EMP03029,Earned Leave,2025-06-06,2025-06-08,2,Rejected
LV03547,EMP00316,Casual Leave,2025-03-18,2025-03-25,7,Approved
LV03548,EMP00341,Earned Leave,2026-04-02,2026-04-10,8,Approved
LV03549,EMP00876,Maternity Leave,2026-03-25,2026-03-28,3,Approved
LV03550,EMP01180,Casual Leave,2026-01-09,2026-01-10,1,Pending
LV03551,EMP01796,Earned Leave,2025-01-14,2025-01-16,2,Pending
LV03552,EMP02648,Unpaid Leave,2026-06-19,2026-06-27,8,Approved
LV03553,EMP00454,Maternity Leave,2025-10-06,2025-10-15,9,Rejected
LV03554,EMP00798,Casual Leave,2025-10-12,2025-10-19,7,Rejected
LV03555,EMP02420,Unpaid Leave,2025-10-28,2025-11-07,10,Pending
LV03556,EMP00800,Unpaid Leave,2025-07-30,2025-08-07,8,Pending
LV03557,EMP01715,Casual Leave,2025-08-06,2025-08-13,7,Approved
LV03558,EMP02167,Maternity Leave,2026-06-25,2026-06-30,5,Approved
LV03559,EMP01796,Earned Leave,2026-06-26,2026-06-30,4,Rejected
LV03560,EMP01107,Sick Leave,2025-07-18,2025-07-26,8,Rejected
LV03561,EMP01883,Casual Leave,2025-11-01,2025-11-10,9,Pending
LV03562,EMP00289,Paternity Leave,2026-05-03,2026-05-07,4,Pending
LV03563,EMP01894,Earned Leave,2025-04-20,2025-04-27,7,Rejected
LV03564,EMP00603,Unpaid Leave,2025-01-24,2025-01-27,3,Pending
LV03565,EMP00002,Paternity Leave,2026-06-04,2026-06-08,4,Rejected
LV03566,EMP02300,Paternity Leave,2025-11-30,2025-12-07,7,Rejected
LV03567,EMP02587,Earned Leave,2025-02-02,2025-02-04,2,Rejected
LV03568,EMP00842,Paternity Leave,2026-01-09,2026-01-16,7,Rejected
LV03569,EMP00710,Unpaid Leave,2025-02-02,2025-02-08,6,Pending
LV03570,EMP02388,Paternity Leave,2026-03-31,2026-04-01,1,Pending
LV03571,EMP93185,Casual Leave,2026-02-17,2026-02-20,3,Approved
LV03572,EMP03154,Paternity Leave,2025-08-29,2025-09-05,7,Approved
LV03573,EMP02224,Unpaid Leave,2025-07-15,2025-07-17,2,Rejected
LV03574,EMP02830,Maternity Leave,2026-01-22,2026-01-26,4,Approved
LV03575,EMP01451,Maternity Leave,2026-02-04,2026-02-06,2,Approved
LV03576,EMP00418,Paternity Leave,2025-09-19,2025-09-26,7,Pending
LV03577,EMP01790,Paternity Leave,2025-07-21,2025-07-24,3,Approved
LV03578,EMP01832,Sick Leave,2026-03-14,2026-03-18,4,Approved
LV03579,EMP01720,Paternity Leave,2025-05-14,2025-05-17,3,Approved
LV03580,EMP02328,Sick Leave,2026-01-26,2026-01-28,2,Pending
LV03581,EMP02272,Paternity Leave,2025-09-09,2025-09-12,3,Pending
LV03582,EMP01138,Casual Leave,2025-11-15,2025-11-23,8,Rejected
LV03583,EMP98973,Casual Leave,2026-06-08,2026-06-14,6,Approved
LV03584,EMP02542,Sick Leave,2026-02-10,2026-02-19,9,Rejected
LV03585,EMP00801,Maternity Leave,2025-03-12,2025-03-20,8,Rejected
LV03586,EMP00973,Earned Leave,2026-06-07,2026-06-16,9,Pending
LV03587,EMP03186,Maternity Leave,2025-09-12,2025-09-21,9,Approved
LV03588,EMP02364,Maternity Leave,2026-06-15,2026-06-19,4,Pending
LV03589,EMP00962,Sick Leave,2025-10-02,2025-10-07,5,Rejected
LV03590,EMP01618,Paternity Leave,2026-06-04,2026-06-14,10,Pending
LV03591,EMP01361,Unpaid Leave,2026-04-28,2026-05-01,3,Approved
LV03592,EMP02051,Earned Leave,2026-03-26,2026-04-02,7,Pending
LV03593,EMP01819,Earned Leave,2025-07-09,2025-07-10,1,Approved
LV03594,EMP02454,Unpaid Leave,2026-06-29,2026-06-30,1,Approved
LV03595,EMP00583,Paternity Leave,2025-10-05,2025-10-11,6,Approved
LV03596,EMP02524,Earned Leave,2026-03-10,2026-03-16,6,Rejected
LV03597,EMP02860,Casual Leave,2025-05-13,2025-05-23,10,Rejected
LV03598,EMP01669,Sick Leave,2025-07-20,2025-07-24,4,Rejected
LV03599,EMP01921,Sick Leave,2026-05-11,2026-05-21,10,Pending
LV03600,EMP00771,Paternity Leave,2026-01-14,2026-01-18,4,Pending
LV03601,EMP01302,Unpaid Leave,2026-06-27,2026-06-30,3,Rejected
LV03602,EMP02308,Casual Leave,2025-05-22,2025-05-26,4,Approved
LV03603,EMP02196,Sick Leave,2025-12-15,2025-12-20,5,Approved
LV03604,EMP00485,Unpaid Leave,2025-07-26,2025-07-30,4,Pending
LV03605,EMP00489,Maternity Leave,2026-04-14,2026-04-22,8,Pending
LV03606,EMP02527,Earned Leave,2026-05-28,2026-05-29,1,Rejected
LV03607,EMP01542,Unpaid Leave,2026-02-11,2026-02-16,5,Rejected
LV03608,EMP03040,Sick Leave,2026-05-07,2026-05-12,5,Approved
LV03609,EMP00652,Earned Leave,2026-05-13,2026-05-17,4,Rejected
LV03610,EMP01020,Maternity Leave,2025-10-09,2025-10-16,7,Rejected
LV03611,EMP00952,Sick Leave,2025-04-09,2025-04-14,5,Pending
LV03612,EMP02120,Maternity Leave,2025-09-08,2025-09-12,4,Rejected
LV03613,EMP02528,Sick Leave,2025-06-11,2025-06-20,9,Approved
LV03614,EMP02834,Maternity Leave,2026-05-26,2026-06-02,7,Approved
LV03615,EMP03099,Maternity Leave,2026-03-07,2026-03-10,3,Pending
LV03616,EMP01508,Maternity Leave,2025-12-01,2025-12-11,10,Pending
LV03617,EMP01211,Unpaid Leave,2026-05-03,2026-05-04,1,Rejected
LV03618,EMP02542,Paternity Leave,2025-04-08,2025-04-12,4,Rejected
LV03619,EMP01927,Sick Leave,2025-12-01,2025-12-11,10,Pending
LV03620,EMP01489,Casual Leave,2025-04-09,2025-04-17,8,Approved
LV03621,EMP00064,Casual Leave,2025-10-06,2025-10-11,5,Approved
LV03622,EMP01671,Maternity Leave,2025-08-21,2025-08-22,1,Rejected
LV03623,EMP01089,Paternity Leave,2025-07-04,2025-07-05,1,Pending
LV03624,EMP03033,Casual Leave,2025-02-24,2025-02-28,4,Pending
LV03625,EMP00214,Unpaid Leave,2025-05-08,2025-05-18,10,Approved
LV03626,EMP03051,Casual Leave,2025-07-16,2025-07-17,1,Rejected
LV03627,EMP01072,Paternity Leave,2026-02-24,2026-02-25,1,Pending
LV03628,EMP02715,Sick Leave,2025-01-04,2025-01-11,7,Approved
LV03629,EMP00005,Sick Leave,2025-02-16,2025-02-18,2,Rejected
LV03630,EMP01143,Casual Leave,2025-04-29,2025-05-09,10,Rejected
LV03631,EMP00553,Unpaid Leave,2025-10-29,2025-11-01,3,Rejected
LV03632,EMP01116,Earned Leave,2025-12-18,2025-12-19,1,Pending
LV03633,EMP00038,Unpaid Leave,2025-12-05,2025-12-11,6,Approved
LV03634,EMP01466,Casual Leave,2025-07-08,2025-07-10,2,Approved
LV03635,EMP00430,Casual Leave,2026-01-20,2026-01-30,10,Approved
LV03636,EMP01452,Maternity Leave,2025-10-15,2025-10-16,1,Pending
LV03637,EMP01413,Paternity Leave,2026-03-02,2026-03-08,6,Rejected
LV03638,EMP00033,Paternity Leave,2025-01-15,2025-01-16,1,Approved
LV03639,EMP00961,Earned Leave,2026-04-10,2026-04-13,3,Pending
LV03640,EMP01011,Unpaid Leave,2026-02-18,2026-02-25,7,Pending
LV03641,EMP02694,Maternity Leave,2025-12-15,2025-12-22,7,Pending
LV03642,EMP01251,Paternity Leave,2025-08-16,2025-08-26,10,Rejected
LV03643,EMP01875,Unpaid Leave,2025-10-12,2025-10-18,6,Pending
LV03644,EMP00574,Casual Leave,2026-06-19,2026-06-24,5,Approved
LV03645,EMP00653,Casual Leave,2025-09-13,2025-09-19,6,Approved
LV03646,EMP03127,Paternity Leave,2026-05-18,2026-05-20,2,Approved
LV03647,EMP01327,Maternity Leave,2025-11-11,2025-11-15,4,Approved
LV03648,EMP00976,Sick Leave,2026-04-09,2026-04-17,8,Rejected
LV03649,EMP00462,Paternity Leave,2025-05-31,2025-06-04,4,Pending
LV03650,EMP00320,Maternity Leave,2025-03-22,2025-03-31,9,Rejected
LV03651,EMP01017,Unpaid Leave,2025-03-10,2025-03-20,10,Rejected
LV03652,EMP01497,Unpaid Leave,2026-05-21,2026-05-30,9,Rejected
LV03653,EMP02662,Paternity Leave,2026-05-06,2026-05-08,2,Pending
LV03654,EMP01662,Paternity Leave,2025-09-07,2025-09-17,10,Rejected
LV03655,EMP01577,Earned Leave,2025-10-04,2025-10-13,9,Approved
LV03656,EMP00450,Sick Leave,2026-06-09,2026-06-18,9,Approved
LV03657,EMP00858,Casual Leave,2025-02-17,2025-02-20,3,Pending
LV03658,EMP02210,Earned Leave,2026-07-09,2026-07-10,1,Approved
LV03659,EMP01799,Unpaid Leave,2025-12-24,2026-01-01,8,Approved
LV03660,EMP02670,Earned Leave,2025-09-21,2025-09-28,7,Approved
LV03661,EMP02594,Paternity Leave,2025-01-07,2025-01-15,8,Approved
LV03662,EMP00308,Paternity Leave,2026-02-03,2026-02-10,7,Approved
LV03663,EMP03137,Sick Leave,2025-04-16,2025-04-23,7,Approved
LV03664,EMP01763,Earned Leave,2026-05-12,2026-05-22,10,Approved
LV03665,EMP00196,Unpaid Leave,2025-11-24,2025-11-25,1,Rejected
LV03666,EMP01389,Paternity Leave,2025-12-13,2025-12-17,4,Rejected
LV03667,EMP02393,Paternity Leave,2025-03-17,2025-03-24,7,Approved
LV03668,EMP03098,Unpaid Leave,2025-07-24,2025-07-30,6,Rejected
LV03669,EMP00667,Paternity Leave,2025-04-28,2025-05-07,9,Rejected
LV03670,EMP93105,Sick Leave,2026-06-14,2026-06-15,1,Pending
LV03671,EMP00990,Sick Leave,2025-01-30,2025-02-07,8,Approved
LV03672,EMP02138,Earned Leave,2025-11-17,2025-11-18,1,Approved
LV03673,EMP02628,Maternity Leave,2025-04-19,2025-04-25,6,Rejected
LV03674,EMP00257,Earned Leave,2025-02-06,2025-02-09,3,Rejected
LV03675,EMP02623,Casual Leave,2025-04-23,2025-04-28,5,Rejected
LV03676,EMP03041,Casual Leave,2025-04-30,2025-05-02,2,Rejected
LV03677,EMP01150,Maternity Leave,2025-10-08,2025-10-11,3,Approved
LV03678,EMP01101,Casual Leave,2026-03-14,2026-03-22,8,Pending
LV03679,EMP03115,Earned Leave,2025-08-11,2025-08-13,2,Approved
LV03680,EMP02421,Unpaid Leave,2026-07-03,2026-07-04,1,Rejected
LV03681,EMP91205,Earned Leave,2026-01-16,2026-01-23,7,Pending
LV03682,EMP02623,Maternity Leave,2026-06-10,2026-06-16,6,Approved
LV03683,EMP01669,Casual Leave,2026-03-14,2026-03-21,7,Approved
LV03684,EMP02520,Earned Leave,2025-11-12,2025-11-14,2,Approved
LV03685,EMP02141,Sick Leave,2025-01-11,2025-01-20,9,Rejected
LV03686,EMP02806,Sick Leave,2025-09-23,2025-09-26,3,Approved
LV03687,EMP00073,Earned Leave,2025-08-12,2025-08-13,1,Pending
LV03688,EMP00235,Unpaid Leave,2025-12-13,2025-12-14,1,Pending
LV03689,EMP02420,Unpaid Leave,2026-05-17,2026-05-27,10,Rejected
LV03690,EMP02144,Sick Leave,2025-06-03,2025-06-07,4,Pending
LV03691,EMP01837,Casual Leave,2026-01-23,2026-01-30,7,Rejected
LV03692,EMP01848,Paternity Leave,2026-07-11,2026-07-18,7,Pending
LV03693,EMP01260,Earned Leave,2025-08-31,2025-09-08,8,Approved
LV03694,EMP00199,Earned Leave,2025-07-17,2025-07-22,5,Pending
LV03695,EMP02483,Earned Leave,2025-03-11,2025-03-17,6,Pending
LV03696,EMP01488,Casual Leave,2026-06-28,2026-07-03,5,Approved
LV03697,EMP02746,Casual Leave,2025-06-22,2025-06-24,2,Approved
LV03698,EMP01678,Unpaid Leave,2026-04-15,2026-04-16,1,Approved
LV03699,EMP03167,Casual Leave,2026-03-07,2026-03-14,7,Approved
LV03700,EMP02897,Casual Leave,2025-04-29,2025-05-02,3,Pending
LV03701,EMP02131,Maternity Leave,2025-02-15,2025-02-23,8,Rejected
LV03702,EMP02959,Earned Leave,2025-04-02,2025-04-12,10,Approved
LV03703,EMP01306,Maternity Leave,2025-09-12,2025-09-13,1,Rejected
LV03704,EMP02157,Maternity Leave,2026-01-05,2026-01-11,6,Approved
LV03705,EMP00052,Paternity Leave,2025-03-24,2025-04-03,10,Rejected
LV03706,EMP01936,Sick Leave,2025-08-27,2025-09-02,6,Rejected
LV03707,EMP02400,Casual Leave,2025-01-20,2025-01-29,9,Approved
LV03708,EMP02038,Maternity Leave,2025-03-13,2025-03-18,5,Pending
LV03709,EMP00457,Maternity Leave,2025-12-21,2025-12-29,8,Approved
LV03710,EMP00009,Sick Leave,2026-05-07,2026-05-13,6,Approved
LV03711,EMP01550,Unpaid Leave,2026-05-19,2026-05-26,7,Rejected
LV03712,EMP01162,Sick Leave,2025-12-12,2025-12-18,6,Pending
LV03713,EMP02379,Maternity Leave,2026-03-06,2026-03-15,9,Rejected
LV03714,EMP01392,Maternity Leave,2026-03-27,2026-04-04,8,Approved
LV03715,EMP02505,Paternity Leave,2025-12-11,2025-12-19,8,Rejected
LV03716,EMP02508,Unpaid Leave,2026-06-06,2026-06-09,3,Rejected
LV03717,EMP02376,Earned Leave,2026-02-04,2026-02-12,8,Approved
LV03718,EMP03090,Earned Leave,2026-04-25,2026-04-30,5,Rejected
LV03719,EMP02641,Earned Leave,2025-03-10,2025-03-12,2,Approved
LV03720,EMP00687,Paternity Leave,2025-11-07,2025-11-10,3,Pending
LV03721,EMP00551,Sick Leave,2025-01-26,2025-02-04,9,Pending
LV03722,EMP01908,Unpaid Leave,2025-05-20,2025-05-21,1,Pending
LV03723,EMP00235,Paternity Leave,2025-03-04,2025-03-05,1,Pending
LV03724,EMP01036,Casual Leave,2025-02-27,2025-03-08,9,Rejected
LV03725,EMP00907,Unpaid Leave,2025-04-30,2025-05-02,2,Rejected
LV03726,EMP01908,Earned Leave,2026-04-21,2026-04-28,7,Rejected
LV03727,EMP01364,Maternity Leave,2025-07-04,2025-07-09,5,Pending
LV03728,EMP02442,Maternity Leave,2025-07-27,2025-07-30,3,Rejected
LV03729,EMP00028,Casual Leave,2025-07-08,2025-07-09,1,Pending
LV03730,EMP00560,Casual Leave,2026-03-18,2026-03-25,7,Rejected
LV03731,EMP01429,Earned Leave,2025-10-08,2025-10-13,5,Approved
LV03732,EMP02911,Earned Leave,2025-04-02,2025-04-11,9,Approved
LV03733,EMP02362,Paternity Leave,2026-06-15,2026-06-20,5,Pending
LV03734,EMP02803,Sick Leave,2026-03-29,2026-03-31,2,Rejected
LV03735,EMP01569,Maternity Leave,2025-04-28,2025-05-02,4,Pending
LV03736,EMP01433,Casual Leave,2026-04-18,2026-04-27,9,Approved
LV03737,EMP00559,Maternity Leave,2025-12-26,2026-01-01,6,Rejected
LV03738,EMP00825,Maternity Leave,2025-12-09,2025-12-16,7,Rejected
LV03739,EMP00668,Unpaid Leave,2026-01-17,2026-01-21,4,Pending
LV03740,EMP00121,Earned Leave,2026-05-25,2026-06-04,10,Pending
LV03741,EMP02962,Unpaid Leave,2025-10-14,2025-10-15,1,Approved
LV03742,EMP01533,Unpaid Leave,2025-11-14,2025-11-18,4,Rejected
LV03743,EMP01876,Earned Leave,2026-06-09,2026-06-15,6,Rejected
LV03744,EMP00550,Unpaid Leave,2025-03-17,2025-03-22,5,Approved
LV03745,EMP00477,Paternity Leave,2025-02-04,2025-02-14,10,Approved
LV03746,EMP02971,Casual Leave,2025-12-17,2025-12-18,1,Approved
LV03747,EMP02617,Maternity Leave,2025-02-18,2025-02-22,4,Pending
LV03748,EMP01697,Unpaid Leave,2025-12-10,2025-12-16,6,Pending
LV03749,EMP00240,Earned Leave,2026-05-02,2026-05-06,4,Rejected
LV03750,EMP00691,Earned Leave,2025-12-04,2025-12-06,2,Pending
LV03751,EMP00175,Paternity Leave,2025-05-27,2025-06-04,8,Approved
LV03752,EMP02040,Unpaid Leave,2026-02-24,2026-02-25,1,Rejected
LV03753,EMP01743,Earned Leave,2025-09-03,2025-09-09,6,Approved
LV03754,EMP00034,Unpaid Leave,2025-03-20,2025-03-30,10,Approved
LV03755,EMP00520,Unpaid Leave,2025-07-18,2025-07-20,2,Approved
LV03756,EMP00588,Casual Leave,2025-08-06,2025-08-16,10,Approved
LV03757,EMP00932,Casual Leave,2025-07-26,2025-08-04,9,Approved
LV03758,EMP02977,Earned Leave,2026-01-13,2026-01-16,3,Rejected
LV03759,EMP02942,Paternity Leave,2025-10-20,2025-10-28,8,Rejected
LV03760,EMP01535,Paternity Leave,2025-01-26,2025-02-03,8,Rejected
LV03761,EMP01336,Earned Leave,2026-02-06,2026-02-14,8,Pending
LV03762,EMP00819,Earned Leave,2025-04-10,2025-04-16,6,Approved
LV03763,EMP02086,Earned Leave,2025-01-05,2025-01-13,8,Approved
LV03764,EMP03074,Sick Leave,2025-08-18,2025-08-22,4,Pending
LV03765,EMP02772,Paternity Leave,2025-10-30,2025-11-05,6,Rejected
LV03766,EMP02331,Earned Leave,2025-05-01,2025-05-02,1,Pending
LV03767,EMP01340,Unpaid Leave,2025-01-09,2025-01-18,9,Approved
LV03768,EMP02249,Sick Leave,2025-01-23,2025-01-26,3,Approved
LV03769,EMP00521,Sick Leave,2025-07-01,2025-07-08,7,Pending
LV03770,EMP02438,Earned Leave,2025-01-05,2025-01-09,4,Approved
LV03771,EMP01865,Casual Leave,2025-09-06,2025-09-13,7,Pending
LV03772,EMP01841,Sick Leave,2025-12-30,2025-12-31,1,Rejected
LV03773,EMP02781,Sick Leave,2025-06-04,2025-06-07,3,Approved
LV03774,EMP01586,Paternity Leave,2026-04-08,2026-04-16,8,Rejected
LV03775,EMP00529,Earned Leave,2025-06-04,2025-06-09,5,Approved
LV03776,EMP01818,Earned Leave,2025-12-26,2025-12-27,1,Pending
LV03777,EMP02582,Maternity Leave,2026-04-19,2026-04-21,2,Approved
LV03778,EMP00979,Maternity Leave,2026-01-18,2026-01-19,1,Rejected
LV03779,EMP01345,Earned Leave,2025-09-10,2025-09-18,8,Rejected
LV03780,EMP02819,Earned Leave,2026-03-19,2026-03-24,5,Approved
LV03781,EMP01524,Paternity Leave,2025-03-18,2025-03-26,8,Pending
LV03782,EMP03147,Unpaid Leave,2025-08-15,2025-08-20,5,Approved
LV03783,EMP00119,Paternity Leave,2025-05-20,2025-05-27,7,Approved
LV03784,EMP00767,Sick Leave,2025-04-05,2025-04-12,7,Pending
LV03785,EMP02224,Sick Leave,2026-05-02,2026-05-08,6,Rejected
LV03786,EMP00263,Maternity Leave,2025-05-10,2025-05-13,3,Approved
LV03787,EMP01889,Maternity Leave,2025-02-27,2025-03-03,4,Rejected
LV03788,EMP00370,Casual Leave,2026-02-24,2026-03-05,9,Pending
LV03789,EMP01234,Earned Leave,2026-07-04,2026-07-05,1,Approved
LV03790,EMP01052,Sick Leave,2026-05-15,2026-05-16,1,Approved
LV03791,EMP00123,Paternity Leave,2025-01-24,2025-01-31,7,Rejected
LV03792,EMP01300,Earned Leave,2025-11-21,2025-11-28,7,Approved
LV03793,EMP02008,Unpaid Leave,2025-10-30,2025-11-07,8,Approved
LV03794,EMP00422,Earned Leave,2025-02-28,2025-03-08,8,Rejected
LV03795,EMP01799,Unpaid Leave,2025-01-07,2025-01-08,1,Approved
LV03796,EMP01760,Maternity Leave,2025-10-12,2025-10-13,1,Pending
LV03797,EMP00041,Maternity Leave,2026-01-26,2026-02-05,10,Rejected
LV03798,EMP02699,Casual Leave,2025-07-25,2025-07-26,1,Rejected
LV03799,EMP02229,Sick Leave,2025-01-01,2025-01-04,3,Pending
LV03800,EMP02591,Earned Leave,2026-02-26,2026-03-07,9,Rejected
LV03801,EMP00338,Paternity Leave,2026-03-19,2026-03-20,1,Approved
LV03802,EMP02147,Maternity Leave,2025-12-19,2025-12-21,2,Approved
LV03803,EMP02696,Paternity Leave,2025-08-14,2025-08-19,5,Approved
LV03804,EMP00212,Sick Leave,2025-07-27,2025-08-06,10,Approved
LV03805,EMP90514,Sick Leave,2026-05-11,2026-05-12,1,Approved
LV03806,EMP02257,Paternity Leave,2025-05-06,2025-05-16,10,Pending
LV03807,EMP01415,Paternity Leave,2025-10-03,2025-10-06,3,Approved
LV03808,EMP02489,Casual Leave,2025-02-06,2025-02-16,10,Rejected
LV03809,EMP02191,Unpaid Leave,2026-05-06,2026-05-07,1,Pending
LV03810,EMP01078,Unpaid Leave,2026-04-03,2026-04-12,9,Approved
LV03811,EMP02505,Sick Leave,2026-01-23,2026-01-29,6,Approved
LV03812,EMP00264,Paternity Leave,2026-02-28,2026-03-01,1,Approved
LV03813,EMP00250,Casual Leave,2025-12-29,2026-01-04,6,Approved
LV03814,EMP00805,Earned Leave,2026-05-20,2026-05-30,10,Rejected
LV03815,EMP01878,Sick Leave,2025-01-24,2025-01-31,7,Approved
LV03816,EMP00482,Paternity Leave,2025-02-18,2025-02-23,5,Pending
LV03817,EMP00615,Casual Leave,2025-11-17,2025-11-18,1,Approved
LV03818,EMP00931,Unpaid Leave,2026-01-28,2026-02-04,7,Pending
LV03819,EMP01084,Paternity Leave,2026-01-13,2026-01-21,8,Pending
LV03820,EMP01105,Paternity Leave,2026-02-10,2026-02-16,6,Approved
LV03821,EMP02775,Maternity Leave,2025-10-10,2025-10-14,4,Approved
LV03822,EMP02853,Sick Leave,2025-01-29,2025-01-31,2,Rejected
LV03823,EMP03010,Unpaid Leave,2026-05-03,2026-05-10,7,Pending
LV03824,EMP00775,Maternity Leave,2026-06-29,2026-07-08,9,Approved
LV03825,EMP00474,Maternity Leave,2025-03-05,2025-03-06,1,Approved
LV03826,EMP01226,Sick Leave,2025-11-17,2025-11-21,4,Pending
LV03827,EMP00142,Paternity Leave,2025-12-16,2025-12-17,1,Approved
LV03828,EMP01589,Unpaid Leave,2025-05-30,2025-06-04,5,Pending
LV03829,EMP01640,Unpaid Leave,2026-02-24,2026-03-03,7,Rejected
LV03830,EMP01208,Unpaid Leave,2025-12-12,2025-12-15,3,Pending
LV03831,EMP01368,Casual Leave,2025-09-29,2025-10-08,9,Pending
LV03832,EMP00641,Paternity Leave,2026-05-21,2026-05-30,9,Rejected
LV03833,EMP02802,Paternity Leave,2025-02-20,2025-02-23,3,Pending
LV03834,EMP02882,Maternity Leave,2026-01-05,2026-01-12,7,Approved
LV03835,EMP02780,Casual Leave,2026-07-04,2026-07-12,8,Approved
LV03836,EMP01837,Earned Leave,2026-03-01,2026-03-03,2,Rejected
LV03837,EMP00589,Paternity Leave,2025-12-18,2025-12-28,10,Approved
LV03838,EMP00521,Earned Leave,2025-09-17,2025-09-21,4,Approved
LV03839,EMP00443,Paternity Leave,2025-11-10,2025-11-13,3,Rejected
LV03840,EMP00464,Maternity Leave,2026-06-10,2026-06-16,6,Pending
LV03841,EMP00499,Unpaid Leave,2025-07-05,2025-07-14,9,Rejected
LV03842,EMP94303,Sick Leave,2025-01-20,2025-01-22,2,Rejected
LV03843,EMP01748,Unpaid Leave,2025-02-03,2025-02-12,9,Pending
LV03844,EMP00217,Earned Leave,2026-02-24,2026-02-27,3,Pending
LV03845,EMP00200,Paternity Leave,2025-09-04,2025-09-10,6,Pending
LV03846,EMP02636,Maternity Leave,2026-05-01,2026-05-10,9,Approved
LV03847,EMP01675,Earned Leave,2025-04-17,2025-04-26,9,Pending
LV03848,EMP01225,Maternity Leave,2025-09-18,2025-09-27,9,Pending
LV03849,EMP01956,Sick Leave,2025-05-02,2025-05-04,2,Pending
LV03850,EMP00286,Sick Leave,2026-05-21,2026-05-22,1,Pending
LV03851,EMP01212,Casual Leave,2025-08-19,2025-08-29,10,Rejected
LV03852,EMP00286,Casual Leave,2025-12-15,2025-12-22,7,Rejected
LV03853,EMP01564,Maternity Leave,2025-12-31,2026-01-04,4,Approved
LV03854,EMP02315,Maternity Leave,2025-06-28,2025-07-06,8,Pending
LV03855,EMP03136,Casual Leave,2026-05-22,2026-06-01,10,Rejected
LV03856,EMP01008,Sick Leave,2026-01-21,2026-01-30,9,Rejected
LV03857,EMP00535,Maternity Leave,2025-03-30,2025-04-09,10,Approved
LV03858,EMP00369,Unpaid Leave,2026-07-07,2026-07-08,1,Approved
LV03859,EMP01245,Sick Leave,2026-06-04,2026-06-12,8,Approved
LV03860,EMP02406,Casual Leave,2025-01-11,2025-01-15,4,Rejected
LV03861,EMP00519,Maternity Leave,2026-02-13,2026-02-15,2,Rejected
LV03862,EMP02187,Unpaid Leave,2026-01-29,2026-01-30,1,Pending
LV03863,EMP01923,Paternity Leave,2025-11-24,2025-11-29,5,Approved
LV03864,EMP02103,Casual Leave,2025-09-12,2025-09-20,8,Rejected
LV03865,EMP02072,Sick Leave,2026-04-20,2026-04-24,4,Rejected
LV03866,EMP02096,Casual Leave,2025-08-10,2025-08-19,9,Approved
LV03867,EMP00221,Earned Leave,2025-06-06,2025-06-12,6,Pending
LV03868,EMP00830,Casual Leave,2026-07-06,2026-07-11,5,Rejected
LV03869,EMP01116,Sick Leave,2026-06-08,2026-06-09,1,Pending
LV03870,EMP02991,Earned Leave,2026-03-21,2026-03-28,7,Approved
LV03871,EMP02460,Earned Leave,2025-03-04,2025-03-10,6,Rejected
LV03872,EMP01380,Paternity Leave,2026-06-16,2026-06-19,3,Approved
LV03873,EMP00551,Sick Leave,2026-02-22,2026-02-27,5,Rejected
LV03874,EMP01049,Unpaid Leave,2026-01-20,2026-01-23,3,Rejected
LV03875,EMP02121,Unpaid Leave,2025-06-16,2025-06-23,7,Approved
LV03876,EMP03183,Casual Leave,2025-06-15,2025-06-23,8,Approved
LV03877,EMP03041,Unpaid Leave,2025-01-10,2025-01-15,5,Rejected
LV03878,EMP01667,Casual Leave,2025-06-18,2025-06-26,8,Approved
LV03879,EMP03135,Earned Leave,2026-01-28,2026-02-06,9,Pending
LV03880,EMP00008,Unpaid Leave,2025-03-25,2025-03-28,3,Pending
LV03881,EMP02372,Paternity Leave,2025-07-23,2025-07-31,8,Rejected
LV03882,EMP02941,Casual Leave,2026-05-06,2026-05-12,6,Rejected
LV03883,EMP02544,Sick Leave,2025-02-18,2025-02-24,6,Rejected
LV03884,EMP02587,Sick Leave,2025-02-27,2025-03-08,9,Approved
LV03885,EMP01962,Sick Leave,2025-11-23,2025-12-01,8,Rejected
LV03886,EMP00741,Unpaid Leave,2025-03-28,2025-03-29,1,Approved
LV03887,EMP01005,Casual Leave,2025-02-05,2025-02-06,1,Rejected
LV03888,EMP00293,Paternity Leave,2025-05-13,2025-05-17,4,Rejected
LV03889,EMP01104,Unpaid Leave,2025-11-27,2025-12-05,8,Pending
LV03890,EMP01846,Casual Leave,2026-03-09,2026-03-18,9,Rejected
LV03891,EMP01544,Sick Leave,2025-09-07,2025-09-15,8,Rejected
LV03892,EMP01136,Maternity Leave,2026-03-22,2026-03-31,9,Pending
LV03893,EMP00606,Maternity Leave,2026-03-20,2026-03-30,10,Pending
LV03894,EMP01718,Earned Leave,2026-04-27,2026-05-01,4,Rejected
LV03895,EMP01163,Earned Leave,2025-01-04,2025-01-11,7,Approved
LV03896,EMP02567,Sick Leave,2025-05-24,2025-06-03,10,Approved
LV03897,EMP00590,Sick Leave,2025-06-01,2025-06-05,4,Rejected
LV03898,EMP02637,Unpaid Leave,2026-01-02,2026-01-09,7,Approved
LV03899,EMP00474,Sick Leave,2025-11-14,2025-11-23,9,Rejected
LV03900,EMP02577,Maternity Leave,2025-10-29,2025-11-05,7,Pending
LV03901,EMP02958,Earned Leave,2025-08-05,2025-08-07,2,Pending
LV03902,EMP01625,Sick Leave,2026-04-05,2026-04-10,5,Pending
LV03903,EMP03033,Unpaid Leave,2025-08-03,2025-08-12,9,Rejected
LV03904,EMP01341,Maternity Leave,2025-12-04,2025-12-06,2,Approved
LV03905,EMP02647,Unpaid Leave,2025-10-05,2025-10-15,10,Approved
LV03906,EMP01839,Paternity Leave,2025-08-02,2025-08-09,7,Rejected
LV03907,EMP02726,Sick Leave,2025-05-28,2025-06-02,5,Approved
LV03908,EMP02485,Maternity Leave,2025-07-31,2025-08-07,7,Rejected
LV03909,EMP00911,Paternity Leave,2025-03-07,2025-03-08,1,Approved
LV03910,EMP01949,Paternity Leave,2026-07-12,2026-07-13,1,Approved
LV03911,EMP03199,Maternity Leave,2026-01-02,2026-01-12,10,Pending
LV03912,EMP01740,Unpaid Leave,2026-04-09,2026-04-17,8,Approved
LV03913,EMP02172,Unpaid Leave,2025-06-12,2025-06-17,5,Pending
LV03914,EMP00667,Paternity Leave,2026-01-23,2026-01-26,3,Pending
LV03915,EMP02146,Maternity Leave,2026-01-20,2026-01-25,5,Rejected
LV03916,EMP00184,Earned Leave,2026-03-24,2026-04-01,8,Pending
LV03917,EMP03060,Earned Leave,2025-08-10,2025-08-11,1,Pending
LV03918,EMP02865,Maternity Leave,2026-05-18,2026-05-26,8,Approved
LV03919,EMP00195,Casual Leave,2025-01-25,2025-01-26,1,Pending
LV03920,EMP00801,Unpaid Leave,2025-02-18,2025-02-24,6,Pending
LV03921,EMP02565,Casual Leave,2025-02-21,2025-02-22,1,Approved
LV03922,EMP00423,Unpaid Leave,2025-08-20,2025-08-28,8,Rejected
LV03923,EMP02090,Maternity Leave,2025-11-18,2025-11-25,7,Pending
LV03924,EMP01625,Casual Leave,2026-01-09,2026-01-12,3,Pending
LV03925,EMP00731,Maternity Leave,2026-01-04,2026-01-06,2,Pending
LV03926,EMP00115,Maternity Leave,2025-03-02,2025-03-09,7,Approved
LV03927,EMP02774,Paternity Leave,2025-01-30,2025-02-09,10,Approved
LV03928,EMP02847,Sick Leave,2026-04-25,2026-05-05,10,Approved
LV03929,EMP01238,Sick Leave,2025-04-19,2025-04-29,10,Pending
LV03930,EMP02908,Sick Leave,2026-06-10,2026-06-14,4,Pending
LV03931,EMP02373,Earned Leave,2026-05-21,2026-05-31,10,Rejected
LV03932,EMP01512,Maternity Leave,2026-01-24,2026-02-01,8,Rejected
LV03933,EMP01812,Earned Leave,2025-08-27,2025-08-29,2,Pending
LV03934,EMP00081,Casual Leave,2026-02-26,2026-03-05,7,Rejected
LV03935,EMP01309,Maternity Leave,2026-02-13,2026-02-20,7,Rejected
LV03936,EMP01847,Maternity Leave,2025-09-18,2025-09-20,2,Pending
LV03937,EMP02962,Casual Leave,2025-01-17,2025-01-21,4,Approved
LV03938,EMP98279,Earned Leave,2026-07-04,2026-07-08,4,Rejected
LV03939,EMP02456,Paternity Leave,2026-04-23,2026-04-24,1,Approved
LV03940,EMP03118,Paternity Leave,2026-04-28,2026-04-29,1,Approved
LV03941,EMP01854,Earned Leave,2026-04-23,2026-04-30,7,Approved
LV03942,EMP02382,Sick Leave,2026-07-11,2026-07-17,6,Rejected
LV03943,EMP02067,Paternity Leave,2025-09-10,2025-09-14,4,Approved
LV03944,EMP01451,Casual Leave,2025-02-13,2025-02-15,2,Pending
LV03945,EMP02118,Unpaid Leave,2025-05-24,2025-05-26,2,Approved
LV03946,EMP02796,Paternity Leave,2025-06-22,2025-06-28,6,Rejected
LV03947,EMP02090,Paternity Leave,2026-03-21,2026-03-29,8,Rejected
LV03948,EMP01591,Unpaid Leave,2026-05-09,2026-05-16,7,Pending
LV03949,EMP00792,Earned Leave,2026-05-20,2026-05-25,5,Approved
LV03950,EMP02390,Earned Leave,2025-12-03,2025-12-07,4,Approved
LV03951,EMP02113,Sick Leave,2025-07-07,2025-07-17,10,Rejected
LV03952,EMP01651,Maternity Leave,2025-01-29,2025-02-08,10,Rejected
LV03953,EMP00084,Sick Leave,2025-06-19,2025-06-24,5,Approved
LV03954,EMP00312,Paternity Leave,2025-09-01,2025-09-03,2,Rejected
LV03955,EMP01996,Earned Leave,2025-12-29,2026-01-07,9,Rejected
LV03956,EMP00683,Maternity Leave,2026-05-14,2026-05-20,6,Pending
LV03957,EMP00002,Casual Leave,2025-01-03,2025-01-06,3,Rejected
LV03958,EMP01051,Unpaid Leave,2025-01-21,2025-01-30,9,Rejected
LV03959,EMP01264,Unpaid Leave,2025-03-19,2025-03-25,6,Approved
LV03960,EMP03068,Sick Leave,2025-07-01,2025-07-10,9,Approved
LV03961,EMP02158,Casual Leave,2025-05-22,2025-05-24,2,Pending
LV03962,EMP03123,Maternity Leave,2025-01-21,2025-01-24,3,Rejected
LV03963,EMP01338,Sick Leave,2025-12-25,2026-01-04,10,Pending
LV03964,EMP01985,Sick Leave,2026-03-30,2026-04-05,6,Rejected
LV03965,EMP01468,Paternity Leave,2026-02-20,2026-02-28,8,Rejected
LV03966,EMP02409,Earned Leave,2025-10-05,2025-10-12,7,Rejected
LV03967,EMP00966,Paternity Leave,2025-03-06,2025-03-15,9,Pending
LV03968,EMP00814,Maternity Leave,2026-05-19,2026-05-20,1,Approved
LV03969,EMP01425,Unpaid Leave,2025-09-02,2025-09-11,9,Rejected
LV03970,EMP01145,Unpaid Leave,2025-02-14,2025-02-18,4,Approved
LV03971,EMP00011,Casual Leave,2026-07-11,2026-07-19,8,Rejected
LV03972,EMP00027,Paternity Leave,2025-04-16,2025-04-22,6,Pending
LV03973,EMP02621,Earned Leave,2025-12-17,2025-12-25,8,Pending
LV03974,EMP01629,Unpaid Leave,2026-04-20,2026-04-26,6,Rejected
LV03975,EMP02745,Sick Leave,2025-12-12,2025-12-15,3,Approved
LV03976,EMP03082,Earned Leave,2025-09-02,2025-09-06,4,Rejected
LV03977,EMP01310,Casual Leave,2025-07-03,2025-07-11,8,Rejected
LV03978,EMP01961,Casual Leave,2025-12-09,2025-12-13,4,Pending
LV03979,EMP00635,Casual Leave,2025-03-13,2025-03-21,8,Pending
LV03980,EMP01708,Paternity Leave,2025-08-19,2025-08-27,8,Approved
LV03981,EMP02544,Maternity Leave,2026-01-18,2026-01-19,1,Rejected
LV03982,EMP00987,Earned Leave,2026-03-19,2026-03-26,7,Approved
LV03983,EMP01997,Earned Leave,2025-07-03,2025-07-11,8,Approved
LV03984,EMP02872,Paternity Leave,2026-04-06,2026-04-10,4,Rejected
LV03985,EMP01649,Sick Leave,2026-05-26,2026-06-01,6,Rejected
LV03986,EMP01574,Unpaid Leave,2025-08-07,2025-08-13,6,Rejected
LV03987,EMP02234,Casual Leave,2026-05-10,2026-05-18,8,Rejected
LV03988,EMP02470,Casual Leave,2025-03-04,2025-03-06,2,Pending
LV03989,EMP00521,Paternity Leave,2025-10-07,2025-10-08,1,Rejected
LV03990,EMP00736,Casual Leave,2025-07-19,2025-07-24,5,Rejected
LV03991,EMP01994,Maternity Leave,2026-03-19,2026-03-21,2,Rejected
LV03992,EMP00813,Unpaid Leave,2026-04-23,2026-04-30,7,Rejected
LV03993,EMP02989,Casual Leave,2026-06-24,2026-06-29,5,Pending
LV03994,EMP01587,Sick Leave,2026-01-16,2026-01-23,7,Pending
LV03995,EMP01855,Maternity Leave,2025-01-15,2025-01-16,1,Pending
LV03996,EMP02368,Casual Leave,2026-03-16,2026-03-24,8,Approved
LV03997,EMP00658,Unpaid Leave,2025-05-28,2025-06-04,7,Rejected
LV03998,EMP00260,Earned Leave,2026-04-13,2026-04-23,10,Pending
LV03999,EMP01167,Sick Leave,2026-04-28,2026-05-05,7,Pending
LV04000,EMP92860,Unpaid Leave,2025-01-14,2025-01-20,6,Approved
LV04001,EMP02116,Paternity Leave,2025-05-01,2025-05-10,9,Pending
LV04002,EMP02694,Casual Leave,2025-02-07,2025-02-14,7,Approved
LV04003,EMP02638,Maternity Leave,2026-06-16,2026-06-26,10,Rejected
LV04004,EMP02364,Sick Leave,2026-02-03,2026-02-05,2,Approved
LV04005,EMP01322,Unpaid Leave,2025-07-18,2025-07-27,9,Approved
LV04006,EMP03111,Paternity Leave,2025-04-26,2025-05-01,5,Pending
LV04007,EMP00088,Maternity Leave,2025-02-05,2025-02-14,9,Pending
LV04008,EMP00726,Maternity Leave,2025-06-20,2025-06-29,9,Pending
LV04009,EMP03141,Sick Leave,2026-01-09,2026-01-17,8,Rejected
LV04010,EMP02505,Sick Leave,2026-07-05,2026-07-11,6,Pending
LV04011,EMP01394,Paternity Leave,2025-10-16,2025-10-17,1,Approved
LV04012,EMP02064,Paternity Leave,2025-02-05,2025-02-12,7,Rejected
LV04013,EMP02180,Paternity Leave,2026-04-12,2026-04-21,9,Pending
LV04014,EMP00082,Paternity Leave,2026-03-01,2026-03-02,1,Pending
LV04015,EMP01314,Unpaid Leave,2025-05-16,2025-05-18,2,Approved
LV04016,EMP00554,Sick Leave,2026-05-11,2026-05-14,3,Approved
LV04017,EMP01533,Paternity Leave,2026-02-20,2026-02-27,7,Approved
LV04018,EMP01062,Casual Leave,2025-08-28,2025-09-04,7,Rejected
LV04019,EMP00216,Unpaid Leave,2025-07-14,2025-07-18,4,Pending
LV04020,EMP02908,Casual Leave,2025-08-11,2025-08-18,7,Pending
LV04021,EMP01113,Casual Leave,2026-05-17,2026-05-21,4,Pending
LV04022,EMP01006,Casual Leave,2026-04-24,2026-05-02,8,Approved
LV04023,EMP02358,Unpaid Leave,2025-04-12,2025-04-13,1,Pending
LV04024,EMP00944,Sick Leave,2026-01-19,2026-01-23,4,Pending
LV04025,EMP01983,Maternity Leave,2025-01-23,2025-02-02,10,Approved
LV04026,EMP99036,Unpaid Leave,2025-09-12,2025-09-17,5,Pending
LV04027,EMP01324,Unpaid Leave,2026-01-29,2026-02-08,10,Rejected
LV04028,EMP01111,Earned Leave,2025-08-04,2025-08-07,3,Rejected
LV04029,EMP00064,Casual Leave,2025-10-27,2025-11-04,8,Approved
LV04030,EMP02228,Unpaid Leave,2026-06-07,2026-06-09,2,Pending
LV04031,EMP00698,Earned Leave,2025-04-19,2025-04-26,7,Approved
LV04032,EMP01890,Unpaid Leave,2025-01-08,2025-01-15,7,Approved
LV04033,EMP00427,Paternity Leave,2025-06-14,2025-06-16,2,Pending
LV04034,EMP00982,Earned Leave,2026-04-06,2026-04-12,6,Rejected
LV04035,EMP01625,Maternity Leave,2025-10-24,2025-10-25,1,Rejected
LV04036,EMP02590,Unpaid Leave,2025-01-14,2025-01-20,6,Pending
LV04037,EMP03140,Casual Leave,2026-01-09,2026-01-17,8,Rejected
LV04038,EMP00707,Earned Leave,2025-08-29,2025-08-30,1,Rejected
LV04039,EMP00993,Paternity Leave,2025-09-23,2025-09-24,1,Approved
LV04040,EMP00634,Sick Leave,2025-02-25,2025-03-06,9,Pending
LV04041,EMP02156,Maternity Leave,2025-11-10,2025-11-19,9,Pending
LV04042,EMP00576,Earned Leave,2025-11-13,2025-11-19,6,Approved
LV04043,EMP00391,Unpaid Leave,2025-07-03,2025-07-06,3,Rejected
LV04044,EMP01450,Paternity Leave,2025-06-07,2025-06-15,8,Rejected
LV04045,EMP01914,Unpaid Leave,2026-01-14,2026-01-16,2,Pending
LV04046,EMP02449,Earned Leave,2026-01-29,2026-02-08,10,Pending
LV04047,EMP01099,Earned Leave,2025-04-22,2025-05-02,10,Approved
LV04048,EMP01729,Casual Leave,2026-05-22,2026-05-30,8,Rejected
LV04049,EMP02733,Sick Leave,2025-05-11,2025-05-21,10,Approved
LV04050,EMP02576,Casual Leave,2025-07-07,2025-07-12,5,Pending
LV04051,EMP03117,Unpaid Leave,2026-04-09,2026-04-16,7,Pending
LV04052,EMP02204,Unpaid Leave,2025-11-06,2025-11-09,3,Rejected
LV04053,EMP00253,Maternity Leave,2026-03-03,2026-03-08,5,Pending
LV04054,EMP00451,Maternity Leave,2026-06-11,2026-06-17,6,Rejected
LV04055,EMP00447,Earned Leave,2025-07-28,2025-08-07,10,Approved
LV04056,EMP00566,Maternity Leave,2026-04-29,2026-05-07,8,Pending
LV04057,EMP02523,Maternity Leave,2025-01-10,2025-01-17,7,Pending
LV04058,EMP00208,Maternity Leave,2025-04-10,2025-04-15,5,Pending
LV04059,EMP00990,Sick Leave,2025-01-04,2025-01-12,8,Approved
LV04060,EMP01684,Casual Leave,2025-02-28,2025-03-04,4,Rejected
LV04061,EMP01305,Casual Leave,2025-09-30,2025-10-02,2,Approved
LV04062,EMP00631,Earned Leave,2025-01-28,2025-01-30,2,Approved
LV04063,EMP01229,Maternity Leave,2026-03-22,2026-03-26,4,Approved
LV04064,EMP00709,Earned Leave,2025-06-26,2025-06-29,3,Rejected
LV04065,EMP03041,Paternity Leave,2025-01-02,2025-01-09,7,Rejected
LV04066,EMP00483,Casual Leave,2025-06-16,2025-06-26,10,Rejected
LV04067,EMP00494,Earned Leave,2025-12-15,2025-12-23,8,Pending
LV04068,EMP00232,Unpaid Leave,2025-05-30,2025-06-03,4,Rejected
LV04069,EMP01670,Unpaid Leave,2025-11-02,2025-11-03,1,Approved
LV04070,EMP00935,Casual Leave,2025-01-04,2025-01-12,8,Approved
LV04071,EMP02374,Sick Leave,2026-01-03,2026-01-11,8,Rejected
LV04072,EMP00299,Unpaid Leave,2025-01-30,2025-02-01,2,Rejected
LV04073,EMP00178,Paternity Leave,2025-11-23,2025-11-25,2,Approved
LV04074,EMP01864,Paternity Leave,2025-08-03,2025-08-10,7,Rejected
LV04075,EMP01190,Earned Leave,2025-02-12,2025-02-19,7,Pending
LV04076,EMP00510,Casual Leave,2025-12-11,2025-12-16,5,Approved
LV04077,EMP00216,Sick Leave,2025-05-11,2025-05-18,7,Rejected
LV04078,EMP00634,Sick Leave,2026-01-21,2026-01-30,9,Approved
LV04079,EMP91056,Paternity Leave,2026-03-28,2026-04-04,7,Approved
LV04080,EMP01680,Sick Leave,2025-05-08,2025-05-17,9,Rejected
LV04081,EMP01981,Maternity Leave,2025-08-18,2025-08-28,10,Approved
LV04082,EMP01306,Maternity Leave,2025-09-05,2025-09-15,10,Rejected
LV04083,EMP02858,Casual Leave,2025-08-10,2025-08-18,8,Approved
LV04084,EMP02599,Sick Leave,2025-02-13,2025-02-22,9,Pending
LV04085,EMP00629,Maternity Leave,2025-11-24,2025-11-26,2,Approved
LV04086,EMP00707,Unpaid Leave,2025-10-03,2025-10-06,3,Pending
LV04087,EMP00377,Unpaid Leave,2025-08-18,2025-08-21,3,Rejected
LV04088,EMP00075,Paternity Leave,2025-03-20,2025-03-30,10,Rejected
LV04089,EMP00658,Paternity Leave,2026-04-02,2026-04-12,10,Pending
LV04090,EMP01759,Casual Leave,2025-02-10,2025-02-18,8,Pending
LV04091,EMP00717,Unpaid Leave,2025-10-03,2025-10-10,7,Approved
LV04092,EMP02107,Casual Leave,2025-10-24,2025-11-01,8,Rejected
LV04093,EMP01869,Paternity Leave,2025-12-18,2025-12-27,9,Pending
LV04094,EMP01804,Casual Leave,2025-05-16,2025-05-25,9,Approved
LV04095,EMP00801,Unpaid Leave,2025-12-27,2025-12-28,1,Rejected
LV04096,EMP01038,Earned Leave,2026-02-12,2026-02-16,4,Rejected
LV04097,EMP02697,Earned Leave,2025-11-15,2025-11-25,10,Rejected
LV04098,EMP01010,Unpaid Leave,2026-04-10,2026-04-19,9,Pending
LV04099,EMP97067,Earned Leave,2026-02-08,2026-02-13,5,Pending
LV04100,EMP01948,Earned Leave,2025-10-24,2025-11-02,9,Pending
LV04101,EMP00793,Sick Leave,2026-04-03,2026-04-08,5,Pending
LV04102,EMP01766,Casual Leave,2026-05-15,2026-05-18,3,Rejected
LV04103,EMP02319,Casual Leave,2025-02-03,2025-02-09,6,Pending
LV04104,EMP01360,Earned Leave,2025-10-17,2025-10-19,2,Rejected
LV04105,EMP02720,Sick Leave,2025-11-17,2025-11-20,3,Rejected
LV04106,EMP00500,Paternity Leave,2026-02-02,2026-02-09,7,Rejected
LV04107,EMP02419,Maternity Leave,2025-11-04,2025-11-08,4,Rejected
LV04108,EMP02968,Paternity Leave,2026-04-29,2026-05-05,6,Pending
LV04109,EMP99352,Paternity Leave,2025-09-03,2025-09-06,3,Approved
LV04110,EMP00271,Sick Leave,2026-04-16,2026-04-24,8,Rejected
LV04111,EMP02474,Paternity Leave,2025-10-04,2025-10-10,6,Rejected
LV04112,EMP00538,Unpaid Leave,2025-05-04,2025-05-12,8,Rejected
LV04113,EMP00262,Casual Leave,2026-06-24,2026-07-03,9,Pending
LV04114,EMP01741,Casual Leave,2025-08-31,2025-09-03,3,Pending
LV04115,EMP02537,Sick Leave,2026-06-25,2026-07-01,6,Pending
LV04116,EMP00228,Casual Leave,2026-05-27,2026-06-06,10,Approved
LV04117,EMP02229,Casual Leave,2026-07-15,2026-07-19,4,Rejected
LV04118,EMP00691,Paternity Leave,2025-04-19,2025-04-21,2,Pending
LV04119,EMP00682,Maternity Leave,2025-07-30,2025-08-06,7,Approved
LV04120,EMP00383,Casual Leave,2025-07-30,2025-08-04,5,Rejected
LV04121,EMP00016,Casual Leave,2026-06-03,2026-06-09,6,Rejected
LV04122,EMP02081,Maternity Leave,2025-01-10,2025-01-12,2,Rejected
LV04123,EMP02008,Maternity Leave,2026-01-04,2026-01-10,6,Approved
LV04124,EMP02041,Earned Leave,2025-11-09,2025-11-14,5,Pending
LV04125,EMP00456,Unpaid Leave,2026-05-20,2026-05-22,2,Rejected
LV04126,EMP01976,Sick Leave,2026-05-10,2026-05-19,9,Pending
LV04127,EMP00246,Sick Leave,2025-08-15,2025-08-25,10,Pending
LV04128,EMP01062,Unpaid Leave,2025-04-20,2025-04-29,9,Rejected
LV04129,EMP00262,Sick Leave,2025-01-09,2025-01-17,8,Rejected
LV04130,EMP02091,Unpaid Leave,2026-04-30,2026-05-04,4,Pending
LV04131,EMP02172,Paternity Leave,2025-05-19,2025-05-20,1,Approved
LV04132,EMP00872,Unpaid Leave,2026-04-03,2026-04-13,10,Rejected
LV04133,EMP01342,Sick Leave,2026-06-02,2026-06-12,10,Approved
LV04134,EMP02303,Paternity Leave,2025-07-29,2025-07-30,1,Pending
LV04135,EMP03138,Earned Leave,2025-11-15,2025-11-19,4,Approved
LV04136,EMP00790,Casual Leave,2025-07-03,2025-07-09,6,Approved
LV04137,EMP00335,Maternity Leave,2026-04-04,2026-04-08,4,Pending
LV04138,EMP02145,Unpaid Leave,2026-01-07,2026-01-12,5,Approved
LV04139,EMP00238,Casual Leave,2025-12-18,2025-12-24,6,Rejected
LV04140,EMP00439,Unpaid Leave,2025-07-21,2025-07-26,5,Approved
LV04141,EMP01261,Paternity Leave,2025-12-03,2025-12-09,6,Approved
LV04142,EMP01530,Unpaid Leave,2026-06-02,2026-06-04,2,Pending
LV04143,EMP00111,Earned Leave,2025-07-19,2025-07-26,7,Pending
LV04144,EMP00994,Casual Leave,2025-09-23,2025-10-02,9,Approved
LV04145,EMP01987,Casual Leave,2025-12-28,2026-01-02,5,Approved
LV04146,EMP01713,Paternity Leave,2026-03-28,2026-04-05,8,Pending
LV04147,EMP01384,Earned Leave,2025-09-04,2025-09-05,1,Approved
LV04148,EMP02338,Paternity Leave,2025-09-15,2025-09-16,1,Approved
LV04149,EMP01436,Maternity Leave,2025-12-05,2025-12-11,6,Rejected
LV04150,EMP02594,Sick Leave,2025-03-24,2025-04-02,9,Rejected
LV04151,EMP01123,Casual Leave,2026-06-02,2026-06-04,2,Rejected
LV04152,EMP00575,Maternity Leave,2025-03-28,2025-04-05,8,Approved
LV04153,EMP01720,Casual Leave,2025-03-21,2025-03-30,9,Rejected
LV04154,EMP00295,Earned Leave,2026-04-26,2026-05-06,10,Approved
LV04155,EMP00962,Earned Leave,2026-04-25,2026-05-03,8,Rejected
LV04156,EMP00910,Unpaid Leave,2025-03-31,2025-04-10,10,Pending
LV04157,EMP01973,Unpaid Leave,2026-04-23,2026-04-30,7,Pending
LV04158,EMP02166,Paternity Leave,2025-04-27,2025-05-06,9,Rejected
LV04159,EMP00223,Unpaid Leave,2025-01-02,2025-01-10,8,Pending
LV04160,EMP00856,Earned Leave,2025-06-29,2025-07-03,4,Approved
LV04161,EMP00756,Casual Leave,2025-11-08,2025-11-18,10,Approved
LV04162,EMP01290,Casual Leave,2025-06-10,2025-06-13,3,Rejected
LV04163,EMP01514,Maternity Leave,2025-11-26,2025-11-30,4,Pending
LV04164,EMP00632,Earned Leave,2026-02-07,2026-02-17,10,Pending
LV04165,EMP01573,Paternity Leave,2026-04-08,2026-04-18,10,Rejected
LV04166,EMP01740,Maternity Leave,2025-04-17,2025-04-21,4,Approved
LV04167,EMP02362,Casual Leave,2025-06-18,2025-06-24,6,Pending
LV04168,EMP00259,Maternity Leave,2026-03-01,2026-03-10,9,Pending
LV04169,EMP01712,Unpaid Leave,2026-05-17,2026-05-26,9,Rejected
LV04170,EMP00270,Unpaid Leave,2026-04-11,2026-04-13,2,Approved
LV04171,EMP02890,Maternity Leave,2025-05-09,2025-05-15,6,Pending
LV04172,EMP00435,Paternity Leave,2025-08-28,2025-08-31,3,Pending
LV04173,EMP01449,Paternity Leave,2025-08-14,2025-08-16,2,Pending
LV04174,EMP01870,Maternity Leave,2025-11-24,2025-11-27,3,Approved
LV04175,EMP01390,Paternity Leave,2025-06-08,2025-06-14,6,Rejected
LV04176,EMP02736,Maternity Leave,2025-05-11,2025-05-15,4,Pending
LV04177,EMP02710,Earned Leave,2025-09-19,2025-09-20,1,Approved
LV04178,EMP01443,Casual Leave,2026-05-15,2026-05-24,9,Approved
LV04179,EMP00956,Casual Leave,2025-01-27,2025-01-28,1,Rejected
LV04180,EMP01286,Casual Leave,2025-02-27,2025-02-28,1,Rejected
LV04181,EMP02304,Sick Leave,2025-02-16,2025-02-26,10,Rejected
LV04182,EMP00828,Earned Leave,2025-08-09,2025-08-19,10,Approved
LV04183,EMP00557,Maternity Leave,2025-09-17,2025-09-23,6,Approved
LV04184,EMP03085,Sick Leave,2025-02-08,2025-02-10,2,Approved
LV04185,EMP03032,Paternity Leave,2026-03-04,2026-03-14,10,Pending
LV04186,EMP00906,Casual Leave,2025-05-08,2025-05-11,3,Rejected
LV04187,EMP01232,Maternity Leave,2025-09-16,2025-09-25,9,Pending
LV04188,EMP01127,Maternity Leave,2025-11-18,2025-11-25,7,Pending
LV04189,EMP01299,Earned Leave,2025-12-03,2025-12-11,8,Rejected
LV04190,EMP01804,Casual Leave,2025-08-24,2025-08-27,3,Approved
LV04191,EMP02627,Sick Leave,2025-01-27,2025-01-31,4,Rejected
LV04192,EMP00495,Paternity Leave,2025-07-29,2025-07-31,2,Approved
LV04193,EMP01159,Earned Leave,2026-05-07,2026-05-10,3,Approved
LV04194,EMP01785,Paternity Leave,2025-10-21,2025-10-24,3,Approved
LV04195,EMP02451,Earned Leave,2025-11-21,2025-11-27,6,Approved
LV04196,EMP01997,Paternity Leave,2026-02-04,2026-02-07,3,Approved
LV04197,EMP02185,Maternity Leave,2025-04-21,2025-05-01,10,Approved
LV04198,EMP00038,Earned Leave,2026-04-17,2026-04-24,7,Approved
LV04199,EMP02551,Unpaid Leave,2025-12-04,2025-12-07,3,Pending
LV04200,EMP01093,Sick Leave,2025-08-16,2025-08-21,5,Approved
LV04201,EMP02994,Earned Leave,2026-01-06,2026-01-15,9,Pending
LV04202,EMP00180,Sick Leave,2025-09-20,2025-09-27,7,Approved
LV04203,EMP02899,Casual Leave,2025-06-27,2025-07-05,8,Approved
LV04204,EMP00131,Unpaid Leave,2025-12-11,2025-12-14,3,Pending
LV04205,EMP01066,Maternity Leave,2025-11-21,2025-11-29,8,Rejected
LV04206,EMP01621,Earned Leave,2025-01-25,2025-01-26,1,Pending
LV04207,EMP02383,Earned Leave,2025-03-31,2025-04-08,8,Pending
LV04208,EMP03089,Sick Leave,2025-05-20,2025-05-30,10,Pending
LV04209,EMP01453,Earned Leave,2025-09-12,2025-09-19,7,Rejected
LV04210,EMP00021,Maternity Leave,2026-01-06,2026-01-07,1,Approved
LV04211,EMP01724,Unpaid Leave,2025-10-20,2025-10-23,3,Pending
LV04212,EMP00690,Sick Leave,2026-03-16,2026-03-18,2,Pending
LV04213,EMP01835,Maternity Leave,2025-12-30,2026-01-06,7,Rejected
LV04214,EMP01466,Casual Leave,2026-01-19,2026-01-23,4,Rejected
LV04215,EMP00670,Unpaid Leave,2025-05-14,2025-05-20,6,Rejected
LV04216,EMP00224,Sick Leave,2025-09-25,2025-10-02,7,Rejected
LV04217,EMP02734,Unpaid Leave,2026-06-15,2026-06-17,2,Rejected
LV04218,EMP02846,Paternity Leave,2025-03-20,2025-03-30,10,Approved
LV04219,EMP01049,Earned Leave,2026-05-03,2026-05-09,6,Rejected
LV04220,EMP02548,Sick Leave,2025-04-12,2025-04-22,10,Pending
LV04221,EMP00498,Unpaid Leave,2026-02-09,2026-02-12,3,Approved
LV04222,EMP01738,Casual Leave,2025-06-20,2025-06-21,1,Approved
LV04223,EMP01978,Sick Leave,2026-02-28,2026-03-09,9,Pending
LV04224,EMP01180,Unpaid Leave,2025-05-13,2025-05-17,4,Rejected
LV04225,EMP01592,Earned Leave,2025-12-20,2025-12-29,9,Rejected
LV04226,EMP00870,Sick Leave,2025-12-09,2025-12-11,2,Pending
LV04227,EMP01175,Earned Leave,2025-12-19,2025-12-23,4,Rejected
LV04228,EMP01212,Sick Leave,2026-06-19,2026-06-25,6,Rejected
LV04229,EMP00752,Paternity Leave,2026-07-06,2026-07-16,10,Pending
LV04230,EMP02332,Paternity Leave,2025-10-18,2025-10-19,1,Rejected
LV04231,EMP03013,Earned Leave,2025-03-10,2025-03-19,9,Approved
LV04232,EMP02716,Unpaid Leave,2025-08-04,2025-08-05,1,Pending
LV04233,EMP01331,Unpaid Leave,2025-02-22,2025-02-26,4,Pending
LV04234,EMP01334,Maternity Leave,2025-01-17,2025-01-25,8,Rejected
LV04235,EMP02053,Unpaid Leave,2025-03-25,2025-04-04,10,Pending
LV04236,EMP01467,Paternity Leave,2026-05-31,2026-06-01,1,Approved
LV04237,EMP03123,Maternity Leave,2026-01-13,2026-01-21,8,Approved
LV04238,EMP01360,Maternity Leave,2025-11-09,2025-11-19,10,Approved
LV04239,EMP01246,Paternity Leave,2025-10-08,2025-10-12,4,Pending
LV04240,EMP00510,Sick Leave,2025-09-10,2025-09-17,7,Approved
LV04241,EMP00333,Sick Leave,2025-10-03,2025-10-05,2,Approved
LV04242,EMP01260,Paternity Leave,2026-07-04,2026-07-11,7,Rejected
LV04243,EMP94968,Unpaid Leave,2025-05-24,2025-05-29,5,Approved
LV04244,EMP00825,Earned Leave,2025-02-03,2025-02-12,9,Rejected
LV04245,EMP01396,Casual Leave,2025-04-27,2025-05-04,7,Rejected
LV04246,EMP01596,Unpaid Leave,2025-03-23,2025-03-31,8,Approved
LV04247,EMP01155,Paternity Leave,2026-03-18,2026-03-26,8,Approved
LV04248,EMP02503,Earned Leave,2025-03-04,2025-03-06,2,Approved
LV04249,EMP02444,Sick Leave,2025-05-10,2025-05-14,4,Pending
LV04250,EMP00788,Paternity Leave,2025-12-01,2025-12-02,1,Approved
LV04251,EMP02526,Paternity Leave,2026-04-13,2026-04-16,3,Pending
LV04252,EMP00115,Maternity Leave,2025-02-21,2025-02-25,4,Rejected
LV04253,EMP02572,Sick Leave,2025-07-14,2025-07-20,6,Pending
LV04254,EMP00892,Paternity Leave,2025-10-11,2025-10-21,10,Pending
LV04255,EMP00684,Earned Leave,2026-05-10,2026-05-17,7,Rejected
LV04256,EMP02487,Sick Leave,2025-02-23,2025-03-04,9,Pending
LV04257,EMP01294,Sick Leave,2026-04-03,2026-04-13,10,Rejected
LV04258,EMP02650,Earned Leave,2025-03-21,2025-03-22,1,Pending
LV04259,EMP02433,Earned Leave,2025-03-10,2025-03-18,8,Pending
LV04260,EMP02141,Sick Leave,2025-06-12,2025-06-22,10,Pending
LV04261,EMP02788,Paternity Leave,2025-06-07,2025-06-12,5,Pending
LV04262,EMP02883,Sick Leave,2025-04-30,2025-05-06,6,Approved
LV04263,EMP01138,Casual Leave,2025-01-17,2025-01-21,4,Pending
LV04264,EMP01364,Maternity Leave,2026-01-18,2026-01-25,7,Rejected
LV04265,EMP02309,Paternity Leave,2025-04-10,2025-04-13,3,Rejected
LV04266,EMP01514,Earned Leave,2026-03-27,2026-04-04,8,Approved
LV04267,EMP02629,Maternity Leave,2025-05-29,2025-06-02,4,Rejected
LV04268,EMP00891,Paternity Leave,2026-05-16,2026-05-26,10,Pending
LV04269,EMP00598,Earned Leave,2025-08-27,2025-09-06,10,Rejected
LV04270,EMP00008,Unpaid Leave,2025-08-18,2025-08-21,3,Pending
LV04271,EMP00924,Casual Leave,2025-06-05,2025-06-12,7,Rejected
LV04272,EMP02504,Sick Leave,2025-04-28,2025-05-02,4,Approved
LV04273,EMP00997,Maternity Leave,2025-07-08,2025-07-12,4,Approved
LV04274,EMP00462,Sick Leave,2025-07-19,2025-07-20,1,Approved
LV04275,EMP02361,Casual Leave,2025-10-06,2025-10-09,3,Rejected
LV04276,EMP00375,Maternity Leave,2026-04-18,2026-04-26,8,Approved
LV04277,EMP01063,Casual Leave,2025-02-11,2025-02-19,8,Approved
LV04278,EMP02704,Earned Leave,2025-08-06,2025-08-13,7,Rejected
LV04279,EMP01933,Unpaid Leave,2025-03-15,2025-03-22,7,Rejected
LV04280,EMP00176,Maternity Leave,2026-06-20,2026-06-22,2,Rejected
LV04281,EMP00099,Unpaid Leave,2025-12-08,2025-12-15,7,Approved
LV04282,EMP01553,Paternity Leave,2025-11-05,2025-11-08,3,Approved
LV04283,EMP02763,Paternity Leave,2025-03-31,2025-04-06,6,Approved
LV04284,EMP01081,Paternity Leave,2025-02-22,2025-03-03,9,Approved
LV04285,EMP00848,Paternity Leave,2026-06-26,2026-07-05,9,Pending
LV04286,EMP01740,Sick Leave,2026-06-11,2026-06-13,2,Rejected
LV04287,EMP00712,Sick Leave,2025-07-11,2025-07-18,7,Rejected
LV04288,EMP02084,Paternity Leave,2026-06-14,2026-06-22,8,Pending
LV04289,EMP02379,Unpaid Leave,2026-02-04,2026-02-14,10,Approved
LV04290,EMP00235,Sick Leave,2025-04-08,2025-04-10,2,Approved
LV04291,EMP02122,Sick Leave,2026-07-09,2026-07-14,5,Approved
LV04292,EMP01260,Sick Leave,2025-11-27,2025-11-30,3,Rejected
LV04293,EMP02669,Earned Leave,2026-05-09,2026-05-15,6,Rejected
LV04294,EMP01139,Paternity Leave,2025-06-29,2025-07-03,4,Rejected
LV04295,EMP00387,Sick Leave,2025-07-29,2025-08-02,4,Rejected
LV04296,EMP01110,Earned Leave,2025-09-16,2025-09-25,9,Rejected
LV04297,EMP00019,Sick Leave,2026-03-30,2026-04-07,8,Rejected
LV04298,EMP01984,Casual Leave,2025-08-24,2025-08-29,5,Rejected
LV04299,EMP01889,Maternity Leave,2025-09-15,2025-09-20,5,Pending
LV04300,EMP02482,Paternity Leave,2025-12-01,2025-12-05,4,Approved
LV04301,EMP00201,Sick Leave,2025-01-05,2025-01-12,7,Rejected
LV04302,EMP02865,Earned Leave,2025-04-29,2025-05-08,9,Rejected
LV04303,EMP01864,Casual Leave,2026-02-27,2026-03-06,7,Pending
LV04304,EMP01894,Unpaid Leave,2025-08-30,2025-09-04,5,Pending
LV04305,EMP00235,Earned Leave,2025-09-03,2025-09-10,7,Rejected
LV04306,EMP01390,Maternity Leave,2025-02-03,2025-02-12,9,Approved
LV04307,EMP01166,Paternity Leave,2025-09-16,2025-09-24,8,Pending
LV04308,EMP01808,Earned Leave,2025-01-28,2025-02-03,6,Approved
LV04309,EMP02697,Unpaid Leave,2026-02-11,2026-02-13,2,Pending
LV04310,EMP01317,Paternity Leave,2025-07-28,2025-08-03,6,Rejected
LV04311,EMP02088,Casual Leave,2025-10-05,2025-10-14,9,Rejected
LV04312,EMP01182,Unpaid Leave,2025-01-25,2025-01-27,2,Rejected
LV04313,EMP03002,Paternity Leave,2025-08-02,2025-08-03,1,Pending
LV04314,EMP01737,Unpaid Leave,2026-03-05,2026-03-10,5,Rejected
LV04315,EMP00810,Sick Leave,2025-06-23,2025-06-29,6,Pending
LV04316,EMP03173,Maternity Leave,2025-02-10,2025-02-19,9,Approved
LV04317,EMP01462,Casual Leave,2025-09-04,2025-09-11,7,Approved
LV04318,EMP00314,Maternity Leave,2026-03-21,2026-03-23,2,Approved
LV04319,EMP03166,Sick Leave,2026-01-07,2026-01-17,10,Approved
LV04320,EMP02924,Sick Leave,2026-04-08,2026-04-18,10,Approved
LV04321,EMP02905,Maternity Leave,2026-03-24,2026-04-02,9,Rejected
LV04322,EMP01613,Maternity Leave,2025-12-11,2025-12-19,8,Pending
LV04323,EMP02400,Maternity Leave,2025-05-02,2025-05-05,3,Pending
LV04324,EMP01502,Earned Leave,2025-06-11,2025-06-21,10,Pending
LV04325,EMP02551,Casual Leave,2025-09-14,2025-09-18,4,Pending
LV04326,EMP02968,Sick Leave,2026-07-04,2026-07-14,10,Rejected
LV04327,EMP00934,Casual Leave,2026-01-09,2026-01-18,9,Rejected
LV04328,EMP02482,Earned Leave,2025-08-08,2025-08-14,6,Approved
LV04329,EMP02736,Earned Leave,2026-03-03,2026-03-09,6,Pending
LV04330,EMP01691,Paternity Leave,2025-06-16,2025-06-18,2,Pending
LV04331,EMP01257,Sick Leave,2026-05-17,2026-05-24,7,Rejected
LV04332,EMP00885,Sick Leave,2025-01-28,2025-02-07,10,Rejected
LV04333,EMP00242,Sick Leave,2025-09-02,2025-09-05,3,Approved
LV04334,EMP02224,Unpaid Leave,2026-02-25,2026-02-27,2,Rejected
LV04335,EMP02077,Paternity Leave,2026-03-19,2026-03-23,4,Approved
LV04336,EMP00902,Earned Leave,2026-03-10,2026-03-14,4,Pending
LV04337,EMP01507,Paternity Leave,2025-08-29,2025-09-03,5,Approved
LV04338,EMP01548,Unpaid Leave,2026-02-15,2026-02-25,10,Pending
LV04339,EMP00185,Earned Leave,2025-04-23,2025-04-25,2,Approved
LV04340,EMP01597,Maternity Leave,2025-03-21,2025-03-22,1,Pending
LV04341,EMP01882,Sick Leave,2025-07-08,2025-07-17,9,Pending
LV04342,EMP00832,Earned Leave,2025-09-25,2025-09-26,1,Rejected
LV04343,EMP00440,Paternity Leave,2025-07-25,2025-07-27,2,Pending
LV04344,EMP01578,Maternity Leave,2025-07-03,2025-07-06,3,Approved
LV04345,EMP00567,Unpaid Leave,2025-12-17,2025-12-23,6,Pending
LV04346,EMP02637,Unpaid Leave,2025-05-08,2025-05-14,6,Approved
LV04347,EMP02033,Paternity Leave,2025-09-27,2025-10-02,5,Approved
LV04348,EMP02954,Unpaid Leave,2025-10-07,2025-10-09,2,Approved
LV04349,EMP02428,Sick Leave,2026-06-23,2026-06-28,5,Rejected
LV04350,EMP97007,Earned Leave,2026-07-06,2026-07-11,5,Rejected
LV04351,EMP01817,Maternity Leave,2026-04-27,2026-05-05,8,Approved
LV04352,EMP02951,Casual Leave,2025-07-21,2025-07-24,3,Pending
LV04353,EMP01785,Paternity Leave,2025-12-13,2025-12-22,9,Approved
LV04354,EMP01915,Paternity Leave,2025-10-18,2025-10-23,5,Pending
LV04355,EMP00400,Paternity Leave,2026-01-27,2026-02-03,7,Approved
LV04356,EMP00345,Earned Leave,2025-11-02,2025-11-08,6,Approved
LV04357,EMP02341,Paternity Leave,2025-09-22,2025-09-29,7,Approved
LV04358,EMP00454,Casual Leave,2025-03-23,2025-03-28,5,Approved
LV04359,EMP01898,Paternity Leave,2026-03-05,2026-03-11,6,Approved
LV04360,EMP01734,Maternity Leave,2025-04-16,2025-04-24,8,Rejected
LV04361,EMP01972,Casual Leave,2025-01-01,2025-01-10,9,Rejected
LV04362,EMP00166,Paternity Leave,2026-03-26,2026-03-31,5,Approved
LV04363,EMP01239,Maternity Leave,2026-04-02,2026-04-05,3,Approved
LV04364,EMP03113,Maternity Leave,2025-08-12,2025-08-13,1,Pending
LV04365,EMP00293,Earned Leave,2026-04-12,2026-04-17,5,Pending
LV04366,EMP01960,Maternity Leave,2025-10-31,2025-11-06,6,Approved
LV04367,EMP00043,Earned Leave,2025-05-03,2025-05-10,7,Pending
LV04368,EMP03065,Casual Leave,2025-06-24,2025-07-02,8,Approved
LV04369,EMP02161,Maternity Leave,2026-04-23,2026-04-24,1,Approved
LV04370,EMP00724,Casual Leave,2025-02-15,2025-02-24,9,Approved
LV04371,EMP00237,Sick Leave,2025-12-29,2026-01-07,9,Rejected
LV04372,EMP00199,Paternity Leave,2025-03-30,2025-04-06,7,Approved
LV04373,EMP02564,Paternity Leave,2025-06-26,2025-07-03,7,Rejected
LV04374,EMP03081,Casual Leave,2025-01-14,2025-01-22,8,Pending
LV04375,EMP01529,Unpaid Leave,2025-10-03,2025-10-08,5,Approved
LV04376,EMP01298,Maternity Leave,2025-12-28,2026-01-07,10,Rejected
LV04377,EMP02373,Casual Leave,2025-04-06,2025-04-07,1,Pending
LV04378,EMP01750,Sick Leave,2026-02-25,2026-02-26,1,Approved
LV04379,EMP00415,Maternity Leave,2025-09-23,2025-09-24,1,Pending
LV04380,EMP02859,Paternity Leave,2026-05-14,2026-05-22,8,Approved
LV04381,EMP02106,Paternity Leave,2025-08-06,2025-08-09,3,Pending
LV04382,EMP01631,Maternity Leave,2026-04-29,2026-05-06,7,Approved
LV04383,EMP00813,Maternity Leave,2025-04-17,2025-04-22,5,Pending
LV04384,EMP02552,Maternity Leave,2026-04-14,2026-04-17,3,Pending
LV04385,EMP01118,Sick Leave,2026-05-21,2026-05-23,2,Approved
LV04386,EMP00967,Earned Leave,2025-11-17,2025-11-18,1,Approved
LV04387,EMP02097,Maternity Leave,2026-01-19,2026-01-29,10,Approved
LV04388,EMP02889,Unpaid Leave,2026-07-06,2026-07-12,6,Approved
LV04389,EMP01167,Earned Leave,2026-05-29,2026-06-02,4,Approved
LV04390,EMP02071,Unpaid Leave,2025-06-29,2025-06-30,1,Approved
LV04391,EMP03025,Sick Leave,2025-07-19,2025-07-29,10,Approved
LV04392,EMP01874,Earned Leave,2026-05-06,2026-05-13,7,Rejected
LV04393,EMP00365,Casual Leave,2025-02-11,2025-02-17,6,Rejected
LV04394,EMP00019,Maternity Leave,2025-10-19,2025-10-29,10,Pending
LV04395,EMP00542,Maternity Leave,2026-05-11,2026-05-13,2,Approved
LV04396,EMP02017,Maternity Leave,2025-03-04,2025-03-05,1,Approved
LV04397,EMP00116,Earned Leave,2025-11-20,2025-11-29,9,Approved
LV04398,EMP00480,Paternity Leave,2026-02-11,2026-02-20,9,Pending
LV04399,EMP00786,Paternity Leave,2025-06-12,2025-06-22,10,Pending
LV04400,EMP01215,Unpaid Leave,2026-03-17,2026-03-23,6,Approved
LV04401,EMP02218,Casual Leave,2026-04-29,2026-05-07,8,Pending
LV04402,EMP00198,Casual Leave,2025-03-26,2025-04-04,9,Approved
LV04403,EMP02367,Earned Leave,2026-01-02,2026-01-07,5,Pending
LV04404,EMP00992,Maternity Leave,2026-02-28,2026-03-10,10,Rejected
LV04405,EMP00353,Casual Leave,2025-07-17,2025-07-21,4,Pending
LV04406,EMP02822,Paternity Leave,2026-02-13,2026-02-16,3,Rejected
LV04407,EMP00114,Unpaid Leave,2025-05-11,2025-05-16,5,Rejected
LV04408,EMP02269,Maternity Leave,2025-02-06,2025-02-07,1,Approved
LV04409,EMP02247,Maternity Leave,2026-05-18,2026-05-22,4,Pending
LV04410,EMP01077,Paternity Leave,2025-11-05,2025-11-06,1,Approved
LV04411,EMP00211,Sick Leave,2025-07-28,2025-08-02,5,Rejected
LV04412,EMP00065,Earned Leave,2025-08-02,2025-08-12,10,Pending
LV04413,EMP02276,Paternity Leave,2025-02-03,2025-02-09,6,Rejected
LV04414,EMP01166,Maternity Leave,2025-01-02,2025-01-06,4,Pending
LV04415,EMP01922,Unpaid Leave,2026-06-05,2026-06-07,2,Approved
LV04416,EMP00752,Sick Leave,2025-02-08,2025-02-11,3,Pending
LV04417,EMP02177,Paternity Leave,2025-10-09,2025-10-19,10,Rejected
LV04418,EMP02850,Sick Leave,2025-11-15,2025-11-22,7,Rejected
LV04419,EMP01411,Paternity Leave,2025-06-20,2025-06-24,4,Rejected
LV04420,EMP03076,Sick Leave,2026-03-01,2026-03-10,9,Approved
LV04421,EMP01325,Casual Leave,2026-06-28,2026-07-03,5,Pending
LV04422,EMP00057,Casual Leave,2025-10-30,2025-10-31,1,Approved
LV04423,EMP01491,Casual Leave,2026-03-01,2026-03-05,4,Approved
LV04424,EMP01781,Casual Leave,2026-03-12,2026-03-19,7,Approved
LV04425,EMP01239,Casual Leave,2026-04-26,2026-05-03,7,Rejected
LV04426,EMP00801,Unpaid Leave,2026-04-05,2026-04-07,2,Pending
LV04427,EMP01044,Unpaid Leave,2025-04-30,2025-05-09,9,Pending
LV04428,EMP00630,Casual Leave,2026-02-28,2026-03-04,4,Approved
LV04429,EMP02442,Unpaid Leave,2026-03-07,2026-03-08,1,Rejected
LV04430,EMP03156,Unpaid Leave,2026-04-15,2026-04-20,5,Rejected
LV04431,EMP02393,Earned Leave,2025-02-23,2025-03-04,9,Pending
LV04432,EMP01371,Casual Leave,2026-05-07,2026-05-16,9,Rejected
LV04433,EMP02479,Unpaid Leave,2025-02-26,2025-03-02,4,Approved
LV04434,EMP00015,Unpaid Leave,2025-11-11,2025-11-21,10,Approved
LV04435,EMP90500,Casual Leave,2026-05-23,2026-05-31,8,Rejected
LV04436,EMP01397,Unpaid Leave,2026-07-03,2026-07-10,7,Rejected
LV04437,EMP00416,Sick Leave,2025-10-31,2025-11-02,2,Approved
LV04438,EMP00142,Paternity Leave,2026-04-11,2026-04-21,10,Rejected
LV04439,EMP03166,Unpaid Leave,2025-09-21,2025-09-22,1,Approved
LV04440,EMP96392,Paternity Leave,2025-07-05,2025-07-14,9,Pending
LV04441,EMP00317,Maternity Leave,2025-05-16,2025-05-24,8,Rejected
LV04442,EMP00508,Maternity Leave,2025-10-25,2025-10-27,2,Pending
LV04443,EMP02576,Paternity Leave,2026-06-05,2026-06-06,1,Approved
LV04444,EMP03058,Casual Leave,2026-03-11,2026-03-15,4,Rejected
LV04445,EMP00547,Unpaid Leave,2025-03-18,2025-03-28,10,Pending
LV04446,EMP03051,Casual Leave,2026-04-01,2026-04-02,1,Pending
LV04447,EMP00413,Maternity Leave,2025-10-14,2025-10-18,4,Rejected
LV04448,EMP00154,Unpaid Leave,2025-08-22,2025-09-01,10,Rejected
LV04449,EMP01952,Sick Leave,2025-08-31,2025-09-03,3,Rejected
LV04450,EMP01266,Casual Leave,2025-09-02,2025-09-09,7,Approved
LV04451,EMP00143,Earned Leave,2025-03-17,2025-03-24,7,Pending
LV04452,EMP00504,Paternity Leave,2025-03-21,2025-03-26,5,Pending
LV04453,EMP02337,Earned Leave,2025-06-18,2025-06-22,4,Rejected
LV04454,EMP00146,Sick Leave,2025-02-06,2025-02-12,6,Approved
LV04455,EMP02819,Unpaid Leave,2025-01-16,2025-01-21,5,Rejected
LV04456,EMP01055,Earned Leave,2025-12-31,2026-01-01,1,Approved
LV04457,EMP01453,Paternity Leave,2025-01-13,2025-01-15,2,Rejected
LV04458,EMP00071,Unpaid Leave,2026-02-09,2026-02-19,10,Rejected
LV04459,EMP02507,Maternity Leave,2025-04-06,2025-04-14,8,Pending
LV04460,EMP00712,Maternity Leave,2026-07-14,2026-07-16,2,Approved
LV04461,EMP01956,Sick Leave,2026-02-07,2026-02-12,5,Rejected
LV04462,EMP00327,Casual Leave,2026-01-03,2026-01-12,9,Rejected
LV04463,EMP01426,Earned Leave,2025-01-19,2025-01-27,8,Pending
LV04464,EMP01422,Earned Leave,2025-01-27,2025-01-29,2,Approved
LV04465,EMP99672,Earned Leave,2026-06-01,2026-06-07,6,Approved
LV04466,EMP02809,Casual Leave,2026-06-18,2026-06-19,1,Pending
LV04467,EMP02832,Unpaid Leave,2025-05-16,2025-05-22,6,Approved
LV04468,EMP00167,Paternity Leave,2026-04-30,2026-05-01,1,Pending
LV04469,EMP01605,Casual Leave,2025-12-02,2025-12-12,10,Approved
LV04470,EMP00529,Sick Leave,2025-12-14,2025-12-24,10,Rejected
LV04471,EMP02589,Earned Leave,2025-04-17,2025-04-20,3,Approved
LV04472,EMP01875,Unpaid Leave,2026-06-16,2026-06-23,7,Rejected
LV04473,EMP00152,Earned Leave,2025-04-25,2025-05-04,9,Pending
LV04474,EMP01143,Casual Leave,2026-05-02,2026-05-12,10,Rejected
LV04475,EMP00161,Earned Leave,2026-05-13,2026-05-21,8,Pending
LV04476,EMP01340,Maternity Leave,2025-05-19,2025-05-24,5,Rejected
LV04477,EMP02043,Earned Leave,2026-06-03,2026-06-11,8,Rejected
LV04478,EMP01995,Sick Leave,2025-06-01,2025-06-11,10,Rejected
LV04479,EMP01715,Earned Leave,2026-01-07,2026-01-13,6,Rejected
LV04480,EMP02116,Maternity Leave,2026-03-09,2026-03-15,6,Rejected
LV04481,EMP03165,Earned Leave,2025-08-30,2025-08-31,1,Rejected
LV04482,EMP00788,Paternity Leave,2025-06-02,2025-06-05,3,Pending
LV04483,EMP02429,Sick Leave,2025-06-27,2025-06-30,3,Pending
LV04484,EMP01471,Earned Leave,2025-06-12,2025-06-17,5,Pending
LV04485,EMP00409,Unpaid Leave,2026-03-29,2026-04-05,7,Approved
LV04486,EMP01775,Earned Leave,2025-05-10,2025-05-18,8,Approved
LV04487,EMP01694,Casual Leave,2025-05-12,2025-05-21,9,Rejected
LV04488,EMP03074,Unpaid Leave,2025-03-14,2025-03-23,9,Rejected
LV04489,EMP01367,Sick Leave,2026-03-06,2026-03-16,10,Rejected
LV04490,EMP01324,Earned Leave,2026-06-13,2026-06-21,8,Rejected
LV04491,EMP02005,Maternity Leave,2025-12-16,2025-12-18,2,Approved
LV04492,EMP00727,Casual Leave,2026-01-23,2026-01-30,7,Approved
LV04493,EMP01341,Sick Leave,2025-09-29,2025-10-02,3,Rejected
LV04494,EMP00769,Sick Leave,2025-05-28,2025-05-31,3,Rejected
LV04495,EMP01988,Unpaid Leave,2026-01-26,2026-02-04,9,Approved
LV04496,EMP01645,Sick Leave,2025-02-21,2025-03-01,8,Rejected
LV04497,EMP01191,Earned Leave,2025-04-05,2025-04-07,2,Approved
LV04498,EMP01616,Sick Leave,2025-04-05,2025-04-06,1,Approved
LV04499,EMP02061,Paternity Leave,2026-06-15,2026-06-19,4,Approved
LV04500,EMP00462,Maternity Leave,2026-04-11,2026-04-14,3,Pending
LV04501,EMP01828,Unpaid Leave,2026-04-11,2026-04-12,1,Pending
LV04502,EMP02907,Casual Leave,2025-12-02,2025-12-07,5,Pending
LV04503,EMP00302,Sick Leave,2026-01-21,2026-01-22,1,Pending
LV04504,EMP01196,Maternity Leave,2026-02-11,2026-02-20,9,Rejected
LV04505,EMP02125,Unpaid Leave,2026-03-18,2026-03-25,7,Pending
LV04506,EMP01192,Paternity Leave,2026-06-10,2026-06-11,1,Pending
LV04507,EMP00855,Paternity Leave,2025-08-16,2025-08-26,10,Approved
LV04508,EMP02641,Sick Leave,2025-10-12,2025-10-21,9,Rejected
LV04509,EMP03176,Maternity Leave,2025-09-14,2025-09-23,9,Approved
LV04510,EMP02473,Earned Leave,2025-03-19,2025-03-26,7,Rejected
LV04511,EMP03056,Sick Leave,2025-01-20,2025-01-28,8,Approved
LV04512,EMP01825,Sick Leave,2025-01-29,2025-02-01,3,Pending
LV04513,EMP00675,Unpaid Leave,2026-02-25,2026-02-27,2,Rejected
LV04514,EMP00815,Earned Leave,2026-04-11,2026-04-17,6,Approved
LV04515,EMP01701,Maternity Leave,2026-01-25,2026-02-03,9,Approved
LV04516,EMP02649,Casual Leave,2025-01-04,2025-01-09,5,Approved
LV04517,EMP01275,Earned Leave,2025-07-13,2025-07-22,9,Rejected
LV04518,EMP00271,Maternity Leave,2025-07-30,2025-08-08,9,Pending
LV04519,EMP02110,Sick Leave,2025-09-16,2025-09-25,9,Approved
LV04520,EMP02882,Earned Leave,2025-05-25,2025-05-29,4,Rejected
LV04521,EMP00655,Unpaid Leave,2026-02-18,2026-02-25,7,Pending
LV04522,EMP01411,Paternity Leave,2025-05-05,2025-05-06,1,Pending
LV04523,EMP02458,Unpaid Leave,2025-11-21,2025-11-27,6,Rejected
LV04524,EMP00903,Earned Leave,2025-06-24,2025-07-01,7,Rejected
LV04525,EMP02976,Maternity Leave,2025-02-13,2025-02-19,6,Pending
LV04526,EMP01737,Unpaid Leave,2025-02-03,2025-02-08,5,Pending
LV04527,EMP02256,Sick Leave,2026-06-28,2026-07-02,4,Pending
LV04528,EMP03122,Sick Leave,2026-06-15,2026-06-18,3,Approved
LV04529,EMP01697,Sick Leave,2026-03-28,2026-04-02,5,Rejected
LV04530,EMP01681,Earned Leave,2025-09-27,2025-10-03,6,Rejected
LV04531,EMP00832,Sick Leave,2026-01-19,2026-01-23,4,Rejected
LV04532,EMP01051,Unpaid Leave,2026-05-03,2026-05-13,10,Pending
LV04533,EMP00590,Paternity Leave,2026-03-09,2026-03-16,7,Rejected
LV04534,EMP01703,Unpaid Leave,2026-01-29,2026-02-03,5,Pending
LV04535,EMP01523,Maternity Leave,2026-06-29,2026-07-02,3,Rejected
LV04536,EMP02833,Paternity Leave,2025-12-11,2025-12-17,6,Rejected
LV04537,EMP02042,Maternity Leave,2025-07-09,2025-07-12,3,Pending
LV04538,EMP01457,Unpaid Leave,2025-06-15,2025-06-24,9,Approved
LV04539,EMP00841,Sick Leave,2026-05-18,2026-05-24,6,Approved
LV04540,EMP00583,Maternity Leave,2025-11-13,2025-11-19,6,Rejected
LV04541,EMP00014,Casual Leave,2025-08-29,2025-09-03,5,Pending
LV04542,EMP00506,Maternity Leave,2026-01-29,2026-01-31,2,Pending
LV04543,EMP01457,Unpaid Leave,2025-02-26,2025-03-07,9,Pending
LV04544,EMP00163,Earned Leave,2025-12-01,2025-12-04,3,Rejected
LV04545,EMP02918,Maternity Leave,2026-03-24,2026-04-02,9,Approved
LV04546,EMP01509,Casual Leave,2026-05-08,2026-05-14,6,Rejected
LV04547,EMP00559,Unpaid Leave,2025-02-10,2025-02-13,3,Approved
LV04548,EMP02848,Paternity Leave,2026-06-19,2026-06-22,3,Pending
LV04549,EMP01861,Sick Leave,2025-09-16,2025-09-18,2,Pending
LV04550,EMP02031,Unpaid Leave,2025-07-06,2025-07-09,3,Rejected
LV04551,EMP03079,Paternity Leave,2026-06-02,2026-06-10,8,Rejected
LV04552,EMP02798,Sick Leave,2026-02-11,2026-02-16,5,Pending
LV04553,EMP02192,Unpaid Leave,2025-04-18,2025-04-23,5,Approved
LV04554,EMP02159,Casual Leave,2025-11-08,2025-11-12,4,Approved
LV04555,EMP00861,Sick Leave,2026-05-15,2026-05-25,10,Rejected
LV04556,EMP00618,Casual Leave,2026-03-31,2026-04-10,10,Rejected
LV04557,EMP00310,Maternity Leave,2026-06-19,2026-06-28,9,Rejected
LV04558,EMP00625,Paternity Leave,2025-07-25,2025-08-02,8,Rejected
LV04559,EMP00266,Casual Leave,2025-11-15,2025-11-18,3,Rejected
LV04560,EMP01141,Maternity Leave,2025-05-01,2025-05-02,1,Rejected
LV04561,EMP02657,Maternity Leave,2025-09-30,2025-10-07,7,Rejected
LV04562,EMP00474,Maternity Leave,2025-11-24,2025-11-28,4,Rejected
LV04563,EMP01739,Earned Leave,2025-09-22,2025-09-24,2,Rejected
LV04564,EMP00743,Maternity Leave,2025-04-25,2025-05-01,6,Approved
LV04565,EMP01968,Maternity Leave,2026-07-03,2026-07-08,5,Pending
LV04566,EMP01954,Earned Leave,2025-07-20,2025-07-22,2,Rejected
LV04567,EMP00793,Unpaid Leave,2025-07-15,2025-07-22,7,Pending
LV04568,EMP03118,Paternity Leave,2026-01-08,2026-01-14,6,Approved
LV04569,EMP00899,Casual Leave,2025-12-07,2025-12-08,1,Pending
LV04570,EMP00908,Earned Leave,2025-08-06,2025-08-15,9,Rejected
LV04571,EMP01736,Maternity Leave,2025-04-21,2025-04-24,3,Pending
LV04572,EMP94495,Unpaid Leave,2025-09-24,2025-09-27,3,Approved
LV04573,EMP01170,Paternity Leave,2025-01-24,2025-02-02,9,Rejected
LV04574,EMP01623,Paternity Leave,2026-06-27,2026-06-30,3,Approved
LV04575,EMP00287,Maternity Leave,2025-06-07,2025-06-08,1,Approved
LV04576,EMP01393,Casual Leave,2025-10-21,2025-10-22,1,Pending
LV04577,EMP02039,Sick Leave,2026-02-19,2026-03-01,10,Approved
LV04578,EMP02431,Paternity Leave,2025-08-19,2025-08-20,1,Pending
LV04579,EMP01117,Casual Leave,2026-03-22,2026-04-01,10,Approved
LV04580,EMP01863,Paternity Leave,2026-04-29,2026-05-08,9,Approved
LV04581,EMP02053,Maternity Leave,2025-08-20,2025-08-21,1,Pending
LV04582,EMP02957,Sick Leave,2025-09-18,2025-09-20,2,Pending
LV04583,EMP03052,Sick Leave,2026-07-02,2026-07-05,3,Rejected
LV04584,EMP00853,Paternity Leave,2026-06-06,2026-06-10,4,Approved
LV04585,EMP01804,Casual Leave,2025-02-12,2025-02-15,3,Approved
LV04586,EMP01210,Paternity Leave,2025-03-02,2025-03-12,10,Rejected
LV04587,EMP02318,Sick Leave,2026-03-30,2026-04-03,4,Pending
LV04588,EMP00253,Unpaid Leave,2026-02-08,2026-02-18,10,Rejected
LV04589,EMP00612,Unpaid Leave,2026-06-04,2026-06-12,8,Approved
LV04590,EMP00214,Maternity Leave,2026-07-12,2026-07-16,4,Rejected
LV04591,EMP00809,Sick Leave,2025-07-12,2025-07-16,4,Approved
LV04592,EMP01623,Casual Leave,2025-12-03,2025-12-08,5,Pending
LV04593,EMP01537,Sick Leave,2026-04-03,2026-04-04,1,Approved
LV04594,EMP02847,Earned Leave,2025-06-08,2025-06-11,3,Pending
LV04595,EMP94473,Unpaid Leave,2026-02-07,2026-02-15,8,Pending
LV04596,EMP00452,Maternity Leave,2025-09-01,2025-09-07,6,Rejected
LV04597,EMP03109,Earned Leave,2025-04-29,2025-05-01,2,Pending
LV04598,EMP00397,Sick Leave,2025-10-10,2025-10-18,8,Approved
LV04599,EMP01217,Casual Leave,2025-11-19,2025-11-24,5,Approved
LV04600,EMP02439,Maternity Leave,2025-03-05,2025-03-12,7,Rejected
LV04601,EMP01411,Paternity Leave,2026-04-17,2026-04-23,6,Approved
LV04602,EMP96130,Paternity Leave,2025-06-28,2025-06-30,2,Pending
LV04603,EMP01099,Unpaid Leave,2025-11-12,2025-11-22,10,Pending
LV04604,EMP01329,Casual Leave,2025-01-27,2025-01-28,1,Rejected
LV04605,EMP00640,Paternity Leave,2025-01-23,2025-01-24,1,Approved
LV04606,EMP02674,Maternity Leave,2025-05-11,2025-05-19,8,Pending
LV04607,EMP02026,Unpaid Leave,2026-03-02,2026-03-10,8,Approved
LV04608,EMP00262,Earned Leave,2026-06-18,2026-06-22,4,Pending
LV04609,EMP01598,Sick Leave,2025-04-09,2025-04-13,4,Pending
LV04610,EMP00032,Maternity Leave,2025-06-01,2025-06-05,4,Approved
LV04611,EMP02993,Earned Leave,2026-01-26,2026-02-04,9,Pending
LV04612,EMP02584,Maternity Leave,2026-06-25,2026-06-29,4,Approved
LV04613,EMP02182,Unpaid Leave,2025-01-09,2025-01-14,5,Rejected
LV04614,EMP02613,Paternity Leave,2025-07-05,2025-07-08,3,Rejected
LV04615,EMP00764,Paternity Leave,2026-05-28,2026-06-06,9,Rejected
LV04616,EMP00529,Unpaid Leave,2025-10-05,2025-10-09,4,Pending
LV04617,EMP01815,Maternity Leave,2025-03-30,2025-04-06,7,Approved
LV04618,EMP01601,Sick Leave,2025-07-13,2025-07-14,1,Pending
LV04619,EMP01205,Maternity Leave,2025-11-07,2025-11-08,1,Approved
LV04620,EMP01829,Earned Leave,2025-01-24,2025-01-31,7,Pending
LV04621,EMP01456,Maternity Leave,2025-07-28,2025-08-06,9,Rejected
LV04622,EMP02741,Paternity Leave,2026-02-10,2026-02-17,7,Approved
LV04623,EMP01007,Paternity Leave,2026-04-08,2026-04-13,5,Approved
LV04624,EMP01836,Maternity Leave,2026-05-12,2026-05-18,6,Pending
LV04625,EMP01655,Earned Leave,2025-09-28,2025-10-01,3,Rejected
LV04626,EMP00813,Paternity Leave,2026-01-13,2026-01-21,8,Pending
LV04627,EMP02832,Casual Leave,2025-09-25,2025-09-29,4,Pending
LV04628,EMP02344,Paternity Leave,2026-02-08,2026-02-17,9,Rejected
LV04629,EMP01428,Earned Leave,2026-05-13,2026-05-16,3,Approved
LV04630,EMP00967,Sick Leave,2025-02-20,2025-02-23,3,Approved
LV04631,EMP00978,Unpaid Leave,2025-11-10,2025-11-19,9,Rejected
LV04632,EMP01706,Paternity Leave,2025-08-10,2025-08-20,10,Pending
LV04633,EMP02482,Earned Leave,2026-01-08,2026-01-18,10,Rejected
LV04634,EMP01487,Sick Leave,2025-03-08,2025-03-17,9,Pending
LV04635,EMP03112,Maternity Leave,2025-03-22,2025-03-27,5,Pending
LV04636,EMP01302,Earned Leave,2026-07-11,2026-07-16,5,Rejected
LV04637,EMP02889,Casual Leave,2025-01-14,2025-01-20,6,Pending
LV04638,EMP02812,Casual Leave,2026-04-28,2026-04-29,1,Approved
LV04639,EMP00458,Earned Leave,2025-07-12,2025-07-17,5,Pending
LV04640,EMP01667,Sick Leave,2025-10-03,2025-10-11,8,Rejected
LV04641,EMP00046,Paternity Leave,2026-02-05,2026-02-07,2,Approved
LV04642,EMP00275,Sick Leave,2026-06-19,2026-06-23,4,Approved
LV04643,EMP02237,Paternity Leave,2025-03-19,2025-03-23,4,Rejected
LV04644,EMP02413,Earned Leave,2025-03-31,2025-04-03,3,Approved
LV04645,EMP03159,Unpaid Leave,2025-02-23,2025-02-26,3,Pending
LV04646,EMP01122,Maternity Leave,2025-08-15,2025-08-21,6,Rejected
LV04647,EMP00531,Sick Leave,2025-05-31,2025-06-10,10,Rejected
LV04648,EMP02920,Unpaid Leave,2026-05-30,2026-06-08,9,Rejected
LV04649,EMP00135,Unpaid Leave,2026-03-20,2026-03-28,8,Rejected
LV04650,EMP02781,Sick Leave,2025-10-27,2025-11-02,6,Pending
LV04651,EMP01247,Sick Leave,2026-04-03,2026-04-10,7,Rejected
LV04652,EMP00278,Casual Leave,2025-10-12,2025-10-20,8,Rejected
LV04653,EMP00368,Maternity Leave,2025-06-11,2025-06-18,7,Approved
LV04654,EMP01753,Earned Leave,2026-03-19,2026-03-24,5,Rejected
LV04655,EMP01764,Sick Leave,2025-08-09,2025-08-11,2,Pending
LV04656,EMP00628,Sick Leave,2025-08-07,2025-08-08,1,Approved
LV04657,EMP00467,Paternity Leave,2025-03-20,2025-03-25,5,Pending
LV04658,EMP02251,Earned Leave,2025-06-05,2025-06-12,7,Approved
LV04659,EMP00086,Sick Leave,2026-05-11,2026-05-18,7,Pending
LV04660,EMP02259,Earned Leave,2025-06-23,2025-07-02,9,Rejected
LV04661,EMP00504,Casual Leave,2025-08-12,2025-08-17,5,Rejected
LV04662,EMP01368,Casual Leave,2025-10-15,2025-10-21,6,Pending
LV04663,EMP00135,Maternity Leave,2025-11-23,2025-11-29,6,Approved
LV04664,EMP02764,Sick Leave,2025-01-07,2025-01-16,9,Approved
LV04665,EMP01396,Unpaid Leave,2025-10-18,2025-10-19,1,Rejected
LV04666,EMP00217,Sick Leave,2025-09-01,2025-09-02,1,Pending
LV04667,EMP00366,Sick Leave,2025-12-28,2025-12-30,2,Pending
LV04668,EMP00732,Unpaid Leave,2026-04-27,2026-05-01,4,Approved
LV04669,EMP01433,Casual Leave,2025-07-22,2025-07-24,2,Pending
LV04670,EMP01607,Maternity Leave,2025-10-23,2025-10-28,5,Rejected
LV04671,EMP02262,Casual Leave,2025-12-30,2026-01-07,8,Approved
LV04672,EMP01701,Unpaid Leave,2025-11-07,2025-11-16,9,Rejected
LV04673,EMP00041,Paternity Leave,2026-03-31,2026-04-05,5,Pending
LV04674,EMP01554,Casual Leave,2026-07-14,2026-07-21,7,Rejected
LV04675,EMP00352,Unpaid Leave,2025-07-20,2025-07-24,4,Rejected
LV04676,EMP02395,Sick Leave,2025-11-11,2025-11-21,10,Approved
LV04677,EMP90193,Unpaid Leave,2026-06-06,2026-06-14,8,Rejected
LV04678,EMP94052,Sick Leave,2026-07-12,2026-07-21,9,Pending
LV04679,EMP01503,Casual Leave,2025-02-22,2025-02-23,1,Approved
LV04680,EMP01697,Maternity Leave,2025-03-31,2025-04-08,8,Rejected
LV04681,EMP00118,Casual Leave,2025-11-19,2025-11-24,5,Rejected
LV04682,EMP00804,Casual Leave,2025-11-17,2025-11-25,8,Rejected
LV04683,EMP01691,Unpaid Leave,2026-03-03,2026-03-09,6,Pending
LV04684,EMP01872,Casual Leave,2025-07-07,2025-07-08,1,Rejected
LV04685,EMP03026,Maternity Leave,2026-01-27,2026-01-30,3,Approved
LV04686,EMP00379,Earned Leave,2025-08-22,2025-08-26,4,Pending
LV04687,EMP01314,Paternity Leave,2026-03-26,2026-03-27,1,Rejected
LV04688,EMP00205,Unpaid Leave,2025-07-23,2025-07-26,3,Rejected
LV04689,EMP02945,Sick Leave,2025-10-19,2025-10-27,8,Rejected
LV04690,EMP00363,Casual Leave,2025-09-08,2025-09-12,4,Rejected
LV04691,EMP01458,Earned Leave,2025-09-18,2025-09-20,2,Pending
LV04692,EMP03161,Sick Leave,2026-02-14,2026-02-24,10,Approved
LV04693,EMP00714,Sick Leave,2025-09-16,2025-09-20,4,Rejected
LV04694,EMP01304,Casual Leave,2025-11-17,2025-11-23,6,Approved
LV04695,EMP01667,Casual Leave,2025-05-16,2025-05-18,2,Rejected
LV04696,EMP03174,Casual Leave,2025-05-05,2025-05-08,3,Pending
LV04697,EMP01171,Earned Leave,2025-08-19,2025-08-25,6,Approved
LV04698,EMP01047,Paternity Leave,2025-07-17,2025-07-20,3,Approved
LV04699,EMP00794,Casual Leave,2025-01-17,2025-01-27,10,Pending
LV04700,EMP01190,Paternity Leave,2026-04-25,2026-04-30,5,Pending
LV04701,EMP01890,Casual Leave,2025-08-29,2025-09-08,10,Rejected
LV04702,EMP01121,Earned Leave,2025-11-04,2025-11-12,8,Approved
LV04703,EMP01889,Maternity Leave,2026-06-15,2026-06-17,2,Rejected
LV04704,EMP01353,Unpaid Leave,2025-12-02,2025-12-05,3,Rejected
LV04705,EMP00536,Casual Leave,2026-06-12,2026-06-18,6,Rejected
LV04706,EMP00856,Maternity Leave,2025-11-21,2025-11-30,9,Pending
LV04707,EMP00685,Casual Leave,2026-03-03,2026-03-05,2,Approved
LV04708,EMP00425,Paternity Leave,2025-09-25,2025-10-03,8,Pending
LV04709,EMP01283,Maternity Leave,2026-07-07,2026-07-13,6,Pending
LV04710,EMP01068,Sick Leave,2026-07-02,2026-07-04,2,Rejected
LV04711,EMP00101,Maternity Leave,2025-06-11,2025-06-15,4,Pending
LV04712,EMP00825,Earned Leave,2026-01-22,2026-02-01,10,Rejected
LV04713,EMP02612,Unpaid Leave,2026-07-09,2026-07-13,4,Rejected
LV04714,EMP02263,Sick Leave,2025-06-09,2025-06-17,8,Rejected
LV04715,EMP01158,Casual Leave,2026-05-26,2026-05-29,3,Pending
LV04716,EMP02388,Sick Leave,2025-07-10,2025-07-14,4,Rejected
LV04717,EMP02220,Earned Leave,2025-03-29,2025-04-08,10,Pending
LV04718,EMP02518,Paternity Leave,2025-05-27,2025-06-01,5,Approved
LV04719,EMP00915,Earned Leave,2025-12-11,2025-12-14,3,Approved
LV04720,EMP02302,Earned Leave,2025-02-24,2025-03-05,9,Rejected
LV04721,EMP02402,Maternity Leave,2025-04-24,2025-04-28,4,Rejected
LV04722,EMP00950,Maternity Leave,2026-05-11,2026-05-19,8,Approved
LV04723,EMP00584,Maternity Leave,2025-09-04,2025-09-13,9,Rejected
LV04724,EMP01621,Earned Leave,2025-09-24,2025-09-30,6,Rejected
LV04725,EMP02063,Unpaid Leave,2026-02-11,2026-02-15,4,Rejected
LV04726,EMP00713,Unpaid Leave,2025-05-20,2025-05-27,7,Approved
LV04727,EMP00378,Earned Leave,2025-08-07,2025-08-14,7,Pending
LV04728,EMP02184,Maternity Leave,2025-06-12,2025-06-17,5,Pending
LV04729,EMP00383,Unpaid Leave,2025-12-07,2025-12-11,4,Rejected
LV04730,EMP00648,Paternity Leave,2025-11-30,2025-12-08,8,Rejected
LV04731,EMP01845,Earned Leave,2025-11-11,2025-11-16,5,Approved
LV04732,EMP00971,Earned Leave,2025-07-04,2025-07-07,3,Approved
LV04733,EMP00555,Casual Leave,2025-12-19,2025-12-26,7,Pending
LV04734,EMP01524,Paternity Leave,2025-12-08,2025-12-13,5,Pending
LV04735,EMP01250,Maternity Leave,2025-07-25,2025-07-30,5,Rejected
LV04736,EMP00375,Maternity Leave,2026-04-03,2026-04-05,2,Pending
LV04737,EMP00878,Unpaid Leave,2025-10-07,2025-10-15,8,Pending
LV04738,EMP01835,Earned Leave,2026-04-21,2026-04-26,5,Approved
LV04739,EMP00644,Paternity Leave,2026-05-25,2026-06-01,7,Rejected
LV04740,EMP01537,Maternity Leave,2025-06-30,2025-07-09,9,Rejected
LV04741,EMP01990,Unpaid Leave,2026-05-01,2026-05-11,10,Rejected
LV04742,EMP01169,Maternity Leave,2026-02-18,2026-02-22,4,Rejected
LV04743,EMP01811,Sick Leave,2025-07-15,2025-07-20,5,Approved
LV04744,EMP01390,Earned Leave,2025-02-07,2025-02-13,6,Rejected
LV04745,EMP01072,Maternity Leave,2025-07-06,2025-07-10,4,Pending
LV04746,EMP01543,Maternity Leave,2026-05-08,2026-05-16,8,Rejected
LV04747,EMP00315,Maternity Leave,2025-01-21,2025-01-29,8,Pending
LV04748,EMP02973,Unpaid Leave,2025-03-06,2025-03-07,1,Rejected
LV04749,EMP00128,Unpaid Leave,2026-05-22,2026-05-24,2,Rejected
LV04750,EMP02675,Sick Leave,2026-03-21,2026-03-28,7,Rejected
LV04751,EMP02560,Earned Leave,2026-07-03,2026-07-10,7,Approved
LV04752,EMP01644,Maternity Leave,2025-01-18,2025-01-28,10,Approved
LV04753,EMP02623,Earned Leave,2026-01-20,2026-01-29,9,Approved
LV04754,EMP00291,Unpaid Leave,2025-04-13,2025-04-20,7,Approved
LV04755,EMP01568,Casual Leave,2025-04-06,2025-04-15,9,Pending
LV04756,EMP00703,Earned Leave,2025-02-17,2025-02-27,10,Pending
LV04757,EMP00555,Earned Leave,2026-02-05,2026-02-13,8,Approved
LV04758,EMP02361,Sick Leave,2026-06-03,2026-06-05,2,Pending
LV04759,EMP02292,Casual Leave,2026-02-12,2026-02-15,3,Rejected
LV04760,EMP01552,Sick Leave,2025-01-19,2025-01-26,7,Rejected
LV04761,EMP01414,Paternity Leave,2025-02-02,2025-02-06,4,Rejected
LV04762,EMP01303,Sick Leave,2026-05-02,2026-05-08,6,Pending
LV04763,EMP02291,Unpaid Leave,2025-01-10,2025-01-13,3,Approved
LV04764,EMP01652,Unpaid Leave,2025-12-16,2025-12-20,4,Pending
LV04765,EMP00133,Unpaid Leave,2025-05-29,2025-06-01,3,Approved
LV04766,EMP02854,Earned Leave,2026-02-07,2026-02-08,1,Approved
LV04767,EMP01943,Casual Leave,2026-02-12,2026-02-13,1,Rejected
LV04768,EMP03031,Earned Leave,2025-09-22,2025-09-27,5,Pending
LV04769,EMP03092,Maternity Leave,2026-04-22,2026-05-02,10,Pending
LV04770,EMP01047,Sick Leave,2025-04-15,2025-04-25,10,Rejected
LV04771,EMP02681,Sick Leave,2025-03-03,2025-03-04,1,Pending
LV04772,EMP01325,Maternity Leave,2025-09-15,2025-09-22,7,Rejected
LV04773,EMP01543,Sick Leave,2025-09-29,2025-09-30,1,Rejected
LV04774,EMP02138,Paternity Leave,2025-12-18,2025-12-25,7,Rejected
LV04775,EMP00591,Casual Leave,2025-05-13,2025-05-14,1,Rejected
LV04776,EMP00385,Maternity Leave,2025-07-08,2025-07-12,4,Rejected
LV04777,EMP01987,Paternity Leave,2025-12-09,2025-12-12,3,Approved
LV04778,EMP00491,Maternity Leave,2026-02-03,2026-02-04,1,Approved
LV04779,EMP98951,Sick Leave,2026-03-08,2026-03-12,4,Pending
LV04780,EMP01441,Sick Leave,2026-02-07,2026-02-08,1,Pending
LV04781,EMP01442,Sick Leave,2026-03-09,2026-03-14,5,Rejected
LV04782,EMP01667,Unpaid Leave,2025-01-28,2025-02-02,5,Approved
LV04783,EMP00440,Maternity Leave,2026-06-02,2026-06-04,2,Pending
LV04784,EMP01853,Casual Leave,2026-04-02,2026-04-10,8,Approved
LV04785,EMP02492,Sick Leave,2026-04-21,2026-04-26,5,Rejected
LV04786,EMP02594,Casual Leave,2025-11-08,2025-11-10,2,Pending
LV04787,EMP02507,Maternity Leave,2026-05-21,2026-05-26,5,Rejected
LV04788,EMP01970,Paternity Leave,2025-09-12,2025-09-14,2,Approved
LV04789,EMP03045,Casual Leave,2026-01-19,2026-01-25,6,Approved
LV04790,EMP02500,Sick Leave,2026-04-15,2026-04-20,5,Pending
LV04791,EMP01769,Earned Leave,2025-07-02,2025-07-05,3,Pending
LV04792,EMP03037,Maternity Leave,2026-01-18,2026-01-27,9,Approved
LV04793,EMP01790,Earned Leave,2026-05-21,2026-05-31,10,Pending
LV04794,EMP94384,Sick Leave,2025-06-14,2025-06-20,6,Rejected
LV04795,EMP02349,Maternity Leave,2025-09-21,2025-09-23,2,Rejected
LV04796,EMP93302,Paternity Leave,2026-05-13,2026-05-18,5,Approved
LV04797,EMP03087,Casual Leave,2026-07-15,2026-07-19,4,Rejected
LV04798,EMP02502,Unpaid Leave,2026-03-26,2026-04-01,6,Rejected
LV04799,EMP02931,Unpaid Leave,2026-05-14,2026-05-15,1,Pending
LV04800,EMP01603,Unpaid Leave,2026-03-10,2026-03-16,6,Pending
LV04801,EMP01489,Paternity Leave,2026-04-23,2026-04-28,5,Approved
LV04802,EMP01524,Unpaid Leave,2026-02-27,2026-03-01,2,Approved
LV04803,EMP01308,Paternity Leave,2026-06-10,2026-06-11,1,Rejected
LV04804,EMP02650,Sick Leave,2025-03-10,2025-03-14,4,Rejected
LV04805,EMP01700,Unpaid Leave,2025-03-10,2025-03-11,1,Approved
LV04806,EMP01399,Sick Leave,2026-03-23,2026-03-27,4,Pending
LV04807,EMP00197,Sick Leave,2025-10-14,2025-10-17,3,Approved
LV04808,EMP02835,Earned Leave,2025-10-25,2025-10-30,5,Rejected
LV04809,EMP02658,Paternity Leave,2026-03-11,2026-03-15,4,Rejected
LV04810,EMP01435,Casual Leave,2026-05-04,2026-05-10,6,Approved
LV04811,EMP02479,Paternity Leave,2025-01-11,2025-01-18,7,Pending
LV04812,EMP03160,Unpaid Leave,2025-06-24,2025-06-28,4,Approved
LV04813,EMP01494,Earned Leave,2026-02-27,2026-03-07,8,Rejected
LV04814,EMP02763,Casual Leave,2025-01-20,2025-01-30,10,Pending
LV04815,EMP02220,Sick Leave,2026-03-09,2026-03-18,9,Rejected
LV04816,EMP00281,Paternity Leave,2026-07-01,2026-07-04,3,Rejected
LV04817,EMP01490,Earned Leave,2026-03-15,2026-03-19,4,Approved
LV04818,EMP00344,Sick Leave,2026-04-01,2026-04-10,9,Approved
LV04819,EMP02644,Maternity Leave,2025-06-27,2025-07-01,4,Pending
LV04820,EMP03178,Casual Leave,2026-06-02,2026-06-09,7,Rejected
LV04821,EMP02054,Maternity Leave,2025-08-16,2025-08-23,7,Pending
LV04822,EMP00493,Paternity Leave,2026-06-14,2026-06-24,10,Approved
LV04823,EMP00114,Paternity Leave,2025-10-04,2025-10-11,7,Approved
LV04824,EMP03064,Casual Leave,2025-12-16,2025-12-18,2,Approved
LV04825,EMP01764,Paternity Leave,2026-06-20,2026-06-29,9,Pending
LV04826,EMP01283,Paternity Leave,2026-07-08,2026-07-10,2,Pending
LV04827,EMP00128,Earned Leave,2026-05-14,2026-05-19,5,Rejected
LV04828,EMP01585,Casual Leave,2025-01-26,2025-02-01,6,Approved
LV04829,EMP00118,Sick Leave,2026-06-23,2026-07-03,10,Approved
LV04830,EMP02575,Paternity Leave,2025-10-26,2025-10-27,1,Pending
LV04831,EMP01318,Unpaid Leave,2025-12-28,2026-01-06,9,Rejected
LV04832,EMP03062,Unpaid Leave,2025-05-14,2025-05-19,5,Approved
LV04833,EMP02133,Sick Leave,2025-03-03,2025-03-11,8,Approved
LV04834,EMP01451,Paternity Leave,2025-06-20,2025-06-27,7,Pending
LV04835,EMP02896,Casual Leave,2026-06-15,2026-06-20,5,Pending
LV04836,EMP01849,Paternity Leave,2026-01-10,2026-01-20,10,Pending
LV04837,EMP01853,Sick Leave,2025-06-05,2025-06-06,1,Pending
LV04838,EMP00970,Maternity Leave,2025-10-09,2025-10-17,8,Approved
LV04839,EMP01707,Unpaid Leave,2026-02-22,2026-03-04,10,Rejected
LV04840,EMP02854,Sick Leave,2025-01-23,2025-01-25,2,Pending
LV04841,EMP01472,Paternity Leave,2026-05-06,2026-05-07,1,Approved
LV04842,EMP00493,Paternity Leave,2026-02-13,2026-02-23,10,Pending
LV04843,EMP02336,Maternity Leave,2025-03-02,2025-03-09,7,Pending
LV04844,EMP01533,Casual Leave,2026-05-01,2026-05-11,10,Rejected
LV04845,EMP01411,Maternity Leave,2025-10-28,2025-11-02,5,Rejected
LV04846,EMP02689,Sick Leave,2025-03-03,2025-03-09,6,Pending
LV04847,EMP00397,Earned Leave,2025-10-06,2025-10-13,7,Pending
LV04848,EMP00574,Maternity Leave,2026-07-14,2026-07-16,2,Pending
LV04849,EMP00537,Sick Leave,2025-08-20,2025-08-28,8,Approved
LV04850,EMP02788,Earned Leave,2025-08-11,2025-08-20,9,Pending
LV04851,EMP01843,Maternity Leave,2025-08-16,2025-08-23,7,Approved
LV04852,EMP01853,Maternity Leave,2025-01-05,2025-01-14,9,Rejected
LV04853,EMP03146,Casual Leave,2025-05-05,2025-05-12,7,Rejected
LV04854,EMP00164,Sick Leave,2025-06-09,2025-06-15,6,Pending
LV04855,EMP02521,Maternity Leave,2025-04-14,2025-04-15,1,Approved
LV04856,EMP02647,Casual Leave,2026-03-05,2026-03-12,7,Pending
LV04857,EMP00545,Sick Leave,2026-06-01,2026-06-09,8,Approved
LV04858,EMP00178,Unpaid Leave,2026-03-30,2026-04-09,10,Pending
LV04859,EMP01217,Maternity Leave,2026-03-11,2026-03-18,7,Approved
LV04860,EMP00751,Unpaid Leave,2025-12-29,2026-01-05,7,Approved
LV04861,EMP02240,Sick Leave,2025-02-26,2025-03-05,7,Rejected
LV04862,EMP00649,Maternity Leave,2025-04-23,2025-04-27,4,Approved
LV04863,EMP01692,Paternity Leave,2025-10-18,2025-10-28,10,Pending
LV04864,EMP00562,Casual Leave,2025-01-16,2025-01-22,6,Pending
LV04865,EMP00155,Maternity Leave,2026-03-03,2026-03-04,1,Approved
LV04866,EMP01548,Maternity Leave,2025-12-14,2025-12-21,7,Approved
LV04867,EMP00450,Casual Leave,2026-02-18,2026-02-19,1,Rejected
LV04868,EMP02507,Unpaid Leave,2025-02-09,2025-02-14,5,Pending
LV04869,EMP00598,Paternity Leave,2025-12-17,2025-12-19,2,Approved
LV04870,EMP01474,Paternity Leave,2025-12-31,2026-01-04,4,Approved
LV04871,EMP03132,Earned Leave,2025-07-09,2025-07-11,2,Pending
LV04872,EMP01357,Casual Leave,2025-08-08,2025-08-13,5,Approved
LV04873,EMP01791,Earned Leave,2025-02-07,2025-02-15,8,Rejected
LV04874,EMP00977,Casual Leave,2026-03-13,2026-03-20,7,Pending
LV04875,EMP01744,Casual Leave,2025-10-15,2025-10-22,7,Pending
LV04876,EMP02302,Casual Leave,2025-10-18,2025-10-23,5,Pending
LV04877,EMP00949,Casual Leave,2025-01-16,2025-01-20,4,Rejected
LV04878,EMP03115,Sick Leave,2025-10-22,2025-10-28,6,Approved
LV04879,EMP00383,Maternity Leave,2025-12-08,2025-12-11,3,Approved
LV04880,EMP02900,Paternity Leave,2025-10-12,2025-10-18,6,Pending
LV04881,EMP00394,Casual Leave,2025-08-10,2025-08-20,10,Approved
LV04882,EMP03109,Sick Leave,2025-03-07,2025-03-10,3,Rejected
LV04883,EMP02851,Earned Leave,2025-02-05,2025-02-14,9,Pending
LV04884,EMP00150,Paternity Leave,2025-01-10,2025-01-16,6,Approved
LV04885,EMP03063,Paternity Leave,2026-02-16,2026-02-17,1,Approved
LV04886,EMP01265,Earned Leave,2025-07-04,2025-07-06,2,Rejected
LV04887,EMP01716,Unpaid Leave,2025-10-25,2025-10-27,2,Pending
LV04888,EMP00209,Paternity Leave,2025-04-10,2025-04-12,2,Rejected
LV04889,EMP02775,Earned Leave,2025-10-28,2025-11-06,9,Approved
LV04890,EMP00194,Unpaid Leave,2025-04-24,2025-05-02,8,Approved
LV04891,EMP01766,Unpaid Leave,2025-05-24,2025-05-31,7,Pending
LV04892,EMP00199,Earned Leave,2025-10-25,2025-11-02,8,Approved
LV04893,EMP01378,Casual Leave,2025-12-07,2025-12-09,2,Pending
LV04894,EMP00619,Casual Leave,2025-05-07,2025-05-15,8,Pending
LV04895,EMP02304,Unpaid Leave,2025-04-11,2025-04-16,5,Approved
LV04896,EMP01549,Paternity Leave,2026-02-23,2026-02-26,3,Rejected
LV04897,EMP00009,Earned Leave,2025-06-25,2025-06-30,5,Pending
LV04898,EMP00142,Earned Leave,2025-01-09,2025-01-17,8,Pending
LV04899,EMP02667,Maternity Leave,2025-02-28,2025-03-03,3,Approved
LV04900,EMP02091,Earned Leave,2025-11-20,2025-11-25,5,Approved
LV04901,EMP02612,Casual Leave,2026-05-30,2026-06-09,10,Rejected
LV04902,EMP01525,Paternity Leave,2025-05-29,2025-05-30,1,Rejected
LV04903,EMP03044,Earned Leave,2025-04-24,2025-04-29,5,Pending
LV04904,EMP00235,Maternity Leave,2025-03-08,2025-03-15,7,Pending
LV04905,EMP02346,Maternity Leave,2025-02-10,2025-02-15,5,Approved
LV04906,EMP00729,Earned Leave,2025-02-22,2025-02-27,5,Pending
LV04907,EMP02791,Paternity Leave,2026-06-12,2026-06-19,7,Pending
LV04908,EMP00309,Unpaid Leave,2025-08-06,2025-08-15,9,Pending
LV04909,EMP01621,Unpaid Leave,2026-06-27,2026-06-30,3,Approved
LV04910,EMP01569,Unpaid Leave,2025-02-01,2025-02-06,5,Rejected
LV04911,EMP00604,Earned Leave,2026-04-23,2026-04-28,5,Rejected
LV04912,EMP01844,Maternity Leave,2025-03-24,2025-04-02,9,Approved
LV04913,EMP01857,Unpaid Leave,2025-07-21,2025-07-25,4,Rejected
LV04914,EMP00063,Sick Leave,2026-04-22,2026-04-25,3,Rejected
LV04915,EMP00866,Casual Leave,2025-02-19,2025-02-21,2,Rejected
LV04916,EMP02406,Maternity Leave,2025-01-22,2025-01-29,7,Approved
LV04917,EMP00964,Sick Leave,2025-05-04,2025-05-08,4,Pending
LV04918,EMP01204,Sick Leave,2025-08-24,2025-08-28,4,Approved
LV04919,EMP01051,Unpaid Leave,2025-11-17,2025-11-27,10,Pending
LV04920,EMP00801,Paternity Leave,2025-08-29,2025-09-04,6,Pending
LV04921,EMP99555,Sick Leave,2025-07-03,2025-07-12,9,Rejected
LV04922,EMP01936,Maternity Leave,2025-03-26,2025-03-28,2,Pending
LV04923,EMP01961,Maternity Leave,2026-01-01,2026-01-07,6,Pending
LV04924,EMP01879,Casual Leave,2025-07-10,2025-07-16,6,Rejected
LV04925,EMP01891,Sick Leave,2025-11-02,2025-11-10,8,Rejected
LV04926,EMP02136,Sick Leave,2025-08-09,2025-08-10,1,Pending
LV04927,EMP02220,Unpaid Leave,2025-10-10,2025-10-20,10,Approved
LV04928,EMP02430,Paternity Leave,2025-11-14,2025-11-17,3,Rejected
LV04929,EMP01700,Casual Leave,2025-08-04,2025-08-06,2,Rejected
LV04930,EMP00936,Maternity Leave,2025-10-05,2025-10-10,5,Approved
LV04931,EMP02119,Sick Leave,2025-08-09,2025-08-14,5,Approved
LV04932,EMP02327,Casual Leave,2026-05-24,2026-05-28,4,Rejected
LV04933,EMP00597,Paternity Leave,2025-03-19,2025-03-29,10,Pending
LV04934,EMP01189,Casual Leave,2025-08-06,2025-08-08,2,Rejected
LV04935,EMP03128,Earned Leave,2025-03-25,2025-04-04,10,Rejected
LV04936,EMP01490,Unpaid Leave,2025-02-07,2025-02-10,3,Approved
LV04937,EMP02826,Sick Leave,2026-01-05,2026-01-08,3,Pending
LV04938,EMP00884,Maternity Leave,2025-12-05,2025-12-06,1,Rejected
LV04939,EMP02164,Casual Leave,2026-01-18,2026-01-24,6,Rejected
LV04940,EMP00821,Maternity Leave,2025-08-08,2025-08-16,8,Pending
LV04941,EMP02703,Earned Leave,2026-04-12,2026-04-20,8,Rejected
LV04942,EMP00676,Casual Leave,2025-05-18,2025-05-25,7,Rejected
LV04943,EMP02941,Unpaid Leave,2025-06-01,2025-06-07,6,Approved
LV04944,EMP01872,Maternity Leave,2025-06-01,2025-06-04,3,Pending
LV04945,EMP00259,Unpaid Leave,2026-02-02,2026-02-12,10,Pending
LV04946,EMP02329,Earned Leave,2025-05-21,2025-05-31,10,Approved
LV04947,EMP00191,Sick Leave,2025-07-18,2025-07-20,2,Approved
LV04948,EMP01494,Paternity Leave,2026-01-25,2026-01-27,2,Rejected
LV04949,EMP00562,Casual Leave,2025-08-19,2025-08-26,7,Approved
LV04950,EMP01140,Casual Leave,2025-05-21,2025-05-31,10,Rejected
LV04951,EMP00489,Earned Leave,2025-04-05,2025-04-06,1,Rejected
LV04952,EMP02164,Earned Leave,2025-02-01,2025-02-07,6,Rejected
LV04953,EMP00304,Maternity Leave,2025-10-12,2025-10-22,10,Approved
LV04954,EMP00810,Paternity Leave,2025-02-22,2025-02-28,6,Pending
LV04955,EMP00694,Sick Leave,2025-09-03,2025-09-04,1,Rejected
LV04956,EMP00669,Maternity Leave,2026-06-14,2026-06-20,6,Pending
LV04957,EMP03114,Maternity Leave,2025-06-14,2025-06-16,2,Approved
LV04958,EMP01082,Earned Leave,2025-02-22,2025-02-27,5,Pending
LV04959,EMP02235,Earned Leave,2025-05-12,2025-05-17,5,Rejected
LV04960,EMP01119,Earned Leave,2026-05-18,2026-05-22,4,Rejected
LV04961,EMP00494,Paternity Leave,2025-12-03,2025-12-10,7,Pending
LV04962,EMP01437,Sick Leave,2025-04-05,2025-04-13,8,Rejected
LV04963,EMP00773,Unpaid Leave,2025-12-28,2026-01-01,4,Pending
LV04964,EMP02838,Earned Leave,2026-01-11,2026-01-12,1,Rejected
LV04965,EMP00825,Maternity Leave,2025-11-12,2025-11-20,8,Approved
LV04966,EMP00528,Maternity Leave,2026-01-19,2026-01-23,4,Approved
LV04967,EMP02364,Maternity Leave,2025-06-28,2025-07-07,9,Pending
LV04968,EMP02416,Earned Leave,2025-04-21,2025-04-30,9,Rejected
LV04969,EMP99572,Unpaid Leave,2026-06-21,2026-06-30,9,Rejected
LV04970,EMP03193,Casual Leave,2025-09-26,2025-09-27,1,Approved
LV04971,EMP02630,Unpaid Leave,2025-07-19,2025-07-26,7,Rejected
LV04972,EMP00963,Maternity Leave,2025-05-10,2025-05-19,9,Approved
LV04973,EMP02330,Casual Leave,2025-05-22,2025-06-01,10,Rejected
LV04974,EMP02507,Maternity Leave,2026-02-17,2026-02-25,8,Pending
LV04975,EMP01697,Earned Leave,2026-05-01,2026-05-05,4,Rejected
LV04976,EMP00072,Unpaid Leave,2025-05-20,2025-05-27,7,Pending
LV04977,EMP02551,Earned Leave,2025-02-07,2025-02-15,8,Rejected
LV04978,EMP02717,Paternity Leave,2025-04-18,2025-04-27,9,Approved
LV04979,EMP00680,Earned Leave,2025-07-01,2025-07-07,6,Rejected
LV04980,EMP00531,Earned Leave,2025-01-07,2025-01-14,7,Rejected
LV04981,EMP00222,Casual Leave,2025-04-09,2025-04-13,4,Rejected
LV04982,EMP02301,Sick Leave,2026-01-08,2026-01-17,9,Pending
LV04983,EMP02764,Sick Leave,2025-08-01,2025-08-10,9,Pending
LV04984,EMP01194,Maternity Leave,2025-04-26,2025-05-05,9,Pending
LV04985,EMP02375,Maternity Leave,2025-02-19,2025-02-22,3,Rejected
LV04986,EMP00809,Maternity Leave,2025-01-07,2025-01-12,5,Rejected
LV04987,EMP00465,Casual Leave,2025-04-01,2025-04-09,8,Pending
LV04988,EMP02699,Earned Leave,2025-12-02,2025-12-10,8,Pending
LV04989,EMP01107,Paternity Leave,2026-02-01,2026-02-05,4,Pending
LV04990,EMP00187,Casual Leave,2026-02-07,2026-02-16,9,Approved
LV04991,EMP00928,Maternity Leave,2026-05-14,2026-05-19,5,Rejected
LV04992,EMP00176,Maternity Leave,2025-03-05,2025-03-12,7,Rejected
LV04993,EMP02396,Paternity Leave,2025-10-29,2025-11-04,6,Pending
LV04994,EMP01180,Unpaid Leave,2025-08-18,2025-08-26,8,Rejected
LV04995,EMP00408,Sick Leave,2025-01-16,2025-01-18,2,Approved
LV04996,EMP02586,Unpaid Leave,2025-07-18,2025-07-19,1,Approved
LV04997,EMP02167,Sick Leave,2026-01-26,2026-02-02,7,Pending
LV04998,EMP01955,Earned Leave,2025-09-22,2025-10-02,10,Pending
LV04999,EMP03165,Sick Leave,2025-12-17,2025-12-19,2,Pending
LV05000,EMP01801,Unpaid Leave,2025-07-23,2025-07-31,8,Rejected
LV05001,EMP00988,Maternity Leave,2026-06-27,2026-07-06,9,Pending
LV05002,EMP00064,Maternity Leave,2025-11-19,2025-11-25,6,Pending
LV05003,EMP01907,Unpaid Leave,2026-04-24,2026-05-04,10,Approved
LV05004,EMP00520,Sick Leave,2026-02-13,2026-02-20,7,Pending
LV05005,EMP02288,Maternity Leave,2025-06-20,2025-06-21,1,Approved
LV05006,EMP00812,Earned Leave,2025-12-04,2025-12-12,8,Approved
LV05007,EMP02723,Sick Leave,2025-01-27,2025-02-05,9,Pending
LV05008,EMP01960,Earned Leave,2025-09-30,2025-10-02,2,Approved
LV05009,EMP00078,Casual Leave,2025-02-26,2025-03-07,9,Pending
LV05010,EMP01717,Earned Leave,2025-08-18,2025-08-28,10,Pending
LV05011,EMP00207,Maternity Leave,2025-12-21,2025-12-30,9,Pending
LV05012,EMP02776,Maternity Leave,2025-11-05,2025-11-10,5,Approved
LV05013,EMP01955,Unpaid Leave,2025-12-12,2025-12-15,3,Approved
LV05014,EMP01259,Earned Leave,2026-04-20,2026-04-27,7,Rejected
LV05015,EMP00398,Unpaid Leave,2026-04-09,2026-04-19,10,Rejected
LV05016,EMP02070,Paternity Leave,2026-06-16,2026-06-17,1,Approved
LV05017,EMP02744,Unpaid Leave,2025-11-10,2025-11-16,6,Approved
LV05018,EMP01067,Paternity Leave,2026-04-12,2026-04-19,7,Pending
LV05019,EMP03145,Sick Leave,2025-12-12,2025-12-15,3,Approved
LV05020,EMP03111,Unpaid Leave,2025-12-05,2025-12-07,2,Rejected
LV05021,EMP02914,Maternity Leave,2025-03-18,2025-03-23,5,Pending
LV05022,EMP01363,Unpaid Leave,2026-02-19,2026-02-24,5,Pending
LV05023,EMP01627,Maternity Leave,2025-04-23,2025-04-28,5,Rejected
LV05024,EMP02907,Maternity Leave,2025-06-04,2025-06-14,10,Rejected
LV05025,EMP00285,Earned Leave,2026-05-28,2026-06-07,10,Rejected
LV05026,EMP00552,Unpaid Leave,2026-06-11,2026-06-17,6,Approved
LV05027,EMP02829,Sick Leave,2026-06-04,2026-06-10,6,Rejected
LV05028,EMP00619,Sick Leave,2025-11-01,2025-11-11,10,Approved
LV05029,EMP02249,Unpaid Leave,2026-04-28,2026-05-07,9,Pending
LV05030,EMP02494,Unpaid Leave,2026-02-11,2026-02-14,3,Approved
LV05031,EMP00739,Paternity Leave,2025-11-11,2025-11-16,5,Rejected
LV05032,EMP03051,Casual Leave,2026-07-09,2026-07-19,10,Rejected
LV05033,EMP00761,Casual Leave,2025-06-29,2025-07-05,6,Rejected
LV05034,EMP02276,Sick Leave,2026-02-22,2026-03-04,10,Pending
LV05035,EMP00593,Maternity Leave,2025-02-07,2025-02-16,9,Rejected
LV05036,EMP01374,Paternity Leave,2025-05-08,2025-05-13,5,Rejected
LV05037,EMP01326,Maternity Leave,2026-04-20,2026-04-30,10,Pending
LV05038,EMP01223,Maternity Leave,2026-06-18,2026-06-25,7,Approved
LV05039,EMP02897,Earned Leave,2026-05-04,2026-05-06,2,Rejected
LV05040,EMP02908,Casual Leave,2025-09-30,2025-10-03,3,Rejected
LV05041,EMP02059,Earned Leave,2025-03-22,2025-03-29,7,Pending
LV05042,EMP02173,Paternity Leave,2025-05-05,2025-05-07,2,Approved
LV05043,EMP01322,Sick Leave,2026-04-13,2026-04-23,10,Approved
LV05044,EMP00262,Sick Leave,2026-02-01,2026-02-07,6,Rejected
LV05045,EMP01007,Paternity Leave,2026-02-11,2026-02-17,6,Rejected
LV05046,EMP01797,Sick Leave,2026-07-03,2026-07-09,6,Rejected
LV05047,EMP00496,Paternity Leave,2026-02-15,2026-02-17,2,Approved
LV05048,EMP00268,Paternity Leave,2025-06-23,2025-06-25,2,Approved
LV05049,EMP01984,Maternity Leave,2025-01-21,2025-01-29,8,Pending
LV05050,EMP00498,Sick Leave,2025-09-26,2025-10-01,5,Pending
LV05051,EMP00040,Maternity Leave,2026-03-13,2026-03-19,6,Rejected
LV05052,EMP02181,Unpaid Leave,2025-03-28,2025-03-31,3,Rejected
LV05053,EMP03077,Unpaid Leave,2025-09-25,2025-09-28,3,Pending
LV05054,EMP01461,Unpaid Leave,2025-10-28,2025-11-06,9,Pending
LV05055,EMP02524,Earned Leave,2025-12-30,2026-01-06,7,Rejected
LV05056,EMP01532,Earned Leave,2026-01-06,2026-01-11,5,Rejected
LV05057,EMP00651,Sick Leave,2025-03-31,2025-04-06,6,Rejected
LV05058,EMP01293,Sick Leave,2026-02-24,2026-03-01,5,Approved
LV05059,EMP02806,Paternity Leave,2025-07-01,2025-07-08,7,Approved
LV05060,EMP01060,Unpaid Leave,2025-10-02,2025-10-04,2,Rejected
LV05061,EMP02511,Casual Leave,2025-04-01,2025-04-08,7,Approved
LV05062,EMP02507,Maternity Leave,2026-07-04,2026-07-12,8,Rejected
LV05063,EMP01928,Casual Leave,2025-03-08,2025-03-09,1,Approved
LV05064,EMP00209,Unpaid Leave,2025-12-31,2026-01-06,6,Pending
LV05065,EMP00665,Sick Leave,2025-04-12,2025-04-13,1,Approved
LV05066,EMP02170,Sick Leave,2025-01-19,2025-01-22,3,Rejected
LV05067,EMP02841,Unpaid Leave,2025-09-27,2025-10-04,7,Pending
LV05068,EMP00991,Casual Leave,2025-10-22,2025-11-01,10,Pending
LV05069,EMP03003,Casual Leave,2026-06-07,2026-06-14,7,Pending
LV05070,EMP00085,Earned Leave,2025-04-08,2025-04-10,2,Rejected
LV05071,EMP01236,Earned Leave,2025-05-20,2025-05-21,1,Approved
LV05072,EMP01123,Casual Leave,2025-10-10,2025-10-11,1,Rejected
LV05073,EMP03168,Earned Leave,2026-03-14,2026-03-22,8,Rejected
LV05074,EMP02605,Sick Leave,2025-03-18,2025-03-20,2,Pending
LV05075,EMP02544,Paternity Leave,2025-10-29,2025-11-01,3,Pending
LV05076,EMP02631,Unpaid Leave,2025-07-19,2025-07-20,1,Pending
LV05077,EMP00251,Casual Leave,2025-04-30,2025-05-02,2,Rejected
LV05078,EMP00496,Sick Leave,2025-10-29,2025-10-31,2,Pending
LV05079,EMP01065,Casual Leave,2025-10-26,2025-11-01,6,Pending
LV05080,EMP02286,Maternity Leave,2025-05-07,2025-05-12,5,Pending
LV05081,EMP01359,Paternity Leave,2026-01-11,2026-01-15,4,Rejected
LV05082,EMP00400,Sick Leave,2026-06-22,2026-06-29,7,Rejected
LV05083,EMP02307,Maternity Leave,2025-07-14,2025-07-19,5,Rejected
LV05084,EMP01200,Paternity Leave,2025-12-26,2025-12-31,5,Pending
LV05085,EMP02626,Casual Leave,2026-07-13,2026-07-14,1,Approved
LV05086,EMP02786,Earned Leave,2026-07-06,2026-07-15,9,Pending
LV05087,EMP01265,Casual Leave,2025-10-06,2025-10-13,7,Rejected
LV05088,EMP03065,Casual Leave,2025-06-27,2025-06-28,1,Rejected
LV05089,EMP00475,Earned Leave,2025-02-02,2025-02-06,4,Pending
LV05090,EMP00736,Unpaid Leave,2025-07-10,2025-07-16,6,Rejected
LV05091,EMP02176,Casual Leave,2025-07-16,2025-07-20,4,Approved
LV05092,EMP02978,Earned Leave,2025-07-18,2025-07-23,5,Approved
LV05093,EMP01899,Casual Leave,2025-08-29,2025-09-04,6,Approved
LV05094,EMP01994,Maternity Leave,2026-03-30,2026-04-01,2,Pending
LV05095,EMP02147,Maternity Leave,2026-01-02,2026-01-03,1,Approved
LV05096,EMP00351,Earned Leave,2025-08-24,2025-09-02,9,Approved
LV05097,EMP00073,Casual Leave,2026-05-14,2026-05-16,2,Rejected
LV05098,EMP00192,Paternity Leave,2026-05-26,2026-05-31,5,Pending
LV05099,EMP01169,Unpaid Leave,2025-12-01,2025-12-05,4,Approved
LV05100,EMP00853,Casual Leave,2025-07-17,2025-07-25,8,Pending
LV05101,EMP01854,Unpaid Leave,2025-01-20,2025-01-30,10,Rejected
LV05102,EMP01887,Casual Leave,2025-09-21,2025-09-26,5,Pending
LV05103,EMP01094,Sick Leave,2025-07-21,2025-07-28,7,Approved
LV05104,EMP01150,Maternity Leave,2026-05-22,2026-05-23,1,Rejected
LV05105,EMP02474,Sick Leave,2025-06-17,2025-06-23,6,Approved
LV05106,EMP00573,Unpaid Leave,2025-10-12,2025-10-14,2,Approved
LV05107,EMP03011,Earned Leave,2025-03-24,2025-03-28,4,Rejected
LV05108,EMP00509,Unpaid Leave,2026-06-25,2026-07-02,7,Approved
LV05109,EMP00260,Unpaid Leave,2026-03-03,2026-03-07,4,Rejected
LV05110,EMP02876,Sick Leave,2025-01-04,2025-01-14,10,Rejected
LV05111,EMP02841,Paternity Leave,2025-12-02,2025-12-03,1,Pending
LV05112,EMP00295,Paternity Leave,2025-11-29,2025-12-06,7,Pending
LV05113,EMP00610,Paternity Leave,2025-06-04,2025-06-13,9,Rejected
LV05114,EMP00244,Paternity Leave,2026-02-21,2026-02-27,6,Rejected
LV05115,EMP01203,Unpaid Leave,2026-03-13,2026-03-16,3,Approved
LV05116,EMP01196,Maternity Leave,2026-03-28,2026-04-03,6,Approved
LV05117,EMP00096,Paternity Leave,2025-02-02,2025-02-05,3,Pending
LV05118,EMP00710,Casual Leave,2025-05-09,2025-05-11,2,Approved
LV05119,EMP00794,Maternity Leave,2025-06-17,2025-06-26,9,Pending
LV05120,EMP02754,Paternity Leave,2026-05-12,2026-05-16,4,Pending
LV05121,EMP01900,Maternity Leave,2026-03-05,2026-03-07,2,Approved
LV05122,EMP03072,Maternity Leave,2025-06-07,2025-06-10,3,Pending
LV05123,EMP00299,Casual Leave,2025-04-06,2025-04-14,8,Rejected
LV05124,EMP00061,Earned Leave,2025-03-22,2025-03-29,7,Approved
LV05125,EMP03084,Unpaid Leave,2025-01-14,2025-01-18,4,Rejected
LV05126,EMP02489,Unpaid Leave,2025-12-03,2025-12-05,2,Pending
LV05127,EMP02870,Maternity Leave,2026-03-06,2026-03-16,10,Approved
LV05128,EMP01774,Sick Leave,2025-10-08,2025-10-13,5,Pending
LV05129,EMP00727,Unpaid Leave,2026-04-26,2026-05-06,10,Rejected
LV05130,EMP02472,Sick Leave,2025-09-03,2025-09-05,2,Pending
LV05131,EMP01820,Unpaid Leave,2026-04-13,2026-04-22,9,Pending
LV05132,EMP01706,Casual Leave,2025-12-11,2025-12-14,3,Rejected
LV05133,EMP01053,Casual Leave,2025-05-16,2025-05-21,5,Pending
LV05134,EMP01837,Unpaid Leave,2026-03-18,2026-03-19,1,Rejected
LV05135,EMP01089,Earned Leave,2025-01-09,2025-01-13,4,Approved
LV05136,EMP01545,Maternity Leave,2025-02-28,2025-03-05,5,Pending
LV05137,EMP00178,Earned Leave,2025-07-17,2025-07-26,9,Pending
LV05138,EMP01573,Casual Leave,2025-09-10,2025-09-20,10,Rejected
LV05139,EMP02069,Unpaid Leave,2025-12-12,2025-12-17,5,Approved
LV05140,EMP03088,Casual Leave,2026-01-30,2026-02-08,9,Pending
LV05141,EMP00953,Maternity Leave,2025-08-03,2025-08-07,4,Approved
LV05142,EMP01926,Casual Leave,2025-11-17,2025-11-27,10,Approved
LV05143,EMP03190,Paternity Leave,2025-11-02,2025-11-08,6,Rejected
LV05144,EMP00627,Sick Leave,2025-06-23,2025-06-28,5,Approved
LV05145,EMP00496,Maternity Leave,2026-05-12,2026-05-21,9,Pending
LV05146,EMP02339,Sick Leave,2026-03-23,2026-03-30,7,Rejected
LV05147,EMP03200,Earned Leave,2026-07-03,2026-07-07,4,Pending
LV05148,EMP02574,Maternity Leave,2025-02-27,2025-03-06,7,Pending
LV05149,EMP00389,Paternity Leave,2026-03-11,2026-03-15,4,Pending
LV05150,EMP00038,Maternity Leave,2026-01-20,2026-01-29,9,Approved
LV05151,EMP02348,Sick Leave,2025-03-31,2025-04-06,6,Approved
LV05152,EMP01772,Paternity Leave,2026-04-22,2026-04-24,2,Pending
LV05153,EMP02746,Sick Leave,2025-11-03,2025-11-05,2,Rejected
LV05154,EMP01727,Earned Leave,2025-06-09,2025-06-17,8,Approved
LV05155,EMP02773,Casual Leave,2026-03-14,2026-03-22,8,Rejected
LV05156,EMP98087,Casual Leave,2025-02-06,2025-02-07,1,Rejected
LV05157,EMP00727,Paternity Leave,2025-05-15,2025-05-18,3,Pending
LV05158,EMP01526,Paternity Leave,2025-09-08,2025-09-14,6,Approved
LV05159,EMP03087,Earned Leave,2025-11-05,2025-11-11,6,Rejected
LV05160,EMP01048,Earned Leave,2025-06-10,2025-06-16,6,Approved
LV05161,EMP00406,Maternity Leave,2025-10-04,2025-10-12,8,Rejected
LV05162,EMP00749,Sick Leave,2025-04-24,2025-05-03,9,Rejected
LV05163,EMP02445,Maternity Leave,2025-11-29,2025-12-05,6,Pending
LV05164,EMP01258,Paternity Leave,2025-11-16,2025-11-24,8,Rejected
LV05165,EMP01346,Maternity Leave,2025-01-10,2025-01-18,8,Pending
LV05166,EMP02563,Paternity Leave,2026-02-17,2026-02-27,10,Approved
LV05167,EMP02432,Paternity Leave,2025-08-16,2025-08-20,4,Approved
LV05168,EMP01360,Maternity Leave,2026-03-01,2026-03-02,1,Pending
LV05169,EMP01174,Casual Leave,2025-01-05,2025-01-14,9,Pending
LV05170,EMP01587,Sick Leave,2026-03-28,2026-04-03,6,Approved
LV05171,EMP02901,Paternity Leave,2025-03-09,2025-03-16,7,Approved
LV05172,EMP03195,Sick Leave,2026-01-15,2026-01-16,1,Approved
LV05173,EMP00870,Paternity Leave,2026-06-07,2026-06-09,2,Rejected
LV05174,EMP01975,Casual Leave,2025-03-02,2025-03-12,10,Pending
LV05175,EMP02255,Sick Leave,2026-04-13,2026-04-18,5,Approved
LV05176,EMP01677,Casual Leave,2026-04-19,2026-04-27,8,Approved
LV05177,EMP02594,Sick Leave,2026-03-31,2026-04-05,5,Rejected
LV05178,EMP01612,Earned Leave,2025-01-11,2025-01-13,2,Rejected
LV05179,EMP00509,Sick Leave,2025-06-27,2025-07-04,7,Rejected
LV05180,EMP01138,Maternity Leave,2025-03-20,2025-03-28,8,Rejected
LV05181,EMP91014,Unpaid Leave,2025-05-10,2025-05-18,8,Rejected
LV05182,EMP00035,Maternity Leave,2025-05-05,2025-05-14,9,Rejected
LV05183,EMP01853,Maternity Leave,2025-03-29,2025-04-03,5,Approved
LV05184,EMP01944,Earned Leave,2026-02-20,2026-02-26,6,Pending
LV05185,EMP01574,Maternity Leave,2026-05-28,2026-06-06,9,Rejected
LV05186,EMP01310,Sick Leave,2026-05-09,2026-05-15,6,Rejected
LV05187,EMP00157,Unpaid Leave,2026-02-12,2026-02-19,7,Approved
LV05188,EMP00580,Maternity Leave,2026-03-05,2026-03-13,8,Rejected
LV05189,EMP00407,Unpaid Leave,2025-08-22,2025-08-29,7,Rejected
LV05190,EMP00769,Earned Leave,2025-04-21,2025-05-01,10,Rejected
LV05191,EMP03062,Casual Leave,2026-04-09,2026-04-14,5,Pending
LV05192,EMP02508,Earned Leave,2026-04-09,2026-04-11,2,Rejected
LV05193,EMP00848,Casual Leave,2025-03-27,2025-04-06,10,Pending
LV05194,EMP00943,Casual Leave,2025-12-06,2025-12-09,3,Pending
LV05195,EMP01851,Sick Leave,2025-11-29,2025-12-03,4,Pending
LV05196,EMP02397,Earned Leave,2025-03-30,2025-04-02,3,Rejected
LV05197,EMP01700,Sick Leave,2025-08-06,2025-08-08,2,Approved
LV05198,EMP02049,Sick Leave,2025-12-10,2025-12-11,1,Pending
LV05199,EMP02917,Earned Leave,2025-12-24,2025-12-31,7,Approved
LV05200,EMP01595,Unpaid Leave,2025-12-25,2025-12-29,4,Approved
